68.451|0|11|0|0
19.927|1|11|0|0
11.721|0|2|0|0
9.472|1|2|0|0
0|1|3|0|0
0.355|0|3|0|0
68.451|0|7|0|0
17.743|1|7|0|0
0|1|9|0|0
3.701|0|9|0|0
11.721|0|0|1|0
21.254|1|0|1|0
0|1|1|1|0
3.216|0|1|1|0
0|1|10|1|0
0.788|0|10|1|0
0|1|12|1|0
0.788|0|12|1|0
68.451|0|2|1|0
33.291|1|2|1|0
11.721|0|4|1|0
18.033|1|4|1|0
0|1|6|1|0
3.216|0|6|1|0
0|1|0|10|0
3.216|0|0|10|0
0|1|0|11|0
0.788|0|0|11|0
68.451|0|2|11|0
17.367|1|2|11|0
0|1|1|12|0
3.216|0|1|12|0
0|1|4|12|0
0.788|0|4|12|0
0.161|0|10|13|0
0|1|10|13|0
11.721|0|11|13|0
15.737|1|11|13|0
0|1|2|13|0
3.701|0|2|13|0
0|1|4|13|0
0.355|0|4|13|0
11.721|0|5|13|0
20.34|1|5|13|0
0|1|9|13|0
3.216|0|9|13|0
0.161|0|0|2|0
0|1|0|2|0
0|1|1|2|0
3.216|0|1|2|0
0.161|0|3|2|0
0|1|3|2|0
0|1|4|2|0
3.701|0|4|2|0
0|1|6|2|0
3.216|0|6|2|0
68.451|0|0|3|0
40.356|1|0|3|0
11.721|0|3|3|0
14.593|1|3|3|0
0|1|0|4|0
0.788|0|0|4|0
0|1|2|4|0
0.788|0|2|4|0
0|1|0|5|0
3.701|0|0|5|0
0|1|1|5|0
3.701|0|1|5|0
0|1|2|5|0
0.788|0|2|5|0
0|1|1|6|0
0.355|0|1|6|0
11.721|0|11|6|0
30.748|1|11|6|0
0|1|12|6|0
3.216|0|12|6|0
11.721|0|2|6|0
10.977|1|2|6|0
68.451|0|4|6|0
69.812|1|4|6|0
11.721|0|5|6|0
6.147|1|5|6|0
0|1|8|6|0
0.355|0|8|6|0
0|1|9|6|0
0.788|0|9|6|0
0|1|1|7|0
3.701|0|1|7|0
0|1|2|7|0
3.701|0|2|7|0
0|1|4|7|0
3.701|0|4|7|0
68.451|0|6|7|0
16.308|1|6|7|0
11.721|0|7|7|0
31.633|1|7|7|0
0|1|8|7|0
3.216|0|8|7|0
11.721|0|0|8|0
9.8|1|0|8|0
0|1|2|8|0
0.355|0|2|8|0
0|1|3|8|0
0.788|0|3|8|0
0|1|5|8|0
0.355|0|5|8|0
0.161|0|8|8|0
0|1|8|8|0
68.451|0|9|8|0
39.344|1|9|8|0
0.161|0|0|9|0
0|1|0|9|0
0|1|10|9|0
3.216|0|10|9|0
0.161|0|12|9|0
0|1|12|9|0
0|1|2|9|0
0.355|0|2|9|0
0.161|0|3|9|0
0|1|3|9|0
0|1|4|9|0
0.788|0|4|9|0
0.161|0|5|9|0
0|1|5|9|0
0.161|0|6|9|0
0|1|6|9|0
0|1|9|9|0
3.216|0|9|9|0
0|1|1|1|1
0.355|0|1|1|1
0|1|2|1|1
3.216|0|2|1|1
0|1|1|2|1
0.355|0|1|2|1
11.721|0|4|2|1
16.456|1|4|2|1
0.161|0|0|0|10
0|1|0|0|10
0|1|1|0|10
3.216|0|1|0|10
0.161|0|3|0|10
0|1|3|0|10
0|1|4|0|10
3.216|0|4|0|10
11.721|0|5|0|10
27.879|1|5|0|10
0.161|0|6|0|10
0|1|6|0|10
11.721|0|7|0|10
15.886|1|7|0|10
0|1|8|0|10
0.788|0|8|0|10
0|1|1|1|10
3.701|0|1|1|10
0|1|2|1|10
3.216|0|2|1|10
0|1|0|2|10
3.216|0|0|2|10
68.451|0|2|2|10
51.269|1|2|2|10
0|1|3|3|10
3.216|0|3|3|10
0|1|1|4|10
0.788|0|1|4|10
0|1|5|4|10
3.216|0|5|4|10
0|1|10|0|11
3.216|0|10|0|11
0|1|11|0|11
3.216|0|11|0|11
0|1|13|0|11
3.216|0|13|0|11
11.721|0|2|0|11
12.861|1|2|0|11
0|1|3|0|11
3.216|0|3|0|11
0|1|4|0|11
3.216|0|4|0|11
11.721|0|5|0|11
18.106|1|5|0|11
0|1|6|0|11
3.216|0|6|0|11
68.451|0|7|0|11
24.191|1|7|0|11
0|1|8|0|11
0.788|0|8|0|11
0|1|0|1|11
0.355|0|0|1|11
0|1|2|1|11
3.216|0|2|1|11
11.721|0|3|1|11
14.514|1|3|1|11
11.721|0|4|2|11
17.991|1|4|2|11
68.451|0|6|2|11
44.757|1|6|2|11
0|1|8|2|11
3.216|0|8|2|11
11.721|0|0|5|11
14.561|1|0|5|11
0|1|3|5|11
0.355|0|3|5|11
0|1|4|5|11
0.788|0|4|5|11
11.721|0|0|0|12
11.294|1|0|0|12
11.721|0|1|0|12
27.768|1|1|0|12
0|1|3|0|12
3.701|0|3|0|12
0|1|0|1|12
3.216|0|0|1|12
0|1|1|1|12
0.355|0|1|1|12
0|1|2|1|12
3.216|0|2|1|12
0.161|0|3|1|12
0|1|3|1|12
0|1|0|2|12
0.355|0|0|2|12
0|1|1|2|12
3.216|0|1|2|12
0|1|10|2|12
0.355|0|10|2|12
0|1|13|2|12
3.216|0|13|2|12
0.161|0|3|2|12
0|1|3|2|12
68.451|0|4|2|12
45.156|1|4|2|12
0|1|5|2|12
3.216|0|5|2|12
0|1|9|2|12
3.701|0|9|2|12
11.721|0|4|3|12
18.581|1|4|3|12
0|1|5|3|12
3.701|0|5|3|12
0|1|6|3|12
0.788|0|6|3|12
0|1|0|0|13
0.788|0|0|0|13
68.451|0|1|0|13
43.096|1|1|0|13
0|1|0|1|13
3.216|0|0|1|13
0.161|0|11|1|13
0|1|11|1|13
0.161|0|13|1|13
0|1|13|1|13
0|1|3|1|13
3.701|0|3|1|13
0|1|5|1|13
0.788|0|5|1|13
0|1|8|1|13
0.788|0|8|1|13
0|1|9|1|13
0.355|0|9|1|13
0|1|1|0|14
3.701|0|1|0|14
0|1|0|1|14
3.701|0|0|1|14
0|1|2|1|14
3.216|0|2|1|14
0|1|0|10|14
3.216|0|0|10|14
0|1|2|10|14
3.701|0|2|10|14
0|1|4|10|14
0.788|0|4|10|14
11.721|0|5|10|14
28.272|1|5|10|14
0|1|7|10|14
3.701|0|7|10|14
0.161|0|9|10|14
0|1|9|10|14
11.721|0|0|11|14
9.548|1|0|11|14
0|1|2|11|14
3.216|0|2|11|14
0|1|1|12|14
3.216|0|1|12|14
11.721|0|10|12|14
12.591|1|10|12|14
11.721|0|11|12|14
9.93|1|11|12|14
0|1|2|12|14
3.701|0|2|12|14
0|1|3|12|14
3.216|0|3|12|14
0|1|8|12|14
3.701|0|8|12|14
0|1|9|12|14
0.788|0|9|12|14
0|1|0|13|14
0.788|0|0|13|14
11.721|0|3|13|14
18.353|1|3|13|14
0|1|4|13|14
3.216|0|4|13|14
11.721|0|10|14|14
7.395|1|10|14|14
0.161|0|11|14|14
0|1|11|14|14
68.451|0|3|14|14
72.591|1|3|14|14
68.451|0|4|14|14
70.792|1|4|14|14
0|1|5|14|14
3.216|0|5|14|14
0.161|0|9|14|14
0|1|9|14|14
0|1|0|15|14
0.355|0|0|15|14
0|1|2|15|14
3.216|0|2|15|14
68.451|0|5|15|14
27.634|1|5|15|14
68.451|0|6|15|14
24.936|1|6|15|14
11.721|0|9|15|14
13.49|1|9|15|14
0.161|0|1|16|14
0|1|1|16|14
11.721|0|3|16|14
13.886|1|3|16|14
0.161|0|0|17|14
0|1|0|17|14
0.161|0|3|2|14
0|1|3|2|14
0|1|4|2|14
0.788|0|4|2|14
0|1|2|3|14
3.701|0|2|3|14
68.451|0|4|3|14
54.751|1|4|3|14
0|1|0|4|14
3.216|0|0|4|14
0|1|0|5|14
3.216|0|0|5|14
68.451|0|1|5|14
20.577|1|1|5|14
0.161|0|3|5|14
0|1|3|5|14
0|1|1|6|14
3.216|0|1|6|14
68.451|0|12|6|14
35.943|1|12|6|14
0|1|2|6|14
3.216|0|2|6|14
68.451|0|3|6|14
39.574|1|3|6|14
0|1|4|6|14
3.216|0|4|6|14
0|1|5|6|14
0.788|0|5|6|14
0|1|6|6|14
3.216|0|6|6|14
0|1|7|6|14
0.355|0|7|6|14
11.721|0|9|6|14
22.684|1|9|6|14
0|1|2|7|14
0.788|0|2|7|14
11.721|0|3|7|14
31.534|1|3|7|14
0|1|4|7|14
3.216|0|4|7|14
0|1|0|8|14
3.216|0|0|8|14
0.161|0|2|8|14
0|1|2|8|14
68.451|0|3|8|14
66.191|1|3|8|14
68.451|0|0|9|14
45.644|1|0|9|14
0|1|1|9|14
3.216|0|1|9|14
68.451|0|11|9|14
28.531|1|11|9|14
11.721|0|12|9|14
25.541|1|12|9|14
0|1|2|9|14
3.216|0|2|9|14
11.721|0|3|9|14
22.352|1|3|9|14
11.721|0|4|9|14
27.604|1|4|9|14
0|1|5|9|14
3.701|0|5|9|14
0|1|6|9|14
0.355|0|6|9|14
0|1|9|9|14
3.216|0|9|9|14
0|1|10|0|15
0.355|0|10|0|15
0.161|0|11|0|15
0|1|11|0|15
0|1|12|0|15
3.216|0|12|0|15
0|1|13|0|15
3.701|0|13|0|15
0.161|0|2|0|15
0|1|2|0|15
0|1|4|0|15
3.216|0|4|0|15
68.451|0|7|0|15
58.157|1|7|0|15
0|1|8|0|15
3.216|0|8|0|15
0|1|9|0|15
0.788|0|9|0|15
0|1|0|1|15
3.216|0|0|1|15
0|1|3|1|15
0.355|0|3|1|15
0|1|13|2|15
3.216|0|13|2|15
0|1|4|2|15
3.701|0|4|2|15
0|1|6|2|15
3.701|0|6|2|15
0|1|8|2|15
3.216|0|8|2|15
0|1|0|3|15
0.355|0|0|3|15
0.161|0|2|3|15
0|1|2|3|15
68.451|0|3|3|15
47.298|1|3|3|15
0|1|4|3|15
3.216|0|4|3|15
0|1|5|3|15
0.355|0|5|3|15
0|1|6|3|15
0.788|0|6|3|15
0|1|11|0|16
3.701|0|11|0|16
0|1|12|0|16
0.788|0|12|0|16
68.451|0|13|0|16
60.941|1|13|0|16
0|1|6|0|16
3.216|0|6|0|16
68.451|0|7|0|16
31.723|1|7|0|16
0|1|9|0|16
0.355|0|9|0|16
0|1|0|1|16
0.788|0|0|1|16
0.161|0|1|1|16
0|1|1|1|16
0|1|3|1|16
0.788|0|3|1|16
0|1|4|1|16
3.216|0|4|1|16
0|1|9|1|16
3.701|0|9|1|16
0|1|0|10|16
3.701|0|0|10|16
11.721|0|2|10|16
27.692|1|2|10|16
0|1|6|10|16
3.216|0|6|10|16
68.451|0|8|10|16
56.716|1|8|10|16
68.451|0|9|10|16
60.001|1|9|10|16
0|1|0|2|16
0.788|0|0|2|16
0|1|1|2|16
3.216|0|1|2|16
0|1|2|2|16
3.216|0|2|2|16
0|1|3|2|16
3.216|0|3|2|16
68.451|0|0|3|16
36.315|1|0|3|16
0|1|0|4|16
0.788|0|0|4|16
0|1|2|4|16
0.355|0|2|4|16
0.161|0|4|4|16
0|1|4|4|16
0|1|5|4|16
3.216|0|5|4|16
0|1|6|4|16
3.216|0|6|4|16
0|1|0|5|16
0.355|0|0|5|16
11.721|0|1|5|16
41.177|1|1|5|16
0|1|3|5|16
3.216|0|3|5|16
0|1|4|5|16
3.701|0|4|5|16
0|1|6|5|16
3.701|0|6|5|16
0|1|0|6|16
3.216|0|0|6|16
0|1|1|6|16
0.355|0|1|6|16
0|1|2|6|16
3.701|0|2|6|16
68.451|0|3|6|16
22.513|1|3|6|16
0|1|0|7|16
3.701|0|0|7|16
0|1|1|7|16
3.216|0|1|7|16
68.451|0|2|7|16
18.362|1|2|7|16
11.721|0|3|7|16
21.495|1|3|7|16
0.161|0|0|8|16
0|1|0|8|16
0|1|11|8|16
0.355|0|11|8|16
0|1|12|8|16
3.216|0|12|8|16
0|1|13|8|16
3.216|0|13|8|16
0|1|2|8|16
3.216|0|2|8|16
0.161|0|6|8|16
0|1|6|8|16
0|1|7|8|16
0.355|0|7|8|16
0|1|8|8|16
3.701|0|8|8|16
0|1|9|8|16
3.216|0|9|8|16
11.721|0|2|9|16
11.868|1|2|9|16
0|1|3|9|16
0.355|0|3|9|16
0|1|4|9|16
3.216|0|4|9|16
0|1|5|9|16
0.788|0|5|9|16
0|1|0|0|17
0.788|0|0|0|17
0|1|1|0|17
0.788|0|1|0|17
0|1|4|0|17
3.216|0|4|0|17
68.451|0|0|1|17
36.341|1|0|1|17
11.721|0|3|1|17
11.497|1|3|1|17
0|1|6|1|17
3.701|0|6|1|17
0|1|7|1|17
3.216|0|7|1|17
0|1|8|1|17
0.355|0|8|1|17
0|1|0|2|17
0.355|0|0|2|17
0|1|1|2|17
0.355|0|1|2|17
0|1|1|3|17
0.355|0|1|3|17
0|1|1|0|18
3.216|0|1|0|18
11.721|0|4|0|18
8.333|1|4|0|18
0|1|0|1|18
0.788|0|0|1|18
0|1|2|1|18
3.216|0|2|1|18
68.451|0|3|1|18
58.055|1|3|1|18
68.451|0|0|2|18
33.808|1|0|2|18
0|1|1|2|18
0.788|0|1|2|18
0|1|2|2|18
3.216|0|2|2|18
0|1|4|2|18
0.355|0|4|2|18
11.721|0|5|2|18
7.296|1|5|2|18
0|1|2|3|18
3.701|0|2|3|18
0|1|3|3|18
3.701|0|3|3|18
68.451|0|5|3|18
26.976|1|5|3|18
0|1|6|3|18
0.355|0|6|3|18
11.721|0|8|3|18
10.863|1|8|3|18
0|1|9|3|18
0.788|0|9|3|18
68.451|0|2|4|18
42.939|1|2|4|18
11.721|0|3|4|18
26.336|1|3|4|18
0|1|7|4|18
3.216|0|7|4|18
0|1|0|0|19
3.216|0|0|0|19
0|1|1|0|19
0.355|0|1|0|19
0.161|0|2|0|19
0|1|2|0|19
0|1|3|0|19
3.216|0|3|0|19
0|1|4|0|19
3.216|0|4|0|19
0|1|5|0|19
3.701|0|5|0|19
0|1|6|0|19
0.788|0|6|0|19
0|1|0|0|2
0.788|0|0|0|2
0|1|12|0|2
0.355|0|12|0|2
11.721|0|13|0|2
21.78|1|13|0|2
0.161|0|2|0|2
0|1|2|0|2
0|1|3|0|2
3.216|0|3|0|2
0|1|4|0|2
3.216|0|4|0|2
0|1|5|0|2
3.701|0|5|0|2
0.161|0|7|0|2
0|1|7|0|2
0|1|8|0|2
0.355|0|8|0|2
11.721|0|1|1|2
25.215|1|1|1|2
68.451|0|0|2|2
49.051|1|0|2|2
0|1|1|2|2
3.216|0|1|2|2
0.161|0|2|2|2
0|1|2|2|2
0|1|6|2|2
3.216|0|6|2|2
68.451|0|7|2|2
33.269|1|7|2|2
0|1|8|2|2
3.216|0|8|2|2
0|1|0|3|2
0.355|0|0|3|2
68.451|0|1|3|2
19.841|1|1|3|2
0|1|3|3|2
3.216|0|3|3|2
0|1|5|3|2
3.216|0|5|3|2
0|1|6|3|2
0.788|0|6|3|2
0|1|8|3|2
3.216|0|8|3|2
0|1|9|3|2
0.788|0|9|3|2
0.161|0|0|4|2
0|1|0|4|2
68.451|0|1|4|2
63.968|1|1|4|2
0|1|2|4|2
3.216|0|2|4|2
0|1|4|4|2
3.701|0|4|4|2
0|1|1|5|2
3.216|0|1|5|2
0|1|2|5|2
0.355|0|2|5|2
11.721|0|4|5|2
23.814|1|4|5|2
0|1|5|5|2
0.355|0|5|5|2
0|1|6|5|2
0.788|0|6|5|2
0.161|0|0|0|20
0|1|0|0|20
0|1|1|0|20
0.788|0|1|0|20
0|1|4|0|20
0.788|0|4|0|20
0.161|0|0|1|20
0|1|0|1|20
0|1|1|1|20
0.788|0|1|1|20
11.721|0|2|1|20
7.137|1|2|1|20
68.451|0|3|1|20
23.74|1|3|1|20
0|1|5|1|20
0.788|0|5|1|20
0|1|0|2|20
3.216|0|0|2|20
0|1|2|2|20
3.216|0|2|2|20
0|1|4|2|20
0.788|0|4|2|20
0|1|5|2|20
0.788|0|5|2|20
0|1|6|2|20
3.216|0|6|2|20
0|1|0|3|20
0.355|0|0|3|20
0|1|1|3|20
3.216|0|1|3|20
68.451|0|10|4|20
23.183|1|10|4|20
0.161|0|5|4|20
0|1|5|4|20
0|1|8|4|20
0.788|0|8|4|20
0|1|0|5|20
3.216|0|0|5|20
0|1|2|5|20
0.788|0|2|5|20
0|1|3|5|20
3.701|0|3|5|20
68.451|0|6|5|20
130.68|1|6|5|20
0|1|7|5|20
0.788|0|7|5|20
0|1|0|6|20
0.355|0|0|6|20
68.451|0|1|6|20
62.634|1|1|6|20
0|1|3|6|20
3.216|0|3|6|20
68.451|0|4|6|20
71.85|1|4|6|20
0.161|0|5|6|20
0|1|5|6|20
68.451|0|6|6|20
30.992|1|6|6|20
0|1|0|7|20
0.788|0|0|7|20
0|1|2|7|20
3.701|0|2|7|20
68.451|0|3|7|20
29.478|1|3|7|20
0|1|5|7|20
3.216|0|5|7|20
0.161|0|6|7|20
0|1|6|7|20
0|1|7|7|20
3.216|0|7|7|20
0|1|8|7|20
0.788|0|8|7|20
0|1|0|0|21
0.355|0|0|0|21
68.451|0|1|0|21
18.704|1|1|0|21
68.451|0|2|0|21
28.767|1|2|0|21
0|1|3|0|21
0.355|0|3|0|21
0|1|0|1|21
3.216|0|0|1|21
0|1|1|1|21
3.701|0|1|1|21
0.161|0|0|10|21
0|1|0|10|21
0|1|1|10|21
3.216|0|1|10|21
11.721|0|10|10|21
6.882|1|10|10|21
0|1|11|10|21
3.216|0|11|10|21
0|1|12|10|21
3.216|0|12|10|21
0|1|3|10|21
3.216|0|3|10|21
68.451|0|4|10|21
31.036|1|4|10|21
0|1|5|10|21
3.701|0|5|10|21
0.161|0|7|10|21
0|1|7|10|21
11.721|0|8|10|21
29.767|1|8|10|21
11.721|0|9|10|21
17.63|1|9|10|21
0|1|3|11|21
3.216|0|3|11|21
0|1|5|11|21
3.701|0|5|11|21
0|1|6|11|21
0.355|0|6|11|21
0|1|7|11|21
0.788|0|7|11|21
0|1|2|12|21
0.355|0|2|12|21
0|1|4|12|21
0.355|0|4|12|21
11.721|0|6|12|21
8.308|1|6|12|21
0|1|7|12|21
0.355|0|7|12|21
11.721|0|10|13|21
17.613|1|10|13|21
0|1|12|13|21
3.701|0|12|13|21
0|1|4|13|21
0.355|0|4|13|21
0|1|5|13|21
3.701|0|5|13|21
0.161|0|8|13|21
0|1|8|13|21
0|1|9|13|21
3.216|0|9|13|21
0|1|4|2|21
3.216|0|4|2|21
11.721|0|11|3|21
17.384|1|11|3|21
0.161|0|2|3|21
0|1|2|3|21
11.721|0|3|3|21
20.616|1|3|3|21
0|1|4|3|21
3.216|0|4|3|21
68.451|0|7|3|21
26.793|1|7|3|21
0|1|9|3|21
3.216|0|9|3|21
68.451|0|1|4|21
49.795|1|1|4|21
0.161|0|10|4|21
0|1|10|4|21
0.161|0|11|4|21
0|1|11|4|21
0.161|0|2|4|21
0|1|2|4|21
0|1|4|4|21
0.788|0|4|4|21
0|1|8|4|21
0.355|0|8|4|21
68.451|0|9|4|21
33.184|1|9|4|21
0|1|0|5|21
3.216|0|0|5|21
0|1|2|5|21
0.788|0|2|5|21
0.161|0|3|5|21
0|1|3|5|21
68.451|0|12|6|21
64.338|1|12|6|21
68.451|0|13|6|21
63.038|1|13|6|21
0.161|0|2|6|21
0|1|2|6|21
11.721|0|3|6|21
18.023|1|3|6|21
0|1|4|6|21
0.788|0|4|6|21
68.451|0|5|6|21
31.731|1|5|6|21
0|1|7|6|21
3.216|0|7|6|21
11.721|0|8|6|21
34.752|1|8|6|21
11.721|0|9|6|21
9.764|1|9|6|21
0.161|0|4|7|21
0|1|4|7|21
68.451|0|0|8|21
52.832|1|0|8|21
0|1|10|8|21
0.788|0|10|8|21
0|1|11|8|21
0.788|0|11|8|21
0.161|0|5|8|21
0|1|5|8|21
0|1|6|8|21
0.788|0|6|8|21
0|1|9|8|21
0.788|0|9|8|21
11.721|0|0|9|21
14.121|1|0|9|21
0|1|1|9|21
3.216|0|1|9|21
0|1|10|9|21
3.216|0|10|9|21
0|1|12|9|21
3.216|0|12|9|21
0|1|2|9|21
3.701|0|2|9|21
0|1|3|9|21
3.216|0|3|9|21
68.451|0|4|9|21
47.953|1|4|9|21
0|1|5|9|21
0.355|0|5|9|21
0|1|7|9|21
0.788|0|7|9|21
11.721|0|8|9|21
6.203|1|8|9|21
0|1|0|0|22
0.788|0|0|0|22
68.451|0|2|0|22
36.26|1|2|0|22
0|1|3|0|22
3.701|0|3|0|22
11.721|0|5|0|22
13.446|1|5|0|22
0|1|6|0|22
0.788|0|6|0|22
0|1|0|1|22
3.701|0|0|1|22
0|1|1|1|22
0.355|0|1|1|22
0|1|2|1|22
3.701|0|2|1|22
0|1|1|2|22
0.355|0|1|2|22
0|1|11|2|22
0.788|0|11|2|22
0|1|12|2|22
0.355|0|12|2|22
68.451|0|13|2|22
50.191|1|13|2|22
11.721|0|4|2|22
9.416|1|4|2|22
0|1|5|2|22
0.788|0|5|2|22
11.721|0|6|2|22
21.027|1|6|2|22
0|1|8|2|22
0.788|0|8|2|22
0|1|9|2|22
3.701|0|9|2|22
68.451|0|0|3|22
17.573|1|0|3|22
0.161|0|2|3|22
0|1|2|3|22
68.451|0|3|3|22
22.265|1|3|3|22
0|1|6|3|22
3.701|0|6|3|22
0|1|0|0|23
0.355|0|0|0|23
0|1|1|0|23
0.788|0|1|0|23
0|1|2|0|23
3.701|0|2|0|23
0|1|3|0|23
0.355|0|3|0|23
0|1|0|1|23
0.788|0|0|1|23
11.721|0|1|1|23
12.481|1|1|1|23
0|1|3|1|23
3.216|0|3|1|23
0.161|0|4|1|23
0|1|4|1|23
0|1|0|3|23
3.216|0|0|3|23
0|1|1|3|23
0.788|0|1|3|23
0|1|5|3|23
3.216|0|5|3|23
0|1|6|3|23
0.788|0|6|3|23
68.451|0|11|0|24
62.02|1|11|0|24
0|1|3|0|24
3.216|0|3|0|24
11.721|0|4|0|24
6.607|1|4|0|24
0|1|5|0|24
3.216|0|5|0|24
0|1|7|0|24
0.355|0|7|0|24
68.451|0|8|0|24
25.668|1|8|0|24
11.721|0|9|0|24
12.22|1|9|0|24
0|1|1|1|24
3.216|0|1|1|24
0|1|0|2|24
0.788|0|0|2|24
0|1|1|3|24
3.216|0|1|3|24
11.721|0|3|3|24
13.342|1|3|3|24
68.451|0|5|3|24
42.869|1|5|3|24
0|1|7|3|24
3.216|0|7|3|24
0|1|0|4|24
3.701|0|0|4|24
68.451|0|1|4|24
28.79|1|1|4|24
0|1|3|4|24
0.788|0|3|4|24
0.161|0|2|5|24
0|1|2|5|24
0.161|0|0|6|24
0|1|0|6|24
68.451|0|1|6|24
38.002|1|1|6|24
68.451|0|2|6|24
34.189|1|2|6|24
0|1|4|6|24
0.788|0|4|6|24
0|1|0|7|24
3.216|0|0|7|24
68.451|0|1|7|24
43.195|1|1|7|24
0|1|4|7|24
3.216|0|4|7|24
0|1|5|7|24
3.216|0|5|7|24
0|1|1|0|25
3.701|0|1|0|25
0|1|2|0|25
3.701|0|2|0|25
0|1|3|0|25
3.216|0|3|0|25
0|1|4|0|25
3.216|0|4|0|25
68.451|0|7|0|25
37.417|1|7|0|25
0|1|0|1|25
3.216|0|0|1|25
0|1|1|1|25
0.355|0|1|1|25
0|1|10|1|25
3.216|0|10|1|25
0|1|11|1|25
3.216|0|11|1|25
0|1|3|1|25
3.216|0|3|1|25
0|1|4|1|25
0.788|0|4|1|25
0|1|2|2|25
3.216|0|2|2|25
0|1|3|2|25
3.216|0|3|2|25
0|1|4|2|25
0.355|0|4|2|25
0|1|3|3|25
3.216|0|3|3|25
0.161|0|4|3|25
0|1|4|3|25
0|1|5|3|25
3.216|0|5|3|25
0.161|0|3|4|25
0|1|3|4|25
68.451|0|5|4|25
37.69|1|5|4|25
0|1|8|4|25
3.216|0|8|4|25
11.721|0|0|5|25
8.346|1|0|5|25
0|1|1|5|25
3.216|0|1|5|25
0.161|0|0|0|26
0|1|0|0|26
0|1|1|0|26
3.216|0|1|0|26
0|1|3|0|26
3.216|0|3|0|26
0|1|0|1|26
0.355|0|0|1|26
0.161|0|1|2|26
0|1|1|2|26
0|1|5|2|26
3.216|0|5|2|26
11.721|0|6|2|26
6.304|1|6|2|26
0|1|0|3|26
3.216|0|0|3|26
0|1|2|3|26
0.788|0|2|3|26
11.721|0|3|3|26
12.735|1|3|3|26
0|1|4|3|26
0.355|0|4|3|26
0|1|8|3|26
0.355|0|8|3|26
0|1|9|3|26
0.355|0|9|3|26
0|1|0|4|26
0.788|0|0|4|26
0|1|10|4|26
3.701|0|10|4|26
68.451|0|11|4|26
28.139|1|11|4|26
68.451|0|12|4|26
105.139|1|12|4|26
0.161|0|2|4|26
0|1|2|4|26
0|1|3|4|26
0.355|0|3|4|26
0.161|0|4|4|26
0|1|4|4|26
0|1|5|4|26
0.788|0|5|4|26
0|1|6|4|26
3.216|0|6|4|26
11.721|0|7|4|26
15.82|1|7|4|26
0|1|8|4|26
0.788|0|8|4|26
0|1|0|5|26
3.216|0|0|5|26
0.161|0|1|5|26
0|1|1|5|26
0|1|3|5|26
3.216|0|3|5|26
0|1|4|5|26
3.701|0|4|5|26
0|1|5|5|26
0.355|0|5|5|26
0|1|6|5|26
0.788|0|6|5|26
68.451|0|7|5|26
36.591|1|7|5|26
0.161|0|1|0|27
0|1|1|0|27
0|1|2|0|27
3.216|0|2|0|27
11.721|0|1|1|27
20.414|1|1|1|27
0.161|0|2|1|27
0|1|2|1|27
68.451|0|4|1|27
48.867|1|4|1|27
0.161|0|5|1|27
0|1|5|1|27
0|1|0|2|27
0.788|0|0|2|27
0.161|0|2|2|27
0|1|2|2|27
11.721|0|0|3|27
12.885|1|0|3|27
0|1|2|3|27
3.216|0|2|3|27
0|1|0|4|27
3.216|0|0|4|27
0|1|1|4|27
0.788|0|1|4|27
0.161|0|2|4|27
0|1|2|4|27
0|1|3|4|27
0.788|0|3|4|27
0|1|0|5|27
0.788|0|0|5|27
0|1|1|5|27
0.788|0|1|5|27
0.161|0|3|5|27
0|1|3|5|27
0|1|4|5|27
3.216|0|4|5|27
0|1|6|5|27
3.216|0|6|5|27
0|1|7|5|27
0.788|0|7|5|27
0|1|8|5|27
0.355|0|8|5|27
0|1|9|5|27
3.701|0|9|5|27
0|1|0|6|27
0.355|0|0|6|27
0|1|1|6|27
3.701|0|1|6|27
0|1|2|6|27
3.216|0|2|6|27
0|1|3|6|27
0.355|0|3|6|27
0.161|0|4|6|27
0|1|4|6|27
0|1|5|6|27
0.355|0|5|6|27
0|1|6|6|27
3.216|0|6|6|27
0|1|0|7|27
0.788|0|0|7|27
68.451|0|1|7|27
34.748|1|1|7|27
0|1|2|7|27
3.216|0|2|7|27
0|1|3|7|27
0.788|0|3|7|27
11.721|0|4|7|27
16|1|4|7|27
0|1|5|7|27
3.216|0|5|7|27
0.161|0|0|8|27
0|1|0|8|27
0|1|1|8|27
0.355|0|1|8|27
0|1|3|8|27
3.216|0|3|8|27
0|1|1|9|27
3.216|0|1|9|27
0|1|2|9|27
3.216|0|2|9|27
0|1|6|9|27
3.701|0|6|9|27
11.721|0|0|0|28
18.453|1|0|0|28
0|1|10|0|28
3.216|0|10|0|28
0|1|2|0|28
3.701|0|2|0|28
0|1|3|0|28
0.355|0|3|0|28
0|1|5|0|28
3.701|0|5|0|28
0|1|8|0|28
3.216|0|8|0|28
0|1|9|0|28
0.355|0|9|0|28
0|1|0|1|28
0.788|0|0|1|28
0|1|1|1|28
3.216|0|1|1|28
0|1|2|1|28
3.701|0|2|1|28
0.161|0|4|1|28
0|1|4|1|28
0|1|5|1|28
3.216|0|5|1|28
0|1|6|1|28
0.788|0|6|1|28
0|1|7|1|28
3.216|0|7|1|28
11.721|0|2|10|28
9.326|1|2|10|28
0|1|3|10|28
0.788|0|3|10|28
0|1|4|10|28
3.216|0|4|10|28
0|1|0|11|28
3.216|0|0|11|28
0|1|3|11|28
3.216|0|3|11|28
11.721|0|0|12|28
8.094|1|0|12|28
68.451|0|2|12|28
25.668|1|2|12|28
0|1|4|12|28
0.355|0|4|12|28
0|1|6|12|28
3.701|0|6|12|28
0|1|2|13|28
0.788|0|2|13|28
68.451|0|4|13|28
36.413|1|4|13|28
0|1|5|13|28
3.216|0|5|13|28
0|1|6|13|28
3.216|0|6|13|28
0|1|1|14|28
3.216|0|1|14|28
0|1|2|14|28
0.355|0|2|14|28
0|1|4|14|28
3.216|0|4|14|28
0.161|0|6|14|28
0|1|6|14|28
68.451|0|0|15|28
23.672|1|0|15|28
11.721|0|4|15|28
19.274|1|4|15|28
0|1|8|15|28
0.355|0|8|15|28
0|1|9|15|28
0.788|0|9|15|28
11.721|0|0|16|28
24.207|1|0|16|28
0|1|3|16|28
0.355|0|3|16|28
0|1|4|16|28
3.216|0|4|16|28
0.161|0|5|16|28
0|1|5|16|28
68.451|0|0|17|28
34.283|1|0|17|28
0|1|1|17|28
3.216|0|1|17|28
0|1|2|17|28
3.701|0|2|17|28
68.451|0|3|17|28
39.081|1|3|17|28
11.721|0|1|2|28
13.204|1|1|2|28
0|1|2|2|28
3.216|0|2|2|28
0|1|3|2|28
3.701|0|3|2|28
11.721|0|4|2|28
5.803|1|4|2|28
0|1|3|3|28
0.355|0|3|3|28
0|1|4|3|28
0.788|0|4|3|28
68.451|0|5|3|28
16.974|1|5|3|28
11.721|0|6|3|28
9.721|1|6|3|28
0|1|0|4|28
3.216|0|0|4|28
68.451|0|10|4|28
33.382|1|10|4|28
0|1|11|4|28
0.355|0|11|4|28
68.451|0|5|4|28
50.196|1|5|4|28
0|1|8|4|28
3.216|0|8|4|28
0.161|0|0|5|28
0|1|0|5|28
0|1|1|5|28
0.788|0|1|5|28
11.721|0|2|5|28
9.486|1|2|5|28
0|1|3|5|28
3.216|0|3|5|28
11.721|0|4|5|28
17.131|1|4|5|28
0|1|0|6|28
0.788|0|0|6|28
0.161|0|1|6|28
0|1|1|6|28
11.721|0|3|6|28
27.671|1|3|6|28
11.721|0|4|6|28
8.079|1|4|6|28
0|1|7|6|28
3.701|0|7|6|28
0|1|1|7|28
3.216|0|1|7|28
0|1|2|7|28
3.216|0|2|7|28
0|1|3|7|28
3.216|0|3|7|28
68.451|0|4|7|28
42.061|1|4|7|28
0.161|0|11|9|28
0|1|11|9|28
0.161|0|12|9|28
0|1|12|9|28
0|1|13|9|28
0.788|0|13|9|28
0|1|2|9|28
0.355|0|2|9|28
0|1|4|9|28
3.216|0|4|9|28
0|1|5|9|28
0.355|0|5|9|28
0|1|6|9|28
0.788|0|6|9|28
0|1|8|9|28
0.788|0|8|9|28
0|1|0|0|29
0.355|0|0|0|29
11.721|0|1|0|29
6.519|1|1|0|29
0|1|10|0|29
0.355|0|10|0|29
0|1|11|0|29
3.701|0|11|0|29
0|1|12|0|29
3.216|0|12|0|29
0|1|3|0|29
3.216|0|3|0|29
0|1|4|0|29
3.216|0|4|0|29
11.721|0|5|0|29
8.025|1|5|0|29
0|1|9|0|29
3.701|0|9|0|29
11.721|0|0|2|29
16.154|1|0|2|29
11.721|0|2|2|29
15.141|1|2|2|29
0|1|0|0|3
0.355|0|0|0|3
0|1|1|0|3
3.216|0|1|0|3
0.161|0|11|0|3
0|1|11|0|3
0|1|12|0|3
3.216|0|12|0|3
68.451|0|4|0|3
30.347|1|4|0|3
0|1|6|0|3
0.355|0|6|0|3
0.161|0|7|0|3
0|1|7|0|3
0.161|0|8|0|3
0|1|8|0|3
0|1|1|1|3
3.701|0|1|1|3
0|1|2|1|3
3.701|0|2|1|3
11.721|0|4|1|3
8.41|1|4|1|3
0|1|5|1|3
3.216|0|5|1|3
0|1|0|2|3
3.216|0|0|2|3
68.451|0|3|2|3
24.934|1|3|2|3
0|1|4|2|3
3.701|0|4|2|3
0|1|5|2|3
3.701|0|5|2|3
0|1|0|3|3
3.216|0|0|3|3
68.451|0|10|3|3
29.59|1|10|3|3
68.451|0|11|3|3
27.999|1|11|3|3
0|1|12|3|3
0.355|0|12|3|3
0.161|0|13|3|3
0|1|13|3|3
11.721|0|3|3|3
18.823|1|3|3|3
0|1|6|3|3
3.216|0|6|3|3
0|1|7|3|3
3.701|0|7|3|3
0|1|8|3|3
0.355|0|8|3|3
0|1|9|3|3
3.216|0|9|3|3
68.451|0|0|0|30
84.321|1|0|0|30
0|1|1|0|30
3.216|0|1|0|30
0|1|2|0|30
3.216|0|2|0|30
0|1|3|0|30
3.216|0|3|0|30
0|1|1|1|30
3.216|0|1|1|30
0|1|2|1|30
0.788|0|2|1|30
0|1|3|1|30
0.788|0|3|1|30
0|1|0|0|31
3.216|0|0|0|31
0|1|1|0|31
0.788|0|1|0|31
68.451|0|2|0|31
35.706|1|2|0|31
0|1|3|0|31
3.216|0|3|0|31
0.161|0|4|0|31
0|1|4|0|31
0|1|6|0|31
0.788|0|6|0|31
11.721|0|0|0|32
25.885|1|0|0|32
0|1|1|0|32
3.216|0|1|0|32
0.161|0|4|0|32
0|1|4|0|32
0|1|5|0|32
3.216|0|5|0|32
68.451|0|7|0|32
38.512|1|7|0|32
0|1|8|0|32
0.355|0|8|0|32
0|1|9|0|32
0.788|0|9|0|32
11.721|0|0|10|32
29.909|1|0|10|32
0.161|0|1|10|32
0|1|1|10|32
0|1|2|11|32
3.216|0|2|11|32
0|1|3|11|32
0.788|0|3|11|32
0|1|4|11|32
0.788|0|4|11|32
0|1|5|11|32
0.355|0|5|11|32
0|1|6|11|32
3.216|0|6|11|32
0|1|2|12|32
0.355|0|2|12|32
11.721|0|3|12|32
5.127|1|3|12|32
0|1|4|12|32
3.216|0|4|12|32
0|1|5|12|32
3.216|0|5|12|32
0|1|6|12|32
0.788|0|6|12|32
0|1|7|12|32
3.216|0|7|12|32
0.161|0|8|12|32
0|1|8|12|32
0|1|0|13|32
0.788|0|0|13|32
0|1|10|13|32
3.701|0|10|13|32
0|1|12|13|32
3.216|0|12|13|32
0.161|0|2|13|32
0|1|2|13|32
68.451|0|3|13|32
72.218|1|3|13|32
0|1|4|13|32
3.216|0|4|13|32
0|1|5|13|32
3.216|0|5|13|32
68.451|0|7|13|32
21.704|1|7|13|32
0|1|0|2|32
0.788|0|0|2|32
68.451|0|1|2|32
20.064|1|1|2|32
0|1|3|2|32
0.355|0|3|2|32
0|1|4|2|32
0.788|0|4|2|32
0|1|6|2|32
0.788|0|6|2|32
0|1|1|4|32
0.788|0|1|4|32
0|1|11|4|32
3.216|0|11|4|32
0|1|12|4|32
3.216|0|12|4|32
0|1|13|4|32
3.216|0|13|4|32
0|1|2|4|32
0.355|0|2|4|32
0|1|4|4|32
0.788|0|4|4|32
0|1|8|4|32
3.701|0|8|4|32
0|1|9|4|32
3.216|0|9|4|32
0|1|0|5|32
3.216|0|0|5|32
0|1|10|5|32
0.355|0|10|5|32
68.451|0|11|5|32
34.56|1|11|5|32
0|1|12|5|32
0.788|0|12|5|32
0|1|3|5|32
3.216|0|3|5|32
0|1|4|5|32
3.701|0|4|5|32
0.161|0|5|5|32
0|1|5|5|32
0|1|7|5|32
0.355|0|7|5|32
0|1|8|5|32
3.216|0|8|5|32
0|1|9|5|32
3.701|0|9|5|32
0|1|0|6|32
3.701|0|0|6|32
0|1|1|6|32
3.216|0|1|6|32
0|1|2|6|32
3.701|0|2|6|32
0|1|3|6|32
0.355|0|3|6|32
11.721|0|6|6|32
8.138|1|6|6|32
0|1|7|6|32
0.355|0|7|6|32
0|1|8|6|32
3.216|0|8|6|32
68.451|0|9|6|32
80.392|1|9|6|32
0|1|1|7|32
0.355|0|1|7|32
0|1|2|7|32
3.216|0|2|7|32
68.451|0|3|7|32
55.82|1|3|7|32
11.721|0|4|7|32
21.449|1|4|7|32
0|1|6|7|32
0.355|0|6|7|32
0|1|7|7|32
3.216|0|7|7|32
0|1|0|9|32
0.355|0|0|9|32
0|1|1|9|32
0.355|0|1|9|32
0|1|5|9|32
3.701|0|5|9|32
68.451|0|0|0|33
17.772|1|0|0|33
0|1|1|0|33
3.216|0|1|0|33
0|1|0|1|33
3.216|0|0|1|33
11.721|0|1|1|33
15.947|1|1|1|33
68.451|0|12|1|33
46.169|1|12|1|33
0|1|13|1|33
3.701|0|13|1|33
68.451|0|3|1|33
84.763|1|3|1|33
11.721|0|5|1|33
11.778|1|5|1|33
68.451|0|8|1|33
20.282|1|8|1|33
0|1|9|1|33
0.788|0|9|1|33
0|1|0|10|33
3.216|0|0|10|33
0|1|2|10|33
3.701|0|2|10|33
0|1|4|10|33
0.788|0|4|10|33
68.451|0|6|10|33
15.303|1|6|10|33
11.721|0|1|11|33
9.781|1|1|11|33
0|1|2|11|33
3.216|0|2|11|33
11.721|0|3|11|33
20.53|1|3|11|33
0|1|6|11|33
3.216|0|6|11|33
0|1|1|2|33
0.788|0|1|2|33
0|1|2|2|33
3.216|0|2|2|33
0|1|3|2|33
0.355|0|3|2|33
0|1|4|2|33
0.788|0|4|2|33
0|1|5|2|33
3.701|0|5|2|33
68.451|0|1|3|33
29.066|1|1|3|33
11.721|0|3|3|33
11.561|1|3|3|33
0.161|0|2|4|33
0|1|2|4|33
11.721|0|3|4|33
12.515|1|3|4|33
0|1|4|4|33
3.216|0|4|4|33
0|1|5|4|33
0.355|0|5|4|33
0|1|6|4|33
0.355|0|6|4|33
0|1|7|4|33
3.216|0|7|4|33
0|1|8|4|33
0.788|0|8|4|33
0|1|0|5|33
0.788|0|0|5|33
68.451|0|2|5|33
33.064|1|2|5|33
0|1|7|5|33
0.788|0|7|5|33
0|1|0|6|33
3.216|0|0|6|33
11.721|0|3|7|33
8.666|1|3|7|33
0|1|6|7|33
3.216|0|6|7|33
0|1|1|8|33
0.788|0|1|8|33
0|1|4|8|33
3.216|0|4|8|33
68.451|0|5|8|33
29.179|1|5|8|33
0|1|6|8|33
3.701|0|6|8|33
0.161|0|7|8|33
0|1|7|8|33
11.721|0|0|9|33
15.411|1|0|9|33
68.451|0|2|9|33
80.512|1|2|9|33
11.721|0|7|9|33
11.897|1|7|9|33
0|1|8|9|33
3.216|0|8|9|33
11.721|0|9|9|33
22.897|1|9|9|33
0|1|0|0|34
3.701|0|0|0|34
68.451|0|2|0|34
26.594|1|2|0|34
0|1|0|1|34
3.216|0|0|1|34
11.721|0|1|2|34
28.604|1|1|2|34
68.451|0|2|2|34
89.532|1|2|2|34
11.721|0|3|2|34
10.969|1|3|2|34
68.451|0|4|2|34
22.974|1|4|2|34
0|1|5|2|34
0.355|0|5|2|34
0|1|1|3|34
3.701|0|1|3|34
0|1|2|4|34
0.355|0|2|4|34
0|1|0|5|34
0.355|0|0|5|34
0|1|2|5|34
3.216|0|2|5|34
68.451|0|3|5|34
30.901|1|3|5|34
0.161|0|4|5|34
0|1|4|5|34
11.721|0|1|0|35
10.545|1|1|0|35
0|1|10|0|35
0.788|0|10|0|35
68.451|0|11|0|35
23.39|1|11|0|35
0|1|4|0|35
0.788|0|4|0|35
0|1|5|0|35
0.788|0|5|0|35
0|1|7|0|35
0.355|0|7|0|35
0.161|0|8|0|35
0|1|8|0|35
0|1|0|1|35
0.788|0|0|1|35
0|1|1|1|35
0.355|0|1|1|35
0|1|1|2|35
0.788|0|1|2|35
0|1|2|2|35
0.788|0|2|2|35
0|1|3|2|35
3.701|0|3|2|35
11.721|0|4|2|35
15.056|1|4|2|35
11.721|0|0|3|35
11.263|1|0|3|35
0|1|1|3|35
3.701|0|1|3|35
0|1|2|3|35
3.216|0|2|3|35
0.161|0|10|0|36
0|1|10|0|36
0|1|2|0|36
3.701|0|2|0|36
0|1|3|0|36
0.355|0|3|0|36
0.161|0|4|0|36
0|1|4|0|36
0|1|5|0|36
0.788|0|5|0|36
0.161|0|7|0|36
0|1|7|0|36
0|1|9|0|36
3.216|0|9|0|36
0|1|0|1|36
3.216|0|0|1|36
0|1|10|1|36
0.788|0|10|1|36
0|1|11|1|36
3.701|0|11|1|36
0|1|3|1|36
0.788|0|3|1|36
0|1|4|1|36
0.355|0|4|1|36
68.451|0|5|1|36
69.328|1|5|1|36
0|1|8|1|36
0.355|0|8|1|36
0.161|0|9|1|36
0|1|9|1|36
0|1|0|2|36
0.355|0|0|2|36
0.161|0|2|2|36
0|1|2|2|36
0|1|3|2|36
0.788|0|3|2|36
0|1|5|2|36
0.355|0|5|2|36
0|1|1|3|36
3.216|0|1|3|36
0|1|2|3|36
3.701|0|2|3|36
0|1|0|4|36
3.216|0|0|4|36
0|1|0|5|36
3.216|0|0|5|36
11.721|0|2|5|36
18.769|1|2|5|36
0|1|3|5|36
0.355|0|3|5|36
0|1|6|5|36
0.355|0|6|5|36
0|1|7|5|36
0.788|0|7|5|36
0|1|8|5|36
0.788|0|8|5|36
0.161|0|9|5|36
0|1|9|5|36
11.721|0|1|6|36
8.149|1|1|6|36
0|1|2|6|36
3.701|0|2|6|36
0|1|3|6|36
0.788|0|3|6|36
0.161|0|4|6|36
0|1|4|6|36
0|1|5|6|36
0.355|0|5|6|36
0|1|8|6|36
0.788|0|8|6|36
0|1|0|0|37
0.355|0|0|0|37
0|1|2|0|37
3.701|0|2|0|37
0|1|2|1|37
0.355|0|2|1|37
0|1|3|1|37
0.788|0|3|1|37
68.451|0|10|2|37
25.261|1|10|2|37
11.721|0|11|2|37
13.688|1|11|2|37
0|1|12|2|37
0.355|0|12|2|37
0|1|13|2|37
3.216|0|13|2|37
0|1|4|2|37
3.216|0|4|2|37
0.161|0|5|2|37
0|1|5|2|37
0|1|6|2|37
3.701|0|6|2|37
0|1|7|2|37
0.788|0|7|2|37
0.161|0|9|2|37
0|1|9|2|37
0|1|0|3|37
0.355|0|0|3|37
0.161|0|2|3|37
0|1|2|3|37
68.451|0|1|4|37
35.355|1|1|4|37
0|1|2|4|37
0.788|0|2|4|37
68.451|0|5|4|37
18.723|1|5|4|37
0|1|7|4|37
3.701|0|7|4|37
0|1|8|4|37
3.216|0|8|4|37
0|1|1|5|37
0.355|0|1|5|37
0|1|11|5|37
3.216|0|11|5|37
0|1|12|5|37
3.216|0|12|5|37
11.721|0|13|5|37
11.282|1|13|5|37
0|1|3|5|37
3.701|0|3|5|37
0|1|4|5|37
0.788|0|4|5|37
0.161|0|5|5|37
0|1|5|5|37
0|1|6|5|37
3.216|0|6|5|37
11.721|0|7|5|37
17.505|1|7|5|37
0|1|8|5|37
3.216|0|8|5|37
0|1|9|5|37
3.701|0|9|5|37
0|1|0|6|37
3.701|0|0|6|37
68.451|0|2|6|37
13.378|1|2|6|37
0|1|5|6|37
3.701|0|5|6|37
0|1|6|6|37
3.216|0|6|6|37
0|1|0|7|37
0.355|0|0|7|37
0|1|11|7|37
0.355|0|11|7|37
0|1|2|7|37
0.788|0|2|7|37
0|1|5|7|37
3.216|0|5|7|37
0|1|7|7|37
3.701|0|7|7|37
68.451|0|9|7|37
45.554|1|9|7|37
11.721|0|0|8|37
9.737|1|0|8|37
11.721|0|1|8|37
11.336|1|1|8|37
11.721|0|2|8|37
11.035|1|2|8|37
68.451|0|0|0|38
36.39|1|0|0|38
0|1|0|1|38
3.216|0|0|1|38
0|1|1|1|38
3.216|0|1|1|38
0|1|3|1|38
0.355|0|3|1|38
0|1|0|10|38
3.216|0|0|10|38
68.451|0|1|10|38
19.097|1|1|10|38
0|1|1|2|38
3.701|0|1|2|38
0|1|2|2|38
3.216|0|2|2|38
0|1|3|2|38
0.355|0|3|2|38
68.451|0|4|2|38
73.259|1|4|2|38
0.161|0|5|2|38
0|1|5|2|38
0.161|0|0|3|38
0|1|0|3|38
68.451|0|1|3|38
47.174|1|1|3|38
0.161|0|4|3|38
0|1|4|3|38
0.161|0|0|4|38
0|1|0|4|38
0.161|0|3|4|38
0|1|3|4|38
0.161|0|0|5|38
0|1|0|5|38
0|1|1|5|38
0.788|0|1|5|38
11.721|0|0|6|38
9.228|1|0|6|38
0|1|1|6|38
3.701|0|1|6|38
0|1|2|6|38
3.216|0|2|6|38
0|1|1|7|38
3.216|0|1|7|38
0|1|0|8|38
3.701|0|0|8|38
0|1|2|8|38
0.355|0|2|8|38
68.451|0|0|9|38
19.199|1|0|9|38
0|1|1|9|38
3.216|0|1|9|38
0|1|3|9|38
3.701|0|3|9|38
0|1|4|9|38
0.788|0|4|9|38
0|1|5|9|38
3.216|0|5|9|38
0|1|1|0|39
3.701|0|1|0|39
0|1|2|0|39
3.216|0|2|0|39
0|1|3|0|39
0.355|0|3|0|39
68.451|0|1|1|39
22.526|1|1|1|39
0|1|4|1|39
0.788|0|4|1|39
0|1|6|1|39
3.701|0|6|1|39
0|1|0|11|39
3.701|0|0|11|39
68.451|0|1|11|39
46.634|1|1|11|39
68.451|0|11|11|39
20.161|1|11|11|39
68.451|0|13|11|39
39.829|1|13|11|39
0.161|0|2|11|39
0|1|2|11|39
11.721|0|3|11|39
8.829|1|3|11|39
11.721|0|4|11|39
11.922|1|4|11|39
0|1|6|11|39
3.216|0|6|11|39
0|1|7|11|39
3.216|0|7|11|39
0|1|8|11|39
0.788|0|8|11|39
0|1|9|11|39
3.701|0|9|11|39
0|1|0|12|39
3.216|0|0|12|39
68.451|0|1|12|39
18.075|1|1|12|39
0|1|3|12|39
3.216|0|3|12|39
11.721|0|4|12|39
13.075|1|4|12|39
0|1|0|13|39
3.216|0|0|13|39
0|1|12|13|39
3.701|0|12|13|39
0|1|13|13|39
0.788|0|13|13|39
0|1|2|13|39
3.701|0|2|13|39
0|1|5|13|39
3.701|0|5|13|39
0|1|6|13|39
3.701|0|6|13|39
0|1|8|13|39
0.355|0|8|13|39
0|1|9|13|39
3.216|0|9|13|39
0|1|0|14|39
3.216|0|0|14|39
0|1|3|14|39
3.216|0|3|14|39
0|1|5|14|39
0.788|0|5|14|39
11.721|0|0|2|39
14.195|1|0|2|39
68.451|0|5|2|39
19.476|1|5|2|39
0|1|7|2|39
3.216|0|7|2|39
11.721|0|9|2|39
9.943|1|9|2|39
0|1|0|3|39
0.788|0|0|3|39
0|1|2|3|39
3.216|0|2|3|39
0|1|0|4|39
3.216|0|0|4|39
68.451|0|3|4|39
43.607|1|3|4|39
0|1|0|5|39
3.216|0|0|5|39
0|1|1|5|39
0.788|0|1|5|39
68.451|0|2|5|39
22.844|1|2|5|39
0|1|3|5|39
3.216|0|3|5|39
0|1|4|5|39
0.788|0|4|5|39
0|1|5|5|39
3.216|0|5|5|39
0|1|6|5|39
0.355|0|6|5|39
0|1|7|5|39
3.216|0|7|5|39
0|1|0|6|39
0.788|0|0|6|39
0|1|1|6|39
0.788|0|1|6|39
68.451|0|3|6|39
40.713|1|3|6|39
0|1|4|6|39
3.216|0|4|6|39
0|1|5|6|39
0.355|0|5|6|39
0|1|8|6|39
3.216|0|8|6|39
68.451|0|1|7|39
62.881|1|1|7|39
0|1|3|7|39
0.355|0|3|7|39
0|1|4|7|39
3.216|0|4|7|39
0.161|0|5|7|39
0|1|5|7|39
0.161|0|6|7|39
0|1|6|7|39
0|1|1|8|39
0.355|0|1|8|39
0|1|11|8|39
0.788|0|11|8|39
0|1|12|8|39
0.788|0|12|8|39
0|1|2|8|39
3.216|0|2|8|39
0|1|3|8|39
0.788|0|3|8|39
0|1|5|8|39
0.788|0|5|8|39
0.161|0|6|8|39
0|1|6|8|39
0|1|7|8|39
0.788|0|7|8|39
0.161|0|1|9|39
0|1|1|9|39
0|1|2|9|39
0.355|0|2|9|39
0|1|0|0|4
0.788|0|0|0|4
0|1|1|0|4
0.355|0|1|0|4
0|1|10|0|4
3.216|0|10|0|4
0|1|4|0|4
3.701|0|4|0|4
0.161|0|5|0|4
0|1|5|0|4
68.451|0|0|1|4
72.487|1|0|1|4
68.451|0|1|1|4
42.144|1|1|1|4
0|1|2|1|4
0.788|0|2|1|4
0|1|3|1|4
3.216|0|3|1|4
0|1|0|10|4
3.216|0|0|10|4
0.161|0|2|10|4
0|1|2|10|4
0.161|0|3|10|4
0|1|3|10|4
0|1|4|10|4
3.216|0|4|10|4
0|1|5|10|4
0.788|0|5|10|4
0.161|0|1|11|4
0|1|1|11|4
68.451|0|2|11|4
40.126|1|2|11|4
68.451|0|0|12|4
22.967|1|0|12|4
0|1|1|12|4
0.788|0|1|12|4
0|1|11|12|4
0.788|0|11|12|4
68.451|0|12|12|4
33.849|1|12|12|4
0|1|2|12|4
0.788|0|2|12|4
0|1|3|12|4
0.355|0|3|12|4
11.721|0|4|12|4
20.004|1|4|12|4
0|1|6|12|4
0.788|0|6|12|4
11.721|0|7|12|4
21.915|1|7|12|4
0|1|8|12|4
3.216|0|8|12|4
0|1|9|12|4
3.216|0|9|12|4
0|1|1|13|4
3.216|0|1|13|4
0|1|2|13|4
0.788|0|2|13|4
0.161|0|3|13|4
0|1|3|13|4
0|1|4|13|4
0.788|0|4|13|4
68.451|0|5|13|4
17.767|1|5|13|4
11.721|0|9|13|4
15.247|1|9|13|4
0.161|0|0|2|4
0|1|0|2|4
0|1|1|2|4
0.355|0|1|2|4
11.721|0|2|2|4
18.599|1|2|2|4
11.721|0|1|3|4
29.017|1|1|3|4
68.451|0|2|3|4
27.219|1|2|3|4
68.451|0|4|3|4
55.961|1|4|3|4
0.161|0|5|3|4
0|1|5|3|4
0.161|0|0|4|4
0|1|0|4|4
11.721|0|1|4|4
23.825|1|1|4|4
68.451|0|10|4|4
48.707|1|10|4|4
0|1|4|4|4
3.216|0|4|4|4
0|1|5|4|4
3.701|0|5|4|4
0|1|7|4|4
3.216|0|7|4|4
0|1|8|4|4
0.355|0|8|4|4
68.451|0|9|4|4
49.017|1|9|4|4
0|1|0|5|4
0.788|0|0|5|4
0.161|0|1|5|4
0|1|1|5|4
68.451|0|4|5|4
77.989|1|4|5|4
0|1|7|5|4
3.701|0|7|5|4
0|1|8|5|4
3.701|0|8|5|4
68.451|0|0|7|4
53.944|1|0|7|4
0|1|10|7|4
0.788|0|10|7|4
0|1|12|7|4
0.788|0|12|7|4
0|1|13|7|4
3.216|0|13|7|4
0|1|2|7|4
3.216|0|2|7|4
68.451|0|3|7|4
17.806|1|3|7|4
68.451|0|5|7|4
40.622|1|5|7|4
0|1|6|7|4
3.216|0|6|7|4
0|1|7|7|4
3.216|0|7|7|4
0|1|8|7|4
3.701|0|8|7|4
0|1|9|7|4
0.355|0|9|7|4
0|1|1|8|4
3.701|0|1|8|4
0.161|0|2|8|4
0|1|2|8|4
0|1|3|8|4
0.355|0|3|8|4
0|1|4|8|4
3.216|0|4|8|4
0|1|2|9|4
3.701|0|2|9|4
11.721|0|3|9|4
31.429|1|3|9|4
0|1|4|9|4
3.216|0|4|9|4
11.721|0|5|9|4
14.305|1|5|9|4
0|1|0|0|5
3.216|0|0|0|5
11.721|0|3|0|5
14.279|1|3|0|5
0|1|3|1|5
3.216|0|3|1|5
0|1|4|1|5
0.355|0|4|1|5
68.451|0|5|1|5
37.62|1|5|1|5
0|1|0|0|6
0.355|0|0|0|6
0|1|3|0|6
3.701|0|3|0|6
0|1|1|1|6
3.701|0|1|1|6
68.451|0|2|1|6
29.694|1|2|1|6
0|1|3|1|6
3.701|0|3|1|6
0|1|7|1|6
0.355|0|7|1|6
0|1|0|2|6
3.216|0|0|2|6
11.721|0|2|2|6
20.471|1|2|2|6
0.161|0|2|3|6
0|1|2|3|6
0|1|3|3|6
3.216|0|3|3|6
0|1|5|3|6
3.216|0|5|3|6
0|1|6|3|6
0.788|0|6|3|6
0|1|7|3|6
3.216|0|7|3|6
0.161|0|8|3|6
0|1|8|3|6
0|1|2|0|7
3.216|0|2|0|7
0|1|3|0|7
3.216|0|3|0|7
68.451|0|5|0|7
25.26|1|5|0|7
0.161|0|6|0|7
0|1|6|0|7
0.161|0|1|1|7
0|1|1|1|7
0|1|0|10|7
3.216|0|0|10|7
0|1|10|10|7
3.216|0|10|10|7
0|1|4|10|7
0.788|0|4|10|7
0|1|5|10|7
3.216|0|5|10|7
0|1|6|10|7
3.216|0|6|10|7
0|1|0|2|7
0.788|0|0|2|7
11.721|0|1|2|7
11.286|1|1|2|7
11.721|0|10|2|7
7.226|1|10|2|7
0|1|2|2|7
3.216|0|2|2|7
0|1|4|2|7
3.701|0|4|2|7
0|1|5|2|7
0.355|0|5|2|7
0|1|6|2|7
3.701|0|6|2|7
0|1|7|2|7
3.216|0|7|2|7
0|1|8|2|7
3.701|0|8|2|7
0.161|0|0|3|7
0|1|0|3|7
0.161|0|2|3|7
0|1|2|3|7
68.451|0|3|3|7
57.722|1|3|3|7
0|1|4|3|7
0.355|0|4|3|7
68.451|0|5|3|7
34.174|1|5|3|7
0|1|6|3|7
3.216|0|6|3|7
0|1|9|3|7
3.701|0|9|3|7
0|1|2|4|7
0.355|0|2|4|7
0|1|0|5|7
0.788|0|0|5|7
0|1|1|5|7
0.355|0|1|5|7
0|1|1|7|7
3.701|0|1|7|7
11.721|0|2|7|7
11.066|1|2|7|7
68.451|0|4|7|7
52.304|1|4|7|7
0.161|0|5|7|7
0|1|5|7|7
0|1|7|7|7
3.701|0|7|7|7
0|1|8|7|7
0.788|0|8|7|7
68.451|0|1|8|7
40.745|1|1|8|7
68.451|0|2|8|7
17.12|1|2|8|7
11.721|0|4|8|7
15.77|1|4|8|7
0.161|0|0|9|7
0|1|0|9|7
0.161|0|1|9|7
0|1|1|9|7
0|1|3|9|7
3.216|0|3|9|7
0|1|4|9|7
3.216|0|4|9|7
0|1|5|9|7
3.216|0|5|9|7
0|1|7|9|7
0.355|0|7|9|7
11.721|0|0|0|8
14.177|1|0|0|8
68.451|0|3|0|8
39.109|1|3|0|8
0|1|7|0|8
0.788|0|7|0|8
0|1|0|1|8
0.355|0|0|1|8
68.451|0|3|1|8
30.984|1|3|1|8
0.161|0|4|1|8
0|1|4|1|8
68.451|0|5|1|8
42.832|1|5|1|8
11.721|0|6|1|8
12.106|1|6|1|8
0|1|2|2|8
3.216|0|2|2|8
0|1|5|2|8
3.216|0|5|2|8
0|1|6|2|8
3.216|0|6|2|8
11.721|0|0|3|8
17.67|1|0|3|8
0|1|1|3|8
3.216|0|1|3|8
0|1|0|4|8
3.216|0|0|4|8
68.451|0|1|4|8
57.413|1|1|4|8
0.161|0|0|0|9
0|1|0|0|9
0|1|1|0|9
3.216|0|1|0|9
0|1|10|0|9
3.701|0|10|0|9
0|1|11|0|9
3.701|0|11|0|9
0.161|0|2|0|9
0|1|2|0|9
0|1|3|0|9
0.788|0|3|0|9
0|1|5|0|9
0.355|0|5|0|9
0|1|6|0|9
0.788|0|6|0|9
0|1|7|0|9
0.788|0|7|0|9
0|1|8|0|9
3.216|0|8|0|9
11.721|0|9|0|9
13.359|1|9|0|9
0|1|2|1|9
0.788|0|2|1|9
11.721|0|3|1|9
6.995|1|3|1|9
68.451|0|4|1|9
26.821|1|4|1|9
0.161|0|6|1|9
0|1|6|1|9
0|1|7|1|9
0.788|0|7|1|9
0|1|0|2|9
0.355|0|0|2|9
0|1|2|2|9
3.216|0|2|2|9
11.721|0|0|3|9
12.936|1|0|3|9
11.721|0|2|3|9
30.857|1|2|3|9
11.721|0|5|3|9
14.693|1|5|3|9
3.216|0|1|1|0
0|1|1|1|0
0|1|11|1|0
2.25|0|11|1|0
3.216|0|6|1|0
0|1|6|1|0
3.216|0|0|10|0
0|1|0|10|0
3.216|0|1|12|0
0|1|1|12|0
0|1|6|13|0
2.25|0|6|13|0
0|1|8|13|0
2.25|0|8|13|0
3.216|0|9|13|0
0|1|9|13|0
3.216|0|1|2|0
0|1|1|2|0
3.216|0|6|2|0
0|1|6|2|0
0|1|1|4|0
2.25|0|1|4|0
3.216|0|12|6|0
0|1|12|6|0
0|1|3|6|0
2.25|0|3|6|0
3.216|0|8|7|0
0|1|8|7|0
3.216|0|10|9|0
0|1|10|9|0
3.216|0|9|9|0
0|1|9|9|0
3.216|0|2|1|1
0|1|2|1|1
3.216|0|1|0|10
0|1|1|0|10
3.216|0|4|0|10
0|1|4|0|10
3.216|0|2|1|10
0|1|2|1|10
3.216|0|0|2|10
0|1|0|2|10
3.216|0|3|3|10
0|1|3|3|10
3.216|0|5|4|10
0|1|5|4|10
0|1|6|4|10
2.25|0|6|4|10
0|1|0|0|11
2.25|0|0|0|11
3.216|0|10|0|11
0|1|10|0|11
3.216|0|11|0|11
0|1|11|0|11
3.216|0|13|0|11
0|1|13|0|11
3.216|0|3|0|11
0|1|3|0|11
3.216|0|4|0|11
0|1|4|0|11
3.216|0|6|0|11
0|1|6|0|11
0|1|9|0|11
2.25|0|9|0|11
0|1|1|1|11
2.25|0|1|1|11
3.216|0|2|1|11
0|1|2|1|11
0|1|0|2|11
2.25|0|0|2|11
3.216|0|8|2|11
0|1|8|2|11
0|1|1|4|11
2.25|0|1|4|11
3.216|0|0|1|12
0|1|0|1|12
3.216|0|2|1|12
0|1|2|1|12
3.216|0|1|2|12
0|1|1|2|12
3.216|0|13|2|12
0|1|13|2|12
3.216|0|5|2|12
0|1|5|2|12
3.216|0|0|1|13
0|1|0|1|13
0|1|10|1|13
2.25|0|10|1|13
0|1|0|0|14
2.25|0|0|0|14
0|1|1|1|14
2.25|0|1|1|14
3.216|0|2|1|14
0|1|2|1|14
3.216|0|0|10|14
0|1|0|10|14
0|1|6|10|14
2.25|0|6|10|14
3.216|0|2|11|14
0|1|2|11|14
3.216|0|1|12|14
0|1|1|12|14
3.216|0|3|12|14
0|1|3|12|14
0|1|2|13|14
2.25|0|2|13|14
3.216|0|4|13|14
0|1|4|13|14
0|1|2|14|14
2.25|0|2|14|14
3.216|0|5|14|14
0|1|5|14|14
3.216|0|2|15|14
0|1|2|15|14
0|1|8|15|14
2.25|0|8|15|14
0|1|0|16|14
2.25|0|0|16|14
0|1|2|16|14
2.25|0|2|16|14
0|1|3|3|14
2.25|0|3|3|14
3.216|0|0|4|14
0|1|0|4|14
3.216|0|0|5|14
0|1|0|5|14
0|1|2|5|14
2.25|0|2|5|14
0|1|4|5|14
2.25|0|4|5|14
3.216|0|1|6|14
0|1|1|6|14
3.216|0|2|6|14
0|1|2|6|14
3.216|0|4|6|14
0|1|4|6|14
3.216|0|6|6|14
0|1|6|6|14
3.216|0|4|7|14
0|1|4|7|14
3.216|0|0|8|14
0|1|0|8|14
3.216|0|1|9|14
0|1|1|9|14
0|1|10|9|14
2.25|0|10|9|14
3.216|0|2|9|14
0|1|2|9|14
3.216|0|9|9|14
0|1|9|9|14
3.216|0|12|0|15
0|1|12|0|15
3.216|0|4|0|15
0|1|4|0|15
3.216|0|8|0|15
0|1|8|0|15
3.216|0|0|1|15
0|1|0|1|15
0|1|1|2|15
2.25|0|1|2|15
3.216|0|13|2|15
0|1|13|2|15
0|1|2|2|15
2.25|0|2|2|15
0|1|3|2|15
2.25|0|3|2|15
0|1|7|2|15
2.25|0|7|2|15
3.216|0|8|2|15
0|1|8|2|15
0|1|1|3|15
2.25|0|1|3|15
3.216|0|4|3|15
0|1|4|3|15
3.216|0|6|0|16
0|1|6|0|16
3.216|0|4|1|16
0|1|4|1|16
0|1|8|1|16
2.25|0|8|1|16
3.216|0|6|10|16
0|1|6|10|16
0|1|7|10|16
2.25|0|7|10|16
3.216|0|1|2|16
0|1|1|2|16
3.216|0|2|2|16
0|1|2|2|16
3.216|0|3|2|16
0|1|3|2|16
3.216|0|5|4|16
0|1|5|4|16
3.216|0|6|4|16
0|1|6|4|16
0|1|2|5|16
2.25|0|2|5|16
3.216|0|3|5|16
0|1|3|5|16
3.216|0|0|6|16
0|1|0|6|16
3.216|0|1|7|16
0|1|1|7|16
3.216|0|12|8|16
0|1|12|8|16
3.216|0|13|8|16
0|1|13|8|16
3.216|0|2|8|16
0|1|2|8|16
0|1|3|8|16
2.25|0|3|8|16
0|1|4|8|16
2.25|0|4|8|16
3.216|0|9|8|16
0|1|9|8|16
3.216|0|4|9|16
0|1|4|9|16
3.216|0|4|0|17
0|1|4|0|17
0|1|1|1|17
2.25|0|1|1|17
3.216|0|7|1|17
0|1|7|1|17
3.216|0|1|0|18
0|1|1|0|18
0|1|2|0|18
2.25|0|2|0|18
3.216|0|2|1|18
0|1|2|1|18
0|1|4|1|18
2.25|0|4|1|18
3.216|0|2|2|18
0|1|2|2|18
0|1|3|2|18
2.25|0|3|2|18
0|1|0|4|18
2.25|0|0|4|18
3.216|0|7|4|18
0|1|7|4|18
3.216|0|0|0|19
0|1|0|0|19
3.216|0|3|0|19
0|1|3|0|19
3.216|0|4|0|19
0|1|4|0|19
3.216|0|3|0|2
0|1|3|0|2
3.216|0|4|0|2
0|1|4|0|2
0|1|9|0|2
2.25|0|9|0|2
3.216|0|1|2|2
0|1|1|2|2
3.216|0|6|2|2
0|1|6|2|2
3.216|0|8|2|2
0|1|8|2|2
3.216|0|3|3|2
0|1|3|3|2
0|1|4|3|2
2.25|0|4|3|2
3.216|0|5|3|2
0|1|5|3|2
3.216|0|8|3|2
0|1|8|3|2
3.216|0|2|4|2
0|1|2|4|2
3.216|0|1|5|2
0|1|1|5|2
0|1|11|5|2
2.25|0|11|5|2
0|1|2|0|20
2.25|0|2|0|20
3.216|0|0|2|20
0|1|0|2|20
3.216|0|2|2|20
0|1|2|2|20
3.216|0|6|2|20
0|1|6|2|20
3.216|0|1|3|20
0|1|1|3|20
3.216|0|0|5|20
0|1|0|5|20
0|1|4|5|20
2.25|0|4|5|20
0|1|5|5|20
2.25|0|5|5|20
3.216|0|3|6|20
0|1|3|6|20
3.216|0|5|7|20
0|1|5|7|20
3.216|0|7|7|20
0|1|7|7|20
3.216|0|0|1|21
0|1|0|1|21
3.216|0|1|10|21
0|1|1|10|21
3.216|0|11|10|21
0|1|11|10|21
3.216|0|12|10|21
0|1|12|10|21
3.216|0|3|10|21
0|1|3|10|21
0|1|0|11|21
2.25|0|0|11|21
0|1|1|11|21
2.25|0|1|11|21
0|1|2|11|21
2.25|0|2|11|21
3.216|0|3|11|21
0|1|3|11|21
0|1|11|13|21
2.25|0|11|13|21
0|1|6|13|21
2.25|0|6|13|21
3.216|0|9|13|21
0|1|9|13|21
3.216|0|4|2|21
0|1|4|2|21
0|1|12|3|21
2.25|0|12|3|21
0|1|13|3|21
2.25|0|13|3|21
3.216|0|4|3|21
0|1|4|3|21
3.216|0|9|3|21
0|1|9|3|21
0|1|0|4|21
2.25|0|0|4|21
0|1|3|4|21
2.25|0|3|4|21
0|1|5|4|21
2.25|0|5|4|21
3.216|0|0|5|21
0|1|0|5|21
0|1|1|5|21
2.25|0|1|5|21
3.216|0|7|6|21
0|1|7|6|21
0|1|3|7|21
2.25|0|3|7|21
3.216|0|1|9|21
0|1|1|9|21
3.216|0|10|9|21
0|1|10|9|21
0|1|11|9|21
2.25|0|11|9|21
3.216|0|12|9|21
0|1|12|9|21
0|1|13|9|21
2.25|0|13|9|21
3.216|0|3|9|21
0|1|3|9|21
0|1|1|3|22
2.25|0|1|3|22
0|1|7|3|22
2.25|0|7|3|22
3.216|0|3|1|23
0|1|3|1|23
0|1|5|1|23
2.25|0|5|1|23
3.216|0|0|3|23
0|1|0|3|23
3.216|0|5|3|23
0|1|5|3|23
0|1|1|0|24
2.25|0|1|0|24
3.216|0|3|0|24
0|1|3|0|24
3.216|0|5|0|24
0|1|5|0|24
3.216|0|1|1|24
0|1|1|1|24
0|1|3|1|24
2.25|0|3|1|24
3.216|0|1|3|24
0|1|1|3|24
0|1|4|3|24
2.25|0|4|3|24
3.216|0|7|3|24
0|1|7|3|24
0|1|8|3|24
2.25|0|8|3|24
3.216|0|0|7|24
0|1|0|7|24
3.216|0|4|7|24
0|1|4|7|24
3.216|0|5|7|24
0|1|5|7|24
3.216|0|3|0|25
0|1|3|0|25
3.216|0|4|0|25
0|1|4|0|25
3.216|0|0|1|25
0|1|0|1|25
3.216|0|10|1|25
0|1|10|1|25
3.216|0|11|1|25
0|1|11|1|25
0|1|2|1|25
2.25|0|2|1|25
3.216|0|3|1|25
0|1|3|1|25
0|1|5|1|25
2.25|0|5|1|25
3.216|0|2|2|25
0|1|2|2|25
3.216|0|3|2|25
0|1|3|2|25
3.216|0|3|3|25
0|1|3|3|25
3.216|0|5|3|25
0|1|5|3|25
3.216|0|8|4|25
0|1|8|4|25
0|1|9|4|25
2.25|0|9|4|25
3.216|0|1|5|25
0|1|1|5|25
3.216|0|1|0|26
0|1|1|0|26
3.216|0|3|0|26
0|1|3|0|26
0|1|3|2|26
2.25|0|3|2|26
3.216|0|5|2|26
0|1|5|2|26
3.216|0|0|3|26
0|1|0|3|26
0|1|10|3|26
2.25|0|10|3|26
3.216|0|6|4|26
0|1|6|4|26
3.216|0|0|5|26
0|1|0|5|26
3.216|0|3|5|26
0|1|3|5|26
0|1|8|5|26
2.25|0|8|5|26
3.216|0|2|0|27
0|1|2|0|27
0|1|0|1|27
2.25|0|0|1|27
3.216|0|2|3|27
0|1|2|3|27
3.216|0|0|4|27
0|1|0|4|27
0|1|4|4|27
2.25|0|4|4|27
0|1|2|5|27
2.25|0|2|5|27
3.216|0|4|5|27
0|1|4|5|27
3.216|0|6|5|27
0|1|6|5|27
3.216|0|2|6|27
0|1|2|6|27
3.216|0|6|6|27
0|1|6|6|27
3.216|0|2|7|27
0|1|2|7|27
3.216|0|5|7|27
0|1|5|7|27
0|1|2|8|27
2.25|0|2|8|27
3.216|0|3|8|27
0|1|3|8|27
3.216|0|1|9|27
0|1|1|9|27
3.216|0|2|9|27
0|1|2|9|27
3.216|0|10|0|28
0|1|10|0|28
0|1|4|0|28
2.25|0|4|0|28
0|1|7|0|28
2.25|0|7|0|28
3.216|0|8|0|28
0|1|8|0|28
3.216|0|1|1|28
0|1|1|1|28
3.216|0|5|1|28
0|1|5|1|28
3.216|0|7|1|28
0|1|7|1|28
3.216|0|4|10|28
0|1|4|10|28
3.216|0|0|11|28
0|1|0|11|28
3.216|0|3|11|28
0|1|3|11|28
0|1|0|13|28
2.25|0|0|13|28
3.216|0|5|13|28
0|1|5|13|28
3.216|0|6|13|28
0|1|6|13|28
3.216|0|1|14|28
0|1|1|14|28
3.216|0|4|14|28
0|1|4|14|28
0|1|3|15|28
2.25|0|3|15|28
0|1|7|15|28
2.25|0|7|15|28
3.216|0|4|16|28
0|1|4|16|28
3.216|0|1|17|28
0|1|1|17|28
3.216|0|2|2|28
0|1|2|2|28
0|1|5|2|28
2.25|0|5|2|28
3.216|0|0|4|28
0|1|0|4|28
0|1|13|4|28
2.25|0|13|4|28
3.216|0|8|4|28
0|1|8|4|28
3.216|0|3|5|28
0|1|3|5|28
0|1|2|6|28
2.25|0|2|6|28
0|1|5|6|28
2.25|0|5|6|28
3.216|0|1|7|28
0|1|1|7|28
3.216|0|2|7|28
0|1|2|7|28
3.216|0|3|7|28
0|1|3|7|28
0|1|1|8|28
2.25|0|1|8|28
0|1|0|9|28
2.25|0|0|9|28
3.216|0|4|9|28
0|1|4|9|28
3.216|0|12|0|29
0|1|12|0|29
3.216|0|3|0|29
0|1|3|0|29
3.216|0|4|0|29
0|1|4|0|29
0|1|8|0|29
2.25|0|8|0|29
0|1|1|2|29
2.25|0|1|2|29
3.216|0|1|0|3
0|1|1|0|3
3.216|0|12|0|3
0|1|12|0|3
0|1|3|1|3
2.25|0|3|1|3
3.216|0|5|1|3
0|1|5|1|3
3.216|0|0|2|3
0|1|0|2|3
3.216|0|0|3|3
0|1|0|3|3
0|1|4|3|3
2.25|0|4|3|3
3.216|0|6|3|3
0|1|6|3|3
3.216|0|9|3|3
0|1|9|3|3
3.216|0|1|0|30
0|1|1|0|30
3.216|0|2|0|30
0|1|2|0|30
3.216|0|3|0|30
0|1|3|0|30
3.216|0|1|1|30
0|1|1|1|30
3.216|0|0|0|31
0|1|0|0|31
3.216|0|3|0|31
0|1|3|0|31
3.216|0|1|0|32
0|1|1|0|32
3.216|0|5|0|32
0|1|5|0|32
3.216|0|2|11|32
0|1|2|11|32
3.216|0|6|11|32
0|1|6|11|32
0|1|0|12|32
2.25|0|0|12|32
3.216|0|4|12|32
0|1|4|12|32
3.216|0|5|12|32
0|1|5|12|32
3.216|0|7|12|32
0|1|7|12|32
0|1|1|13|32
2.25|0|1|13|32
3.216|0|12|13|32
0|1|12|13|32
3.216|0|4|13|32
0|1|4|13|32
3.216|0|5|13|32
0|1|5|13|32
0|1|5|2|32
2.25|0|5|2|32
0|1|0|3|32
2.25|0|0|3|32
3.216|0|11|4|32
0|1|11|4|32
3.216|0|12|4|32
0|1|12|4|32
3.216|0|13|4|32
0|1|13|4|32
0|1|5|4|32
2.25|0|5|4|32
3.216|0|9|4|32
0|1|9|4|32
3.216|0|0|5|32
0|1|0|5|32
0|1|1|5|32
2.25|0|1|5|32
3.216|0|3|5|32
0|1|3|5|32
3.216|0|8|5|32
0|1|8|5|32
3.216|0|1|6|32
0|1|1|6|32
0|1|4|6|32
2.25|0|4|6|32
3.216|0|8|6|32
0|1|8|6|32
3.216|0|2|7|32
0|1|2|7|32
3.216|0|7|7|32
0|1|7|7|32
3.216|0|1|0|33
0|1|1|0|33
3.216|0|0|1|33
0|1|0|1|33
0|1|7|1|33
2.25|0|7|1|33
3.216|0|0|10|33
0|1|0|10|33
3.216|0|2|11|33
0|1|2|11|33
0|1|4|11|33
2.25|0|4|11|33
3.216|0|6|11|33
0|1|6|11|33
0|1|0|2|33
2.25|0|0|2|33
3.216|0|2|2|33
0|1|2|2|33
0|1|4|3|33
2.25|0|4|3|33
0|1|10|4|33
2.25|0|10|4|33
3.216|0|4|4|33
0|1|4|4|33
3.216|0|7|4|33
0|1|7|4|33
3.216|0|0|6|33
0|1|0|6|33
3.216|0|6|7|33
0|1|6|7|33
0|1|3|8|33
2.25|0|3|8|33
3.216|0|4|8|33
0|1|4|8|33
3.216|0|8|9|33
0|1|8|9|33
3.216|0|0|1|34
0|1|0|1|34
3.216|0|2|5|34
0|1|2|5|34
0|1|12|0|35
2.25|0|12|0|35
0|1|3|0|35
2.25|0|3|0|35
0|1|3|1|35
2.25|0|3|1|35
0|1|10|2|35
2.25|0|10|2|35
0|1|11|2|35
2.25|0|11|2|35
0|1|7|2|35
2.25|0|7|2|35
3.216|0|2|3|35
0|1|2|3|35
3.216|0|9|0|36
0|1|9|0|36
3.216|0|0|1|36
0|1|0|1|36
3.216|0|1|3|36
0|1|1|3|36
0|1|3|3|36
2.25|0|3|3|36
3.216|0|0|4|36
0|1|0|4|36
3.216|0|0|5|36
0|1|0|5|36
0|1|0|6|36
2.25|0|0|6|36
0|1|6|6|36
2.25|0|6|6|36
0|1|1|2|37
2.25|0|1|2|37
3.216|0|13|2|37
0|1|13|2|37
0|1|3|2|37
2.25|0|3|2|37
3.216|0|4|2|37
0|1|4|2|37
0|1|1|3|37
2.25|0|1|3|37
0|1|0|4|37
2.25|0|0|4|37
3.216|0|8|4|37
0|1|8|4|37
3.216|0|11|5|37
0|1|11|5|37
3.216|0|12|5|37
0|1|12|5|37
3.216|0|6|5|37
0|1|6|5|37
3.216|0|8|5|37
0|1|8|5|37
3.216|0|6|6|37
0|1|6|6|37
0|1|10|7|37
2.25|0|10|7|37
0|1|4|7|37
2.25|0|4|7|37
3.216|0|5|7|37
0|1|5|7|37
3.216|0|0|1|38
0|1|0|1|38
3.216|0|1|1|38
0|1|1|1|38
3.216|0|0|10|38
0|1|0|10|38
0|1|2|10|38
2.25|0|2|10|38
0|1|3|10|38
2.25|0|3|10|38
0|1|0|2|38
2.25|0|0|2|38
3.216|0|2|2|38
0|1|2|2|38
0|1|1|4|38
2.25|0|1|4|38
3.216|0|2|6|38
0|1|2|6|38
3.216|0|1|7|38
0|1|1|7|38
3.216|0|1|9|38
0|1|1|9|38
3.216|0|5|9|38
0|1|5|9|38
3.216|0|2|0|39
0|1|2|0|39
0|1|0|1|39
2.25|0|0|1|39
0|1|2|1|39
2.25|0|2|1|39
0|1|7|1|39
2.25|0|7|1|39
3.216|0|6|11|39
0|1|6|11|39
3.216|0|7|11|39
0|1|7|11|39
3.216|0|0|12|39
0|1|0|12|39
3.216|0|3|12|39
0|1|3|12|39
3.216|0|0|13|39
0|1|0|13|39
0|1|10|13|39
2.25|0|10|13|39
0|1|11|13|39
2.25|0|11|13|39
3.216|0|9|13|39
0|1|9|13|39
3.216|0|0|14|39
0|1|0|14|39
3.216|0|3|14|39
0|1|3|14|39
0|1|4|14|39
2.25|0|4|14|39
0|1|6|14|39
2.25|0|6|14|39
3.216|0|7|2|39
0|1|7|2|39
0|1|1|3|39
2.25|0|1|3|39
3.216|0|2|3|39
0|1|2|3|39
3.216|0|0|4|39
0|1|0|4|39
0|1|2|4|39
2.25|0|2|4|39
3.216|0|0|5|39
0|1|0|5|39
3.216|0|3|5|39
0|1|3|5|39
3.216|0|5|5|39
0|1|5|5|39
3.216|0|7|5|39
0|1|7|5|39
3.216|0|4|6|39
0|1|4|6|39
3.216|0|8|6|39
0|1|8|6|39
3.216|0|4|7|39
0|1|4|7|39
0|1|7|7|39
2.25|0|7|7|39
0|1|0|8|39
2.25|0|0|8|39
3.216|0|2|8|39
0|1|2|8|39
0|1|8|8|39
2.25|0|8|8|39
0|1|9|8|39
2.25|0|9|8|39
3.216|0|10|0|4
0|1|10|0|4
3.216|0|3|1|4
0|1|3|1|4
3.216|0|0|10|4
0|1|0|10|4
3.216|0|4|10|4
0|1|4|10|4
3.216|0|8|12|4
0|1|8|12|4
3.216|0|9|12|4
0|1|9|12|4
3.216|0|1|13|4
0|1|1|13|4
0|1|6|13|4
2.25|0|6|13|4
0|1|12|4|4
2.25|0|12|4|4
0|1|2|4|4
2.25|0|2|4|4
3.216|0|4|4|4
0|1|4|4|4
3.216|0|7|4|4
0|1|7|4|4
0|1|11|7|4
2.25|0|11|7|4
3.216|0|13|7|4
0|1|13|7|4
3.216|0|2|7|4
0|1|2|7|4
3.216|0|6|7|4
0|1|6|7|4
3.216|0|7|7|4
0|1|7|7|4
3.216|0|4|8|4
0|1|4|8|4
0|1|1|9|4
2.25|0|1|9|4
3.216|0|4|9|4
0|1|4|9|4
3.216|0|0|0|5
0|1|0|0|5
0|1|1|0|5
2.25|0|1|0|5
0|1|2|0|5
2.25|0|2|0|5
0|1|4|0|5
2.25|0|4|0|5
0|1|0|1|5
2.25|0|0|1|5
0|1|1|1|5
2.25|0|1|1|5
3.216|0|3|1|5
0|1|3|1|5
0|1|0|1|6
2.25|0|0|1|6
0|1|4|1|6
2.25|0|4|1|6
3.216|0|0|2|6
0|1|0|2|6
3.216|0|3|3|6
0|1|3|3|6
3.216|0|5|3|6
0|1|5|3|6
3.216|0|7|3|6
0|1|7|3|6
0|1|1|0|7
2.25|0|1|0|7
3.216|0|2|0|7
0|1|2|0|7
3.216|0|3|0|7
0|1|3|0|7
3.216|0|0|10|7
0|1|0|10|7
3.216|0|10|10|7
0|1|10|10|7
3.216|0|5|10|7
0|1|5|10|7
3.216|0|6|10|7
0|1|6|10|7
0|1|8|10|7
2.25|0|8|10|7
0|1|9|10|7
2.25|0|9|10|7
3.216|0|2|2|7
0|1|2|2|7
3.216|0|7|2|7
0|1|7|2|7
3.216|0|6|3|7
0|1|6|3|7
3.216|0|3|9|7
0|1|3|9|7
3.216|0|4|9|7
0|1|4|9|7
3.216|0|5|9|7
0|1|5|9|7
0|1|6|0|8
2.25|0|6|0|8
0|1|1|1|8
2.25|0|1|1|8
0|1|8|1|8
2.25|0|8|1|8
0|1|1|2|8
2.25|0|1|2|8
3.216|0|2|2|8
0|1|2|2|8
3.216|0|5|2|8
0|1|5|2|8
3.216|0|6|2|8
0|1|6|2|8
3.216|0|1|3|8
0|1|1|3|8
3.216|0|0|4|8
0|1|0|4|8
3.216|0|1|0|9
0|1|1|0|9
0|1|4|0|9
2.25|0|4|0|9
3.216|0|8|0|9
0|1|8|0|9
0|1|0|1|9
2.25|0|0|1|9
0|1|8|1|9
2.25|0|8|1|9
3.216|0|2|2|9
0|1|2|2|9
0|1|3|2|9
2.25|0|3|2|9
0|1|5|2|9
2.25|0|5|2|9
68.451|0|11|0|0
22.682|1|11|0|0
10.236|1|2|0|0
11.721|0|2|0|0
0|1|4|0|0
0.962|0|4|0|0
35.086|0|5|0|0
4.146|1|5|0|0
35.086|0|6|0|0
3.274|1|6|0|0
68.451|0|7|0|0
19.47|1|7|0|0
20.378|1|0|1|0
11.721|0|0|1|0
0|1|10|1|0
0.788|0|10|1|0
0|1|12|1|0
0.788|0|12|1|0
68.451|0|2|1|0
35.938|1|2|1|0
166.585|1|3|1|0
171.754|1|3|1|0
173.86|0|3|1|0
173.86|0|3|1|0
19.206|1|4|1|0
11.721|0|4|1|0
35.086|0|5|1|0
19.788|1|5|1|0
0|1|7|1|0
0.962|0|7|1|0
302.36|1|1|10|0
297.502|1|1|10|0
173.86|0|1|10|0
173.86|0|1|10|0
35.086|0|2|10|0
11.841|1|2|10|0
0|1|0|11|0
0.788|0|0|11|0
0|1|1|11|0
0.962|0|1|11|0
68.451|0|2|11|0
21.928|1|2|11|0
0|1|3|11|0
0.962|0|3|11|0
35.086|0|0|12|0
10.078|1|0|12|0
0|1|4|12|0
0.788|0|4|12|0
185.955|1|0|13|0
184.194|1|0|13|0
173.86|0|0|13|0
173.86|0|0|13|0
149.034|1|1|13|0
164.621|1|1|13|0
173.86|0|1|13|0
173.86|0|1|13|0
0|1|10|13|0
0.161|0|10|13|0
15.543|1|11|13|0
11.721|0|11|13|0
362.911|1|3|13|0
371.635|1|3|13|0
173.86|0|3|13|0
173.86|0|3|13|0
19.307|1|5|13|0
11.721|0|5|13|0
35.086|0|7|13|0
5.998|1|7|13|0
0|1|0|2|0
0.161|0|0|2|0
256.151|1|2|2|0
248.281|1|2|2|0
173.86|0|2|2|0
173.86|0|2|2|0
0|1|3|2|0
0.161|0|3|2|0
35.086|0|5|2|0
7.073|1|5|2|0
68.451|0|0|3|0
39.846|1|0|3|0
205.902|1|1|3|0
187.374|1|1|3|0
173.86|0|1|3|0
173.86|0|1|3|0
0|1|2|3|0
0.962|0|2|3|0
14.785|1|3|3|0
11.721|0|3|3|0
0|1|0|4|0
0.788|0|0|4|0
0|1|2|4|0
0.788|0|2|4|0
0|1|2|5|0
0.788|0|2|5|0
277.111|1|0|6|0
285.756|1|0|6|0
173.86|0|0|6|0
173.86|0|0|6|0
35.086|0|10|6|0
4.689|1|10|6|0
32.118|1|11|6|0
11.721|0|11|6|0
0|1|13|6|0
0.962|0|13|6|0
11.227|1|2|6|0
11.721|0|2|6|0
68.451|0|4|6|0
74.811|1|4|6|0
5.706|1|5|6|0
11.721|0|5|6|0
0|1|7|6|0
0.962|0|7|6|0
0|1|9|6|0
0.788|0|9|6|0
329.351|1|0|7|0
358.78|1|0|7|0
173.86|0|0|7|0
173.86|0|0|7|0
0|1|3|7|0
0.962|0|3|7|0
0|1|5|7|0
0.962|0|5|7|0
68.451|0|6|7|0
19.656|1|6|7|0
30.69|1|7|7|0
11.721|0|7|7|0
10.048|1|0|8|0
11.721|0|0|8|0
0|1|1|8|0
0.962|0|1|8|0
0|1|3|8|0
0.788|0|3|8|0
35.086|0|4|8|0
9.553|1|4|8|0
0|1|7|8|0
0.962|0|7|8|0
0|1|8|8|0
0.161|0|8|8|0
68.451|0|9|8|0
41.412|1|9|8|0
0|1|0|9|0
0.161|0|0|9|0
35.086|0|1|9|0
12.265|1|1|9|0
0|1|11|9|0
0.962|0|11|9|0
0|1|12|9|0
0.161|0|12|9|0
0|1|3|9|0
0.161|0|3|9|0
0|1|4|9|0
0.788|0|4|9|0
0|1|5|9|0
0.161|0|5|9|0
0|1|6|9|0
0.161|0|6|9|0
157.138|1|7|9|0
162.402|1|7|9|0
173.86|0|7|9|0
173.86|0|7|9|0
374.322|1|8|9|0
393.053|1|8|9|0
173.86|0|8|9|0
173.86|0|8|9|0
35.086|0|1|0|1
4.678|1|1|0|1
424.862|1|0|2|1
441.578|1|0|2|1
173.86|0|0|2|1
173.86|0|0|2|1
0|1|2|2|1
0.962|0|2|2|1
35.086|0|3|2|1
11.926|1|3|2|1
17.727|1|4|2|1
11.721|0|4|2|1
243.838|1|5|2|1
257.518|1|5|2|1
173.86|0|5|2|1
173.86|0|5|2|1
0|1|6|2|1
0.962|0|6|2|1
0|1|0|0|10
0.161|0|0|0|10
0|1|3|0|10
0.161|0|3|0|10
28.106|1|5|0|10
11.721|0|5|0|10
0|1|6|0|10
0.161|0|6|0|10
16.895|1|7|0|10
11.721|0|7|0|10
0|1|8|0|10
0.788|0|8|0|10
0|1|1|2|10
0.962|0|1|2|10
68.451|0|2|2|10
50.76|1|2|2|10
338.582|1|3|2|10
330.316|1|3|2|10
173.86|0|3|2|10
173.86|0|3|2|10
0|1|1|4|10
0.788|0|1|4|10
251.293|1|4|4|10
218.434|1|4|4|10
173.86|0|4|4|10
173.86|0|4|4|10
35.086|0|7|4|10
3.817|1|7|4|10
13.031|1|2|0|11
11.721|0|2|0|11
19.766|1|5|0|11
11.721|0|5|0|11
68.451|0|7|0|11
26.986|1|7|0|11
0|1|8|0|11
0.788|0|8|0|11
16.122|1|3|1|11
11.721|0|3|1|11
35.086|0|1|2|11
8.72|1|1|2|11
19.153|1|4|2|11
11.721|0|4|2|11
68.451|0|6|2|11
46.495|1|6|2|11
161.377|1|7|2|11
179.627|1|7|2|11
173.86|0|7|2|11
173.86|0|7|2|11
193.283|1|9|2|11
175.362|1|9|2|11
173.86|0|9|2|11
173.86|0|9|2|11
35.086|0|0|3|11
3.819|1|0|3|11
35.086|0|0|4|11
19.708|1|0|4|11
13.301|1|0|5|11
11.721|0|0|5|11
35.086|0|1|5|11
8.165|1|1|5|11
0|1|2|5|11
0.962|0|2|5|11
0|1|4|5|11
0.788|0|4|5|11
9.969|1|0|0|12
11.721|0|0|0|12
26.322|1|1|0|12
11.721|0|1|0|12
228.851|1|2|0|12
218.184|1|2|0|12
173.86|0|2|0|12
173.86|0|2|0|12
0|1|3|1|12
0.161|0|3|1|12
35.086|0|11|2|12
7.505|1|11|2|12
35.086|0|2|2|12
5.582|1|2|2|12
0|1|3|2|12
0.161|0|3|2|12
68.451|0|4|2|12
47.347|1|4|2|12
35.086|0|6|2|12
4.07|1|6|2|12
0|1|7|2|12
0.962|0|7|2|12
35.086|0|0|3|12
13.108|1|0|3|12
35.086|0|1|3|12
3.945|1|1|3|12
19.563|1|4|3|12
11.721|0|4|3|12
0|1|6|3|12
0.788|0|6|3|12
0|1|0|0|13
0.788|0|0|0|13
68.451|0|1|0|13
48.85|1|1|0|13
0|1|11|1|13
0.161|0|11|1|13
0|1|13|1|13
0.161|0|13|1|13
227.147|1|2|1|13
229.742|1|2|1|13
173.86|0|2|1|13
173.86|0|2|1|13
0|1|5|1|13
0.788|0|5|1|13
537.747|1|7|1|13
535.937|1|7|1|13
173.86|0|7|1|13
173.86|0|7|1|13
0|1|8|1|13
0.788|0|8|1|13
35.086|0|1|10|14
8.387|1|1|10|14
101.485|1|3|10|14
98.369|1|3|10|14
173.86|0|3|10|14
173.86|0|3|10|14
0|1|4|10|14
0.788|0|4|10|14
29.745|1|5|10|14
11.721|0|5|10|14
35.086|0|8|10|14
5.713|1|8|10|14
0|1|9|10|14
0.161|0|9|10|14
9.854|1|0|11|14
11.721|0|0|11|14
0|1|3|11|14
0.962|0|3|11|14
35.086|0|0|12|14
4.826|1|0|12|14
12.827|1|10|12|14
11.721|0|10|12|14
9.945|1|11|12|14
11.721|0|11|12|14
35.086|0|13|12|14
6.851|1|13|12|14
290.231|1|4|12|14
327.828|1|4|12|14
173.86|0|4|12|14
173.86|0|4|12|14
35.086|0|5|12|14
6.882|1|5|12|14
217.733|1|7|12|14
217.044|1|7|12|14
173.86|0|7|12|14
173.86|0|7|12|14
0|1|9|12|14
0.788|0|9|12|14
0|1|0|13|14
0.788|0|0|13|14
473.795|1|1|13|14
470.512|1|1|13|14
173.86|0|1|13|14
173.86|0|1|13|14
17.712|1|3|13|14
11.721|0|3|13|14
0|1|0|14|14
0.962|0|0|14|14
7.152|1|10|14|14
11.721|0|10|14|14
0|1|11|14|14
0.161|0|11|14|14
68.451|0|3|14|14
74.78|1|3|14|14
68.451|0|4|14|14
72.17|1|4|14|14
35.086|0|6|14|14
14.454|1|6|14|14
0|1|7|14|14
0.962|0|7|14|14
0|1|9|14|14
0.161|0|9|14|14
180.299|1|1|15|14
181.478|1|1|15|14
173.86|0|1|15|14
173.86|0|1|15|14
68.451|0|5|15|14
31.627|1|5|15|14
68.451|0|6|15|14
25.792|1|6|15|14
35.086|0|7|15|14
7.828|1|7|15|14
11.93|1|9|15|14
11.721|0|9|15|14
0|1|1|16|14
0.161|0|1|16|14
13.67|1|3|16|14
11.721|0|3|16|14
0|1|0|17|14
0.161|0|0|17|14
35.086|0|1|2|14
3.885|1|1|2|14
0|1|2|2|14
0.962|0|2|2|14
0|1|3|2|14
0.161|0|3|2|14
0|1|4|2|14
0.788|0|4|2|14
35.086|0|0|3|14
6.756|1|0|3|14
68.451|0|4|3|14
61.547|1|4|3|14
317.87|1|5|3|14
301.492|1|5|3|14
173.86|0|5|3|14
173.86|0|5|3|14
119.515|1|1|4|14
127.776|1|1|4|14
173.86|0|1|4|14
173.86|0|1|4|14
68.451|0|1|5|14
21.202|1|1|5|14
0|1|3|5|14
0.161|0|3|5|14
179.274|1|5|5|14
199.379|1|5|5|14
173.86|0|5|5|14
173.86|0|5|5|14
0|1|0|6|14
0.962|0|0|6|14
35.086|0|10|6|14
10.468|1|10|6|14
68.451|0|12|6|14
39.702|1|12|6|14
68.451|0|3|6|14
42.402|1|3|6|14
0|1|5|6|14
0.788|0|5|6|14
23.134|1|9|6|14
11.721|0|9|6|14
0|1|2|7|14
0.788|0|2|7|14
31.041|1|3|7|14
11.721|0|3|7|14
135.894|1|1|8|14
125.36|1|1|8|14
173.86|0|1|8|14
173.86|0|1|8|14
0|1|2|8|14
0.161|0|2|8|14
68.451|0|3|8|14
69.973|1|3|8|14
68.451|0|0|9|14
52.88|1|0|9|14
68.451|0|11|9|14
31.172|1|11|9|14
25.815|1|12|9|14
11.721|0|12|9|14
35.086|0|13|9|14
4.179|1|13|9|14
22.785|1|3|9|14
11.721|0|3|9|14
27.463|1|4|9|14
11.721|0|4|9|14
35.086|0|8|9|14
7.739|1|8|9|14
284.083|1|0|0|15
284.083|1|0|0|15
173.86|0|0|0|15
173.86|0|0|0|15
0|1|11|0|15
0.161|0|11|0|15
0|1|2|0|15
0.161|0|2|0|15
35.086|0|6|0|15
3.417|1|6|0|15
68.451|0|7|0|15
62.361|1|7|0|15
0|1|9|0|15
0.788|0|9|0|15
134.766|1|11|2|15
116.805|1|11|2|15
173.86|0|11|2|15
173.86|0|11|2|15
0|1|12|2|15
0.962|0|12|2|15
35.086|0|9|2|15
5.144|1|9|2|15
0|1|2|3|15
0.161|0|2|3|15
68.451|0|3|3|15
46.539|1|3|3|15
0|1|6|3|15
0.788|0|6|3|15
35.086|0|0|0|16
5.076|1|0|0|16
35.086|0|1|0|16
11.745|1|1|0|16
35.086|0|10|0|16
3.566|1|10|0|16
0|1|12|0|16
0.788|0|12|0|16
68.451|0|13|0|16
64.749|1|13|0|16
35.086|0|3|0|16
4.789|1|3|0|16
0|1|4|0|16
0.962|0|4|0|16
68.451|0|7|0|16
37.073|1|7|0|16
0|1|0|1|16
0.788|0|0|1|16
0|1|1|1|16
0.161|0|1|1|16
0|1|3|1|16
0.788|0|3|1|16
0|1|5|1|16
0.962|0|5|1|16
0|1|6|1|16
0.962|0|6|1|16
35.086|0|7|1|16
4.92|1|7|1|16
0|1|1|10|16
0.962|0|1|10|16
26.765|1|2|10|16
11.721|0|2|10|16
339.163|1|3|10|16
348.574|1|3|10|16
173.86|0|3|10|16
173.86|0|3|10|16
35.086|0|4|10|16
7.486|1|4|10|16
0|1|5|10|16
0.962|0|5|10|16
68.451|0|8|10|16
54.702|1|8|10|16
68.451|0|9|10|16
63.491|1|9|10|16
0|1|0|2|16
0.788|0|0|2|16
68.451|0|0|3|16
39.47|1|0|3|16
35.086|0|2|3|16
4.552|1|2|3|16
0|1|3|3|16
0.962|0|3|3|16
0|1|0|4|16
0.788|0|0|4|16
432.041|1|1|4|16
396.388|1|1|4|16
173.86|0|1|4|16
173.86|0|1|4|16
116.115|1|3|4|16
126.778|1|3|4|16
173.86|0|3|4|16
173.86|0|3|4|16
0|1|4|4|16
0.161|0|4|4|16
40.811|1|1|5|16
11.721|0|1|5|16
68.451|0|3|6|16
27.758|1|3|6|16
209.477|1|4|6|16
186.514|1|4|6|16
173.86|0|4|6|16
173.86|0|4|6|16
68.451|0|2|7|16
17.726|1|2|7|16
21.495|1|3|7|16
11.721|0|3|7|16
0|1|0|8|16
0.161|0|0|8|16
35.086|0|1|8|16
3.961|1|1|8|16
329.2|1|5|8|16
347.81|1|5|8|16
173.86|0|5|8|16
173.86|0|5|8|16
0|1|6|8|16
0.161|0|6|8|16
136.967|1|1|9|16
135.977|1|1|9|16
173.86|0|1|9|16
173.86|0|1|9|16
11.936|1|2|9|16
11.721|0|2|9|16
0|1|5|9|16
0.788|0|5|9|16
0|1|0|0|17
0.788|0|0|0|17
0|1|1|0|17
0.788|0|1|0|17
35.086|0|2|0|17
3.785|1|2|0|17
68.451|0|0|1|17
41.366|1|0|1|17
12.246|1|3|1|17
11.721|0|3|1|17
242.17|1|4|1|17
242.272|1|4|1|17
173.86|0|4|1|17
173.86|0|4|1|17
35.086|0|2|2|17
12.084|1|2|2|17
235.538|1|0|3|17
242.266|1|0|3|17
173.86|0|0|3|17
173.86|0|0|3|17
486.335|1|0|0|18
481.306|1|0|0|18
173.86|0|0|0|18
173.86|0|0|0|18
9.575|1|4|0|18
11.721|0|4|0|18
0|1|0|1|18
0.788|0|0|1|18
68.451|0|3|1|18
60.762|1|3|1|18
68.451|0|0|2|18
40.208|1|0|2|18
0|1|1|2|18
0.788|0|1|2|18
7.177|1|5|2|18
11.721|0|5|2|18
0|1|0|3|18
0.962|0|0|3|18
0|1|1|3|18
0.962|0|1|3|18
68.451|0|5|3|18
25.471|1|5|3|18
0|1|7|3|18
0.962|0|7|3|18
11.905|1|8|3|18
11.721|0|8|3|18
0|1|9|3|18
0.788|0|9|3|18
68.451|0|2|4|18
48.684|1|2|4|18
25.831|1|3|4|18
11.721|0|3|4|18
0|1|4|4|18
0.962|0|4|4|18
379.926|1|8|4|18
390.747|1|8|4|18
173.86|0|8|4|18
173.86|0|8|4|18
0|1|2|0|19
0.161|0|2|0|19
0|1|6|0|19
0.788|0|6|0|19
0|1|0|0|2
0.788|0|0|0|2
0|1|11|0|2
0.962|0|11|0|2
21.917|1|13|0|2
11.721|0|13|0|2
0|1|2|0|2
0.161|0|2|0|2
0|1|7|0|2
0.161|0|7|0|2
25.182|1|1|1|2
11.721|0|1|1|2
68.451|0|0|2|2
53.359|1|0|2|2
0|1|2|2|2
0.161|0|2|2|2
202.642|1|3|2|2
191.378|1|3|2|2
173.86|0|3|2|2
173.86|0|3|2|2
252.643|1|4|2|2
253.417|1|4|2|2
173.86|0|4|2|2
173.86|0|4|2|2
144.301|1|5|2|2
137.858|1|5|2|2
173.86|0|5|2|2
173.86|0|5|2|2
68.451|0|7|2|2
34.699|1|7|2|2
68.451|0|1|3|2
22.234|1|1|3|2
0|1|6|3|2
0.788|0|6|3|2
0|1|7|3|2
0.962|0|7|3|2
0|1|9|3|2
0.788|0|9|3|2
0|1|0|4|2
0.161|0|0|4|2
68.451|0|1|4|2
72.278|1|1|4|2
35.086|0|0|5|2
3.41|1|0|5|2
163.192|1|3|5|2
154.619|1|3|5|2
173.86|0|3|5|2
173.86|0|3|5|2
24.675|1|4|5|2
11.721|0|4|5|2
0|1|6|5|2
0.788|0|6|5|2
35.086|0|7|5|2
16.802|1|7|5|2
0|1|9|5|2
0.962|0|9|5|2
0|1|0|0|20
0.161|0|0|0|20
0|1|1|0|20
0.788|0|1|0|20
451.406|1|3|0|20
448.864|1|3|0|20
173.86|0|3|0|20
173.86|0|3|0|20
0|1|4|0|20
0.788|0|4|0|20
35.086|0|6|0|20
7.836|1|6|0|20
113.126|1|7|0|20
116.482|1|7|0|20
173.86|0|7|0|20
173.86|0|7|0|20
0|1|0|1|20
0.161|0|0|1|20
0|1|1|1|20
0.788|0|1|1|20
6.474|1|2|1|20
11.721|0|2|1|20
68.451|0|3|1|20
22.26|1|3|1|20
0|1|4|1|20
0.962|0|4|1|20
0|1|5|1|20
0.788|0|5|1|20
0|1|1|2|20
0.962|0|1|2|20
271.983|1|3|2|20
265.681|1|3|2|20
173.86|0|3|2|20
173.86|0|3|2|20
0|1|4|2|20
0.788|0|4|2|20
0|1|5|2|20
0.788|0|5|2|20
306.502|1|0|4|20
277.26|1|0|4|20
173.86|0|0|4|20
173.86|0|0|4|20
0|1|1|4|20
0.962|0|1|4|20
68.451|0|10|4|20
21.897|1|10|4|20
244.233|1|3|4|20
254.039|1|3|4|20
173.86|0|3|4|20
173.86|0|3|4|20
348.246|1|4|4|20
343.203|1|4|4|20
173.86|0|4|4|20
173.86|0|4|4|20
0|1|5|4|20
0.161|0|5|4|20
35.086|0|6|4|20
12.333|1|6|4|20
222.491|1|7|4|20
204.176|1|7|4|20
173.86|0|7|4|20
173.86|0|7|4|20
0|1|8|4|20
0.788|0|8|4|20
304.28|1|9|4|20
316.204|1|9|4|20
173.86|0|9|4|20
173.86|0|9|4|20
106.798|1|1|5|20
115.34|1|1|5|20
173.86|0|1|5|20
173.86|0|1|5|20
0|1|2|5|20
0.788|0|2|5|20
68.451|0|6|5|20
143.183|1|6|5|20
0|1|7|5|20
0.788|0|7|5|20
68.451|0|1|6|20
62.943|1|1|6|20
35.086|0|2|6|20
11.911|1|2|6|20
68.451|0|4|6|20
75.899|1|4|6|20
0|1|5|6|20
0.161|0|5|6|20
68.451|0|6|6|20
33.601|1|6|6|20
0|1|8|6|20
0.962|0|8|6|20
0|1|0|7|20
0.788|0|0|7|20
0|1|1|7|20
0.962|0|1|7|20
68.451|0|3|7|20
33.094|1|3|7|20
0|1|4|7|20
0.962|0|4|7|20
0|1|6|7|20
0.161|0|6|7|20
0|1|8|7|20
0.788|0|8|7|20
68.451|0|1|0|21
20.936|1|1|0|21
68.451|0|2|0|21
28.728|1|2|0|21
0|1|0|10|21
0.161|0|0|10|21
7.78|1|10|10|21
11.721|0|10|10|21
35.086|0|13|10|21
11.267|1|13|10|21
0|1|2|10|21
0.962|0|2|10|21
68.451|0|4|10|21
30.315|1|4|10|21
35.086|0|6|10|21
8.937|1|6|10|21
0|1|7|10|21
0.161|0|7|10|21
28.533|1|8|10|21
11.721|0|8|10|21
18.681|1|9|10|21
11.721|0|9|10|21
324.408|1|4|11|21
342.424|1|4|11|21
173.86|0|4|11|21
173.86|0|4|11|21
0|1|7|11|21
0.788|0|7|11|21
237.966|1|8|11|21
249.186|1|8|11|21
173.86|0|8|11|21
173.86|0|8|11|21
8.651|1|6|12|21
11.721|0|6|12|21
0|1|0|13|21
0.962|0|0|13|21
0|1|1|13|21
0.962|0|1|13|21
18.406|1|10|13|21
11.721|0|10|13|21
0|1|3|13|21
0.962|0|3|13|21
0|1|7|13|21
0.962|0|7|13|21
0|1|8|13|21
0.161|0|8|13|21
191.639|1|3|2|21
182.29|1|3|2|21
173.86|0|3|2|21
173.86|0|3|2|21
0|1|1|3|21
0.962|0|1|3|21
35.086|0|10|3|21
4.256|1|10|3|21
16.21|1|11|3|21
11.721|0|11|3|21
0|1|2|3|21
0.161|0|2|3|21
20.587|1|3|3|21
11.721|0|3|3|21
68.451|0|7|3|21
28.948|1|7|3|21
68.451|0|1|4|21
51.015|1|1|4|21
0|1|10|4|21
0.161|0|10|4|21
0|1|11|4|21
0.161|0|11|4|21
0|1|13|4|21
0.962|0|13|4|21
0|1|2|4|21
0.161|0|2|4|21
0|1|4|4|21
0.788|0|4|4|21
35.086|0|6|4|21
8.68|1|6|4|21
68.451|0|9|4|21
33.822|1|9|4|21
0|1|2|5|21
0.788|0|2|5|21
0|1|3|5|21
0.161|0|3|5|21
35.086|0|11|6|21
10.037|1|11|6|21
68.451|0|12|6|21
71.453|1|12|6|21
68.451|0|13|6|21
66.452|1|13|6|21
0|1|2|6|21
0.161|0|2|6|21
16.904|1|3|6|21
11.721|0|3|6|21
0|1|4|6|21
0.788|0|4|6|21
68.451|0|5|6|21
33.714|1|5|6|21
35.666|1|8|6|21
11.721|0|8|6|21
10.789|1|9|6|21
11.721|0|9|6|21
0|1|0|7|21
0.962|0|0|7|21
0|1|2|7|21
0.962|0|2|7|21
0|1|4|7|21
0.161|0|4|7|21
68.451|0|0|8|21
58.754|1|0|8|21
0|1|10|8|21
0.788|0|10|8|21
0|1|11|8|21
0.788|0|11|8|21
0|1|3|8|21
0.962|0|3|8|21
0|1|5|8|21
0.161|0|5|8|21
0|1|6|8|21
0.788|0|6|8|21
0|1|9|8|21
0.788|0|9|8|21
12.26|1|0|9|21
11.721|0|0|9|21
68.451|0|4|9|21
50.51|1|4|9|21
0|1|7|9|21
0.788|0|7|9|21
6.26|1|8|9|21
11.721|0|8|9|21
0|1|9|9|21
0.962|0|9|9|21
0|1|0|0|22
0.788|0|0|0|22
0|1|1|0|22
0.962|0|1|0|22
68.451|0|2|0|22
35.81|1|2|0|22
0|1|4|0|22
0.962|0|4|0|22
13.92|1|5|0|22
11.721|0|5|0|22
0|1|6|0|22
0.788|0|6|0|22
35.086|0|10|2|22
3.019|1|10|2|22
0|1|11|2|22
0.788|0|11|2|22
68.451|0|13|2|22
56.958|1|13|2|22
9.416|1|4|2|22
11.721|0|4|2|22
0|1|5|2|22
0.788|0|5|2|22
21.713|1|6|2|22
11.721|0|6|2|22
0|1|8|2|22
0.788|0|8|2|22
68.451|0|0|3|22
17.81|1|0|3|22
0|1|2|3|22
0.161|0|2|3|22
68.451|0|3|3|22
21.022|1|3|3|22
0|1|5|3|22
0.962|0|5|3|22
0|1|1|0|23
0.788|0|1|0|23
0|1|0|1|23
0.788|0|0|1|23
12.564|1|1|1|23
11.721|0|1|1|23
35.086|0|2|1|23
5.517|1|2|1|23
0|1|4|1|23
0.161|0|4|1|23
35.086|0|6|1|23
7.981|1|6|1|23
35.086|0|0|2|23
4.74|1|0|2|23
233.304|1|2|2|23
231.43|1|2|2|23
173.86|0|2|2|23
173.86|0|2|2|23
296.313|1|3|2|23
307.427|1|3|2|23
173.86|0|3|2|23
173.86|0|3|2|23
0|1|1|3|23
0.788|0|1|3|23
35.086|0|2|3|23
7.411|1|2|3|23
0|1|3|3|23
0.962|0|3|3|23
35.086|0|4|3|23
7.596|1|4|3|23
0|1|6|3|23
0.788|0|6|3|23
35.086|0|10|0|24
5.652|1|10|0|24
68.451|0|11|0|24
62.844|1|11|0|24
0|1|12|0|24
0.962|0|12|0|24
35.086|0|13|0|24
10.168|1|13|0|24
6.211|1|4|0|24
11.721|0|4|0|24
68.451|0|8|0|24
25.643|1|8|0|24
12.475|1|9|0|24
11.721|0|9|0|24
35.086|0|0|1|24
7.676|1|0|1|24
35.086|0|2|1|24
8.333|1|2|1|24
0|1|0|2|24
0.788|0|0|2|24
0|1|1|2|24
0.962|0|1|2|24
0|1|2|2|24
0.962|0|2|2|24
35.086|0|0|3|24
6.097|1|0|3|24
172.578|1|10|3|24
158.76|1|10|3|24
173.86|0|10|3|24
173.86|0|10|3|24
191.018|1|11|3|24
199.933|1|11|3|24
173.86|0|11|3|24
173.86|0|11|3|24
12.882|1|3|3|24
11.721|0|3|3|24
68.451|0|5|3|24
41.231|1|5|3|24
68.451|0|1|4|24
28.28|1|1|4|24
221.099|1|2|4|24
241.271|1|2|4|24
173.86|0|2|4|24
173.86|0|2|4|24
0|1|3|4|24
0.788|0|3|4|24
0|1|0|5|24
0.962|0|0|5|24
35.086|0|1|5|24
8.38|1|1|5|24
0|1|2|5|24
0.161|0|2|5|24
0|1|0|6|24
0.161|0|0|6|24
68.451|0|1|6|24
36.96|1|1|6|24
68.451|0|2|6|24
31.5|1|2|6|24
35.086|0|3|6|24
12.094|1|3|6|24
0|1|4|6|24
0.788|0|4|6|24
68.451|0|1|7|24
46.24|1|1|7|24
171.996|1|2|7|24
165.97|1|2|7|24
173.86|0|2|7|24
173.86|0|2|7|24
0|1|0|0|25
0.962|0|0|0|25
397.65|1|5|0|25
433.423|1|5|0|25
173.86|0|5|0|25
173.86|0|5|0|25
0|1|6|0|25
0.962|0|6|0|25
68.451|0|7|0|25
41.959|1|7|0|25
35.086|0|8|0|25
3.635|1|8|0|25
0|1|4|1|25
0.788|0|4|1|25
35.086|0|6|1|25
4.719|1|6|1|25
0|1|9|1|25
0.962|0|9|1|25
0|1|0|2|25
0.962|0|0|2|25
35.086|0|0|3|25
8.348|1|0|3|25
0|1|2|3|25
0.962|0|2|3|25
0|1|4|3|25
0.161|0|4|3|25
315.139|1|0|4|25
317.549|1|0|4|25
173.86|0|0|4|25
173.86|0|0|4|25
0|1|1|4|25
0.962|0|1|4|25
0|1|10|4|25
0.962|0|10|4|25
0|1|2|4|25
0.962|0|2|4|25
0|1|3|4|25
0.161|0|3|4|25
241.972|1|4|4|25
253.567|1|4|4|25
173.86|0|4|4|25
173.86|0|4|4|25
68.451|0|5|4|25
40.69|1|5|4|25
0|1|6|4|25
0.962|0|6|4|25
35.086|0|7|4|25
14.551|1|7|4|25
8.035|1|0|5|25
11.721|0|0|5|25
0|1|0|0|26
0.161|0|0|0|26
35.086|0|4|0|26
6.127|1|4|0|26
0|1|2|1|26
0.962|0|2|1|26
225.634|1|3|1|26
231.676|1|3|1|26
173.86|0|3|1|26
173.86|0|3|1|26
0|1|1|2|26
0.161|0|1|2|26
35.086|0|4|2|26
8.046|1|4|2|26
6.376|1|6|2|26
11.721|0|6|2|26
154.48|1|1|3|26
158.94|1|1|3|26
173.86|0|1|3|26
173.86|0|1|3|26
0|1|2|3|26
0.788|0|2|3|26
11.866|1|3|3|26
11.721|0|3|3|26
35.086|0|5|3|26
10.528|1|5|3|26
278.824|1|6|3|26
296.749|1|6|3|26
173.86|0|6|3|26
173.86|0|6|3|26
0|1|0|4|26
0.788|0|0|4|26
0|1|1|4|26
0.962|0|1|4|26
68.451|0|11|4|26
29.98|1|11|4|26
68.451|0|12|4|26
110.891|1|12|4|26
0|1|13|4|26
0.962|0|13|4|26
0|1|2|4|26
0.161|0|2|4|26
0|1|4|4|26
0.161|0|4|4|26
0|1|5|4|26
0.788|0|5|4|26
16.12|1|7|4|26
11.721|0|7|4|26
0|1|8|4|26
0.788|0|8|4|26
126.965|1|9|4|26
114.197|1|9|4|26
173.86|0|9|4|26
173.86|0|9|4|26
0|1|1|5|26
0.161|0|1|5|26
0|1|6|5|26
0.788|0|6|5|26
68.451|0|7|5|26
34.098|1|7|5|26
35.086|0|0|0|27
12.688|1|0|0|27
0|1|1|0|27
0.161|0|1|0|27
21.542|1|1|1|27
11.721|0|1|1|27
0|1|2|1|27
0.161|0|2|1|27
0|1|3|1|27
0.962|0|3|1|27
68.451|0|4|1|27
50.5|1|4|1|27
0|1|5|1|27
0.161|0|5|1|27
0|1|6|1|27
0.962|0|6|1|27
0|1|0|2|27
0.788|0|0|2|27
0|1|1|2|27
0.962|0|1|2|27
0|1|2|2|27
0.161|0|2|2|27
12.017|1|0|3|27
11.721|0|0|3|27
35.086|0|1|3|27
3.199|1|1|3|27
0|1|1|4|27
0.788|0|1|4|27
0|1|2|4|27
0.161|0|2|4|27
0|1|3|4|27
0.788|0|3|4|27
0|1|0|5|27
0.788|0|0|5|27
0|1|1|5|27
0.788|0|1|5|27
0|1|3|5|27
0.161|0|3|5|27
445.857|1|5|5|27
482.952|1|5|5|27
173.86|0|5|5|27
173.86|0|5|5|27
0|1|7|5|27
0.788|0|7|5|27
0|1|4|6|27
0.161|0|4|6|27
0|1|0|7|27
0.788|0|0|7|27
68.451|0|1|7|27
32.678|1|1|7|27
0|1|3|7|27
0.788|0|3|7|27
15.948|1|4|7|27
11.721|0|4|7|27
35.086|0|6|7|27
11.702|1|6|7|27
0|1|0|8|27
0.161|0|0|8|27
186.093|1|0|9|27
182.592|1|0|9|27
173.86|0|0|9|27
173.86|0|0|9|27
35.086|0|3|9|27
15.307|1|3|9|27
35.086|0|4|9|27
6.177|1|4|9|27
35.086|0|5|9|27
5.002|1|5|9|27
17.714|1|0|0|28
11.721|0|0|0|28
35.086|0|1|0|28
3.799|1|1|0|28
216.926|1|6|0|28
221.642|1|6|0|28
173.86|0|6|0|28
173.86|0|6|0|28
0|1|0|1|28
0.788|0|0|1|28
0|1|4|1|28
0.161|0|4|1|28
0|1|6|1|28
0.788|0|6|1|28
0|1|0|10|28
0.962|0|0|10|28
220.959|1|1|10|28
236.508|1|1|10|28
173.86|0|1|10|28
173.86|0|1|10|28
8.346|1|2|10|28
11.721|0|2|10|28
0|1|3|10|28
0.788|0|3|10|28
0|1|5|10|28
0.962|0|5|10|28
299.28|1|6|10|28
281.54|1|6|10|28
173.86|0|6|10|28
173.86|0|6|10|28
0|1|1|11|28
0.962|0|1|11|28
0|1|4|11|28
0.962|0|4|11|28
9.185|1|0|12|28
11.721|0|0|12|28
35.086|0|1|12|28
10.286|1|1|12|28
68.451|0|2|12|28
28.531|1|2|12|28
35.086|0|3|12|28
4.622|1|3|12|28
307.768|1|5|12|28
297.57|1|5|12|28
173.86|0|5|12|28
173.86|0|5|12|28
0|1|2|13|28
0.788|0|2|13|28
68.451|0|4|13|28
41.543|1|4|13|28
187.106|1|3|14|28
179.056|1|3|14|28
173.86|0|3|14|28
173.86|0|3|14|28
35.086|0|5|14|28
5.91|1|5|14|28
0|1|6|14|28
0.161|0|6|14|28
0|1|7|14|28
0.962|0|7|14|28
68.451|0|0|15|28
25.152|1|0|15|28
35.086|0|1|15|28
7.335|1|1|15|28
192.159|1|2|15|28
194.234|1|2|15|28
173.86|0|2|15|28
173.86|0|2|15|28
19.015|1|4|15|28
11.721|0|4|15|28
35.086|0|5|15|28
5.983|1|5|15|28
0|1|6|15|28
0.962|0|6|15|28
0|1|9|15|28
0.788|0|9|15|28
24.657|1|0|16|28
11.721|0|0|16|28
0|1|5|16|28
0.161|0|5|16|28
68.451|0|0|17|28
38.017|1|0|17|28
68.451|0|3|17|28
43.082|1|3|17|28
13.175|1|1|2|28
11.721|0|1|2|28
6.035|1|4|2|28
11.721|0|4|2|28
380.607|1|6|2|28
384.013|1|6|2|28
173.86|0|6|2|28
173.86|0|6|2|28
35.086|0|1|3|28
8.121|1|1|3|28
0|1|4|3|28
0.788|0|4|3|28
68.451|0|5|3|28
22.346|1|5|3|28
8.894|1|6|3|28
11.721|0|6|3|28
480.421|1|1|4|28
500.918|1|1|4|28
173.86|0|1|4|28
173.86|0|1|4|28
68.451|0|10|4|28
32.48|1|10|4|28
462.379|1|12|4|28
462.358|1|12|4|28
173.86|0|12|4|28
173.86|0|12|4|28
0|1|2|4|28
0.962|0|2|4|28
35.086|0|4|4|28
3.374|1|4|4|28
68.451|0|5|4|28
52.452|1|5|4|28
0|1|9|4|28
0.962|0|9|4|28
0|1|0|5|28
0.161|0|0|5|28
0|1|1|5|28
0.788|0|1|5|28
10.497|1|2|5|28
11.721|0|2|5|28
17.049|1|4|5|28
11.721|0|4|5|28
0|1|0|6|28
0.788|0|0|6|28
0|1|1|6|28
0.161|0|1|6|28
0|1|10|6|28
0.962|0|10|6|28
28.78|1|3|6|28
11.721|0|3|6|28
8.386|1|4|6|28
11.721|0|4|6|28
35.086|0|6|6|28
9.576|1|6|6|28
138.161|1|9|6|28
143.468|1|9|6|28
173.86|0|9|6|28
173.86|0|9|6|28
0|1|0|7|28
0.962|0|0|7|28
68.451|0|4|7|28
45.701|1|4|7|28
0|1|2|8|28
0.962|0|2|8|28
516.658|1|10|9|28
500.783|1|10|9|28
173.86|0|10|9|28
173.86|0|10|9|28
0|1|11|9|28
0.161|0|11|9|28
0|1|12|9|28
0.161|0|12|9|28
0|1|13|9|28
0.788|0|13|9|28
0|1|6|9|28
0.788|0|6|9|28
0|1|8|9|28
0.788|0|8|9|28
250.855|1|9|9|28
241.266|1|9|9|28
173.86|0|9|9|28
173.86|0|9|9|28
6.881|1|1|0|29
11.721|0|1|0|29
8.949|1|5|0|29
11.721|0|5|0|29
0|1|7|0|29
0.962|0|7|0|29
252.442|1|0|1|29
260.118|1|0|1|29
173.86|0|0|1|29
173.86|0|0|1|29
139.295|1|2|1|29
139.295|1|2|1|29
173.86|0|2|1|29
173.86|0|2|1|29
15.663|1|0|2|29
11.721|0|0|2|29
16.07|1|2|2|29
11.721|0|2|2|29
0|1|11|0|3
0.161|0|11|0|3
35.086|0|13|0|3
15.99|1|13|0|3
68.451|0|4|0|3
31.15|1|4|0|3
0|1|7|0|3
0.161|0|7|0|3
0|1|8|0|3
0.161|0|8|0|3
496.592|1|9|0|3
498.338|1|9|0|3
173.86|0|9|0|3
173.86|0|9|0|3
376.892|1|0|1|3
375.284|1|0|1|3
173.86|0|0|1|3
173.86|0|0|1|3
9.122|1|4|1|3
11.721|0|4|1|3
0|1|1|2|3
0.962|0|1|2|3
0|1|2|2|3
0.962|0|2|2|3
68.451|0|3|2|3
29.631|1|3|2|3
68.451|0|10|3|3
30.712|1|10|3|3
68.451|0|11|3|3
31.388|1|11|3|3
0|1|13|3|3
0.161|0|13|3|3
35.086|0|2|3|3
5.293|1|2|3|3
19.426|1|3|3|3
11.721|0|3|3|3
68.451|0|0|0|30
91.583|1|0|0|30
0|1|2|1|30
0.788|0|2|1|30
0|1|3|1|30
0.788|0|3|1|30
0|1|1|0|31
0.788|0|1|0|31
68.451|0|2|0|31
43.347|1|2|0|31
0|1|4|0|31
0.161|0|4|0|31
0|1|5|0|31
0.962|0|5|0|31
0|1|6|0|31
0.788|0|6|0|31
25.283|1|0|0|32
11.721|0|0|0|32
35.086|0|3|0|32
18.553|1|3|0|32
0|1|4|0|32
0.161|0|4|0|32
415.476|1|6|0|32
415.476|1|6|0|32
173.86|0|6|0|32
173.86|0|6|0|32
68.451|0|7|0|32
42.39|1|7|0|32
0|1|9|0|32
0.788|0|9|0|32
30.5|1|0|10|32
11.721|0|0|10|32
0|1|1|10|32
0.161|0|1|10|32
0|1|3|11|32
0.788|0|3|11|32
0|1|4|11|32
0.788|0|4|11|32
0|1|7|11|32
0.962|0|7|11|32
0|1|1|12|32
0.962|0|1|12|32
7.038|1|3|12|32
11.721|0|3|12|32
0|1|6|12|32
0.788|0|6|12|32
0|1|8|12|32
0.161|0|8|12|32
0|1|0|13|32
0.788|0|0|13|32
0|1|2|13|32
0.161|0|2|13|32
68.451|0|3|13|32
73.633|1|3|13|32
68.451|0|7|13|32
20.261|1|7|13|32
35.086|0|8|13|32
6.977|1|8|13|32
0|1|9|13|32
0.962|0|9|13|32
0|1|0|2|32
0.788|0|0|2|32
68.451|0|1|2|32
19.726|1|1|2|32
564.528|1|2|2|32
571.956|1|2|2|32
173.86|0|2|2|32
173.86|0|2|2|32
0|1|4|2|32
0.788|0|4|2|32
0|1|6|2|32
0.788|0|6|2|32
124.369|1|2|3|32
116.577|1|2|3|32
173.86|0|2|3|32
173.86|0|2|3|32
35.086|0|0|4|32
12.723|1|0|4|32
0|1|1|4|32
0.788|0|1|4|32
0|1|4|4|32
0.788|0|4|4|32
306.246|1|7|4|32
314.614|1|7|4|32
173.86|0|7|4|32
173.86|0|7|4|32
68.451|0|11|5|32
36.465|1|11|5|32
0|1|12|5|32
0.788|0|12|5|32
0|1|2|5|32
0.962|0|2|5|32
0|1|5|5|32
0.161|0|5|5|32
9.531|1|6|6|32
11.721|0|6|6|32
68.451|0|9|6|32
84.365|1|9|6|32
515.078|1|0|7|32
513.999|1|0|7|32
173.86|0|0|7|32
173.86|0|0|7|32
68.451|0|3|7|32
59.183|1|3|7|32
21.716|1|4|7|32
11.721|0|4|7|32
35.086|0|8|7|32
7.956|1|8|7|32
603.271|1|1|8|32
602.49|1|1|8|32
173.86|0|1|8|32
173.86|0|1|8|32
35.086|0|2|9|32
8.686|1|2|9|32
68.451|0|0|0|33
18.882|1|0|0|33
15.014|1|1|1|33
11.721|0|1|1|33
520.595|1|10|1|33
517.282|1|10|1|33
173.86|0|10|1|33
173.86|0|10|1|33
35.086|0|11|1|33
4.55|1|11|1|33
68.451|0|12|1|33
53.532|1|12|1|33
0|1|2|1|33
0.962|0|2|1|33
68.451|0|3|1|33
90.244|1|3|1|33
11.527|1|5|1|33
11.721|0|5|1|33
202.887|1|6|1|33
223.867|1|6|1|33
173.86|0|6|1|33
173.86|0|6|1|33
68.451|0|8|1|33
24.168|1|8|1|33
0|1|9|1|33
0.788|0|9|1|33
194.366|1|1|10|33
199.606|1|1|10|33
173.86|0|1|10|33
173.86|0|1|10|33
0|1|4|10|33
0.788|0|4|10|33
68.451|0|6|10|33
17.32|1|6|10|33
186.747|1|0|11|33
177.949|1|0|11|33
173.86|0|0|11|33
173.86|0|0|11|33
9.781|1|1|11|33
11.721|0|1|11|33
21.673|1|3|11|33
11.721|0|3|11|33
434.746|1|5|11|33
424.101|1|5|11|33
173.86|0|5|11|33
173.86|0|5|11|33
0|1|1|2|33
0.788|0|1|2|33
0|1|4|2|33
0.788|0|4|2|33
35.086|0|0|3|33
16.353|1|0|3|33
68.451|0|1|3|33
30.27|1|1|3|33
12.303|1|3|3|33
11.721|0|3|3|33
186.29|1|5|3|33
186.29|1|5|3|33
173.86|0|5|3|33
173.86|0|5|3|33
0|1|1|4|33
0.962|0|1|4|33
0|1|12|4|33
0.962|0|12|4|33
0|1|2|4|33
0.161|0|2|4|33
13.071|1|3|4|33
11.721|0|3|4|33
0|1|8|4|33
0.788|0|8|4|33
0|1|9|4|33
0.962|0|9|4|33
0|1|0|5|33
0.788|0|0|5|33
35.086|0|1|5|33
5.407|1|1|5|33
68.451|0|2|5|33
39.786|1|2|5|33
0|1|3|5|33
0.962|0|3|5|33
0|1|7|5|33
0.788|0|7|5|33
35.086|0|0|7|33
6.721|1|0|7|33
0|1|1|7|33
0.962|0|1|7|33
9.621|1|3|7|33
11.721|0|3|7|33
0|1|4|7|33
0.962|0|4|7|33
0|1|5|7|33
0.962|0|5|7|33
0|1|1|8|33
0.788|0|1|8|33
0|1|2|8|33
0.962|0|2|8|33
68.451|0|5|8|33
29.746|1|5|8|33
0|1|7|8|33
0.161|0|7|8|33
15.713|1|0|9|33
11.721|0|0|9|33
35.086|0|1|9|33
3.992|1|1|9|33
68.451|0|2|9|33
90.379|1|2|9|33
0|1|4|9|33
0.962|0|4|9|33
414.092|1|5|9|33
413.457|1|5|9|33
173.86|0|5|9|33
173.86|0|5|9|33
0|1|6|9|33
0.962|0|6|9|33
11.702|1|7|9|33
11.721|0|7|9|33
21.776|1|9|9|33
11.721|0|9|9|33
0|1|1|0|34
0.962|0|1|0|34
68.451|0|2|0|34
34.257|1|2|0|34
35.086|0|1|1|34
4.414|1|1|1|34
28.821|1|1|2|34
11.721|0|1|2|34
68.451|0|2|2|34
101.605|1|2|2|34
10.012|1|3|2|34
11.721|0|3|2|34
68.451|0|4|2|34
20.458|1|4|2|34
35.086|0|0|3|34
18.121|1|0|3|34
0|1|0|4|34
0.962|0|0|4|34
68.451|0|3|5|34
33.687|1|3|5|34
0|1|4|5|34
0.161|0|4|5|34
35.086|0|0|0|35
10.81|1|0|0|35
10.559|1|1|0|35
11.721|0|1|0|35
0|1|10|0|35
0.788|0|10|0|35
68.451|0|11|0|35
23.161|1|11|0|35
35.086|0|13|0|35
11.429|1|13|0|35
0|1|4|0|35
0.788|0|4|0|35
0|1|5|0|35
0.788|0|5|0|35
0|1|8|0|35
0.161|0|8|0|35
0|1|9|0|35
0.962|0|9|0|35
0|1|0|1|35
0.788|0|0|1|35
0|1|2|1|35
0.962|0|2|1|35
0|1|0|2|35
0.962|0|0|2|35
0|1|1|2|35
0.788|0|1|2|35
0|1|2|2|35
0.788|0|2|2|35
14.403|1|4|2|35
11.721|0|4|2|35
35.086|0|5|2|35
2.605|1|5|2|35
35.086|0|6|2|35
3.887|1|6|2|35
35.086|0|8|2|35
5.22|1|8|2|35
165.086|1|9|2|35
145.845|1|9|2|35
173.86|0|9|2|35
173.86|0|9|2|35
10.548|1|0|3|35
11.721|0|0|3|35
35.086|0|0|0|36
5.397|1|0|0|36
0|1|10|0|36
0.161|0|10|0|36
0|1|4|0|36
0.161|0|4|0|36
0|1|5|0|36
0.788|0|5|0|36
0|1|6|0|36
0.962|0|6|0|36
0|1|7|0|36
0.161|0|7|0|36
35.086|0|8|0|36
15.148|1|8|0|36
0|1|10|1|36
0.788|0|10|1|36
0|1|12|1|36
0.962|0|12|1|36
0|1|3|1|36
0.788|0|3|1|36
68.451|0|5|1|36
74.402|1|5|1|36
0|1|6|1|36
0.962|0|6|1|36
0|1|9|1|36
0.161|0|9|1|36
0|1|2|2|36
0.161|0|2|2|36
0|1|3|2|36
0.788|0|3|2|36
35.086|0|7|2|36
9.442|1|7|2|36
0|1|0|3|36
0.962|0|0|3|36
129.128|1|1|4|36
139.958|1|1|4|36
173.86|0|1|4|36
173.86|0|1|4|36
19.276|1|2|5|36
11.721|0|2|5|36
0|1|4|5|36
0.962|0|4|5|36
0|1|7|5|36
0.788|0|7|5|36
0|1|8|5|36
0.788|0|8|5|36
0|1|9|5|36
0.161|0|9|5|36
8.149|1|1|6|36
11.721|0|1|6|36
0|1|3|6|36
0.788|0|3|6|36
0|1|4|6|36
0.161|0|4|6|36
0|1|8|6|36
0.788|0|8|6|36
0|1|1|0|37
0.962|0|1|0|37
35.086|0|3|0|37
5.142|1|3|0|37
35.086|0|4|0|37
9.771|1|4|0|37
35.086|0|0|1|37
6.107|1|0|1|37
0|1|3|1|37
0.788|0|3|1|37
0|1|4|1|37
0.962|0|4|1|37
0|1|0|2|37
0.962|0|0|2|37
68.451|0|10|2|37
31.182|1|10|2|37
15.008|1|11|2|37
11.721|0|11|2|37
0|1|2|2|37
0.962|0|2|2|37
0|1|5|2|37
0.161|0|5|2|37
0|1|7|2|37
0.788|0|7|2|37
0|1|9|2|37
0.161|0|9|2|37
0|1|2|3|37
0.161|0|2|3|37
68.451|0|1|4|37
40.43|1|1|4|37
0|1|2|4|37
0.788|0|2|4|37
0|1|3|4|37
0.962|0|3|4|37
148.23|1|4|4|37
157.322|1|4|4|37
173.86|0|4|4|37
173.86|0|4|4|37
68.451|0|5|4|37
20.623|1|5|4|37
247.973|1|9|4|37
264.841|1|9|4|37
173.86|0|9|4|37
173.86|0|9|4|37
215.899|1|10|5|37
231.462|1|10|5|37
173.86|0|10|5|37
173.86|0|10|5|37
10.465|1|13|5|37
11.721|0|13|5|37
0|1|4|5|37
0.788|0|4|5|37
0|1|5|5|37
0.161|0|5|5|37
16.853|1|7|5|37
11.721|0|7|5|37
68.451|0|2|6|37
19.299|1|2|6|37
267.974|1|1|7|37
284.578|1|1|7|37
173.86|0|1|7|37
173.86|0|1|7|37
0|1|12|7|37
0.962|0|12|7|37
0|1|2|7|37
0.788|0|2|7|37
35.086|0|6|7|37
2.609|1|6|7|37
148.352|1|8|7|37
168.713|1|8|7|37
173.86|0|8|7|37
173.86|0|8|7|37
68.451|0|9|7|37
48.814|1|9|7|37
10.12|1|0|8|37
11.721|0|0|8|37
10.707|1|1|8|37
11.721|0|1|8|37
9.491|1|2|8|37
11.721|0|2|8|37
68.451|0|0|0|38
37.771|1|0|0|38
0|1|4|1|38
0.962|0|4|1|38
68.451|0|1|10|38
22.786|1|1|10|38
68.451|0|4|2|38
77.387|1|4|2|38
0|1|5|2|38
0.161|0|5|2|38
0|1|0|3|38
0.161|0|0|3|38
68.451|0|1|3|38
49.029|1|1|3|38
35.086|0|3|3|38
10.685|1|3|3|38
0|1|4|3|38
0.161|0|4|3|38
0|1|0|4|38
0.161|0|0|4|38
0|1|3|4|38
0.161|0|3|4|38
35.086|0|4|4|38
9.037|1|4|4|38
0|1|0|5|38
0.161|0|0|5|38
0|1|1|5|38
0.788|0|1|5|38
35.086|0|2|5|38
6.445|1|2|5|38
9.875|1|0|6|38
11.721|0|0|6|38
0|1|3|6|38
0.962|0|3|6|38
0|1|0|7|38
0.962|0|0|7|38
35.086|0|1|8|38
6.345|1|1|8|38
68.451|0|0|9|38
20.477|1|0|9|38
283.737|1|2|9|38
279.456|1|2|9|38
173.86|0|2|9|38
173.86|0|2|9|38
0|1|4|9|38
0.788|0|4|9|38
0|1|0|0|39
0.962|0|0|0|39
68.451|0|1|1|39
23.682|1|1|1|39
0|1|4|1|39
0.788|0|4|1|39
35.086|0|2|10|39
7.279|1|2|10|39
68.451|0|1|11|39
51.55|1|1|11|39
68.451|0|11|11|39
18.699|1|11|11|39
0|1|12|11|39
0.962|0|12|11|39
68.451|0|13|11|39
40.441|1|13|11|39
0|1|2|11|39
0.161|0|2|11|39
8.829|1|3|11|39
11.721|0|3|11|39
11.922|1|4|11|39
11.721|0|4|11|39
0|1|5|11|39
0.962|0|5|11|39
0|1|8|11|39
0.788|0|8|11|39
68.451|0|1|12|39
19.765|1|1|12|39
0|1|2|12|39
0.962|0|2|12|39
13.278|1|4|12|39
11.721|0|4|12|39
405.758|1|1|13|39
418.634|1|1|13|39
173.86|0|1|13|39
173.86|0|1|13|39
0|1|13|13|39
0.788|0|13|13|39
0|1|7|13|39
0.962|0|7|13|39
0|1|1|14|39
0.962|0|1|14|39
0|1|5|14|39
0.788|0|5|14|39
35.086|0|8|14|39
10.126|1|8|14|39
14.393|1|0|2|39
11.721|0|0|2|39
35.086|0|2|2|39
6.597|1|2|2|39
68.451|0|5|2|39
22.872|1|5|2|39
324.704|1|6|2|39
311.778|1|6|2|39
173.86|0|6|2|39
173.86|0|6|2|39
35.086|0|8|2|39
10.34|1|8|2|39
9.292|1|9|2|39
11.721|0|9|2|39
0|1|0|3|39
0.788|0|0|3|39
0|1|1|4|39
0.962|0|1|4|39
68.451|0|3|4|39
46.828|1|3|4|39
0|1|1|5|39
0.788|0|1|5|39
68.451|0|2|5|39
21.296|1|2|5|39
0|1|4|5|39
0.788|0|4|5|39
0|1|0|6|39
0.788|0|0|6|39
0|1|1|6|39
0.788|0|1|6|39
68.451|0|3|6|39
37.796|1|3|6|39
422.808|1|6|6|39
422.671|1|6|6|39
173.86|0|6|6|39
173.86|0|6|6|39
35.086|0|7|6|39
7.424|1|7|6|39
0|1|0|7|39
0.962|0|0|7|39
68.451|0|1|7|39
68.317|1|1|7|39
0|1|2|7|39
0.962|0|2|7|39
0|1|5|7|39
0.161|0|5|7|39
0|1|6|7|39
0.161|0|6|7|39
35.086|0|8|7|39
8.743|1|8|7|39
35.086|0|10|8|39
7.241|1|10|8|39
0|1|11|8|39
0.788|0|11|8|39
0|1|12|8|39
0.788|0|12|8|39
35.086|0|13|8|39
12.824|1|13|8|39
0|1|3|8|39
0.788|0|3|8|39
35.086|0|4|8|39
4.166|1|4|8|39
0|1|5|8|39
0.788|0|5|8|39
0|1|6|8|39
0.161|0|6|8|39
0|1|7|8|39
0.788|0|7|8|39
0|1|1|9|39
0.161|0|1|9|39
0|1|0|0|4
0.788|0|0|0|4
0|1|5|0|4
0.161|0|5|0|4
35.086|0|7|0|4
10.549|1|7|0|4
35.086|0|8|0|4
10.468|1|8|0|4
0|1|9|0|4
0.962|0|9|0|4
68.451|0|0|1|4
79.368|1|0|1|4
68.451|0|1|1|4
43.331|1|1|1|4
0|1|2|1|4
0.788|0|2|1|4
0|1|2|10|4
0.161|0|2|10|4
0|1|3|10|4
0.161|0|3|10|4
0|1|5|10|4
0.788|0|5|10|4
194.929|1|0|11|4
183.823|1|0|11|4
173.86|0|0|11|4
173.86|0|0|11|4
0|1|1|11|4
0.161|0|1|11|4
68.451|0|2|11|4
44.803|1|2|11|4
68.451|0|0|12|4
26.308|1|0|12|4
0|1|1|12|4
0.788|0|1|12|4
0|1|10|12|4
0.962|0|10|12|4
0|1|11|12|4
0.788|0|11|12|4
68.451|0|12|12|4
37.46|1|12|12|4
0|1|2|12|4
0.788|0|2|12|4
21.065|1|4|12|4
11.721|0|4|12|4
0|1|6|12|4
0.788|0|6|12|4
20.89|1|7|12|4
11.721|0|7|12|4
213.647|1|10|13|4
230.508|1|10|13|4
173.86|0|10|13|4
173.86|0|10|13|4
91.4|1|13|13|4
100.682|1|13|13|4
173.86|0|13|13|4
173.86|0|13|13|4
0|1|2|13|4
0.788|0|2|13|4
0|1|3|13|4
0.161|0|3|13|4
0|1|4|13|4
0.788|0|4|13|4
68.451|0|5|13|4
15.749|1|5|13|4
0|1|7|13|4
0.962|0|7|13|4
35.086|0|8|13|4
4.956|1|8|13|4
16.095|1|9|13|4
11.721|0|9|13|4
0|1|0|2|4
0.161|0|0|2|4
19.527|1|2|2|4
11.721|0|2|2|4
35.086|0|0|3|4
3.175|1|0|3|4
29.285|1|1|3|4
11.721|0|1|3|4
68.451|0|2|3|4
30.26|1|2|3|4
68.451|0|4|3|4
59.459|1|4|3|4
0|1|5|3|4
0.161|0|5|3|4
0|1|0|4|4
0.161|0|0|4|4
23.825|1|1|4|4
11.721|0|1|4|4
68.451|0|10|4|4
49.254|1|10|4|4
192.181|1|3|4|4
165.448|1|3|4|4
173.86|0|3|4|4
173.86|0|3|4|4
68.451|0|9|4|4
56.505|1|9|4|4
0|1|0|5|4
0.788|0|0|5|4
0|1|1|5|4
0.161|0|1|5|4
0|1|2|5|4
0.962|0|2|5|4
68.451|0|4|5|4
79.909|1|4|5|4
35.086|0|5|5|4
6.126|1|5|5|4
35.086|0|0|6|4
4.729|1|0|6|4
0|1|1|6|4
0.962|0|1|6|4
68.451|0|0|7|4
54.658|1|0|7|4
452.431|1|1|7|4
457.584|1|1|7|4
173.86|0|1|7|4
173.86|0|1|7|4
0|1|10|7|4
0.788|0|10|7|4
0|1|12|7|4
0.788|0|12|7|4
68.451|0|3|7|4
16.779|1|3|7|4
68.451|0|5|7|4
43.161|1|5|7|4
0|1|2|8|4
0.161|0|2|8|4
0|1|0|9|4
0.962|0|0|9|4
30.966|1|3|9|4
11.721|0|3|9|4
12.759|1|5|9|4
11.721|0|5|9|4
14.459|1|3|0|5
11.721|0|3|0|5
68.451|0|5|1|5
40.81|1|5|1|5
0|1|1|0|6
0.962|0|1|0|6
0|1|2|0|6
0.962|0|2|0|6
207.57|1|4|0|6
213.239|1|4|0|6
173.86|0|4|0|6
173.86|0|4|0|6
68.451|0|2|1|6
33.014|1|2|1|6
0|1|5|1|6
0.962|0|5|1|6
19.277|1|2|2|6
11.721|0|2|2|6
35.086|0|3|2|6
3.264|1|3|2|6
627.724|1|1|3|6
635.705|1|1|3|6
173.86|0|1|3|6
173.86|0|1|3|6
0|1|2|3|6
0.161|0|2|3|6
0|1|6|3|6
0.788|0|6|3|6
0|1|8|3|6
0.161|0|8|3|6
0|1|4|0|7
0.962|0|4|0|7
68.451|0|5|0|7
25.041|1|5|0|7
0|1|6|0|7
0.161|0|6|0|7
0|1|1|1|7
0.161|0|1|1|7
131.217|1|1|10|7
140.478|1|1|10|7
173.86|0|1|10|7
173.86|0|1|10|7
0|1|2|10|7
0.962|0|2|10|7
35.086|0|3|10|7
8.481|1|3|10|7
0|1|4|10|7
0.788|0|4|10|7
0|1|0|2|7
0.788|0|0|2|7
11.166|1|1|2|7
11.721|0|1|2|7
7.064|1|10|2|7
11.721|0|10|2|7
0|1|3|2|7
0.962|0|3|2|7
35.086|0|9|2|7
17.281|1|9|2|7
0|1|0|3|7
0.161|0|0|3|7
0|1|1|3|7
0.962|0|1|3|7
0|1|2|3|7
0.161|0|2|3|7
68.451|0|3|3|7
60.137|1|3|3|7
68.451|0|5|3|7
36.594|1|5|3|7
138.813|1|3|4|7
123.211|1|3|4|7
173.86|0|3|4|7
173.86|0|3|4|7
268.422|1|4|4|7
273.532|1|4|4|7
173.86|0|4|4|7
173.86|0|4|4|7
0|1|0|5|7
0.788|0|0|5|7
363.652|1|1|6|7
348.001|1|1|6|7
173.86|0|1|6|7
173.86|0|1|6|7
0|1|0|7|7
0.962|0|0|7|7
383.717|1|10|7|7
383.467|1|10|7|7
173.86|0|10|7|7
173.86|0|10|7|7
0|1|11|7|7
0.962|0|11|7|7
11.414|1|2|7|7
11.721|0|2|7|7
68.451|0|4|7|7
55.573|1|4|7|7
0|1|5|7|7
0.161|0|5|7|7
35.086|0|6|7|7
13.49|1|6|7|7
0|1|8|7|7
0.788|0|8|7|7
68.451|0|1|8|7
46.46|1|1|8|7
68.451|0|2|8|7
17.661|1|2|8|7
35.086|0|3|8|7
7.209|1|3|8|7
15.763|1|4|8|7
11.721|0|4|8|7
0|1|0|9|7
0.161|0|0|9|7
0|1|1|9|7
0.161|0|1|9|7
14.296|1|0|0|8
11.721|0|0|0|8
35.086|0|1|0|8
12.789|1|1|0|8
68.451|0|3|0|8
42.09|1|3|0|8
35.086|0|4|0|8
9.581|1|4|0|8
0|1|5|0|8
0.962|0|5|0|8
0|1|7|0|8
0.788|0|7|0|8
68.451|0|3|1|8
30.141|1|3|1|8
0|1|4|1|8
0.161|0|4|1|8
68.451|0|5|1|8
46.711|1|5|1|8
11.179|1|6|1|8
11.721|0|6|1|8
35.086|0|7|1|8
14.091|1|7|1|8
0|1|0|2|8
0.962|0|0|2|8
238.283|1|3|2|8
239.924|1|3|2|8
173.86|0|3|2|8
173.86|0|3|2|8
17.337|1|0|3|8
11.721|0|0|3|8
35.086|0|2|3|8
15.491|1|2|3|8
68.451|0|1|4|8
60.972|1|1|4|8
0|1|0|0|9
0.161|0|0|0|9
0|1|12|0|9
0.962|0|12|0|9
0|1|2|0|9
0.161|0|2|0|9
0|1|3|0|9
0.788|0|3|0|9
0|1|6|0|9
0.788|0|6|0|9
0|1|7|0|9
0.788|0|7|0|9
13.359|1|9|0|9
11.721|0|9|0|9
0|1|1|1|9
0.962|0|1|1|9
0|1|2|1|9
0.788|0|2|1|9
7.182|1|3|1|9
11.721|0|3|1|9
68.451|0|4|1|9
25.358|1|4|1|9
0|1|5|1|9
0.962|0|5|1|9
0|1|6|1|9
0.161|0|6|1|9
0|1|7|1|9
0.788|0|7|1|9
162.135|1|9|1|9
180.329|1|9|1|9
173.86|0|9|1|9
173.86|0|9|1|9
35.086|0|1|2|9
7.894|1|1|2|9
35.086|0|4|2|9
17.715|1|4|2|9
13.098|1|0|3|9
11.721|0|0|3|9
35.086|0|1|3|9
3.685|1|1|3|9
30.098|1|2|3|9
11.721|0|2|3|9
15.527|1|5|3|9
11.721|0|5|3|9
0|1|9|0|0
3.701|0|9|0|0
0|1|1|1|0
3.216|0|1|1|0
0|1|11|1|0
2.25|0|11|1|0
0|1|6|1|0
3.216|0|6|1|0
0|1|0|10|0
3.216|0|0|10|0
0|1|1|12|0
3.216|0|1|12|0
0|1|2|13|0
3.701|0|2|13|0
0|1|6|13|0
2.25|0|6|13|0
0|1|8|13|0
2.25|0|8|13|0
0|1|9|13|0
3.216|0|9|13|0
0|1|1|2|0
3.216|0|1|2|0
0|1|4|2|0
3.701|0|4|2|0
0|1|6|2|0
3.216|0|6|2|0
0|1|1|4|0
2.25|0|1|4|0
0|1|0|5|0
3.701|0|0|5|0
0|1|1|5|0
3.701|0|1|5|0
0|1|12|6|0
3.216|0|12|6|0
0|1|3|6|0
2.25|0|3|6|0
0|1|1|7|0
3.701|0|1|7|0
0|1|2|7|0
3.701|0|2|7|0
0|1|4|7|0
3.701|0|4|7|0
0|1|8|7|0
3.216|0|8|7|0
0|1|10|9|0
3.216|0|10|9|0
0|1|9|9|0
3.216|0|9|9|0
0|1|2|1|1
3.216|0|2|1|1
0|1|1|0|10
3.216|0|1|0|10
0|1|4|0|10
3.216|0|4|0|10
0|1|1|1|10
3.701|0|1|1|10
0|1|2|1|10
3.216|0|2|1|10
0|1|0|2|10
3.216|0|0|2|10
0|1|3|3|10
3.216|0|3|3|10
0|1|5|4|10
3.216|0|5|4|10
0|1|6|4|10
2.25|0|6|4|10
0|1|0|0|11
2.25|0|0|0|11
0|1|10|0|11
3.216|0|10|0|11
0|1|11|0|11
3.216|0|11|0|11
0|1|13|0|11
3.216|0|13|0|11
0|1|3|0|11
3.216|0|3|0|11
0|1|4|0|11
3.216|0|4|0|11
0|1|6|0|11
3.216|0|6|0|11
0|1|9|0|11
2.25|0|9|0|11
0|1|1|1|11
2.25|0|1|1|11
0|1|2|1|11
3.216|0|2|1|11
0|1|0|2|11
2.25|0|0|2|11
0|1|8|2|11
3.216|0|8|2|11
0|1|1|4|11
2.25|0|1|4|11
0|1|3|0|12
3.701|0|3|0|12
0|1|0|1|12
3.216|0|0|1|12
0|1|2|1|12
3.216|0|2|1|12
0|1|1|2|12
3.216|0|1|2|12
0|1|13|2|12
3.216|0|13|2|12
0|1|5|2|12
3.216|0|5|2|12
0|1|9|2|12
3.701|0|9|2|12
0|1|5|3|12
3.701|0|5|3|12
0|1|0|1|13
3.216|0|0|1|13
0|1|10|1|13
2.25|0|10|1|13
0|1|3|1|13
3.701|0|3|1|13
0|1|0|0|14
2.25|0|0|0|14
0|1|1|0|14
3.701|0|1|0|14
0|1|0|1|14
3.701|0|0|1|14
0|1|1|1|14
2.25|0|1|1|14
0|1|2|1|14
3.216|0|2|1|14
0|1|0|10|14
3.216|0|0|10|14
0|1|2|10|14
3.701|0|2|10|14
0|1|6|10|14
2.25|0|6|10|14
0|1|7|10|14
3.701|0|7|10|14
0|1|2|11|14
3.216|0|2|11|14
0|1|1|12|14
3.216|0|1|12|14
0|1|2|12|14
3.701|0|2|12|14
0|1|3|12|14
3.216|0|3|12|14
0|1|8|12|14
3.701|0|8|12|14
0|1|2|13|14
2.25|0|2|13|14
0|1|4|13|14
3.216|0|4|13|14
0|1|2|14|14
2.25|0|2|14|14
0|1|5|14|14
3.216|0|5|14|14
0|1|2|15|14
3.216|0|2|15|14
0|1|8|15|14
2.25|0|8|15|14
0|1|0|16|14
2.25|0|0|16|14
0|1|2|16|14
2.25|0|2|16|14
0|1|2|3|14
3.701|0|2|3|14
0|1|3|3|14
2.25|0|3|3|14
0|1|0|4|14
3.216|0|0|4|14
0|1|0|5|14
3.216|0|0|5|14
0|1|2|5|14
2.25|0|2|5|14
0|1|4|5|14
2.25|0|4|5|14
0|1|1|6|14
3.216|0|1|6|14
0|1|2|6|14
3.216|0|2|6|14
0|1|4|6|14
3.216|0|4|6|14
0|1|6|6|14
3.216|0|6|6|14
0|1|4|7|14
3.216|0|4|7|14
0|1|0|8|14
3.216|0|0|8|14
0|1|1|9|14
3.216|0|1|9|14
0|1|10|9|14
2.25|0|10|9|14
0|1|2|9|14
3.216|0|2|9|14
0|1|5|9|14
3.701|0|5|9|14
0|1|9|9|14
3.216|0|9|9|14
0|1|12|0|15
3.216|0|12|0|15
0|1|13|0|15
3.701|0|13|0|15
0|1|4|0|15
3.216|0|4|0|15
0|1|8|0|15
3.216|0|8|0|15
0|1|0|1|15
3.216|0|0|1|15
0|1|1|2|15
2.25|0|1|2|15
0|1|13|2|15
3.216|0|13|2|15
0|1|2|2|15
2.25|0|2|2|15
0|1|3|2|15
2.25|0|3|2|15
0|1|4|2|15
3.701|0|4|2|15
0|1|6|2|15
3.701|0|6|2|15
0|1|7|2|15
2.25|0|7|2|15
0|1|8|2|15
3.216|0|8|2|15
0|1|1|3|15
2.25|0|1|3|15
0|1|4|3|15
3.216|0|4|3|15
0|1|11|0|16
3.701|0|11|0|16
0|1|6|0|16
3.216|0|6|0|16
0|1|4|1|16
3.216|0|4|1|16
0|1|8|1|16
2.25|0|8|1|16
0|1|9|1|16
3.701|0|9|1|16
0|1|0|10|16
3.701|0|0|10|16
0|1|6|10|16
3.216|0|6|10|16
0|1|7|10|16
2.25|0|7|10|16
0|1|1|2|16
3.216|0|1|2|16
0|1|2|2|16
3.216|0|2|2|16
0|1|3|2|16
3.216|0|3|2|16
0|1|5|4|16
3.216|0|5|4|16
0|1|6|4|16
3.216|0|6|4|16
0|1|2|5|16
2.25|0|2|5|16
0|1|3|5|16
3.216|0|3|5|16
0|1|4|5|16
3.701|0|4|5|16
0|1|6|5|16
3.701|0|6|5|16
0|1|0|6|16
3.216|0|0|6|16
0|1|2|6|16
3.701|0|2|6|16
0|1|0|7|16
3.701|0|0|7|16
0|1|1|7|16
3.216|0|1|7|16
0|1|12|8|16
3.216|0|12|8|16
0|1|13|8|16
3.216|0|13|8|16
0|1|2|8|16
3.216|0|2|8|16
0|1|3|8|16
2.25|0|3|8|16
0|1|4|8|16
2.25|0|4|8|16
0|1|8|8|16
3.701|0|8|8|16
0|1|9|8|16
3.216|0|9|8|16
0|1|4|9|16
3.216|0|4|9|16
0|1|4|0|17
3.216|0|4|0|17
0|1|1|1|17
2.25|0|1|1|17
0|1|6|1|17
3.701|0|6|1|17
0|1|7|1|17
3.216|0|7|1|17
0|1|1|0|18
3.216|0|1|0|18
0|1|2|0|18
2.25|0|2|0|18
0|1|2|1|18
3.216|0|2|1|18
0|1|4|1|18
2.25|0|4|1|18
0|1|2|2|18
3.216|0|2|2|18
0|1|3|2|18
2.25|0|3|2|18
0|1|2|3|18
3.701|0|2|3|18
0|1|3|3|18
3.701|0|3|3|18
0|1|0|4|18
2.25|0|0|4|18
0|1|7|4|18
3.216|0|7|4|18
0|1|0|0|19
3.216|0|0|0|19
0|1|3|0|19
3.216|0|3|0|19
0|1|4|0|19
3.216|0|4|0|19
0|1|5|0|19
3.701|0|5|0|19
0|1|3|0|2
3.216|0|3|0|2
0|1|4|0|2
3.216|0|4|0|2
0|1|5|0|2
3.701|0|5|0|2
0|1|9|0|2
2.25|0|9|0|2
0|1|1|2|2
3.216|0|1|2|2
0|1|6|2|2
3.216|0|6|2|2
0|1|8|2|2
3.216|0|8|2|2
0|1|3|3|2
3.216|0|3|3|2
0|1|4|3|2
2.25|0|4|3|2
0|1|5|3|2
3.216|0|5|3|2
0|1|8|3|2
3.216|0|8|3|2
0|1|2|4|2
3.216|0|2|4|2
0|1|4|4|2
3.701|0|4|4|2
0|1|1|5|2
3.216|0|1|5|2
0|1|11|5|2
2.25|0|11|5|2
0|1|2|0|20
2.25|0|2|0|20
0|1|0|2|20
3.216|0|0|2|20
0|1|2|2|20
3.216|0|2|2|20
0|1|6|2|20
3.216|0|6|2|20
0|1|1|3|20
3.216|0|1|3|20
0|1|0|5|20
3.216|0|0|5|20
0|1|3|5|20
3.701|0|3|5|20
0|1|4|5|20
2.25|0|4|5|20
0|1|5|5|20
2.25|0|5|5|20
0|1|3|6|20
3.216|0|3|6|20
0|1|2|7|20
3.701|0|2|7|20
0|1|5|7|20
3.216|0|5|7|20
0|1|7|7|20
3.216|0|7|7|20
0|1|0|1|21
3.216|0|0|1|21
0|1|1|1|21
3.701|0|1|1|21
0|1|1|10|21
3.216|0|1|10|21
0|1|11|10|21
3.216|0|11|10|21
0|1|12|10|21
3.216|0|12|10|21
0|1|3|10|21
3.216|0|3|10|21
0|1|5|10|21
3.701|0|5|10|21
0|1|0|11|21
2.25|0|0|11|21
0|1|1|11|21
2.25|0|1|11|21
0|1|2|11|21
2.25|0|2|11|21
0|1|3|11|21
3.216|0|3|11|21
0|1|5|11|21
3.701|0|5|11|21
0|1|11|13|21
2.25|0|11|13|21
0|1|12|13|21
3.701|0|12|13|21
0|1|5|13|21
3.701|0|5|13|21
0|1|6|13|21
2.25|0|6|13|21
0|1|9|13|21
3.216|0|9|13|21
0|1|4|2|21
3.216|0|4|2|21
0|1|12|3|21
2.25|0|12|3|21
0|1|13|3|21
2.25|0|13|3|21
0|1|4|3|21
3.216|0|4|3|21
0|1|9|3|21
3.216|0|9|3|21
0|1|0|4|21
2.25|0|0|4|21
0|1|3|4|21
2.25|0|3|4|21
0|1|5|4|21
2.25|0|5|4|21
0|1|0|5|21
3.216|0|0|5|21
0|1|1|5|21
2.25|0|1|5|21
0|1|7|6|21
3.216|0|7|6|21
0|1|3|7|21
2.25|0|3|7|21
0|1|1|9|21
3.216|0|1|9|21
0|1|10|9|21
3.216|0|10|9|21
0|1|11|9|21
2.25|0|11|9|21
0|1|12|9|21
3.216|0|12|9|21
0|1|13|9|21
2.25|0|13|9|21
0|1|2|9|21
3.701|0|2|9|21
0|1|3|9|21
3.216|0|3|9|21
0|1|3|0|22
3.701|0|3|0|22
0|1|0|1|22
3.701|0|0|1|22
0|1|2|1|22
3.701|0|2|1|22
0|1|9|2|22
3.701|0|9|2|22
0|1|1|3|22
2.25|0|1|3|22
0|1|6|3|22
3.701|0|6|3|22
0|1|7|3|22
2.25|0|7|3|22
0|1|2|0|23
3.701|0|2|0|23
0|1|3|1|23
3.216|0|3|1|23
0|1|5|1|23
2.25|0|5|1|23
0|1|0|3|23
3.216|0|0|3|23
0|1|5|3|23
3.216|0|5|3|23
0|1|1|0|24
2.25|0|1|0|24
0|1|3|0|24
3.216|0|3|0|24
0|1|5|0|24
3.216|0|5|0|24
0|1|1|1|24
3.216|0|1|1|24
0|1|3|1|24
2.25|0|3|1|24
0|1|1|3|24
3.216|0|1|3|24
0|1|4|3|24
2.25|0|4|3|24
0|1|7|3|24
3.216|0|7|3|24
0|1|8|3|24
2.25|0|8|3|24
0|1|0|4|24
3.701|0|0|4|24
0|1|0|7|24
3.216|0|0|7|24
0|1|4|7|24
3.216|0|4|7|24
0|1|5|7|24
3.216|0|5|7|24
0|1|1|0|25
3.701|0|1|0|25
0|1|2|0|25
3.701|0|2|0|25
0|1|3|0|25
3.216|0|3|0|25
0|1|4|0|25
3.216|0|4|0|25
0|1|0|1|25
3.216|0|0|1|25
0|1|10|1|25
3.216|0|10|1|25
0|1|11|1|25
3.216|0|11|1|25
0|1|2|1|25
2.25|0|2|1|25
0|1|3|1|25
3.216|0|3|1|25
0|1|5|1|25
2.25|0|5|1|25
0|1|2|2|25
3.216|0|2|2|25
0|1|3|2|25
3.216|0|3|2|25
0|1|3|3|25
3.216|0|3|3|25
0|1|5|3|25
3.216|0|5|3|25
0|1|8|4|25
3.216|0|8|4|25
0|1|9|4|25
2.25|0|9|4|25
0|1|1|5|25
3.216|0|1|5|25
0|1|1|0|26
3.216|0|1|0|26
0|1|3|0|26
3.216|0|3|0|26
0|1|3|2|26
2.25|0|3|2|26
0|1|5|2|26
3.216|0|5|2|26
0|1|0|3|26
3.216|0|0|3|26
0|1|10|3|26
2.25|0|10|3|26
0|1|10|4|26
3.701|0|10|4|26
0|1|6|4|26
3.216|0|6|4|26
0|1|0|5|26
3.216|0|0|5|26
0|1|3|5|26
3.216|0|3|5|26
0|1|4|5|26
3.701|0|4|5|26
0|1|8|5|26
2.25|0|8|5|26
0|1|2|0|27
3.216|0|2|0|27
0|1|0|1|27
2.25|0|0|1|27
0|1|2|3|27
3.216|0|2|3|27
0|1|0|4|27
3.216|0|0|4|27
0|1|4|4|27
2.25|0|4|4|27
0|1|2|5|27
2.25|0|2|5|27
0|1|4|5|27
3.216|0|4|5|27
0|1|6|5|27
3.216|0|6|5|27
0|1|9|5|27
3.701|0|9|5|27
0|1|1|6|27
3.701|0|1|6|27
0|1|2|6|27
3.216|0|2|6|27
0|1|6|6|27
3.216|0|6|6|27
0|1|2|7|27
3.216|0|2|7|27
0|1|5|7|27
3.216|0|5|7|27
0|1|2|8|27
2.25|0|2|8|27
0|1|3|8|27
3.216|0|3|8|27
0|1|1|9|27
3.216|0|1|9|27
0|1|2|9|27
3.216|0|2|9|27
0|1|6|9|27
3.701|0|6|9|27
0|1|10|0|28
3.216|0|10|0|28
0|1|2|0|28
3.701|0|2|0|28
0|1|4|0|28
2.25|0|4|0|28
0|1|5|0|28
3.701|0|5|0|28
0|1|7|0|28
2.25|0|7|0|28
0|1|8|0|28
3.216|0|8|0|28
0|1|1|1|28
3.216|0|1|1|28
0|1|2|1|28
3.701|0|2|1|28
0|1|5|1|28
3.216|0|5|1|28
0|1|7|1|28
3.216|0|7|1|28
0|1|4|10|28
3.216|0|4|10|28
0|1|0|11|28
3.216|0|0|11|28
0|1|3|11|28
3.216|0|3|11|28
0|1|6|12|28
3.701|0|6|12|28
0|1|0|13|28
2.25|0|0|13|28
0|1|5|13|28
3.216|0|5|13|28
0|1|6|13|28
3.216|0|6|13|28
0|1|1|14|28
3.216|0|1|14|28
0|1|4|14|28
3.216|0|4|14|28
0|1|3|15|28
2.25|0|3|15|28
0|1|7|15|28
2.25|0|7|15|28
0|1|4|16|28
3.216|0|4|16|28
0|1|1|17|28
3.216|0|1|17|28
0|1|2|17|28
3.701|0|2|17|28
0|1|2|2|28
3.216|0|2|2|28
0|1|3|2|28
3.701|0|3|2|28
0|1|5|2|28
2.25|0|5|2|28
0|1|0|4|28
3.216|0|0|4|28
0|1|13|4|28
2.25|0|13|4|28
0|1|8|4|28
3.216|0|8|4|28
0|1|3|5|28
3.216|0|3|5|28
0|1|2|6|28
2.25|0|2|6|28
0|1|5|6|28
2.25|0|5|6|28
0|1|7|6|28
3.701|0|7|6|28
0|1|1|7|28
3.216|0|1|7|28
0|1|2|7|28
3.216|0|2|7|28
0|1|3|7|28
3.216|0|3|7|28
0|1|1|8|28
2.25|0|1|8|28
0|1|0|9|28
2.25|0|0|9|28
0|1|4|9|28
3.216|0|4|9|28
0|1|11|0|29
3.701|0|11|0|29
0|1|12|0|29
3.216|0|12|0|29
0|1|3|0|29
3.216|0|3|0|29
0|1|4|0|29
3.216|0|4|0|29
0|1|8|0|29
2.25|0|8|0|29
0|1|9|0|29
3.701|0|9|0|29
0|1|1|2|29
2.25|0|1|2|29
0|1|1|0|3
3.216|0|1|0|3
0|1|12|0|3
3.216|0|12|0|3
0|1|1|1|3
3.701|0|1|1|3
0|1|2|1|3
3.701|0|2|1|3
0|1|3|1|3
2.25|0|3|1|3
0|1|5|1|3
3.216|0|5|1|3
0|1|0|2|3
3.216|0|0|2|3
0|1|4|2|3
3.701|0|4|2|3
0|1|5|2|3
3.701|0|5|2|3
0|1|0|3|3
3.216|0|0|3|3
0|1|4|3|3
2.25|0|4|3|3
0|1|6|3|3
3.216|0|6|3|3
0|1|7|3|3
3.701|0|7|3|3
0|1|9|3|3
3.216|0|9|3|3
0|1|1|0|30
3.216|0|1|0|30
0|1|2|0|30
3.216|0|2|0|30
0|1|3|0|30
3.216|0|3|0|30
0|1|1|1|30
3.216|0|1|1|30
0|1|0|0|31
3.216|0|0|0|31
0|1|3|0|31
3.216|0|3|0|31
0|1|1|0|32
3.216|0|1|0|32
0|1|5|0|32
3.216|0|5|0|32
0|1|2|11|32
3.216|0|2|11|32
0|1|6|11|32
3.216|0|6|11|32
0|1|0|12|32
2.25|0|0|12|32
0|1|4|12|32
3.216|0|4|12|32
0|1|5|12|32
3.216|0|5|12|32
0|1|7|12|32
3.216|0|7|12|32
0|1|1|13|32
2.25|0|1|13|32
0|1|10|13|32
3.701|0|10|13|32
0|1|12|13|32
3.216|0|12|13|32
0|1|4|13|32
3.216|0|4|13|32
0|1|5|13|32
3.216|0|5|13|32
0|1|5|2|32
2.25|0|5|2|32
0|1|0|3|32
2.25|0|0|3|32
0|1|11|4|32
3.216|0|11|4|32
0|1|12|4|32
3.216|0|12|4|32
0|1|13|4|32
3.216|0|13|4|32
0|1|5|4|32
2.25|0|5|4|32
0|1|8|4|32
3.701|0|8|4|32
0|1|9|4|32
3.216|0|9|4|32
0|1|0|5|32
3.216|0|0|5|32
0|1|1|5|32
2.25|0|1|5|32
0|1|3|5|32
3.216|0|3|5|32
0|1|4|5|32
3.701|0|4|5|32
0|1|8|5|32
3.216|0|8|5|32
0|1|9|5|32
3.701|0|9|5|32
0|1|0|6|32
3.701|0|0|6|32
0|1|1|6|32
3.216|0|1|6|32
0|1|2|6|32
3.701|0|2|6|32
0|1|4|6|32
2.25|0|4|6|32
0|1|8|6|32
3.216|0|8|6|32
0|1|2|7|32
3.216|0|2|7|32
0|1|7|7|32
3.216|0|7|7|32
0|1|5|9|32
3.701|0|5|9|32
0|1|1|0|33
3.216|0|1|0|33
0|1|0|1|33
3.216|0|0|1|33
0|1|13|1|33
3.701|0|13|1|33
0|1|7|1|33
2.25|0|7|1|33
0|1|0|10|33
3.216|0|0|10|33
0|1|2|10|33
3.701|0|2|10|33
0|1|2|11|33
3.216|0|2|11|33
0|1|4|11|33
2.25|0|4|11|33
0|1|6|11|33
3.216|0|6|11|33
0|1|0|2|33
2.25|0|0|2|33
0|1|2|2|33
3.216|0|2|2|33
0|1|5|2|33
3.701|0|5|2|33
0|1|4|3|33
2.25|0|4|3|33
0|1|10|4|33
2.25|0|10|4|33
0|1|4|4|33
3.216|0|4|4|33
0|1|7|4|33
3.216|0|7|4|33
0|1|0|6|33
3.216|0|0|6|33
0|1|6|7|33
3.216|0|6|7|33
0|1|3|8|33
2.25|0|3|8|33
0|1|4|8|33
3.216|0|4|8|33
0|1|6|8|33
3.701|0|6|8|33
0|1|8|9|33
3.216|0|8|9|33
0|1|0|0|34
3.701|0|0|0|34
0|1|0|1|34
3.216|0|0|1|34
0|1|1|3|34
3.701|0|1|3|34
0|1|2|5|34
3.216|0|2|5|34
0|1|12|0|35
2.25|0|12|0|35
0|1|3|0|35
2.25|0|3|0|35
0|1|3|1|35
2.25|0|3|1|35
0|1|10|2|35
2.25|0|10|2|35
0|1|11|2|35
2.25|0|11|2|35
0|1|3|2|35
3.701|0|3|2|35
0|1|7|2|35
2.25|0|7|2|35
0|1|1|3|35
3.701|0|1|3|35
0|1|2|3|35
3.216|0|2|3|35
0|1|2|0|36
3.701|0|2|0|36
0|1|9|0|36
3.216|0|9|0|36
0|1|0|1|36
3.216|0|0|1|36
0|1|11|1|36
3.701|0|11|1|36
0|1|1|3|36
3.216|0|1|3|36
0|1|2|3|36
3.701|0|2|3|36
0|1|3|3|36
2.25|0|3|3|36
0|1|0|4|36
3.216|0|0|4|36
0|1|0|5|36
3.216|0|0|5|36
0|1|0|6|36
2.25|0|0|6|36
0|1|2|6|36
3.701|0|2|6|36
0|1|6|6|36
2.25|0|6|6|36
0|1|2|0|37
3.701|0|2|0|37
0|1|1|2|37
2.25|0|1|2|37
0|1|13|2|37
3.216|0|13|2|37
0|1|3|2|37
2.25|0|3|2|37
0|1|4|2|37
3.216|0|4|2|37
0|1|6|2|37
3.701|0|6|2|37
0|1|1|3|37
2.25|0|1|3|37
0|1|0|4|37
2.25|0|0|4|37
0|1|7|4|37
3.701|0|7|4|37
0|1|8|4|37
3.216|0|8|4|37
0|1|11|5|37
3.216|0|11|5|37
0|1|12|5|37
3.216|0|12|5|37
0|1|3|5|37
3.701|0|3|5|37
0|1|6|5|37
3.216|0|6|5|37
0|1|8|5|37
3.216|0|8|5|37
0|1|9|5|37
3.701|0|9|5|37
0|1|0|6|37
3.701|0|0|6|37
0|1|5|6|37
3.701|0|5|6|37
0|1|6|6|37
3.216|0|6|6|37
0|1|10|7|37
2.25|0|10|7|37
0|1|4|7|37
2.25|0|4|7|37
0|1|5|7|37
3.216|0|5|7|37
0|1|7|7|37
3.701|0|7|7|37
0|1|0|1|38
3.216|0|0|1|38
0|1|1|1|38
3.216|0|1|1|38
0|1|0|10|38
3.216|0|0|10|38
0|1|2|10|38
2.25|0|2|10|38
0|1|3|10|38
2.25|0|3|10|38
0|1|0|2|38
2.25|0|0|2|38
0|1|1|2|38
3.701|0|1|2|38
0|1|2|2|38
3.216|0|2|2|38
0|1|1|4|38
2.25|0|1|4|38
0|1|1|6|38
3.701|0|1|6|38
0|1|2|6|38
3.216|0|2|6|38
0|1|1|7|38
3.216|0|1|7|38
0|1|0|8|38
3.701|0|0|8|38
0|1|1|9|38
3.216|0|1|9|38
0|1|3|9|38
3.701|0|3|9|38
0|1|5|9|38
3.216|0|5|9|38
0|1|1|0|39
3.701|0|1|0|39
0|1|2|0|39
3.216|0|2|0|39
0|1|0|1|39
2.25|0|0|1|39
0|1|2|1|39
2.25|0|2|1|39
0|1|6|1|39
3.701|0|6|1|39
0|1|7|1|39
2.25|0|7|1|39
0|1|0|11|39
3.701|0|0|11|39
0|1|6|11|39
3.216|0|6|11|39
0|1|7|11|39
3.216|0|7|11|39
0|1|9|11|39
3.701|0|9|11|39
0|1|0|12|39
3.216|0|0|12|39
0|1|3|12|39
3.216|0|3|12|39
0|1|0|13|39
3.216|0|0|13|39
0|1|10|13|39
2.25|0|10|13|39
0|1|11|13|39
2.25|0|11|13|39
0|1|12|13|39
3.701|0|12|13|39
0|1|2|13|39
3.701|0|2|13|39
0|1|5|13|39
3.701|0|5|13|39
0|1|6|13|39
3.701|0|6|13|39
0|1|9|13|39
3.216|0|9|13|39
0|1|0|14|39
3.216|0|0|14|39
0|1|3|14|39
3.216|0|3|14|39
0|1|4|14|39
2.25|0|4|14|39
0|1|6|14|39
2.25|0|6|14|39
0|1|7|2|39
3.216|0|7|2|39
0|1|1|3|39
2.25|0|1|3|39
0|1|2|3|39
3.216|0|2|3|39
0|1|0|4|39
3.216|0|0|4|39
0|1|2|4|39
2.25|0|2|4|39
0|1|0|5|39
3.216|0|0|5|39
0|1|3|5|39
3.216|0|3|5|39
0|1|5|5|39
3.216|0|5|5|39
0|1|7|5|39
3.216|0|7|5|39
0|1|4|6|39
3.216|0|4|6|39
0|1|8|6|39
3.216|0|8|6|39
0|1|4|7|39
3.216|0|4|7|39
0|1|7|7|39
2.25|0|7|7|39
0|1|0|8|39
2.25|0|0|8|39
0|1|2|8|39
3.216|0|2|8|39
0|1|8|8|39
2.25|0|8|8|39
0|1|9|8|39
2.25|0|9|8|39
0|1|10|0|4
3.216|0|10|0|4
0|1|4|0|4
3.701|0|4|0|4
0|1|3|1|4
3.216|0|3|1|4
0|1|0|10|4
3.216|0|0|10|4
0|1|4|10|4
3.216|0|4|10|4
0|1|8|12|4
3.216|0|8|12|4
0|1|9|12|4
3.216|0|9|12|4
0|1|1|13|4
3.216|0|1|13|4
0|1|6|13|4
2.25|0|6|13|4
0|1|12|4|4
2.25|0|12|4|4
0|1|2|4|4
2.25|0|2|4|4
0|1|4|4|4
3.216|0|4|4|4
0|1|5|4|4
3.701|0|5|4|4
0|1|7|4|4
3.216|0|7|4|4
0|1|7|5|4
3.701|0|7|5|4
0|1|8|5|4
3.701|0|8|5|4
0|1|11|7|4
2.25|0|11|7|4
0|1|13|7|4
3.216|0|13|7|4
0|1|2|7|4
3.216|0|2|7|4
0|1|6|7|4
3.216|0|6|7|4
0|1|7|7|4
3.216|0|7|7|4
0|1|8|7|4
3.701|0|8|7|4
0|1|1|8|4
3.701|0|1|8|4
0|1|4|8|4
3.216|0|4|8|4
0|1|1|9|4
2.25|0|1|9|4
0|1|2|9|4
3.701|0|2|9|4
0|1|4|9|4
3.216|0|4|9|4
0|1|0|0|5
3.216|0|0|0|5
0|1|1|0|5
2.25|0|1|0|5
0|1|2|0|5
2.25|0|2|0|5
0|1|4|0|5
2.25|0|4|0|5
0|1|0|1|5
2.25|0|0|1|5
0|1|1|1|5
2.25|0|1|1|5
0|1|3|1|5
3.216|0|3|1|5
0|1|3|0|6
3.701|0|3|0|6
0|1|0|1|6
2.25|0|0|1|6
0|1|1|1|6
3.701|0|1|1|6
0|1|3|1|6
3.701|0|3|1|6
0|1|4|1|6
2.25|0|4|1|6
0|1|0|2|6
3.216|0|0|2|6
0|1|3|3|6
3.216|0|3|3|6
0|1|5|3|6
3.216|0|5|3|6
0|1|7|3|6
3.216|0|7|3|6
0|1|1|0|7
2.25|0|1|0|7
0|1|2|0|7
3.216|0|2|0|7
0|1|3|0|7
3.216|0|3|0|7
0|1|0|10|7
3.216|0|0|10|7
0|1|10|10|7
3.216|0|10|10|7
0|1|5|10|7
3.216|0|5|10|7
0|1|6|10|7
3.216|0|6|10|7
0|1|8|10|7
2.25|0|8|10|7
0|1|9|10|7
2.25|0|9|10|7
0|1|2|2|7
3.216|0|2|2|7
0|1|4|2|7
3.701|0|4|2|7
0|1|6|2|7
3.701|0|6|2|7
0|1|7|2|7
3.216|0|7|2|7
0|1|8|2|7
3.701|0|8|2|7
0|1|6|3|7
3.216|0|6|3|7
0|1|9|3|7
3.701|0|9|3|7
0|1|1|7|7
3.701|0|1|7|7
0|1|7|7|7
3.701|0|7|7|7
0|1|3|9|7
3.216|0|3|9|7
0|1|4|9|7
3.216|0|4|9|7
0|1|5|9|7
3.216|0|5|9|7
0|1|6|0|8
2.25|0|6|0|8
0|1|1|1|8
2.25|0|1|1|8
0|1|8|1|8
2.25|0|8|1|8
0|1|1|2|8
2.25|0|1|2|8
0|1|2|2|8
3.216|0|2|2|8
0|1|5|2|8
3.216|0|5|2|8
0|1|6|2|8
3.216|0|6|2|8
0|1|1|3|8
3.216|0|1|3|8
0|1|0|4|8
3.216|0|0|4|8
0|1|1|0|9
3.216|0|1|0|9
0|1|10|0|9
3.701|0|10|0|9
0|1|11|0|9
3.701|0|11|0|9
0|1|4|0|9
2.25|0|4|0|9
0|1|8|0|9
3.216|0|8|0|9
0|1|0|1|9
2.25|0|0|1|9
0|1|8|1|9
2.25|0|8|1|9
0|1|2|2|9
3.216|0|2|2|9
0|1|3|2|9
2.25|0|3|2|9
0|1|5|2|9
2.25|0|5|2|9
0|1|0|0|0
0.982|0|0|0|0
68.451|0|11|0|0
18.359|1|11|0|0
9.853|1|2|0|0
11.721|0|2|0|0
3.509|1|5|0|0
35.086|0|5|0|0
2.308|1|6|0|0
35.086|0|6|0|0
68.451|0|7|0|0
20.192|1|7|0|0
0|1|8|0|0
0.982|0|8|0|0
0|1|9|0|0
3.701|0|9|0|0
21.533|1|0|1|0
11.721|0|0|1|0
68.451|0|2|1|0
33.974|1|2|1|0
18.822|1|4|1|0
11.721|0|4|1|0
16.745|1|5|1|0
35.086|0|5|1|0
0|1|9|1|0
0.982|0|9|1|0
9.867|1|2|10|0
35.086|0|2|10|0
68.451|0|2|11|0
17.687|1|2|11|0
8.373|1|0|12|0
35.086|0|0|12|0
0|1|2|12|0
0.982|0|2|12|0
0|1|10|13|0
0.161|0|10|13|0
15.638|1|11|13|0
11.721|0|11|13|0
0|1|2|13|0
3.701|0|2|13|0
20.336|1|5|13|0
11.721|0|5|13|0
4.999|1|7|13|0
35.086|0|7|13|0
0|1|0|2|0
0.161|0|0|2|0
0|1|3|2|0
0.161|0|3|2|0
0|1|4|2|0
3.701|0|4|2|0
5.702|1|5|2|0
35.086|0|5|2|0
68.451|0|0|3|0
38.16|1|0|3|0
15.991|1|3|3|0
11.721|0|3|3|0
0|1|0|5|0
3.701|0|0|5|0
0|1|1|5|0
3.701|0|1|5|0
4.699|1|10|6|0
35.086|0|10|6|0
31.112|1|11|6|0
11.721|0|11|6|0
11.048|1|2|6|0
11.721|0|2|6|0
68.451|0|4|6|0
69.812|1|4|6|0
6.068|1|5|6|0
11.721|0|5|6|0
0|1|1|7|0
3.701|0|1|7|0
0|1|2|7|0
3.701|0|2|7|0
0|1|4|7|0
3.701|0|4|7|0
68.451|0|6|7|0
18.445|1|6|7|0
30.513|1|7|7|0
11.721|0|7|7|0
9.803|1|0|8|0
11.721|0|0|8|0
7.829|1|4|8|0
35.086|0|4|8|0
0|1|8|8|0
0.161|0|8|8|0
68.451|0|9|8|0
39.194|1|9|8|0
0|1|0|9|0
0.161|0|0|9|0
10.022|1|1|9|0
35.086|0|1|9|0
0|1|12|9|0
0.161|0|12|9|0
0|1|13|9|0
0.982|0|13|9|0
0|1|3|9|0
0.161|0|3|9|0
0|1|5|9|0
0.161|0|5|9|0
0|1|6|9|0
0.161|0|6|9|0
3.433|1|1|0|1
35.086|0|1|0|1
9.978|1|3|2|1
35.086|0|3|2|1
17.513|1|4|2|1
11.721|0|4|2|1
0|1|0|0|10
0.161|0|0|0|10
0|1|3|0|10
0.161|0|3|0|10
28.106|1|5|0|10
11.721|0|5|0|10
0|1|6|0|10
0.161|0|6|0|10
17.549|1|7|0|10
11.721|0|7|0|10
0|1|1|1|10
3.701|0|1|1|10
68.451|0|2|2|10
50.38|1|2|2|10
0|1|0|3|10
0.982|0|0|3|10
0|1|0|4|10
0.982|0|0|4|10
0|1|3|4|10
0.982|0|3|4|10
2.766|1|7|4|10
35.086|0|7|4|10
12.552|1|2|0|11
11.721|0|2|0|11
18.768|1|5|0|11
11.721|0|5|0|11
68.451|0|7|0|11
26.304|1|7|0|11
16.628|1|3|1|11
11.721|0|3|1|11
0|1|4|1|11
0.982|0|4|1|11
6.649|1|1|2|11
35.086|0|1|2|11
0|1|2|2|11
0.982|0|2|2|11
17.401|1|4|2|11
11.721|0|4|2|11
0|1|5|2|11
0.982|0|5|2|11
68.451|0|6|2|11
46.101|1|6|2|11
2.777|1|0|3|11
35.086|0|0|3|11
16.423|1|0|4|11
35.086|0|0|4|11
14.022|1|0|5|11
11.721|0|0|5|11
6.804|1|1|5|11
35.086|0|1|5|11
10.327|1|0|0|12
11.721|0|0|0|12
27.9|1|1|0|12
11.721|0|1|0|12
0|1|3|0|12
3.701|0|3|0|12
0|1|3|1|12
0.161|0|3|1|12
6.46|1|11|2|12
35.086|0|11|2|12
0|1|12|2|12
0.982|0|12|2|12
4.703|1|2|2|12
35.086|0|2|2|12
0|1|3|2|12
0.161|0|3|2|12
68.451|0|4|2|12
44.562|1|4|2|12
3.447|1|6|2|12
35.086|0|6|2|12
0|1|9|2|12
3.701|0|9|2|12
10.527|1|0|3|12
35.086|0|0|3|12
3.229|1|1|3|12
35.086|0|1|3|12
19.855|1|4|3|12
11.721|0|4|3|12
0|1|5|3|12
3.701|0|5|3|12
68.451|0|1|0|13
45.418|1|1|0|13
0|1|11|1|13
0.161|0|11|1|13
0|1|12|1|13
0.982|0|12|1|13
0|1|13|1|13
0.161|0|13|1|13
0|1|3|1|13
3.701|0|3|1|13
0|1|4|1|13
0.982|0|4|1|13
0|1|1|0|14
3.701|0|1|0|14
0|1|0|1|14
3.701|0|0|1|14
6.593|1|1|10|14
35.086|0|1|10|14
0|1|2|10|14
3.701|0|2|10|14
29.058|1|5|10|14
11.721|0|5|10|14
0|1|7|10|14
3.701|0|7|10|14
5.14|1|8|10|14
35.086|0|8|10|14
0|1|9|10|14
0.161|0|9|10|14
9.548|1|0|11|14
11.721|0|0|11|14
0|1|1|11|14
0.982|0|1|11|14
3.811|1|0|12|14
35.086|0|0|12|14
12.602|1|10|12|14
11.721|0|10|12|14
11.345|1|11|12|14
11.721|0|11|12|14
0|1|12|12|14
0.982|0|12|12|14
6.007|1|13|12|14
35.086|0|13|12|14
0|1|2|12|14
3.701|0|2|12|14
5.801|1|5|12|14
35.086|0|5|12|14
0|1|6|12|14
0.982|0|6|12|14
0|1|8|12|14
3.701|0|8|12|14
18.077|1|3|13|14
11.721|0|3|13|14
0|1|1|14|14
0.982|0|1|14|14
6.739|1|10|14|14
11.721|0|10|14|14
0|1|11|14|14
0.161|0|11|14|14
68.451|0|3|14|14
72.523|1|3|14|14
68.451|0|4|14|14
67.641|1|4|14|14
12.13|1|6|14|14
35.086|0|6|14|14
0|1|8|14|14
0.982|0|8|14|14
0|1|9|14|14
0.161|0|9|14|14
0|1|3|15|14
0.982|0|3|15|14
68.451|0|5|15|14
30.026|1|5|15|14
68.451|0|6|15|14
24.398|1|6|15|14
6.364|1|7|15|14
35.086|0|7|15|14
12.439|1|9|15|14
11.721|0|9|15|14
0|1|1|16|14
0.161|0|1|16|14
13.886|1|3|16|14
11.721|0|3|16|14
0|1|0|17|14
0.161|0|0|17|14
0|1|1|17|14
0.982|0|1|17|14
0|1|0|2|14
0.982|0|0|2|14
3.311|1|1|2|14
35.086|0|1|2|14
0|1|3|2|14
0.161|0|3|2|14
5.656|1|0|3|14
35.086|0|0|3|14
0|1|2|3|14
3.701|0|2|3|14
68.451|0|4|3|14
57.926|1|4|3|14
68.451|0|1|5|14
20.334|1|1|5|14
0|1|3|5|14
0.161|0|3|5|14
9.01|1|10|6|14
35.086|0|10|6|14
0|1|11|6|14
0.982|0|11|6|14
68.451|0|12|6|14
39.102|1|12|6|14
68.451|0|3|6|14
41.822|1|3|6|14
0|1|8|6|14
0.982|0|8|6|14
22.482|1|9|6|14
11.721|0|9|6|14
0|1|1|7|14
0.982|0|1|7|14
31.798|1|3|7|14
11.721|0|3|7|14
0|1|2|8|14
0.161|0|2|8|14
68.451|0|3|8|14
65.367|1|3|8|14
68.451|0|0|9|14
47.981|1|0|9|14
68.451|0|11|9|14
26.242|1|11|9|14
25.13|1|12|9|14
11.721|0|12|9|14
3.595|1|13|9|14
35.086|0|13|9|14
21.254|1|3|9|14
11.721|0|3|9|14
26.613|1|4|9|14
11.721|0|4|9|14
0|1|5|9|14
3.701|0|5|9|14
6.395|1|8|9|14
35.086|0|8|9|14
0|1|11|0|15
0.161|0|11|0|15
0|1|13|0|15
3.701|0|13|0|15
0|1|2|0|15
0.161|0|2|0|15
0|1|5|0|15
0.982|0|5|0|15
3.132|1|6|0|15
35.086|0|6|0|15
68.451|0|7|0|15
61.828|1|7|0|15
0|1|10|2|15
0.982|0|10|2|15
0|1|4|2|15
3.701|0|4|2|15
0|1|6|2|15
3.701|0|6|2|15
4.174|1|9|2|15
35.086|0|9|2|15
0|1|2|3|15
0.161|0|2|3|15
68.451|0|3|3|15
48.596|1|3|3|15
4.023|1|0|0|16
35.086|0|0|0|16
9.998|1|1|0|16
35.086|0|1|0|16
3.252|1|10|0|16
35.086|0|10|0|16
0|1|11|0|16
3.701|0|11|0|16
68.451|0|13|0|16
61.191|1|13|0|16
3.582|1|3|0|16
35.086|0|3|0|16
68.451|0|7|0|16
32.426|1|7|0|16
0|1|1|1|16
0.161|0|1|1|16
4.118|1|7|1|16
35.086|0|7|1|16
0|1|9|1|16
3.701|0|9|1|16
0|1|0|10|16
3.701|0|0|10|16
27.084|1|2|10|16
11.721|0|2|10|16
6.212|1|4|10|16
35.086|0|4|10|16
68.451|0|8|10|16
54.572|1|8|10|16
68.451|0|9|10|16
60.975|1|9|10|16
68.451|0|0|3|16
36.879|1|0|3|16
0|1|1|3|16
0.982|0|1|3|16
3.903|1|2|3|16
35.086|0|2|3|16
0|1|4|4|16
0.161|0|4|4|16
40.741|1|1|5|16
11.721|0|1|5|16
0|1|4|5|16
3.701|0|4|5|16
0|1|6|5|16
3.701|0|6|5|16
0|1|2|6|16
3.701|0|2|6|16
68.451|0|3|6|16
26.033|1|3|6|16
0|1|5|6|16
0.982|0|5|6|16
0|1|0|7|16
3.701|0|0|7|16
68.451|0|2|7|16
18.595|1|2|7|16
21.495|1|3|7|16
11.721|0|3|7|16
0|1|0|8|16
0.161|0|0|8|16
3.046|1|1|8|16
35.086|0|1|8|16
0|1|6|8|16
0.161|0|6|8|16
0|1|8|8|16
3.701|0|8|8|16
0|1|0|9|16
0.982|0|0|9|16
10.691|1|2|9|16
11.721|0|2|9|16
3.067|1|2|0|17
35.086|0|2|0|17
0|1|3|0|17
0.982|0|3|0|17
68.451|0|0|1|17
37.8|1|0|1|17
11.825|1|3|1|17
11.721|0|3|1|17
0|1|6|1|17
3.701|0|6|1|17
10.241|1|2|2|17
35.086|0|2|2|17
0|1|3|0|18
0.982|0|3|0|18
8.736|1|4|0|18
11.721|0|4|0|18
68.451|0|3|1|18
54.807|1|3|1|18
68.451|0|0|2|18
35.492|1|0|2|18
7.177|1|5|2|18
11.721|0|5|2|18
0|1|2|3|18
3.701|0|2|3|18
0|1|3|3|18
3.701|0|3|3|18
68.451|0|5|3|18
26.804|1|5|3|18
10.876|1|8|3|18
11.721|0|8|3|18
0|1|1|4|18
0.982|0|1|4|18
68.451|0|2|4|18
45.956|1|2|4|18
26.019|1|3|4|18
11.721|0|3|4|18
0|1|5|4|18
0.982|0|5|4|18
0|1|6|4|18
0.982|0|6|4|18
0|1|2|0|19
0.161|0|2|0|19
0|1|5|0|19
3.701|0|5|0|19
21.917|1|13|0|2
11.721|0|13|0|2
0|1|2|0|2
0.161|0|2|0|2
0|1|5|0|2
3.701|0|5|0|2
0|1|6|0|2
0.982|0|6|0|2
0|1|7|0|2
0.161|0|7|0|2
23.864|1|1|1|2
11.721|0|1|1|2
68.451|0|0|2|2
47.933|1|0|2|2
0|1|2|2|2
0.161|0|2|2|2
68.451|0|7|2|2
33.241|1|7|2|2
68.451|0|1|3|2
20.495|1|1|3|2
0|1|0|4|2
0.161|0|0|4|2
68.451|0|1|4|2
69.148|1|1|4|2
0|1|3|4|2
0.982|0|3|4|2
0|1|4|4|2
3.701|0|4|4|2
3.189|1|0|5|2
35.086|0|0|5|2
24.551|1|4|5|2
11.721|0|4|5|2
13.785|1|7|5|2
35.086|0|7|5|2
0|1|8|5|2
0.982|0|8|5|2
0|1|0|0|20
0.161|0|0|0|20
0|1|5|0|20
0.982|0|5|0|20
6.349|1|6|0|20
35.086|0|6|0|20
0|1|0|1|20
0.161|0|0|1|20
6.823|1|2|1|20
11.721|0|2|1|20
68.451|0|3|1|20
20.813|1|3|1|20
68.451|0|10|4|20
23.183|1|10|4|20
0|1|5|4|20
0.161|0|5|4|20
10.325|1|6|4|20
35.086|0|6|4|20
0|1|3|5|20
3.701|0|3|5|20
68.451|0|6|5|20
132.911|1|6|5|20
68.451|0|1|6|20
61.83|1|1|6|20
9.926|1|2|6|20
35.086|0|2|6|20
68.451|0|4|6|20
71.215|1|4|6|20
0|1|5|6|20
0.161|0|5|6|20
68.451|0|6|6|20
31.236|1|6|6|20
0|1|7|6|20
0.982|0|7|6|20
0|1|2|7|20
3.701|0|2|7|20
68.451|0|3|7|20
29.039|1|3|7|20
0|1|6|7|20
0.161|0|6|7|20
68.451|0|1|0|21
17.432|1|1|0|21
68.451|0|2|0|21
27.523|1|2|0|21
0|1|1|1|21
3.701|0|1|1|21
0|1|0|10|21
0.161|0|0|10|21
6.259|1|10|10|21
11.721|0|10|10|21
9|1|13|10|21
35.086|0|13|10|21
68.451|0|4|10|21
28.532|1|4|10|21
0|1|5|10|21
3.701|0|5|10|21
7.238|1|6|10|21
35.086|0|6|10|21
0|1|7|10|21
0.161|0|7|10|21
28.911|1|8|10|21
11.721|0|8|10|21
19.055|1|9|10|21
11.721|0|9|10|21
0|1|5|11|21
3.701|0|5|11|21
0|1|0|12|21
0.982|0|0|12|21
0|1|5|12|21
0.982|0|5|12|21
8.308|1|6|12|21
11.721|0|6|12|21
17.985|1|10|13|21
11.721|0|10|13|21
0|1|12|13|21
3.701|0|12|13|21
0|1|2|13|21
0.982|0|2|13|21
0|1|5|13|21
3.701|0|5|13|21
0|1|8|13|21
0.161|0|8|13|21
0|1|0|2|21
0.982|0|0|2|21
0|1|1|2|21
0.982|0|1|2|21
2.996|1|10|3|21
35.086|0|10|3|21
17.384|1|11|3|21
11.721|0|11|3|21
0|1|2|3|21
0.161|0|2|3|21
20.433|1|3|3|21
11.721|0|3|3|21
0|1|5|3|21
0.982|0|5|3|21
0|1|6|3|21
0.982|0|6|3|21
68.451|0|7|3|21
32.267|1|7|3|21
68.451|0|1|4|21
47.684|1|1|4|21
0|1|10|4|21
0.161|0|10|4|21
0|1|11|4|21
0.161|0|11|4|21
0|1|2|4|21
0.161|0|2|4|21
7.209|1|6|4|21
35.086|0|6|4|21
68.451|0|9|4|21
31.177|1|9|4|21
0|1|3|5|21
0.161|0|3|5|21
0|1|10|6|21
0.982|0|10|6|21
8.654|1|11|6|21
35.086|0|11|6|21
68.451|0|12|6|21
64.338|1|12|6|21
68.451|0|13|6|21
62.794|1|13|6|21
0|1|2|6|21
0.161|0|2|6|21
16.292|1|3|6|21
11.721|0|3|6|21
68.451|0|5|6|21
32.946|1|5|6|21
0|1|6|6|21
0.982|0|6|6|21
35.655|1|8|6|21
11.721|0|8|6|21
11.15|1|9|6|21
11.721|0|9|6|21
0|1|4|7|21
0.161|0|4|7|21
68.451|0|0|8|21
52.508|1|0|8|21
0|1|1|8|21
0.982|0|1|8|21
0|1|2|8|21
0.982|0|2|8|21
0|1|5|8|21
0.161|0|5|8|21
0|1|7|8|21
0.982|0|7|8|21
0|1|8|8|21
0.982|0|8|8|21
13.391|1|0|9|21
11.721|0|0|9|21
0|1|2|9|21
3.701|0|2|9|21
68.451|0|4|9|21
45.113|1|4|9|21
0|1|6|9|21
0.982|0|6|9|21
7.182|1|8|9|21
11.721|0|8|9|21
68.451|0|2|0|22
34.954|1|2|0|22
0|1|3|0|22
3.701|0|3|0|22
12.424|1|5|0|22
11.721|0|5|0|22
0|1|0|1|22
3.701|0|0|1|22
0|1|2|1|22
3.701|0|2|1|22
0|1|0|2|22
0.982|0|0|2|22
2.497|1|10|2|22
35.086|0|10|2|22
68.451|0|13|2|22
51.691|1|13|2|22
9.787|1|4|2|22
11.721|0|4|2|22
20.544|1|6|2|22
11.721|0|6|2|22
0|1|9|2|22
3.701|0|9|2|22
68.451|0|0|3|22
17.632|1|0|3|22
0|1|2|3|22
0.161|0|2|3|22
68.451|0|3|3|22
18.026|1|3|3|22
0|1|6|3|22
3.701|0|6|3|22
0|1|2|0|23
3.701|0|2|0|23
12.227|1|1|1|23
11.721|0|1|1|23
4.388|1|2|1|23
35.086|0|2|1|23
0|1|4|1|23
0.161|0|4|1|23
6.185|1|6|1|23
35.086|0|6|1|23
3.598|1|0|2|23
35.086|0|0|2|23
6.228|1|2|3|23
35.086|0|2|3|23
6.204|1|4|3|23
35.086|0|4|3|23
4.71|1|10|0|24
35.086|0|10|0|24
68.451|0|11|0|24
59.269|1|11|0|24
8.446|1|13|0|24
35.086|0|13|0|24
0|1|2|0|24
0.982|0|2|0|24
6.626|1|4|0|24
11.721|0|4|0|24
0|1|6|0|24
0.982|0|6|0|24
68.451|0|8|0|24
24.911|1|8|0|24
12.475|1|9|0|24
11.721|0|9|0|24
6.379|1|0|1|24
35.086|0|0|1|24
6.945|1|2|1|24
35.086|0|2|1|24
5.248|1|0|3|24
35.086|0|0|3|24
12.749|1|3|3|24
11.721|0|3|3|24
68.451|0|5|3|24
43.815|1|5|3|24
0|1|0|4|24
3.701|0|0|4|24
68.451|0|1|4|24
26.896|1|1|4|24
6.992|1|1|5|24
35.086|0|1|5|24
0|1|2|5|24
0.161|0|2|5|24
0|1|0|6|24
0.161|0|0|6|24
68.451|0|1|6|24
35.474|1|1|6|24
68.451|0|2|6|24
32.385|1|2|6|24
10.511|1|3|6|24
35.086|0|3|6|24
68.451|0|1|7|24
40.243|1|1|7|24
0|1|1|0|25
3.701|0|1|0|25
0|1|2|0|25
3.701|0|2|0|25
68.451|0|7|0|25
38.052|1|7|0|25
2.303|1|8|0|25
35.086|0|8|0|25
0|1|12|1|25
0.982|0|12|1|25
3.933|1|6|1|25
35.086|0|6|1|25
0|1|8|1|25
0.982|0|8|1|25
7.5|1|0|3|25
35.086|0|0|3|25
0|1|1|3|25
0.982|0|1|3|25
0|1|4|3|25
0.161|0|4|3|25
0|1|3|4|25
0.161|0|3|4|25
68.451|0|5|4|25
36.047|1|5|4|25
12.184|1|7|4|25
35.086|0|7|4|25
7.992|1|0|5|25
11.721|0|0|5|25
0|1|0|0|26
0.161|0|0|0|26
5.19|1|4|0|26
35.086|0|4|0|26
0|1|1|2|26
0.161|0|1|2|26
6.425|1|4|2|26
35.086|0|4|2|26
5.51|1|6|2|26
11.721|0|6|2|26
12.189|1|3|3|26
11.721|0|3|3|26
8.484|1|5|3|26
35.086|0|5|3|26
0|1|7|3|26
0.982|0|7|3|26
0|1|10|4|26
3.701|0|10|4|26
68.451|0|11|4|26
30.668|1|11|4|26
68.451|0|12|4|26
106.127|1|12|4|26
0|1|2|4|26
0.161|0|2|4|26
0|1|4|4|26
0.161|0|4|4|26
16.735|1|7|4|26
11.721|0|7|4|26
0|1|1|5|26
0.161|0|1|5|26
0|1|2|5|26
0.982|0|2|5|26
0|1|4|5|26
3.701|0|4|5|26
68.451|0|7|5|26
34.192|1|7|5|26
10.245|1|0|0|27
35.086|0|0|0|27
0|1|1|0|27
0.161|0|1|0|27
21.5|1|1|1|27
11.721|0|1|1|27
0|1|2|1|27
0.161|0|2|1|27
68.451|0|4|1|27
46.11|1|4|1|27
0|1|5|1|27
0.161|0|5|1|27
0|1|7|1|27
0.982|0|7|1|27
0|1|2|2|27
0.161|0|2|2|27
12.515|1|0|3|27
11.721|0|0|3|27
2.838|1|1|3|27
35.086|0|1|3|27
0|1|2|4|27
0.161|0|2|4|27
0|1|3|5|27
0.161|0|3|5|27
0|1|9|5|27
3.701|0|9|5|27
0|1|1|6|27
3.701|0|1|6|27
0|1|4|6|27
0.161|0|4|6|27
68.451|0|1|7|27
31.987|1|1|7|27
15.594|1|4|7|27
11.721|0|4|7|27
9.936|1|6|7|27
35.086|0|6|7|27
0|1|0|8|27
0.161|0|0|8|27
13.238|1|3|9|27
35.086|0|3|9|27
4.533|1|4|9|27
35.086|0|4|9|27
4.151|1|5|9|27
35.086|0|5|9|27
0|1|6|9|27
3.701|0|6|9|27
18.013|1|0|0|28
11.721|0|0|0|28
3.309|1|1|0|28
35.086|0|1|0|28
0|1|2|0|28
3.701|0|2|0|28
0|1|5|0|28
3.701|0|5|0|28
0|1|2|1|28
3.701|0|2|1|28
0|1|4|1|28
0.161|0|4|1|28
8.346|1|2|10|28
11.721|0|2|10|28
9.403|1|0|12|28
11.721|0|0|12|28
9.38|1|1|12|28
35.086|0|1|12|28
68.451|0|2|12|28
27.399|1|2|12|28
3.187|1|3|12|28
35.086|0|3|12|28
0|1|6|12|28
3.701|0|6|12|28
0|1|3|13|28
0.982|0|3|13|28
68.451|0|4|13|28
33.573|1|4|13|28
0|1|0|14|28
0.982|0|0|14|28
5.405|1|5|14|28
35.086|0|5|14|28
0|1|6|14|28
0.161|0|6|14|28
68.451|0|0|15|28
21.633|1|0|15|28
6.252|1|1|15|28
35.086|0|1|15|28
19.476|1|4|15|28
11.721|0|4|15|28
4.986|1|5|15|28
35.086|0|5|15|28
24.163|1|0|16|28
11.721|0|0|16|28
0|1|1|16|28
0.982|0|1|16|28
0|1|2|16|28
0.982|0|2|16|28
0|1|5|16|28
0.161|0|5|16|28
68.451|0|0|17|28
34.239|1|0|17|28
0|1|2|17|28
3.701|0|2|17|28
68.451|0|3|17|28
40.548|1|3|17|28
0|1|0|2|28
0.982|0|0|2|28
13.204|1|1|2|28
11.721|0|1|2|28
0|1|3|2|28
3.701|0|3|2|28
6.031|1|4|2|28
11.721|0|4|2|28
0|1|0|3|28
0.982|0|0|3|28
6.734|1|1|3|28
35.086|0|1|3|28
0|1|2|3|28
0.982|0|2|3|28
68.451|0|5|3|28
17.193|1|5|3|28
9.721|1|6|3|28
11.721|0|6|3|28
68.451|0|10|4|28
31.458|1|10|4|28
2.812|1|4|4|28
35.086|0|4|4|28
68.451|0|5|4|28
47.954|1|5|4|28
0|1|6|4|28
0.982|0|6|4|28
0|1|0|5|28
0.161|0|0|5|28
9.948|1|2|5|28
11.721|0|2|5|28
18.203|1|4|5|28
11.721|0|4|5|28
0|1|1|6|28
0.161|0|1|6|28
27.292|1|3|6|28
11.721|0|3|6|28
8.057|1|4|6|28
11.721|0|4|6|28
7.51|1|6|6|28
35.086|0|6|6|28
0|1|7|6|28
3.701|0|7|6|28
0|1|8|6|28
0.982|0|8|6|28
68.451|0|4|7|28
40.808|1|4|7|28
0|1|11|9|28
0.161|0|11|9|28
0|1|12|9|28
0.161|0|12|9|28
0|1|3|9|28
0.982|0|3|9|28
0|1|7|9|28
0.982|0|7|9|28
7.269|1|1|0|29
11.721|0|1|0|29
0|1|11|0|29
3.701|0|11|0|29
0|1|13|0|29
0.982|0|13|0|29
0|1|2|0|29
0.982|0|2|0|29
7.553|1|5|0|29
11.721|0|5|0|29
0|1|6|0|29
0.982|0|6|0|29
0|1|9|0|29
3.701|0|9|0|29
0|1|1|1|29
0.982|0|1|1|29
15.52|1|0|2|29
11.721|0|0|2|29
16.015|1|2|2|29
11.721|0|2|2|29
0|1|11|0|3
0.161|0|11|0|3
13.202|1|13|0|3
35.086|0|13|0|3
68.451|0|4|0|3
28.467|1|4|0|3
0|1|5|0|3
0.982|0|5|0|3
0|1|7|0|3
0.161|0|7|0|3
0|1|8|0|3
0.161|0|8|0|3
0|1|1|1|3
3.701|0|1|1|3
0|1|2|1|3
3.701|0|2|1|3
9.246|1|4|1|3
11.721|0|4|1|3
68.451|0|3|2|3
24.712|1|3|2|3
0|1|4|2|3
3.701|0|4|2|3
0|1|5|2|3
3.701|0|5|2|3
68.451|0|10|3|3
31.04|1|10|3|3
68.451|0|11|3|3
29.541|1|11|3|3
0|1|13|3|3
0.161|0|13|3|3
3.963|1|2|3|3
35.086|0|2|3|3
18.823|1|3|3|3
11.721|0|3|3|3
0|1|7|3|3
3.701|0|7|3|3
68.451|0|0|0|30
86.264|1|0|0|30
68.451|0|2|0|31
39.512|1|2|0|31
0|1|4|0|31
0.161|0|4|0|31
26.124|1|0|0|32
11.721|0|0|0|32
0|1|2|0|32
0.982|0|2|0|32
15.444|1|3|0|32
35.086|0|3|0|32
0|1|4|0|32
0.161|0|4|0|32
68.451|0|7|0|32
39.116|1|7|0|32
28.814|1|0|10|32
11.721|0|0|10|32
0|1|1|10|32
0.161|0|1|10|32
0|1|0|11|32
0.982|0|0|11|32
0|1|1|11|32
0.982|0|1|11|32
5.731|1|3|12|32
11.721|0|3|12|32
0|1|8|12|32
0.161|0|8|12|32
0|1|10|13|32
3.701|0|10|13|32
0|1|11|13|32
0.982|0|11|13|32
0|1|2|13|32
0.161|0|2|13|32
68.451|0|3|13|32
73.051|1|3|13|32
68.451|0|7|13|32
20.733|1|7|13|32
6.162|1|8|13|32
35.086|0|8|13|32
68.451|0|1|2|32
16.175|1|1|2|32
10.991|1|0|4|32
35.086|0|0|4|32
0|1|10|4|32
0.982|0|10|4|32
0|1|6|4|32
0.982|0|6|4|32
0|1|8|4|32
3.701|0|8|4|32
68.451|0|11|5|32
31.321|1|11|5|32
0|1|13|5|32
0.982|0|13|5|32
0|1|4|5|32
3.701|0|4|5|32
0|1|5|5|32
0.161|0|5|5|32
0|1|6|5|32
0.982|0|6|5|32
0|1|9|5|32
3.701|0|9|5|32
0|1|0|6|32
3.701|0|0|6|32
0|1|2|6|32
3.701|0|2|6|32
8.885|1|6|6|32
11.721|0|6|6|32
68.451|0|9|6|32
77.934|1|9|6|32
68.451|0|3|7|32
52.223|1|3|7|32
21.817|1|4|7|32
11.721|0|4|7|32
6.58|1|8|7|32
35.086|0|8|7|32
6.992|1|2|9|32
35.086|0|2|9|32
0|1|5|9|32
3.701|0|5|9|32
68.451|0|0|0|33
16.369|1|0|0|33
15.716|1|1|1|33
11.721|0|1|1|33
4.018|1|11|1|33
35.086|0|11|1|33
68.451|0|12|1|33
44.981|1|12|1|33
0|1|13|1|33
3.701|0|13|1|33
68.451|0|3|1|33
86.303|1|3|1|33
11.778|1|5|1|33
11.721|0|5|1|33
68.451|0|8|1|33
23.592|1|8|1|33
0|1|2|10|33
3.701|0|2|10|33
0|1|3|10|33
0.982|0|3|10|33
68.451|0|6|10|33
14.063|1|6|10|33
9.781|1|1|11|33
11.721|0|1|11|33
20.626|1|3|11|33
11.721|0|3|11|33
0|1|5|2|33
3.701|0|5|2|33
13.39|1|0|3|33
35.086|0|0|3|33
68.451|0|1|3|33
26.239|1|1|3|33
12.547|1|3|3|33
11.721|0|3|3|33
0|1|0|4|33
0.982|0|0|4|33
0|1|2|4|33
0.161|0|2|4|33
13.122|1|3|4|33
11.721|0|3|4|33
4.438|1|1|5|33
35.086|0|1|5|33
68.451|0|2|5|33
35.706|1|2|5|33
0|1|4|5|33
0.982|0|4|5|33
0|1|1|6|33
0.982|0|1|6|33
6.026|1|0|7|33
35.086|0|0|7|33
0|1|2|7|33
0.982|0|2|7|33
8.942|1|3|7|33
11.721|0|3|7|33
68.451|0|5|8|33
29.551|1|5|8|33
0|1|6|8|33
3.701|0|6|8|33
0|1|7|8|33
0.161|0|7|8|33
15.713|1|0|9|33
11.721|0|0|9|33
3.425|1|1|9|33
35.086|0|1|9|33
68.451|0|2|9|33
80.896|1|2|9|33
0|1|3|9|33
0.982|0|3|9|33
11.664|1|7|9|33
11.721|0|7|9|33
23.171|1|9|9|33
11.721|0|9|9|33
0|1|0|0|34
3.701|0|0|0|34
68.451|0|2|0|34
29.448|1|2|0|34
0|1|3|0|34
0.982|0|3|0|34
4.156|1|1|1|34
35.086|0|1|1|34
0|1|0|2|34
0.982|0|0|2|34
28.836|1|1|2|34
11.721|0|1|2|34
68.451|0|2|2|34
93.793|1|2|2|34
10.913|1|3|2|34
11.721|0|3|2|34
68.451|0|4|2|34
19.703|1|4|2|34
14.905|1|0|3|34
35.086|0|0|3|34
0|1|1|3|34
3.701|0|1|3|34
0|1|1|4|34
0.982|0|1|4|34
68.451|0|3|5|34
30.03|1|3|5|34
0|1|4|5|34
0.161|0|4|5|34
8.868|1|0|0|35
35.086|0|0|0|35
10.146|1|1|0|35
11.721|0|1|0|35
68.451|0|11|0|35
21.068|1|11|0|35
10.112|1|13|0|35
35.086|0|13|0|35
0|1|2|0|35
0.982|0|2|0|35
0|1|6|0|35
0.982|0|6|0|35
0|1|8|0|35
0.161|0|8|0|35
0|1|12|2|35
0.982|0|12|2|35
0|1|3|2|35
3.701|0|3|2|35
14.056|1|4|2|35
11.721|0|4|2|35
2.27|1|5|2|35
35.086|0|5|2|35
3.335|1|6|2|35
35.086|0|6|2|35
4.616|1|8|2|35
35.086|0|8|2|35
10.958|1|0|3|35
11.721|0|0|3|35
0|1|1|3|35
3.701|0|1|3|35
4.824|1|0|0|36
35.086|0|0|0|36
0|1|10|0|36
0.161|0|10|0|36
0|1|2|0|36
3.701|0|2|0|36
0|1|4|0|36
0.161|0|4|0|36
0|1|7|0|36
0.161|0|7|0|36
12.479|1|8|0|36
35.086|0|8|0|36
0|1|1|1|36
0.982|0|1|1|36
0|1|11|1|36
3.701|0|11|1|36
0|1|2|1|36
0.982|0|2|1|36
68.451|0|5|1|36
67.227|1|5|1|36
0|1|7|1|36
0.982|0|7|1|36
0|1|9|1|36
0.161|0|9|1|36
0|1|2|2|36
0.161|0|2|2|36
0|1|4|2|36
0.982|0|4|2|36
0|1|6|2|36
0.982|0|6|2|36
7.658|1|7|2|36
35.086|0|7|2|36
0|1|2|3|36
3.701|0|2|3|36
0|1|1|5|36
0.982|0|1|5|36
18.722|1|2|5|36
11.721|0|2|5|36
0|1|9|5|36
0.161|0|9|5|36
7.215|1|1|6|36
11.721|0|1|6|36
0|1|2|6|36
3.701|0|2|6|36
0|1|4|6|36
0.161|0|4|6|36
0|1|2|0|37
3.701|0|2|0|37
4.179|1|3|0|37
35.086|0|3|0|37
8.355|1|4|0|37
35.086|0|4|0|37
5.067|1|0|1|37
35.086|0|0|1|37
68.451|0|10|2|37
25.933|1|10|2|37
13.98|1|11|2|37
11.721|0|11|2|37
0|1|5|2|37
0.161|0|5|2|37
0|1|6|2|37
3.701|0|6|2|37
0|1|9|2|37
0.161|0|9|2|37
0|1|2|3|37
0.161|0|2|3|37
68.451|0|1|4|37
33.206|1|1|4|37
68.451|0|5|4|37
18.697|1|5|4|37
0|1|7|4|37
3.701|0|7|4|37
11.969|1|13|5|37
11.721|0|13|5|37
0|1|2|5|37
0.982|0|2|5|37
0|1|3|5|37
3.701|0|3|5|37
0|1|5|5|37
0.161|0|5|5|37
19.183|1|7|5|37
11.721|0|7|5|37
0|1|9|5|37
3.701|0|9|5|37
0|1|0|6|37
3.701|0|0|6|37
68.451|0|2|6|37
16.956|1|2|6|37
0|1|3|6|37
0.982|0|3|6|37
0|1|5|6|37
3.701|0|5|6|37
0|1|7|6|37
0.982|0|7|6|37
0|1|3|7|37
0.982|0|3|7|37
2.616|1|6|7|37
35.086|0|6|7|37
0|1|7|7|37
3.701|0|7|7|37
68.451|0|9|7|37
40.798|1|9|7|37
10.705|1|0|8|37
11.721|0|0|8|37
10.797|1|1|8|37
11.721|0|1|8|37
10.343|1|2|8|37
11.721|0|2|8|37
68.451|0|0|0|38
34.458|1|0|0|38
0|1|1|0|38
0.982|0|1|0|38
68.451|0|1|10|38
22.163|1|1|10|38
0|1|1|2|38
3.701|0|1|2|38
68.451|0|4|2|38
75.589|1|4|2|38
0|1|5|2|38
0.161|0|5|2|38
0|1|0|3|38
0.161|0|0|3|38
68.451|0|1|3|38
46.7|1|1|3|38
0|1|2|3|38
0.982|0|2|3|38
8.665|1|3|3|38
35.086|0|3|3|38
0|1|4|3|38
0.161|0|4|3|38
0|1|0|4|38
0.161|0|0|4|38
0|1|3|4|38
0.161|0|3|4|38
7.036|1|4|4|38
35.086|0|4|4|38
0|1|0|5|38
0.161|0|0|5|38
4.908|1|2|5|38
35.086|0|2|5|38
9.436|1|0|6|38
11.721|0|0|6|38
0|1|1|6|38
3.701|0|1|6|38
0|1|0|8|38
3.701|0|0|8|38
4.909|1|1|8|38
35.086|0|1|8|38
68.451|0|0|9|38
21.642|1|0|9|38
0|1|3|9|38
3.701|0|3|9|38
0|1|1|0|39
3.701|0|1|0|39
0|1|4|0|39
0.982|0|4|0|39
68.451|0|1|1|39
21.632|1|1|1|39
0|1|3|1|39
0.982|0|3|1|39
0|1|5|1|39
0.982|0|5|1|39
0|1|6|1|39
3.701|0|6|1|39
0|1|0|10|39
0.982|0|0|10|39
0|1|1|10|39
0.982|0|1|10|39
5.998|1|2|10|39
35.086|0|2|10|39
0|1|0|11|39
3.701|0|0|11|39
68.451|0|1|11|39
46.799|1|1|11|39
68.451|0|11|11|39
20.409|1|11|11|39
68.451|0|13|11|39
40.187|1|13|11|39
0|1|2|11|39
0.161|0|2|11|39
8.697|1|3|11|39
11.721|0|3|11|39
11.332|1|4|11|39
11.721|0|4|11|39
0|1|9|11|39
3.701|0|9|11|39
68.451|0|1|12|39
18.075|1|1|12|39
12.184|1|4|12|39
11.721|0|4|12|39
0|1|12|13|39
3.701|0|12|13|39
0|1|2|13|39
3.701|0|2|13|39
0|1|3|13|39
0.982|0|3|13|39
0|1|4|13|39
0.982|0|4|13|39
0|1|5|13|39
3.701|0|5|13|39
0|1|6|13|39
3.701|0|6|13|39
0|1|2|14|39
0.982|0|2|14|39
8.211|1|8|14|39
35.086|0|8|14|39
15.158|1|0|2|39
11.721|0|0|2|39
5.25|1|2|2|39
35.086|0|2|2|39
0|1|3|2|39
0.982|0|3|2|39
68.451|0|5|2|39
21.527|1|5|2|39
9.066|1|8|2|39
35.086|0|8|2|39
9.083|1|9|2|39
11.721|0|9|2|39
68.451|0|3|4|39
40.373|1|3|4|39
68.451|0|2|5|39
25.733|1|2|5|39
68.451|0|3|6|39
36.946|1|3|6|39
5.751|1|7|6|39
35.086|0|7|6|39
68.451|0|1|7|39
63.018|1|1|7|39
0|1|5|7|39
0.161|0|5|7|39
0|1|6|7|39
0.161|0|6|7|39
7.605|1|8|7|39
35.086|0|8|7|39
6.256|1|10|8|39
35.086|0|10|8|39
10.658|1|13|8|39
35.086|0|13|8|39
3.509|1|4|8|39
35.086|0|4|8|39
0|1|6|8|39
0.161|0|6|8|39
0|1|1|9|39
0.161|0|1|9|39
0|1|2|0|4
0.982|0|2|0|4
0|1|4|0|4
3.701|0|4|0|4
0|1|5|0|4
0.161|0|5|0|4
9.249|1|7|0|4
35.086|0|7|0|4
8.213|1|8|0|4
35.086|0|8|0|4
68.451|0|0|1|4
74.019|1|0|1|4
68.451|0|1|1|4
42.044|1|1|1|4
0|1|1|10|4
0.982|0|1|10|4
0|1|2|10|4
0.161|0|2|10|4
0|1|3|10|4
0.161|0|3|10|4
0|1|1|11|4
0.161|0|1|11|4
68.451|0|2|11|4
41.029|1|2|11|4
0|1|3|11|4
0.982|0|3|11|4
68.451|0|0|12|4
23.297|1|0|12|4
68.451|0|12|12|4
37.446|1|12|12|4
19.696|1|4|12|4
11.721|0|4|12|4
0|1|5|12|4
0.982|0|5|12|4
21.084|1|7|12|4
11.721|0|7|12|4
0|1|3|13|4
0.161|0|3|13|4
68.451|0|5|13|4
16.692|1|5|13|4
4.551|1|8|13|4
35.086|0|8|13|4
14.917|1|9|13|4
11.721|0|9|13|4
0|1|0|2|4
0.161|0|0|2|4
19.495|1|2|2|4
11.721|0|2|2|4
2.65|1|0|3|4
35.086|0|0|3|4
29.895|1|1|3|4
11.721|0|1|3|4
68.451|0|2|3|4
25.541|1|2|3|4
0|1|3|3|4
0.982|0|3|3|4
68.451|0|4|3|4
55.767|1|4|3|4
0|1|5|3|4
0.161|0|5|3|4
0|1|0|4|4
0.161|0|0|4|4
23.715|1|1|4|4
11.721|0|1|4|4
68.451|0|10|4|4
48.011|1|10|4|4
0|1|5|4|4
3.701|0|5|4|4
0|1|6|4|4
0.982|0|6|4|4
68.451|0|9|4|4
53.663|1|9|4|4
0|1|1|5|4
0.161|0|1|5|4
68.451|0|4|5|4
78.589|1|4|5|4
5.105|1|5|5|4
35.086|0|5|5|4
0|1|6|5|4
0.982|0|6|5|4
0|1|7|5|4
3.701|0|7|5|4
0|1|8|5|4
3.701|0|8|5|4
3.757|1|0|6|4
35.086|0|0|6|4
68.451|0|0|7|4
51.443|1|0|7|4
68.451|0|3|7|4
20.401|1|3|7|4
68.451|0|5|7|4
40.622|1|5|7|4
0|1|8|7|4
3.701|0|8|7|4
0|1|1|8|4
3.701|0|1|8|4
0|1|2|8|4
0.161|0|2|8|4
0|1|2|9|4
3.701|0|2|9|4
31.96|1|3|9|4
11.721|0|3|9|4
13.498|1|5|9|4
11.721|0|5|9|4
0|1|6|9|4
0.982|0|6|9|4
14.11|1|3|0|5
11.721|0|3|0|5
68.451|0|5|1|5
36.635|1|5|1|5
0|1|6|1|5
0.982|0|6|1|5
0|1|3|0|6
3.701|0|3|0|6
0|1|1|1|6
3.701|0|1|1|6
68.451|0|2|1|6
28.199|1|2|1|6
0|1|3|1|6
3.701|0|3|1|6
0|1|6|1|6
0.982|0|6|1|6
0|1|8|1|6
0.982|0|8|1|6
0|1|1|2|6
0.982|0|1|2|6
19.409|1|2|2|6
11.721|0|2|2|6
2.557|1|3|2|6
35.086|0|3|2|6
0|1|2|3|6
0.161|0|2|3|6
0|1|4|3|6
0.982|0|4|3|6
0|1|8|3|6
0.161|0|8|3|6
0|1|0|0|7
0.982|0|0|0|7
68.451|0|5|0|7
24.561|1|5|0|7
0|1|6|0|7
0.161|0|6|0|7
0|1|0|1|7
0.982|0|0|1|7
0|1|1|1|7
0.161|0|1|1|7
7.067|1|3|10|7
35.086|0|3|10|7
0|1|7|10|7
0.982|0|7|10|7
11.222|1|1|2|7
11.721|0|1|2|7
5.411|1|10|2|7
11.721|0|10|2|7
0|1|4|2|7
3.701|0|4|2|7
0|1|6|2|7
3.701|0|6|2|7
0|1|8|2|7
3.701|0|8|2|7
14.554|1|9|2|7
35.086|0|9|2|7
0|1|0|3|7
0.161|0|0|3|7
0|1|2|3|7
0.161|0|2|3|7
68.451|0|3|3|7
57.722|1|3|3|7
68.451|0|5|3|7
34.095|1|5|3|7
0|1|9|3|7
3.701|0|9|3|7
0|1|0|4|7
0.982|0|0|4|7
0|1|1|4|7
0.982|0|1|4|7
0|1|1|7|7
3.701|0|1|7|7
12.181|1|2|7|7
11.721|0|2|7|7
0|1|3|7|7
0.982|0|3|7|7
68.451|0|4|7|7
50.761|1|4|7|7
0|1|5|7|7
0.161|0|5|7|7
11.67|1|6|7|7
35.086|0|6|7|7
0|1|7|7|7
3.701|0|7|7|7
0|1|0|8|7
0.982|0|0|8|7
68.451|0|1|8|7
42.561|1|1|8|7
68.451|0|2|8|7
15.742|1|2|8|7
5.927|1|3|8|7
35.086|0|3|8|7
15.891|1|4|8|7
11.721|0|4|8|7
0|1|0|9|7
0.161|0|0|9|7
0|1|1|9|7
0.161|0|1|9|7
0|1|2|9|7
0.982|0|2|9|7
0|1|6|9|7
0.982|0|6|9|7
13.416|1|0|0|8
11.721|0|0|0|8
10.261|1|1|0|8
35.086|0|1|0|8
68.451|0|3|0|8
40.571|1|3|0|8
8.719|1|4|0|8
35.086|0|4|0|8
68.451|0|3|1|8
31.774|1|3|1|8
0|1|4|1|8
0.161|0|4|1|8
68.451|0|5|1|8
45.353|1|5|1|8
11.302|1|6|1|8
11.721|0|6|1|8
11.841|1|7|1|8
35.086|0|7|1|8
18.228|1|0|3|8
11.721|0|0|3|8
12.978|1|2|3|8
35.086|0|2|3|8
68.451|0|1|4|8
54.557|1|1|4|8
0|1|0|0|9
0.161|0|0|0|9
0|1|10|0|9
3.701|0|10|0|9
0|1|11|0|9
3.701|0|11|0|9
0|1|13|0|9
0.982|0|13|0|9
0|1|2|0|9
0.161|0|2|0|9
13.359|1|9|0|9
11.721|0|9|0|9
7.108|1|3|1|9
11.721|0|3|1|9
68.451|0|4|1|9
25.384|1|4|1|9
0|1|6|1|9
0.161|0|6|1|9
6.707|1|1|2|9
35.086|0|1|2|9
14.947|1|4|2|9
35.086|0|4|2|9
14.293|1|0|3|9
11.721|0|0|3|9
2.596|1|1|3|9
35.086|0|1|3|9
29.21|1|2|3|9
11.721|0|2|3|9
0|1|4|3|9
0.982|0|4|3|9
15.022|1|5|3|9
11.721|0|5|3|9
3.924|1|5|0|0
35.086|0|5|0|0
3.105|1|6|0|0
35.086|0|6|0|0
0|1|10|1|0
0.788|0|10|1|0
0|1|11|1|0
2.25|0|11|1|0
0|1|12|1|0
0.788|0|12|1|0
19.815|1|5|1|0
35.086|0|5|1|0
12.175|1|2|10|0
35.086|0|2|10|0
0|1|0|11|0
0.788|0|0|11|0
9.651|1|0|12|0
35.086|0|0|12|0
0|1|4|12|0
0.788|0|4|12|0
0|1|6|13|0
2.25|0|6|13|0
6.359|1|7|13|0
35.086|0|7|13|0
0|1|8|13|0
2.25|0|8|13|0
7.103|1|5|2|0
35.086|0|5|2|0
0|1|0|4|0
0.788|0|0|4|0
0|1|1|4|0
2.25|0|1|4|0
0|1|2|4|0
0.788|0|2|4|0
0|1|2|5|0
0.788|0|2|5|0
5.026|1|10|6|0
35.086|0|10|6|0
0|1|3|6|0
2.25|0|3|6|0
0|1|9|6|0
0.788|0|9|6|0
0|1|3|8|0
0.788|0|3|8|0
9.364|1|4|8|0
35.086|0|4|8|0
11.859|1|1|9|0
35.086|0|1|9|0
0|1|4|9|0
0.788|0|4|9|0
4.376|1|1|0|1
35.086|0|1|0|1
11.974|1|3|2|1
35.086|0|3|2|1
0|1|8|0|10
0.788|0|8|0|10
0|1|1|4|10
0.788|0|1|4|10
0|1|6|4|10
2.25|0|6|4|10
2.84|1|7|4|10
35.086|0|7|4|10
0|1|0|0|11
2.25|0|0|0|11
0|1|8|0|11
0.788|0|8|0|11
0|1|9|0|11
2.25|0|9|0|11
0|1|1|1|11
2.25|0|1|1|11
0|1|0|2|11
2.25|0|0|2|11
8.099|1|1|2|11
35.086|0|1|2|11
3.011|1|0|3|11
35.086|0|0|3|11
19.608|1|0|4|11
35.086|0|0|4|11
0|1|1|4|11
2.25|0|1|4|11
8.28|1|1|5|11
35.086|0|1|5|11
0|1|4|5|11
0.788|0|4|5|11
7.505|1|11|2|12
35.086|0|11|2|12
5.582|1|2|2|12
35.086|0|2|2|12
3.776|1|6|2|12
35.086|0|6|2|12
12.916|1|0|3|12
35.086|0|0|3|12
4.368|1|1|3|12
35.086|0|1|3|12
0|1|6|3|12
0.788|0|6|3|12
0|1|0|0|13
0.788|0|0|0|13
0|1|10|1|13
2.25|0|10|1|13
0|1|5|1|13
0.788|0|5|1|13
0|1|8|1|13
0.788|0|8|1|13
0|1|0|0|14
2.25|0|0|0|14
0|1|1|1|14
2.25|0|1|1|14
7.911|1|1|10|14
35.086|0|1|10|14
0|1|4|10|14
0.788|0|4|10|14
0|1|6|10|14
2.25|0|6|10|14
5.604|1|8|10|14
35.086|0|8|10|14
5.074|1|0|12|14
35.086|0|0|12|14
7.399|1|13|12|14
35.086|0|13|12|14
6.834|1|5|12|14
35.086|0|5|12|14
0|1|9|12|14
0.788|0|9|12|14
0|1|0|13|14
0.788|0|0|13|14
0|1|2|13|14
2.25|0|2|13|14
0|1|2|14|14
2.25|0|2|14|14
14.699|1|6|14|14
35.086|0|6|14|14
7.402|1|7|15|14
35.086|0|7|15|14
0|1|8|15|14
2.25|0|8|15|14
0|1|0|16|14
2.25|0|0|16|14
0|1|2|16|14
2.25|0|2|16|14
3.922|1|1|2|14
35.086|0|1|2|14
0|1|4|2|14
0.788|0|4|2|14
6.38|1|0|3|14
35.086|0|0|3|14
0|1|3|3|14
2.25|0|3|3|14
0|1|2|5|14
2.25|0|2|5|14
0|1|4|5|14
2.25|0|4|5|14
10.32|1|10|6|14
35.086|0|10|6|14
0|1|5|6|14
0.788|0|5|6|14
0|1|2|7|14
0.788|0|2|7|14
0|1|10|9|14
2.25|0|10|9|14
4.243|1|13|9|14
35.086|0|13|9|14
7.664|1|8|9|14
35.086|0|8|9|14
3.468|1|6|0|15
35.086|0|6|0|15
0|1|9|0|15
0.788|0|9|0|15
0|1|1|2|15
2.25|0|1|2|15
0|1|2|2|15
2.25|0|2|2|15
0|1|3|2|15
2.25|0|3|2|15
0|1|7|2|15
2.25|0|7|2|15
4.801|1|9|2|15
35.086|0|9|2|15
0|1|1|3|15
2.25|0|1|3|15
0|1|6|3|15
0.788|0|6|3|15
4.635|1|0|0|16
35.086|0|0|0|16
11.554|1|1|0|16
35.086|0|1|0|16
3.611|1|10|0|16
35.086|0|10|0|16
0|1|12|0|16
0.788|0|12|0|16
4.844|1|3|0|16
35.086|0|3|0|16
0|1|0|1|16
0.788|0|0|1|16
0|1|3|1|16
0.788|0|3|1|16
4.988|1|7|1|16
35.086|0|7|1|16
0|1|8|1|16
2.25|0|8|1|16
7.642|1|4|10|16
35.086|0|4|10|16
0|1|7|10|16
2.25|0|7|10|16
0|1|0|2|16
0.788|0|0|2|16
4.151|1|2|3|16
35.086|0|2|3|16
0|1|0|4|16
0.788|0|0|4|16
0|1|2|5|16
2.25|0|2|5|16
3.797|1|1|8|16
35.086|0|1|8|16
0|1|3|8|16
2.25|0|3|8|16
0|1|4|8|16
2.25|0|4|8|16
0|1|5|9|16
0.788|0|5|9|16
0|1|0|0|17
0.788|0|0|0|17
0|1|1|0|17
0.788|0|1|0|17
3.785|1|2|0|17
35.086|0|2|0|17
0|1|1|1|17
2.25|0|1|1|17
11.426|1|2|2|17
35.086|0|2|2|17
0|1|2|0|18
2.25|0|2|0|18
0|1|0|1|18
0.788|0|0|1|18
0|1|4|1|18
2.25|0|4|1|18
0|1|1|2|18
0.788|0|1|2|18
0|1|3|2|18
2.25|0|3|2|18
0|1|9|3|18
0.788|0|9|3|18
0|1|0|4|18
2.25|0|0|4|18
0|1|6|0|19
0.788|0|6|0|19
0|1|0|0|2
0.788|0|0|0|2
0|1|9|0|2
2.25|0|9|0|2
0|1|4|3|2
2.25|0|4|3|2
0|1|6|3|2
0.788|0|6|3|2
0|1|9|3|2
0.788|0|9|3|2
3.826|1|0|5|2
35.086|0|0|5|2
0|1|11|5|2
2.25|0|11|5|2
0|1|6|5|2
0.788|0|6|5|2
16.749|1|7|5|2
35.086|0|7|5|2
0|1|1|0|20
0.788|0|1|0|20
0|1|2|0|20
2.25|0|2|0|20
0|1|4|0|20
0.788|0|4|0|20
7.771|1|6|0|20
35.086|0|6|0|20
0|1|1|1|20
0.788|0|1|1|20
0|1|5|1|20
0.788|0|5|1|20
0|1|4|2|20
0.788|0|4|2|20
0|1|5|2|20
0.788|0|5|2|20
12.333|1|6|4|20
35.086|0|6|4|20
0|1|8|4|20
0.788|0|8|4|20
0|1|2|5|20
0.788|0|2|5|20
0|1|4|5|20
2.25|0|4|5|20
0|1|5|5|20
2.25|0|5|5|20
0|1|7|5|20
0.788|0|7|5|20
12.286|1|2|6|20
35.086|0|2|6|20
0|1|0|7|20
0.788|0|0|7|20
0|1|8|7|20
0.788|0|8|7|20
10.5|1|13|10|21
35.086|0|13|10|21
9.256|1|6|10|21
35.086|0|6|10|21
0|1|0|11|21
2.25|0|0|11|21
0|1|1|11|21
2.25|0|1|11|21
0|1|2|11|21
2.25|0|2|11|21
0|1|7|11|21
0.788|0|7|11|21
0|1|11|13|21
2.25|0|11|13|21
0|1|6|13|21
2.25|0|6|13|21
3.906|1|10|3|21
35.086|0|10|3|21
0|1|12|3|21
2.25|0|12|3|21
0|1|13|3|21
2.25|0|13|3|21
0|1|0|4|21
2.25|0|0|4|21
0|1|3|4|21
2.25|0|3|4|21
0|1|4|4|21
0.788|0|4|4|21
0|1|5|4|21
2.25|0|5|4|21
8.594|1|6|4|21
35.086|0|6|4|21
0|1|1|5|21
2.25|0|1|5|21
0|1|2|5|21
0.788|0|2|5|21
10.485|1|11|6|21
35.086|0|11|6|21
0|1|4|6|21
0.788|0|4|6|21
0|1|3|7|21
2.25|0|3|7|21
0|1|10|8|21
0.788|0|10|8|21
0|1|11|8|21
0.788|0|11|8|21
0|1|6|8|21
0.788|0|6|8|21
0|1|9|8|21
0.788|0|9|8|21
0|1|11|9|21
2.25|0|11|9|21
0|1|13|9|21
2.25|0|13|9|21
0|1|7|9|21
0.788|0|7|9|21
0|1|0|0|22
0.788|0|0|0|22
0|1|6|0|22
0.788|0|6|0|22
3.017|1|10|2|22
35.086|0|10|2|22
0|1|11|2|22
0.788|0|11|2|22
0|1|5|2|22
0.788|0|5|2|22
0|1|8|2|22
0.788|0|8|2|22
0|1|1|3|22
2.25|0|1|3|22
0|1|7|3|22
2.25|0|7|3|22
0|1|1|0|23
0.788|0|1|0|23
0|1|0|1|23
0.788|0|0|1|23
5.712|1|2|1|23
35.086|0|2|1|23
0|1|5|1|23
2.25|0|5|1|23
8.006|1|6|1|23
35.086|0|6|1|23
3.822|1|0|2|23
35.086|0|0|2|23
0|1|1|3|23
0.788|0|1|3|23
6.929|1|2|3|23
35.086|0|2|3|23
7.658|1|4|3|23
35.086|0|4|3|23
0|1|6|3|23
0.788|0|6|3|23
0|1|1|0|24
2.25|0|1|0|24
6.058|1|10|0|24
35.086|0|10|0|24
10.136|1|13|0|24
35.086|0|13|0|24
7.658|1|0|1|24
35.086|0|0|1|24
8.579|1|2|1|24
35.086|0|2|1|24
0|1|3|1|24
2.25|0|3|1|24
0|1|0|2|24
0.788|0|0|2|24
6.331|1|0|3|24
35.086|0|0|3|24
0|1|4|3|24
2.25|0|4|3|24
0|1|8|3|24
2.25|0|8|3|24
0|1|3|4|24
0.788|0|3|4|24
8.392|1|1|5|24
35.086|0|1|5|24
12.086|1|3|6|24
35.086|0|3|6|24
0|1|4|6|24
0.788|0|4|6|24
3.035|1|8|0|25
35.086|0|8|0|25
0|1|2|1|25
2.25|0|2|1|25
0|1|4|1|25
0.788|0|4|1|25
0|1|5|1|25
2.25|0|5|1|25
4.719|1|6|1|25
35.086|0|6|1|25
8.413|1|0|3|25
35.086|0|0|3|25
14.253|1|7|4|25
35.086|0|7|4|25
0|1|9|4|25
2.25|0|9|4|25
6.136|1|4|0|26
35.086|0|4|0|26
0|1|3|2|26
2.25|0|3|2|26
7.71|1|4|2|26
35.086|0|4|2|26
0|1|10|3|26
2.25|0|10|3|26
0|1|2|3|26
0.788|0|2|3|26
10.675|1|5|3|26
35.086|0|5|3|26
0|1|0|4|26
0.788|0|0|4|26
0|1|5|4|26
0.788|0|5|4|26
0|1|8|4|26
0.788|0|8|4|26
0|1|6|5|26
0.788|0|6|5|26
0|1|8|5|26
2.25|0|8|5|26
12.005|1|0|0|27
35.086|0|0|0|27
0|1|0|1|27
2.25|0|0|1|27
0|1|0|2|27
0.788|0|0|2|27
3.406|1|1|3|27
35.086|0|1|3|27
0|1|1|4|27
0.788|0|1|4|27
0|1|3|4|27
0.788|0|3|4|27
0|1|4|4|27
2.25|0|4|4|27
0|1|0|5|27
0.788|0|0|5|27
0|1|1|5|27
0.788|0|1|5|27
0|1|2|5|27
2.25|0|2|5|27
0|1|7|5|27
0.788|0|7|5|27
0|1|0|7|27
0.788|0|0|7|27
0|1|3|7|27
0.788|0|3|7|27
11.691|1|6|7|27
35.086|0|6|7|27
0|1|2|8|27
2.25|0|2|8|27
15.886|1|3|9|27
35.086|0|3|9|27
5.773|1|4|9|27
35.086|0|4|9|27
5.168|1|5|9|27
35.086|0|5|9|27
3.799|1|1|0|28
35.086|0|1|0|28
0|1|4|0|28
2.25|0|4|0|28
0|1|7|0|28
2.25|0|7|0|28
0|1|0|1|28
0.788|0|0|1|28
0|1|6|1|28
0.788|0|6|1|28
0|1|3|10|28
0.788|0|3|10|28
10.586|1|1|12|28
35.086|0|1|12|28
3.585|1|3|12|28
35.086|0|3|12|28
0|1|0|13|28
2.25|0|0|13|28
0|1|2|13|28
0.788|0|2|13|28
6.163|1|5|14|28
35.086|0|5|14|28
7.035|1|1|15|28
35.086|0|1|15|28
0|1|3|15|28
2.25|0|3|15|28
5.489|1|5|15|28
35.086|0|5|15|28
0|1|7|15|28
2.25|0|7|15|28
0|1|9|15|28
0.788|0|9|15|28
0|1|5|2|28
2.25|0|5|2|28
8.442|1|1|3|28
35.086|0|1|3|28
0|1|4|3|28
0.788|0|4|3|28
0|1|13|4|28
2.25|0|13|4|28
3.022|1|4|4|28
35.086|0|4|4|28
0|1|1|5|28
0.788|0|1|5|28
0|1|0|6|28
0.788|0|0|6|28
0|1|2|6|28
2.25|0|2|6|28
0|1|5|6|28
2.25|0|5|6|28
9.585|1|6|6|28
35.086|0|6|6|28
0|1|1|8|28
2.25|0|1|8|28
0|1|0|9|28
2.25|0|0|9|28
0|1|13|9|28
0.788|0|13|9|28
0|1|6|9|28
0.788|0|6|9|28
0|1|8|9|28
0.788|0|8|9|28
0|1|8|0|29
2.25|0|8|0|29
0|1|1|2|29
2.25|0|1|2|29
15.99|1|13|0|3
35.086|0|13|0|3
0|1|3|1|3
2.25|0|3|1|3
5.461|1|2|3|3
35.086|0|2|3|3
0|1|4|3|3
2.25|0|4|3|3
0|1|2|1|30
0.788|0|2|1|30
0|1|3|1|30
0.788|0|3|1|30
0|1|1|0|31
0.788|0|1|0|31
0|1|6|0|31
0.788|0|6|0|31
18.353|1|3|0|32
35.086|0|3|0|32
0|1|9|0|32
0.788|0|9|0|32
0|1|3|11|32
0.788|0|3|11|32
0|1|4|11|32
0.788|0|4|11|32
0|1|0|12|32
2.25|0|0|12|32
0|1|6|12|32
0.788|0|6|12|32
0|1|0|13|32
0.788|0|0|13|32
0|1|1|13|32
2.25|0|1|13|32
7.947|1|8|13|32
35.086|0|8|13|32
0|1|0|2|32
0.788|0|0|2|32
0|1|4|2|32
0.788|0|4|2|32
0|1|5|2|32
2.25|0|5|2|32
0|1|6|2|32
0.788|0|6|2|32
0|1|0|3|32
2.25|0|0|3|32
13.207|1|0|4|32
35.086|0|0|4|32
0|1|1|4|32
0.788|0|1|4|32
0|1|4|4|32
0.788|0|4|4|32
0|1|5|4|32
2.25|0|5|4|32
0|1|1|5|32
2.25|0|1|5|32
0|1|12|5|32
0.788|0|12|5|32
0|1|4|6|32
2.25|0|4|6|32
8.52|1|8|7|32
35.086|0|8|7|32
7.791|1|2|9|32
35.086|0|2|9|32
4.822|1|11|1|33
35.086|0|11|1|33
0|1|7|1|33
2.25|0|7|1|33
0|1|9|1|33
0.788|0|9|1|33
0|1|4|10|33
0.788|0|4|10|33
0|1|4|11|33
2.25|0|4|11|33
0|1|0|2|33
2.25|0|0|2|33
0|1|1|2|33
0.788|0|1|2|33
0|1|4|2|33
0.788|0|4|2|33
16.51|1|0|3|33
35.086|0|0|3|33
0|1|4|3|33
2.25|0|4|3|33
0|1|10|4|33
2.25|0|10|4|33
0|1|8|4|33
0.788|0|8|4|33
0|1|0|5|33
0.788|0|0|5|33
5.011|1|1|5|33
35.086|0|1|5|33
0|1|7|5|33
0.788|0|7|5|33
7.042|1|0|7|33
35.086|0|0|7|33
0|1|1|8|33
0.788|0|1|8|33
0|1|3|8|33
2.25|0|3|8|33
3.782|1|1|9|33
35.086|0|1|9|33
4.146|1|1|1|34
35.086|0|1|1|34
18.044|1|0|3|34
35.086|0|0|3|34
10.603|1|0|0|35
35.086|0|0|0|35
0|1|10|0|35
0.788|0|10|0|35
0|1|12|0|35
2.25|0|12|0|35
11.812|1|13|0|35
35.086|0|13|0|35
0|1|3|0|35
2.25|0|3|0|35
0|1|4|0|35
0.788|0|4|0|35
0|1|5|0|35
0.788|0|5|0|35
0|1|0|1|35
0.788|0|0|1|35
0|1|3|1|35
2.25|0|3|1|35
0|1|1|2|35
0.788|0|1|2|35
0|1|10|2|35
2.25|0|10|2|35
0|1|11|2|35
2.25|0|11|2|35
0|1|2|2|35
0.788|0|2|2|35
2.479|1|5|2|35
35.086|0|5|2|35
3.887|1|6|2|35
35.086|0|6|2|35
0|1|7|2|35
2.25|0|7|2|35
5.21|1|8|2|35
35.086|0|8|2|35
5.506|1|0|0|36
35.086|0|0|0|36
0|1|5|0|36
0.788|0|5|0|36
15.134|1|8|0|36
35.086|0|8|0|36
0|1|10|1|36
0.788|0|10|1|36
0|1|3|1|36
0.788|0|3|1|36
0|1|3|2|36
0.788|0|3|2|36
8.675|1|7|2|36
35.086|0|7|2|36
0|1|3|3|36
2.25|0|3|3|36
0|1|7|5|36
0.788|0|7|5|36
0|1|8|5|36
0.788|0|8|5|36
0|1|0|6|36
2.25|0|0|6|36
0|1|3|6|36
0.788|0|3|6|36
0|1|6|6|36
2.25|0|6|6|36
0|1|8|6|36
0.788|0|8|6|36
4.887|1|3|0|37
35.086|0|3|0|37
9.209|1|4|0|37
35.086|0|4|0|37
6.107|1|0|1|37
35.086|0|0|1|37
0|1|3|1|37
0.788|0|3|1|37
0|1|1|2|37
2.25|0|1|2|37
0|1|3|2|37
2.25|0|3|2|37
0|1|7|2|37
0.788|0|7|2|37
0|1|1|3|37
2.25|0|1|3|37
0|1|0|4|37
2.25|0|0|4|37
0|1|2|4|37
0.788|0|2|4|37
0|1|4|5|37
0.788|0|4|5|37
0|1|10|7|37
2.25|0|10|7|37
0|1|2|7|37
0.788|0|2|7|37
0|1|4|7|37
2.25|0|4|7|37
3.716|1|6|7|37
35.086|0|6|7|37
0|1|2|10|38
2.25|0|2|10|38
0|1|3|10|38
2.25|0|3|10|38
0|1|0|2|38
2.25|0|0|2|38
10.531|1|3|3|38
35.086|0|3|3|38
0|1|1|4|38
2.25|0|1|4|38
8.876|1|4|4|38
35.086|0|4|4|38
0|1|1|5|38
0.788|0|1|5|38
6.003|1|2|5|38
35.086|0|2|5|38
6.683|1|1|8|38
35.086|0|1|8|38
0|1|4|9|38
0.788|0|4|9|38
0|1|0|1|39
2.25|0|0|1|39
0|1|2|1|39
2.25|0|2|1|39
0|1|4|1|39
0.788|0|4|1|39
0|1|7|1|39
2.25|0|7|1|39
7.652|1|2|10|39
35.086|0|2|10|39
0|1|8|11|39
0.788|0|8|11|39
0|1|10|13|39
2.25|0|10|13|39
0|1|11|13|39
2.25|0|11|13|39
0|1|13|13|39
0.788|0|13|13|39
0|1|4|14|39
2.25|0|4|14|39
0|1|5|14|39
0.788|0|5|14|39
0|1|6|14|39
2.25|0|6|14|39
10.233|1|8|14|39
35.086|0|8|14|39
6.816|1|2|2|39
35.086|0|2|2|39
10.812|1|8|2|39
35.086|0|8|2|39
0|1|0|3|39
0.788|0|0|3|39
0|1|1|3|39
2.25|0|1|3|39
0|1|2|4|39
2.25|0|2|4|39
0|1|1|5|39
0.788|0|1|5|39
0|1|4|5|39
0.788|0|4|5|39
0|1|0|6|39
0.788|0|0|6|39
0|1|1|6|39
0.788|0|1|6|39
7.387|1|7|6|39
35.086|0|7|6|39
0|1|7|7|39
2.25|0|7|7|39
8.549|1|8|7|39
35.086|0|8|7|39
0|1|0|8|39
2.25|0|0|8|39
7.838|1|10|8|39
35.086|0|10|8|39
0|1|11|8|39
0.788|0|11|8|39
0|1|12|8|39
0.788|0|12|8|39
12.84|1|13|8|39
35.086|0|13|8|39
0|1|3|8|39
0.788|0|3|8|39
3.699|1|4|8|39
35.086|0|4|8|39
0|1|5|8|39
0.788|0|5|8|39
0|1|7|8|39
0.788|0|7|8|39
0|1|8|8|39
2.25|0|8|8|39
0|1|9|8|39
2.25|0|9|8|39
0|1|0|0|4
0.788|0|0|0|4
11.618|1|7|0|4
35.086|0|7|0|4
10.055|1|8|0|4
35.086|0|8|0|4
0|1|2|1|4
0.788|0|2|1|4
0|1|5|10|4
0.788|0|5|10|4
0|1|1|12|4
0.788|0|1|12|4
0|1|11|12|4
0.788|0|11|12|4
0|1|2|12|4
0.788|0|2|12|4
0|1|6|12|4
0.788|0|6|12|4
0|1|2|13|4
0.788|0|2|13|4
0|1|4|13|4
0.788|0|4|13|4
0|1|6|13|4
2.25|0|6|13|4
5.014|1|8|13|4
35.086|0|8|13|4
4.024|1|0|3|4
35.086|0|0|3|4
0|1|12|4|4
2.25|0|12|4|4
0|1|2|4|4
2.25|0|2|4|4
0|1|0|5|4
0.788|0|0|5|4
6.037|1|5|5|4
35.086|0|5|5|4
4.472|1|0|6|4
35.086|0|0|6|4
0|1|10|7|4
0.788|0|10|7|4
0|1|11|7|4
2.25|0|11|7|4
0|1|12|7|4
0.788|0|12|7|4
0|1|1|9|4
2.25|0|1|9|4
0|1|1|0|5
2.25|0|1|0|5
0|1|2|0|5
2.25|0|2|0|5
0|1|4|0|5
2.25|0|4|0|5
0|1|0|1|5
2.25|0|0|1|5
0|1|1|1|5
2.25|0|1|1|5
0|1|0|1|6
2.25|0|0|1|6
0|1|4|1|6
2.25|0|4|1|6
3.154|1|3|2|6
35.086|0|3|2|6
0|1|6|3|6
0.788|0|6|3|6
0|1|1|0|7
2.25|0|1|0|7
8.481|1|3|10|7
35.086|0|3|10|7
0|1|4|10|7
0.788|0|4|10|7
0|1|8|10|7
2.25|0|8|10|7
0|1|9|10|7
2.25|0|9|10|7
0|1|0|2|7
0.788|0|0|2|7
17.281|1|9|2|7
35.086|0|9|2|7
0|1|0|5|7
0.788|0|0|5|7
13.963|1|6|7|7
35.086|0|6|7|7
0|1|8|7|7
0.788|0|8|7|7
6.611|1|3|8|7
35.086|0|3|8|7
12.526|1|1|0|8
35.086|0|1|0|8
9.328|1|4|0|8
35.086|0|4|0|8
0|1|6|0|8
2.25|0|6|0|8
0|1|7|0|8
0.788|0|7|0|8
0|1|1|1|8
2.25|0|1|1|8
14.147|1|7|1|8
35.086|0|7|1|8
0|1|8|1|8
2.25|0|8|1|8
0|1|1|2|8
2.25|0|1|2|8
15.902|1|2|3|8
35.086|0|2|3|8
0|1|3|0|9
0.788|0|3|0|9
0|1|4|0|9
2.25|0|4|0|9
0|1|6|0|9
0.788|0|6|0|9
0|1|7|0|9
0.788|0|7|0|9
0|1|0|1|9
2.25|0|0|1|9
0|1|2|1|9
0.788|0|2|1|9
0|1|7|1|9
0.788|0|7|1|9
0|1|8|1|9
2.25|0|8|1|9
8.434|1|1|2|9
35.086|0|1|2|9
0|1|3|2|9
2.25|0|3|2|9
18.218|1|4|2|9
35.086|0|4|2|9
0|1|5|2|9
2.25|0|5|2|9
2.814|1|1|3|9
35.086|0|1|3|9
17.22|1|11|0|0
68.451|0|11|0|0
9.853|1|2|0|0
11.721|0|2|0|0
0|1|3|0|0
0.355|0|3|0|0
25.748|1|7|0|0
68.451|0|7|0|0
0|1|9|0|0
3.701|0|9|0|0
21.099|1|0|1|0
11.721|0|0|1|0
0|1|1|1|0
3.216|0|1|1|0
0.788|0|10|1|0
0|1|10|1|0
0.788|0|12|1|0
0|1|12|1|0
40.39|1|2|1|0
68.451|0|2|1|0
167.974|1|3|1|0
173.86|0|3|1|0
17.812|1|4|1|0
11.721|0|4|1|0
0|1|6|1|0
3.216|0|6|1|0
0|1|0|10|0
3.216|0|0|10|0
301.076|1|1|10|0
173.86|0|1|10|0
0.788|0|0|11|0
0|1|0|11|0
18.933|1|2|11|0
68.451|0|2|11|0
0|1|1|12|0
3.216|0|1|12|0
0.788|0|4|12|0
0|1|4|12|0
178.325|1|0|13|0
173.86|0|0|13|0
159.776|1|1|13|0
173.86|0|1|13|0
0.161|0|10|13|0
0|1|10|13|0
15.638|1|11|13|0
11.721|0|11|13|0
0|1|2|13|0
3.701|0|2|13|0
377.775|1|3|13|0
173.86|0|3|13|0
0|1|4|13|0
0.355|0|4|13|0
19.422|1|5|13|0
11.721|0|5|13|0
0|1|9|13|0
3.216|0|9|13|0
0.161|0|0|2|0
0|1|0|2|0
0|1|1|2|0
3.216|0|1|2|0
249.613|1|2|2|0
173.86|0|2|2|0
0.161|0|3|2|0
0|1|3|2|0
0|1|4|2|0
3.701|0|4|2|0
0|1|6|2|0
3.216|0|6|2|0
42.93|1|0|3|0
68.451|0|0|3|0
179.372|1|1|3|0
173.86|0|1|3|0
15.058|1|3|3|0
11.721|0|3|3|0
0.788|0|0|4|0
0|1|0|4|0
0.788|0|2|4|0
0|1|2|4|0
0|1|0|5|0
3.701|0|0|5|0
0|1|1|5|0
3.701|0|1|5|0
0.788|0|2|5|0
0|1|2|5|0
294.953|1|0|6|0
173.86|0|0|6|0
0|1|1|6|0
0.355|0|1|6|0
30.899|1|11|6|0
11.721|0|11|6|0
0|1|12|6|0
3.216|0|12|6|0
11.465|1|2|6|0
11.721|0|2|6|0
78.538|1|4|6|0
68.451|0|4|6|0
6.471|1|5|6|0
11.721|0|5|6|0
0|1|8|6|0
0.355|0|8|6|0
0.788|0|9|6|0
0|1|9|6|0
343.375|1|0|7|0
173.86|0|0|7|0
0|1|1|7|0
3.701|0|1|7|0
0|1|2|7|0
3.701|0|2|7|0
0|1|4|7|0
3.701|0|4|7|0
19.821|1|6|7|0
68.451|0|6|7|0
31.361|1|7|7|0
11.721|0|7|7|0
0|1|8|7|0
3.216|0|8|7|0
8.072|1|0|8|0
11.721|0|0|8|0
0|1|2|8|0
0.355|0|2|8|0
0.788|0|3|8|0
0|1|3|8|0
0|1|5|8|0
0.355|0|5|8|0
0.161|0|8|8|0
0|1|8|8|0
44.61|1|9|8|0
68.451|0|9|8|0
0.161|0|0|9|0
0|1|0|9|0
0|1|10|9|0
3.216|0|10|9|0
0.161|0|12|9|0
0|1|12|9|0
0|1|2|9|0
0.355|0|2|9|0
0.161|0|3|9|0
0|1|3|9|0
0.788|0|4|9|0
0|1|4|9|0
0.161|0|5|9|0
0|1|5|9|0
0.161|0|6|9|0
0|1|6|9|0
163.186|1|7|9|0
173.86|0|7|9|0
380.086|1|8|9|0
173.86|0|8|9|0
0|1|9|9|0
3.216|0|9|9|0
0|1|1|1|1
0.355|0|1|1|1
0|1|2|1|1
3.216|0|2|1|1
426.873|1|0|2|1
173.86|0|0|2|1
0|1|1|2|1
0.355|0|1|2|1
17.708|1|4|2|1
11.721|0|4|2|1
258.643|1|5|2|1
173.86|0|5|2|1
0.161|0|0|0|10
0|1|0|0|10
0|1|1|0|10
3.216|0|1|0|10
0.161|0|3|0|10
0|1|3|0|10
0|1|4|0|10
3.216|0|4|0|10
28.085|1|5|0|10
11.721|0|5|0|10
0.161|0|6|0|10
0|1|6|0|10
16.135|1|7|0|10
11.721|0|7|0|10
0.788|0|8|0|10
0|1|8|0|10
0|1|1|1|10
3.701|0|1|1|10
0|1|2|1|10
3.216|0|2|1|10
0|1|0|2|10
3.216|0|0|2|10
56.678|1|2|2|10
68.451|0|2|2|10
326.459|1|3|2|10
173.86|0|3|2|10
0|1|3|3|10
3.216|0|3|3|10
0.788|0|1|4|10
0|1|1|4|10
225.089|1|4|4|10
173.86|0|4|4|10
0|1|5|4|10
3.216|0|5|4|10
0|1|10|0|11
3.216|0|10|0|11
0|1|11|0|11
3.216|0|11|0|11
0|1|13|0|11
3.216|0|13|0|11
11.632|1|2|0|11
11.721|0|2|0|11
0|1|3|0|11
3.216|0|3|0|11
0|1|4|0|11
3.216|0|4|0|11
19.063|1|5|0|11
11.721|0|5|0|11
0|1|6|0|11
3.216|0|6|0|11
29.275|1|7|0|11
68.451|0|7|0|11
0.788|0|8|0|11
0|1|8|0|11
0|1|0|1|11
0.355|0|0|1|11
0|1|2|1|11
3.216|0|2|1|11
15.504|1|3|1|11
11.721|0|3|1|11
18.151|1|4|2|11
11.721|0|4|2|11
50.352|1|6|2|11
68.451|0|6|2|11
149.754|1|7|2|11
173.86|0|7|2|11
0|1|8|2|11
3.216|0|8|2|11
175.009|1|9|2|11
173.86|0|9|2|11
13.431|1|0|5|11
11.721|0|0|5|11
0|1|3|5|11
0.355|0|3|5|11
0.788|0|4|5|11
0|1|4|5|11
10.327|1|0|0|12
11.721|0|0|0|12
26.364|1|1|0|12
11.721|0|1|0|12
224.571|1|2|0|12
173.86|0|2|0|12
0|1|3|0|12
3.701|0|3|0|12
0|1|0|1|12
3.216|0|0|1|12
0|1|1|1|12
0.355|0|1|1|12
0|1|2|1|12
3.216|0|2|1|12
0.161|0|3|1|12
0|1|3|1|12
0|1|0|2|12
0.355|0|0|2|12
0|1|1|2|12
3.216|0|1|2|12
0|1|10|2|12
0.355|0|10|2|12
0|1|13|2|12
3.216|0|13|2|12
0.161|0|3|2|12
0|1|3|2|12
50.752|1|4|2|12
68.451|0|4|2|12
0|1|5|2|12
3.216|0|5|2|12
0|1|9|2|12
3.701|0|9|2|12
19.348|1|4|3|12
11.721|0|4|3|12
0|1|5|3|12
3.701|0|5|3|12
0.788|0|6|3|12
0|1|6|3|12
0.788|0|0|0|13
0|1|0|0|13
51.464|1|1|0|13
68.451|0|1|0|13
0|1|0|1|13
3.216|0|0|1|13
0.161|0|11|1|13
0|1|11|1|13
0.161|0|13|1|13
0|1|13|1|13
223.287|1|2|1|13
173.86|0|2|1|13
0|1|3|1|13
3.701|0|3|1|13
0.788|0|5|1|13
0|1|5|1|13
562.531|1|7|1|13
173.861|0|7|1|13
0.788|0|8|1|13
0|1|8|1|13
0|1|9|1|13
0.355|0|9|1|13
0|1|1|0|14
3.701|0|1|0|14
0|1|0|1|14
3.701|0|0|1|14
0|1|2|1|14
3.216|0|2|1|14
0|1|0|10|14
3.216|0|0|10|14
0|1|2|10|14
3.701|0|2|10|14
105.943|1|3|10|14
173.86|0|3|10|14
0.788|0|4|10|14
0|1|4|10|14
29.469|1|5|10|14
11.721|0|5|10|14
0|1|7|10|14
3.701|0|7|10|14
0.161|0|9|10|14
0|1|9|10|14
8.695|1|0|11|14
11.721|0|0|11|14
0|1|2|11|14
3.216|0|2|11|14
0|1|1|12|14
3.216|0|1|12|14
11.929|1|10|12|14
11.721|0|10|12|14
11.309|1|11|12|14
11.721|0|11|12|14
0|1|2|12|14
3.701|0|2|12|14
0|1|3|12|14
3.216|0|3|12|14
311.842|1|4|12|14
173.86|0|4|12|14
202.373|1|7|12|14
173.86|0|7|12|14
0|1|8|12|14
3.701|0|8|12|14
0.788|0|9|12|14
0|1|9|12|14
0.788|0|0|13|14
0|1|0|13|14
460.057|1|1|13|14
173.861|0|1|13|14
18.448|1|3|13|14
11.721|0|3|13|14
0|1|4|13|14
3.216|0|4|13|14
7.834|1|10|14|14
11.721|0|10|14|14
0.161|0|11|14|14
0|1|11|14|14
83.271|1|3|14|14
68.451|0|3|14|14
75.869|1|4|14|14
68.451|0|4|14|14
0|1|5|14|14
3.216|0|5|14|14
0.161|0|9|14|14
0|1|9|14|14
0|1|0|15|14
0.355|0|0|15|14
177.901|1|1|15|14
173.86|0|1|15|14
0|1|2|15|14
3.216|0|2|15|14
33.779|1|5|15|14
68.451|0|5|15|14
29.976|1|6|15|14
68.451|0|6|15|14
12.594|1|9|15|14
11.721|0|9|15|14
0.161|0|1|16|14
0|1|1|16|14
13.886|1|3|16|14
11.721|0|3|16|14
0.161|0|0|17|14
0|1|0|17|14
0.161|0|3|2|14
0|1|3|2|14
0.788|0|4|2|14
0|1|4|2|14
0|1|2|3|14
3.701|0|2|3|14
67.855|1|4|3|14
68.451|0|4|3|14
320.968|1|5|3|14
173.86|0|5|3|14
0|1|0|4|14
3.216|0|0|4|14
138.522|1|1|4|14
173.86|0|1|4|14
0|1|0|5|14
3.216|0|0|5|14
23.783|1|1|5|14
68.451|0|1|5|14
0.161|0|3|5|14
0|1|3|5|14
198.999|1|5|5|14
173.86|0|5|5|14
0|1|1|6|14
3.216|0|1|6|14
42.539|1|12|6|14
68.451|0|12|6|14
0|1|2|6|14
3.216|0|2|6|14
45.515|1|3|6|14
68.451|0|3|6|14
0|1|4|6|14
3.216|0|4|6|14
0.788|0|5|6|14
0|1|5|6|14
0|1|6|6|14
3.216|0|6|6|14
0|1|7|6|14
0.355|0|7|6|14
22.482|1|9|6|14
11.721|0|9|6|14
0.788|0|2|7|14
0|1|2|7|14
31.166|1|3|7|14
11.721|0|3|7|14
0|1|4|7|14
3.216|0|4|7|14
0|1|0|8|14
3.216|0|0|8|14
123.493|1|1|8|14
173.86|0|1|8|14
0.161|0|2|8|14
0|1|2|8|14
74.465|1|3|8|14
68.451|0|3|8|14
53.978|1|0|9|14
68.451|0|0|9|14
0|1|1|9|14
3.216|0|1|9|14
29.476|1|11|9|14
68.451|0|11|9|14
25.787|1|12|9|14
11.721|0|12|9|14
0|1|2|9|14
3.216|0|2|9|14
21.721|1|3|9|14
11.721|0|3|9|14
25.455|1|4|9|14
11.721|0|4|9|14
0|1|5|9|14
3.701|0|5|9|14
0|1|6|9|14
0.355|0|6|9|14
0|1|9|9|14
3.216|0|9|9|14
304.245|1|0|0|15
173.86|0|0|0|15
0|1|10|0|15
0.355|0|10|0|15
0.161|0|11|0|15
0|1|11|0|15
0|1|12|0|15
3.216|0|12|0|15
0|1|13|0|15
3.701|0|13|0|15
0.161|0|2|0|15
0|1|2|0|15
0|1|4|0|15
3.216|0|4|0|15
65.841|1|7|0|15
68.451|0|7|0|15
0|1|8|0|15
3.216|0|8|0|15
0.788|0|9|0|15
0|1|9|0|15
0|1|0|1|15
3.216|0|0|1|15
0|1|3|1|15
0.355|0|3|1|15
117.917|1|11|2|15
173.86|0|11|2|15
0|1|13|2|15
3.216|0|13|2|15
0|1|4|2|15
3.701|0|4|2|15
0|1|6|2|15
3.701|0|6|2|15
0|1|8|2|15
3.216|0|8|2|15
0|1|0|3|15
0.355|0|0|3|15
0.161|0|2|3|15
0|1|2|3|15
54.55|1|3|3|15
68.451|0|3|3|15
0|1|4|3|15
3.216|0|4|3|15
0|1|5|3|15
0.355|0|5|3|15
0.788|0|6|3|15
0|1|6|3|15
0|1|11|0|16
3.701|0|11|0|16
0.788|0|12|0|16
0|1|12|0|16
66.479|1|13|0|16
68.451|0|13|0|16
0|1|6|0|16
3.216|0|6|0|16
39.163|1|7|0|16
68.451|0|7|0|16
0|1|9|0|16
0.355|0|9|0|16
0.788|0|0|1|16
0|1|0|1|16
0.161|0|1|1|16
0|1|1|1|16
0.788|0|3|1|16
0|1|3|1|16
0|1|4|1|16
3.216|0|4|1|16
0|1|9|1|16
3.701|0|9|1|16
0|1|0|10|16
3.701|0|0|10|16
27.506|1|2|10|16
11.721|0|2|10|16
337.886|1|3|10|16
173.86|0|3|10|16
0|1|6|10|16
3.216|0|6|10|16
62.84|1|8|10|16
68.451|0|8|10|16
68.613|1|9|10|16
68.451|0|9|10|16
0.788|0|0|2|16
0|1|0|2|16
0|1|1|2|16
3.216|0|1|2|16
0|1|2|2|16
3.216|0|2|2|16
0|1|3|2|16
3.216|0|3|2|16
42.112|1|0|3|16
68.451|0|0|3|16
0.788|0|0|4|16
0|1|0|4|16
416.519|1|1|4|16
173.86|0|1|4|16
0|1|2|4|16
0.355|0|2|4|16
114.577|1|3|4|16
173.86|0|3|4|16
0.161|0|4|4|16
0|1|4|4|16
0|1|5|4|16
3.216|0|5|4|16
0|1|6|4|16
3.216|0|6|4|16
0|1|0|5|16
0.355|0|0|5|16
40.811|1|1|5|16
11.721|0|1|5|16
0|1|3|5|16
3.216|0|3|5|16
0|1|4|5|16
3.701|0|4|5|16
0|1|6|5|16
3.701|0|6|5|16
0|1|0|6|16
3.216|0|0|6|16
0|1|1|6|16
0.355|0|1|6|16
0|1|2|6|16
3.701|0|2|6|16
28.267|1|3|6|16
68.451|0|3|6|16
200.564|1|4|6|16
173.86|0|4|6|16
0|1|0|7|16
3.701|0|0|7|16
0|1|1|7|16
3.216|0|1|7|16
22.322|1|2|7|16
68.451|0|2|7|16
20.969|1|3|7|16
11.721|0|3|7|16
0.161|0|0|8|16
0|1|0|8|16
0|1|11|8|16
0.355|0|11|8|16
0|1|12|8|16
3.216|0|12|8|16
0|1|13|8|16
3.216|0|13|8|16
0|1|2|8|16
3.216|0|2|8|16
315.44|1|5|8|16
173.86|0|5|8|16
0.161|0|6|8|16
0|1|6|8|16
0|1|7|8|16
0.355|0|7|8|16
0|1|8|8|16
3.701|0|8|8|16
0|1|9|8|16
3.216|0|9|8|16
137.928|1|1|9|16
173.86|0|1|9|16
11.868|1|2|9|16
11.721|0|2|9|16
0|1|3|9|16
0.355|0|3|9|16
0|1|4|9|16
3.216|0|4|9|16
0.788|0|5|9|16
0|1|5|9|16
0.788|0|0|0|17
0|1|0|0|17
0.788|0|1|0|17
0|1|1|0|17
0|1|4|0|17
3.216|0|4|0|17
40.279|1|0|1|17
68.451|0|0|1|17
12.989|1|3|1|17
11.721|0|3|1|17
237.371|1|4|1|17
173.86|0|4|1|17
0|1|6|1|17
3.701|0|6|1|17
0|1|7|1|17
3.216|0|7|1|17
0|1|8|1|17
0.355|0|8|1|17
0|1|0|2|17
0.355|0|0|2|17
0|1|1|2|17
0.355|0|1|2|17
235.961|1|0|3|17
173.86|0|0|3|17
0|1|1|3|17
0.355|0|1|3|17
513.962|1|0|0|18
173.861|0|0|0|18
0|1|1|0|18
3.216|0|1|0|18
9.553|1|4|0|18
11.721|0|4|0|18
0.788|0|0|1|18
0|1|0|1|18
0|1|2|1|18
3.216|0|2|1|18
63.839|1|3|1|18
68.451|0|3|1|18
41.327|1|0|2|18
68.451|0|0|2|18
0.788|0|1|2|18
0|1|1|2|18
0|1|2|2|18
3.216|0|2|2|18
0|1|4|2|18
0.355|0|4|2|18
7|1|5|2|18
11.721|0|5|2|18
0|1|2|3|18
3.701|0|2|3|18
0|1|3|3|18
3.701|0|3|3|18
30.155|1|5|3|18
68.451|0|5|3|18
0|1|6|3|18
0.355|0|6|3|18
11.799|1|8|3|18
11.721|0|8|3|18
0.788|0|9|3|18
0|1|9|3|18
48.889|1|2|4|18
68.451|0|2|4|18
27.713|1|3|4|18
11.721|0|3|4|18
0|1|7|4|18
3.216|0|7|4|18
393.158|1|8|4|18
173.86|0|8|4|18
0|1|0|0|19
3.216|0|0|0|19
0|1|1|0|19
0.355|0|1|0|19
0.161|0|2|0|19
0|1|2|0|19
0|1|3|0|19
3.216|0|3|0|19
0|1|4|0|19
3.216|0|4|0|19
0|1|5|0|19
3.701|0|5|0|19
0.788|0|6|0|19
0|1|6|0|19
0.788|0|0|0|2
0|1|0|0|2
0|1|12|0|2
0.355|0|12|0|2
21.665|1|13|0|2
11.721|0|13|0|2
0.161|0|2|0|2
0|1|2|0|2
0|1|3|0|2
3.216|0|3|0|2
0|1|4|0|2
3.216|0|4|0|2
0|1|5|0|2
3.701|0|5|0|2
0.161|0|7|0|2
0|1|7|0|2
0|1|8|0|2
0.355|0|8|0|2
24.349|1|1|1|2
11.721|0|1|1|2
57.152|1|0|2|2
68.451|0|0|2|2
0|1|1|2|2
3.216|0|1|2|2
0.161|0|2|2|2
0|1|2|2|2
197.251|1|3|2|2
173.86|0|3|2|2
254.735|1|4|2|2
173.86|0|4|2|2
135.723|1|5|2|2
173.86|0|5|2|2
0|1|6|2|2
3.216|0|6|2|2
39.462|1|7|2|2
68.451|0|7|2|2
0|1|8|2|2
3.216|0|8|2|2
0|1|0|3|2
0.355|0|0|3|2
24.382|1|1|3|2
68.451|0|1|3|2
0|1|3|3|2
3.216|0|3|3|2
0|1|5|3|2
3.216|0|5|3|2
0.788|0|6|3|2
0|1|6|3|2
0|1|8|3|2
3.216|0|8|3|2
0.788|0|9|3|2
0|1|9|3|2
0.161|0|0|4|2
0|1|0|4|2
75.016|1|1|4|2
68.451|0|1|4|2
0|1|2|4|2
3.216|0|2|4|2
0|1|4|4|2
3.701|0|4|4|2
0|1|1|5|2
3.216|0|1|5|2
0|1|2|5|2
0.355|0|2|5|2
136.991|1|3|5|2
173.86|0|3|5|2
25.234|1|4|5|2
11.721|0|4|5|2
0|1|5|5|2
0.355|0|5|5|2
0.788|0|6|5|2
0|1|6|5|2
0.161|0|0|0|20
0|1|0|0|20
0.788|0|1|0|20
0|1|1|0|20
461.196|1|3|0|20
173.861|0|3|0|20
0.788|0|4|0|20
0|1|4|0|20
93.669|1|7|0|20
173.86|0|7|0|20
0.161|0|0|1|20
0|1|0|1|20
0.788|0|1|1|20
0|1|1|1|20
6.924|1|2|1|20
11.721|0|2|1|20
23.569|1|3|1|20
68.451|0|3|1|20
0.788|0|5|1|20
0|1|5|1|20
0|1|0|2|20
3.216|0|0|2|20
0|1|2|2|20
3.216|0|2|2|20
263.756|1|3|2|20
173.86|0|3|2|20
0.788|0|4|2|20
0|1|4|2|20
0.788|0|5|2|20
0|1|5|2|20
0|1|6|2|20
3.216|0|6|2|20
0|1|0|3|20
0.355|0|0|3|20
0|1|1|3|20
3.216|0|1|3|20
297.258|1|0|4|20
173.86|0|0|4|20
26.081|1|10|4|20
68.451|0|10|4|20
258.331|1|3|4|20
173.86|0|3|4|20
349.928|1|4|4|20
173.86|0|4|4|20
0.161|0|5|4|20
0|1|5|4|20
234.648|1|7|4|20
173.86|0|7|4|20
0.788|0|8|4|20
0|1|8|4|20
318.041|1|9|4|20
173.86|0|9|4|20
0|1|0|5|20
3.216|0|0|5|20
97.479|1|1|5|20
173.86|0|1|5|20
0.788|0|2|5|20
0|1|2|5|20
0|1|3|5|20
3.701|0|3|5|20
146.933|1|6|5|20
68.451|0|6|5|20
0.788|0|7|5|20
0|1|7|5|20
0|1|0|6|20
0.355|0|0|6|20
69.558|1|1|6|20
68.451|0|1|6|20
0|1|3|6|20
3.216|0|3|6|20
80.117|1|4|6|20
68.451|0|4|6|20
0.161|0|5|6|20
0|1|5|6|20
33.851|1|6|6|20
68.451|0|6|6|20
0.788|0|0|7|20
0|1|0|7|20
0|1|2|7|20
3.701|0|2|7|20
30.753|1|3|7|20
68.451|0|3|7|20
0|1|5|7|20
3.216|0|5|7|20
0.161|0|6|7|20
0|1|6|7|20
0|1|7|7|20
3.216|0|7|7|20
0.788|0|8|7|20
0|1|8|7|20
0|1|0|0|21
0.355|0|0|0|21
18.175|1|1|0|21
68.451|0|1|0|21
27.524|1|2|0|21
68.451|0|2|0|21
0|1|3|0|21
0.355|0|3|0|21
0|1|0|1|21
3.216|0|0|1|21
0|1|1|1|21
3.701|0|1|1|21
0.161|0|0|10|21
0|1|0|10|21
0|1|1|10|21
3.216|0|1|10|21
6.966|1|10|10|21
11.721|0|10|10|21
0|1|11|10|21
3.216|0|11|10|21
0|1|12|10|21
3.216|0|12|10|21
0|1|3|10|21
3.216|0|3|10|21
30.973|1|4|10|21
68.451|0|4|10|21
0|1|5|10|21
3.701|0|5|10|21
0.161|0|7|10|21
0|1|7|10|21
29.574|1|8|10|21
11.721|0|8|10|21
17.942|1|9|10|21
11.721|0|9|10|21
0|1|3|11|21
3.216|0|3|11|21
337.244|1|4|11|21
173.86|0|4|11|21
0|1|5|11|21
3.701|0|5|11|21
0|1|6|11|21
0.355|0|6|11|21
0.788|0|7|11|21
0|1|7|11|21
227.493|1|8|11|21
173.86|0|8|11|21
0|1|2|12|21
0.355|0|2|12|21
0|1|4|12|21
0.355|0|4|12|21
9.006|1|6|12|21
11.721|0|6|12|21
0|1|7|12|21
0.355|0|7|12|21
17.843|1|10|13|21
11.721|0|10|13|21
0|1|12|13|21
3.701|0|12|13|21
0|1|4|13|21
0.355|0|4|13|21
0|1|5|13|21
3.701|0|5|13|21
0.161|0|8|13|21
0|1|8|13|21
0|1|9|13|21
3.216|0|9|13|21
194.293|1|3|2|21
173.86|0|3|2|21
0|1|4|2|21
3.216|0|4|2|21
17.459|1|11|3|21
11.721|0|11|3|21
0.161|0|2|3|21
0|1|2|3|21
20.656|1|3|3|21
11.721|0|3|3|21
0|1|4|3|21
3.216|0|4|3|21
33.246|1|7|3|21
68.451|0|7|3|21
0|1|9|3|21
3.216|0|9|3|21
58.883|1|1|4|21
68.451|0|1|4|21
0.161|0|10|4|21
0|1|10|4|21
0.161|0|11|4|21
0|1|11|4|21
0.161|0|2|4|21
0|1|2|4|21
0.788|0|4|4|21
0|1|4|4|21
0|1|8|4|21
0.355|0|8|4|21
40.323|1|9|4|21
68.451|0|9|4|21
0|1|0|5|21
3.216|0|0|5|21
0.788|0|2|5|21
0|1|2|5|21
0.161|0|3|5|21
0|1|3|5|21
74.224|1|12|6|21
68.451|0|12|6|21
68.771|1|13|6|21
68.451|0|13|6|21
0.161|0|2|6|21
0|1|2|6|21
16.742|1|3|6|21
11.721|0|3|6|21
0.788|0|4|6|21
0|1|4|6|21
36.887|1|5|6|21
68.451|0|5|6|21
0|1|7|6|21
3.216|0|7|6|21
35.655|1|8|6|21
11.721|0|8|6|21
10.156|1|9|6|21
11.721|0|9|6|21
0.161|0|4|7|21
0|1|4|7|21
62.458|1|0|8|21
68.451|0|0|8|21
0.788|0|10|8|21
0|1|10|8|21
0.788|0|11|8|21
0|1|11|8|21
0.161|0|5|8|21
0|1|5|8|21
0.788|0|6|8|21
0|1|6|8|21
0.788|0|9|8|21
0|1|9|8|21
13.655|1|0|9|21
11.721|0|0|9|21
0|1|1|9|21
3.216|0|1|9|21
0|1|10|9|21
3.216|0|10|9|21
0|1|12|9|21
3.216|0|12|9|21
0|1|2|9|21
3.701|0|2|9|21
0|1|3|9|21
3.216|0|3|9|21
54.811|1|4|9|21
68.451|0|4|9|21
0|1|5|9|21
0.355|0|5|9|21
0.788|0|7|9|21
0|1|7|9|21
7.001|1|8|9|21
11.721|0|8|9|21
0.788|0|0|0|22
0|1|0|0|22
40.432|1|2|0|22
68.451|0|2|0|22
0|1|3|0|22
3.701|0|3|0|22
13.499|1|5|0|22
11.721|0|5|0|22
0.788|0|6|0|22
0|1|6|0|22
0|1|0|1|22
3.701|0|0|1|22
0|1|1|1|22
0.355|0|1|1|22
0|1|2|1|22
3.701|0|2|1|22
0|1|1|2|22
0.355|0|1|2|22
0.788|0|11|2|22
0|1|11|2|22
0|1|12|2|22
0.355|0|12|2|22
57.006|1|13|2|22
68.451|0|13|2|22
9.712|1|4|2|22
11.721|0|4|2|22
0.788|0|5|2|22
0|1|5|2|22
20.544|1|6|2|22
11.721|0|6|2|22
0.788|0|8|2|22
0|1|8|2|22
0|1|9|2|22
3.701|0|9|2|22
20.158|1|0|3|22
68.451|0|0|3|22
0.161|0|2|3|22
0|1|2|3|22
24.682|1|3|3|22
68.451|0|3|3|22
0|1|6|3|22
3.701|0|6|3|22
0|1|0|0|23
0.355|0|0|0|23
0.788|0|1|0|23
0|1|1|0|23
0|1|2|0|23
3.701|0|2|0|23
0|1|3|0|23
0.355|0|3|0|23
0.788|0|0|1|23
0|1|0|1|23
11.52|1|1|1|23
11.721|0|1|1|23
0|1|3|1|23
3.216|0|3|1|23
0.161|0|4|1|23
0|1|4|1|23
232.995|1|2|2|23
173.86|0|2|2|23
293.894|1|3|2|23
173.86|0|3|2|23
0|1|0|3|23
3.216|0|0|3|23
0.788|0|1|3|23
0|1|1|3|23
0|1|5|3|23
3.216|0|5|3|23
0.788|0|6|3|23
0|1|6|3|23
66.541|1|11|0|24
68.451|0|11|0|24
0|1|3|0|24
3.216|0|3|0|24
5.765|1|4|0|24
11.721|0|4|0|24
0|1|5|0|24
3.216|0|5|0|24
0|1|7|0|24
0.355|0|7|0|24
25.732|1|8|0|24
68.451|0|8|0|24
12.874|1|9|0|24
11.721|0|9|0|24
0|1|1|1|24
3.216|0|1|1|24
0.788|0|0|2|24
0|1|0|2|24
0|1|1|3|24
3.216|0|1|3|24
173.411|1|10|3|24
173.86|0|10|3|24
200.899|1|11|3|24
173.86|0|11|3|24
13.358|1|3|3|24
11.721|0|3|3|24
43.875|1|5|3|24
68.451|0|5|3|24
0|1|7|3|24
3.216|0|7|3|24
0|1|0|4|24
3.701|0|0|4|24
31.608|1|1|4|24
68.451|0|1|4|24
223.539|1|2|4|24
173.86|0|2|4|24
0.788|0|3|4|24
0|1|3|4|24
0.161|0|2|5|24
0|1|2|5|24
0.161|0|0|6|24
0|1|0|6|24
42.203|1|1|6|24
68.451|0|1|6|24
36.433|1|2|6|24
68.451|0|2|6|24
0.788|0|4|6|24
0|1|4|6|24
0|1|0|7|24
3.216|0|0|7|24
47.463|1|1|7|24
68.451|0|1|7|24
181.524|1|2|7|24
173.86|0|2|7|24
0|1|4|7|24
3.216|0|4|7|24
0|1|5|7|24
3.216|0|5|7|24
0|1|1|0|25
3.701|0|1|0|25
0|1|2|0|25
3.701|0|2|0|25
0|1|3|0|25
3.216|0|3|0|25
0|1|4|0|25
3.216|0|4|0|25
415.517|1|5|0|25
173.86|0|5|0|25
44.567|1|7|0|25
68.451|0|7|0|25
0|1|0|1|25
3.216|0|0|1|25
0|1|1|1|25
0.355|0|1|1|25
0|1|10|1|25
3.216|0|10|1|25
0|1|11|1|25
3.216|0|11|1|25
0|1|3|1|25
3.216|0|3|1|25
0.788|0|4|1|25
0|1|4|1|25
0|1|2|2|25
3.216|0|2|2|25
0|1|3|2|25
3.216|0|3|2|25
0|1|4|2|25
0.355|0|4|2|25
0|1|3|3|25
3.216|0|3|3|25
0.161|0|4|3|25
0|1|4|3|25
0|1|5|3|25
3.216|0|5|3|25
331.062|1|0|4|25
173.86|0|0|4|25
0.161|0|3|4|25
0|1|3|4|25
247.421|1|4|4|25
173.86|0|4|4|25
45.941|1|5|4|25
68.451|0|5|4|25
0|1|8|4|25
3.216|0|8|4|25
7.539|1|0|5|25
11.721|0|0|5|25
0|1|1|5|25
3.216|0|1|5|25
0.161|0|0|0|26
0|1|0|0|26
0|1|1|0|26
3.216|0|1|0|26
0|1|3|0|26
3.216|0|3|0|26
0|1|0|1|26
0.355|0|0|1|26
228.7|1|3|1|26
173.86|0|3|1|26
0.161|0|1|2|26
0|1|1|2|26
0|1|5|2|26
3.216|0|5|2|26
5.894|1|6|2|26
11.721|0|6|2|26
0|1|0|3|26
3.216|0|0|3|26
153.14|1|1|3|26
173.86|0|1|3|26
0.788|0|2|3|26
0|1|2|3|26
11.866|1|3|3|26
11.721|0|3|3|26
0|1|4|3|26
0.355|0|4|3|26
293.65|1|6|3|26
173.86|0|6|3|26
0|1|8|3|26
0.355|0|8|3|26
0|1|9|3|26
0.355|0|9|3|26
0.788|0|0|4|26
0|1|0|4|26
0|1|10|4|26
3.701|0|10|4|26
34.979|1|11|4|26
68.451|0|11|4|26
118.194|1|12|4|26
68.451|0|12|4|26
0.161|0|2|4|26
0|1|2|4|26
0|1|3|4|26
0.355|0|3|4|26
0.161|0|4|4|26
0|1|4|4|26
0.788|0|5|4|26
0|1|5|4|26
0|1|6|4|26
3.216|0|6|4|26
16.47|1|7|4|26
11.721|0|7|4|26
0.788|0|8|4|26
0|1|8|4|26
96.646|1|9|4|26
173.86|0|9|4|26
0|1|0|5|26
3.216|0|0|5|26
0.161|0|1|5|26
0|1|1|5|26
0|1|3|5|26
3.216|0|3|5|26
0|1|4|5|26
3.701|0|4|5|26
0|1|5|5|26
0.355|0|5|5|26
0.788|0|6|5|26
0|1|6|5|26
39.971|1|7|5|26
68.451|0|7|5|26
0.161|0|1|0|27
0|1|1|0|27
0|1|2|0|27
3.216|0|2|0|27
21.046|1|1|1|27
11.721|0|1|1|27
0.161|0|2|1|27
0|1|2|1|27
51.662|1|4|1|27
68.451|0|4|1|27
0.161|0|5|1|27
0|1|5|1|27
0.788|0|0|2|27
0|1|0|2|27
0.161|0|2|2|27
0|1|2|2|27
12.041|1|0|3|27
11.721|0|0|3|27
0|1|2|3|27
3.216|0|2|3|27
0|1|0|4|27
3.216|0|0|4|27
0.788|0|1|4|27
0|1|1|4|27
0.161|0|2|4|27
0|1|2|4|27
0.788|0|3|4|27
0|1|3|4|27
0.788|0|0|5|27
0|1|0|5|27
0.788|0|1|5|27
0|1|1|5|27
0.161|0|3|5|27
0|1|3|5|27
0|1|4|5|27
3.216|0|4|5|27
465.557|1|5|5|27
173.861|0|5|5|27
0|1|6|5|27
3.216|0|6|5|27
0.788|0|7|5|27
0|1|7|5|27
0|1|8|5|27
0.355|0|8|5|27
0|1|9|5|27
3.701|0|9|5|27
0|1|0|6|27
0.355|0|0|6|27
0|1|1|6|27
3.701|0|1|6|27
0|1|2|6|27
3.216|0|2|6|27
0|1|3|6|27
0.355|0|3|6|27
0.161|0|4|6|27
0|1|4|6|27
0|1|5|6|27
0.355|0|5|6|27
0|1|6|6|27
3.216|0|6|6|27
0.788|0|0|7|27
0|1|0|7|27
35.985|1|1|7|27
68.451|0|1|7|27
0|1|2|7|27
3.216|0|2|7|27
0.788|0|3|7|27
0|1|3|7|27
16.481|1|4|7|27
11.721|0|4|7|27
0|1|5|7|27
3.216|0|5|7|27
0.161|0|0|8|27
0|1|0|8|27
0|1|1|8|27
0.355|0|1|8|27
0|1|3|8|27
3.216|0|3|8|27
203.572|1|0|9|27
173.86|0|0|9|27
0|1|1|9|27
3.216|0|1|9|27
0|1|2|9|27
3.216|0|2|9|27
0|1|6|9|27
3.701|0|6|9|27
18.013|1|0|0|28
11.721|0|0|0|28
0|1|10|0|28
3.216|0|10|0|28
0|1|2|0|28
3.701|0|2|0|28
0|1|3|0|28
0.355|0|3|0|28
0|1|5|0|28
3.701|0|5|0|28
231.907|1|6|0|28
173.86|0|6|0|28
0|1|8|0|28
3.216|0|8|0|28
0|1|9|0|28
0.355|0|9|0|28
0.788|0|0|1|28
0|1|0|1|28
0|1|1|1|28
3.216|0|1|1|28
0|1|2|1|28
3.701|0|2|1|28
0.161|0|4|1|28
0|1|4|1|28
0|1|5|1|28
3.216|0|5|1|28
0.788|0|6|1|28
0|1|6|1|28
0|1|7|1|28
3.216|0|7|1|28
232.16|1|1|10|28
173.86|0|1|10|28
8.346|1|2|10|28
11.721|0|2|10|28
0.788|0|3|10|28
0|1|3|10|28
0|1|4|10|28
3.216|0|4|10|28
282.9|1|6|10|28
173.86|0|6|10|28
0|1|0|11|28
3.216|0|0|11|28
0|1|3|11|28
3.216|0|3|11|28
9.586|1|0|12|28
11.721|0|0|12|28
27.679|1|2|12|28
68.451|0|2|12|28
0|1|4|12|28
0.355|0|4|12|28
298.739|1|5|12|28
173.86|0|5|12|28
0|1|6|12|28
3.701|0|6|12|28
0.788|0|2|13|28
0|1|2|13|28
40.79|1|4|13|28
68.451|0|4|13|28
0|1|5|13|28
3.216|0|5|13|28
0|1|6|13|28
3.216|0|6|13|28
0|1|1|14|28
3.216|0|1|14|28
0|1|2|14|28
0.355|0|2|14|28
178.493|1|3|14|28
173.86|0|3|14|28
0|1|4|14|28
3.216|0|4|14|28
0.161|0|6|14|28
0|1|6|14|28
26.632|1|0|15|28
68.451|0|0|15|28
198.385|1|2|15|28
173.86|0|2|15|28
19.476|1|4|15|28
11.721|0|4|15|28
0|1|8|15|28
0.355|0|8|15|28
0.788|0|9|15|28
0|1|9|15|28
24.883|1|0|16|28
11.721|0|0|16|28
0|1|3|16|28
0.355|0|3|16|28
0|1|4|16|28
3.216|0|4|16|28
0.161|0|5|16|28
0|1|5|16|28
39.025|1|0|17|28
68.451|0|0|17|28
0|1|1|17|28
3.216|0|1|17|28
0|1|2|17|28
3.701|0|2|17|28
43.747|1|3|17|28
68.451|0|3|17|28
13.649|1|1|2|28
11.721|0|1|2|28
0|1|2|2|28
3.216|0|2|2|28
0|1|3|2|28
3.701|0|3|2|28
5.721|1|4|2|28
11.721|0|4|2|28
381.784|1|6|2|28
173.86|0|6|2|28
0|1|3|3|28
0.355|0|3|3|28
0.788|0|4|3|28
0|1|4|3|28
20.651|1|5|3|28
68.451|0|5|3|28
9.904|1|6|3|28
11.721|0|6|3|28
0|1|0|4|28
3.216|0|0|4|28
479.194|1|1|4|28
173.861|0|1|4|28
34.569|1|10|4|28
68.451|0|10|4|28
0|1|11|4|28
0.355|0|11|4|28
464.591|1|12|4|28
173.861|0|12|4|28
54.704|1|5|4|28
68.451|0|5|4|28
0|1|8|4|28
3.216|0|8|4|28
0.161|0|0|5|28
0|1|0|5|28
0.788|0|1|5|28
0|1|1|5|28
11.028|1|2|5|28
11.721|0|2|5|28
0|1|3|5|28
3.216|0|3|5|28
17.131|1|4|5|28
11.721|0|4|5|28
0.788|0|0|6|28
0|1|0|6|28
0.161|0|1|6|28
0|1|1|6|28
28.192|1|3|6|28
11.721|0|3|6|28
7.558|1|4|6|28
11.721|0|4|6|28
0|1|7|6|28
3.701|0|7|6|28
149.088|1|9|6|28
173.86|0|9|6|28
0|1|1|7|28
3.216|0|1|7|28
0|1|2|7|28
3.216|0|2|7|28
0|1|3|7|28
3.216|0|3|7|28
46.956|1|4|7|28
68.451|0|4|7|28
501.433|1|10|9|28
173.861|0|10|9|28
0.161|0|11|9|28
0|1|11|9|28
0.161|0|12|9|28
0|1|12|9|28
0.788|0|13|9|28
0|1|13|9|28
0|1|2|9|28
0.355|0|2|9|28
0|1|4|9|28
3.216|0|4|9|28
0|1|5|9|28
0.355|0|5|9|28
0.788|0|6|9|28
0|1|6|9|28
0.788|0|8|9|28
0|1|8|9|28
227.45|1|9|9|28
173.86|0|9|9|28
0|1|0|0|29
0.355|0|0|0|29
6.269|1|1|0|29
11.721|0|1|0|29
0|1|10|0|29
0.355|0|10|0|29
0|1|11|0|29
3.701|0|11|0|29
0|1|12|0|29
3.216|0|12|0|29
0|1|3|0|29
3.216|0|3|0|29
0|1|4|0|29
3.216|0|4|0|29
8.283|1|5|0|29
11.721|0|5|0|29
0|1|9|0|29
3.701|0|9|0|29
248.362|1|0|1|29
173.86|0|0|1|29
137.663|1|2|1|29
173.86|0|2|1|29
15.5|1|0|2|29
11.721|0|0|2|29
16.07|1|2|2|29
11.721|0|2|2|29
0|1|0|0|3
0.355|0|0|0|3
0|1|1|0|3
3.216|0|1|0|3
0.161|0|11|0|3
0|1|11|0|3
0|1|12|0|3
3.216|0|12|0|3
33.178|1|4|0|3
68.451|0|4|0|3
0|1|6|0|3
0.355|0|6|0|3
0.161|0|7|0|3
0|1|7|0|3
0.161|0|8|0|3
0|1|8|0|3
495.882|1|9|0|3
173.861|0|9|0|3
358.404|1|0|1|3
173.86|0|0|1|3
0|1|1|1|3
3.701|0|1|1|3
0|1|2|1|3
3.701|0|2|1|3
8.69|1|4|1|3
11.721|0|4|1|3
0|1|5|1|3
3.216|0|5|1|3
0|1|0|2|3
3.216|0|0|2|3
30.93|1|3|2|3
68.451|0|3|2|3
0|1|4|2|3
3.701|0|4|2|3
0|1|5|2|3
3.701|0|5|2|3
0|1|0|3|3
3.216|0|0|3|3
35.621|1|10|3|3
68.451|0|10|3|3
35.201|1|11|3|3
68.451|0|11|3|3
0|1|12|3|3
0.355|0|12|3|3
0.161|0|13|3|3
0|1|13|3|3
17.89|1|3|3|3
11.721|0|3|3|3
0|1|6|3|3
3.216|0|6|3|3
0|1|7|3|3
3.701|0|7|3|3
0|1|8|3|3
0.355|0|8|3|3
0|1|9|3|3
3.216|0|9|3|3
96.409|1|0|0|30
68.451|0|0|0|30
0|1|1|0|30
3.216|0|1|0|30
0|1|2|0|30
3.216|0|2|0|30
0|1|3|0|30
3.216|0|3|0|30
0|1|1|1|30
3.216|0|1|1|30
0.788|0|2|1|30
0|1|2|1|30
0.788|0|3|1|30
0|1|3|1|30
0|1|0|0|31
3.216|0|0|0|31
0.788|0|1|0|31
0|1|1|0|31
46.25|1|2|0|31
68.451|0|2|0|31
0|1|3|0|31
3.216|0|3|0|31
0.161|0|4|0|31
0|1|4|0|31
0.788|0|6|0|31
0|1|6|0|31
25.885|1|0|0|32
11.721|0|0|0|32
0|1|1|0|32
3.216|0|1|0|32
0.161|0|4|0|32
0|1|4|0|32
0|1|5|0|32
3.216|0|5|0|32
421.78|1|6|0|32
173.86|0|6|0|32
45.56|1|7|0|32
68.451|0|7|0|32
0|1|8|0|32
0.355|0|8|0|32
0.788|0|9|0|32
0|1|9|0|32
29.909|1|0|10|32
11.721|0|0|10|32
0.161|0|1|10|32
0|1|1|10|32
0|1|2|11|32
3.216|0|2|11|32
0.788|0|3|11|32
0|1|3|11|32
0.788|0|4|11|32
0|1|4|11|32
0|1|5|11|32
0.355|0|5|11|32
0|1|6|11|32
3.216|0|6|11|32
0|1|2|12|32
0.355|0|2|12|32
6.307|1|3|12|32
11.721|0|3|12|32
0|1|4|12|32
3.216|0|4|12|32
0|1|5|12|32
3.216|0|5|12|32
0.788|0|6|12|32
0|1|6|12|32
0|1|7|12|32
3.216|0|7|12|32
0.161|0|8|12|32
0|1|8|12|32
0.788|0|0|13|32
0|1|0|13|32
0|1|10|13|32
3.701|0|10|13|32
0|1|12|13|32
3.216|0|12|13|32
0.161|0|2|13|32
0|1|2|13|32
81.326|1|3|13|32
68.451|0|3|13|32
0|1|4|13|32
3.216|0|4|13|32
0|1|5|13|32
3.216|0|5|13|32
23.632|1|7|13|32
68.451|0|7|13|32
0.788|0|0|2|32
0|1|0|2|32
20.887|1|1|2|32
68.451|0|1|2|32
575.508|1|2|2|32
173.861|0|2|2|32
0|1|3|2|32
0.355|0|3|2|32
0.788|0|4|2|32
0|1|4|2|32
0.788|0|6|2|32
0|1|6|2|32
125.384|1|2|3|32
173.86|0|2|3|32
0.788|0|1|4|32
0|1|1|4|32
0|1|11|4|32
3.216|0|11|4|32
0|1|12|4|32
3.216|0|12|4|32
0|1|13|4|32
3.216|0|13|4|32
0|1|2|4|32
0.355|0|2|4|32
0.788|0|4|4|32
0|1|4|4|32
313.391|1|7|4|32
173.86|0|7|4|32
0|1|8|4|32
3.701|0|8|4|32
0|1|9|4|32
3.216|0|9|4|32
0|1|0|5|32
3.216|0|0|5|32
0|1|10|5|32
0.355|0|10|5|32
41.709|1|11|5|32
68.451|0|11|5|32
0.788|0|12|5|32
0|1|12|5|32
0|1|3|5|32
3.216|0|3|5|32
0|1|4|5|32
3.701|0|4|5|32
0.161|0|5|5|32
0|1|5|5|32
0|1|7|5|32
0.355|0|7|5|32
0|1|8|5|32
3.216|0|8|5|32
0|1|9|5|32
3.701|0|9|5|32
0|1|0|6|32
3.701|0|0|6|32
0|1|1|6|32
3.216|0|1|6|32
0|1|2|6|32
3.701|0|2|6|32
0|1|3|6|32
0.355|0|3|6|32
9.603|1|6|6|32
11.721|0|6|6|32
0|1|7|6|32
0.355|0|7|6|32
0|1|8|6|32
3.216|0|8|6|32
88.942|1|9|6|32
68.451|0|9|6|32
526.874|1|0|7|32
173.861|0|0|7|32
0|1|1|7|32
0.355|0|1|7|32
0|1|2|7|32
3.216|0|2|7|32
64.709|1|3|7|32
68.451|0|3|7|32
21.36|1|4|7|32
11.721|0|4|7|32
0|1|6|7|32
0.355|0|6|7|32
0|1|7|7|32
3.216|0|7|7|32
621.235|1|1|8|32
173.861|0|1|8|32
0|1|0|9|32
0.355|0|0|9|32
0|1|1|9|32
0.355|0|1|9|32
0|1|5|9|32
3.701|0|5|9|32
23.097|1|0|0|33
68.451|0|0|0|33
0|1|1|0|33
3.216|0|1|0|33
0|1|0|1|33
3.216|0|0|1|33
15.636|1|1|1|33
11.721|0|1|1|33
536.887|1|10|1|33
173.861|0|10|1|33
54.138|1|12|1|33
68.451|0|12|1|33
0|1|13|1|33
3.701|0|13|1|33
95.511|1|3|1|33
68.451|0|3|1|33
11.778|1|5|1|33
11.721|0|5|1|33
216.981|1|6|1|33
173.86|0|6|1|33
24.267|1|8|1|33
68.451|0|8|1|33
0.788|0|9|1|33
0|1|9|1|33
0|1|0|10|33
3.216|0|0|10|33
181.39|1|1|10|33
173.86|0|1|10|33
0|1|2|10|33
3.701|0|2|10|33
0.788|0|4|10|33
0|1|4|10|33
18.387|1|6|10|33
68.451|0|6|10|33
178.809|1|0|11|33
173.86|0|0|11|33
10.736|1|1|11|33
11.721|0|1|11|33
0|1|2|11|33
3.216|0|2|11|33
19.405|1|3|11|33
11.721|0|3|11|33
441.01|1|5|11|33
173.86|0|5|11|33
0|1|6|11|33
3.216|0|6|11|33
0.788|0|1|2|33
0|1|1|2|33
0|1|2|2|33
3.216|0|2|2|33
0|1|3|2|33
0.355|0|3|2|33
0.788|0|4|2|33
0|1|4|2|33
0|1|5|2|33
3.701|0|5|2|33
31.052|1|1|3|33
68.451|0|1|3|33
11.823|1|3|3|33
11.721|0|3|3|33
204.042|1|5|3|33
173.86|0|5|3|33
0.161|0|2|4|33
0|1|2|4|33
12.915|1|3|4|33
11.721|0|3|4|33
0|1|4|4|33
3.216|0|4|4|33
0|1|5|4|33
0.355|0|5|4|33
0|1|6|4|33
0.355|0|6|4|33
0|1|7|4|33
3.216|0|7|4|33
0.788|0|8|4|33
0|1|8|4|33
0.788|0|0|5|33
0|1|0|5|33
39.736|1|2|5|33
68.451|0|2|5|33
0.788|0|7|5|33
0|1|7|5|33
0|1|0|6|33
3.216|0|0|6|33
9.095|1|3|7|33
11.721|0|3|7|33
0|1|6|7|33
3.216|0|6|7|33
0.788|0|1|8|33
0|1|1|8|33
0|1|4|8|33
3.216|0|4|8|33
34.626|1|5|8|33
68.451|0|5|8|33
0|1|6|8|33
3.701|0|6|8|33
0.161|0|7|8|33
0|1|7|8|33
14.995|1|0|9|33
11.721|0|0|9|33
93.808|1|2|9|33
68.451|0|2|9|33
399.491|1|5|9|33
173.86|0|5|9|33
11.886|1|7|9|33
11.721|0|7|9|33
0|1|8|9|33
3.216|0|8|9|33
24.062|1|9|9|33
11.721|0|9|9|33
0|1|0|0|34
3.701|0|0|0|34
32.486|1|2|0|34
68.451|0|2|0|34
0|1|0|1|34
3.216|0|0|1|34
28.348|1|1|2|34
11.721|0|1|2|34
102.973|1|2|2|34
68.451|0|2|2|34
10.435|1|3|2|34
11.721|0|3|2|34
22.637|1|4|2|34
68.451|0|4|2|34
0|1|5|2|34
0.355|0|5|2|34
0|1|1|3|34
3.701|0|1|3|34
0|1|2|4|34
0.355|0|2|4|34
0|1|0|5|34
0.355|0|0|5|34
0|1|2|5|34
3.216|0|2|5|34
36.398|1|3|5|34
68.451|0|3|5|34
0.161|0|4|5|34
0|1|4|5|34
10.395|1|1|0|35
11.721|0|1|0|35
0.788|0|10|0|35
0|1|10|0|35
23.808|1|11|0|35
68.451|0|11|0|35
0.788|0|4|0|35
0|1|4|0|35
0.788|0|5|0|35
0|1|5|0|35
0|1|7|0|35
0.355|0|7|0|35
0.161|0|8|0|35
0|1|8|0|35
0.788|0|0|1|35
0|1|0|1|35
0|1|1|1|35
0.355|0|1|1|35
0.788|0|1|2|35
0|1|1|2|35
0.788|0|2|2|35
0|1|2|2|35
0|1|3|2|35
3.701|0|3|2|35
14.942|1|4|2|35
11.721|0|4|2|35
164.455|1|9|2|35
173.86|0|9|2|35
10.476|1|0|3|35
11.721|0|0|3|35
0|1|1|3|35
3.701|0|1|3|35
0|1|2|3|35
3.216|0|2|3|35
0.161|0|10|0|36
0|1|10|0|36
0|1|2|0|36
3.701|0|2|0|36
0|1|3|0|36
0.355|0|3|0|36
0.161|0|4|0|36
0|1|4|0|36
0.788|0|5|0|36
0|1|5|0|36
0.161|0|7|0|36
0|1|7|0|36
0|1|9|0|36
3.216|0|9|0|36
0|1|0|1|36
3.216|0|0|1|36
0.788|0|10|1|36
0|1|10|1|36
0|1|11|1|36
3.701|0|11|1|36
0.788|0|3|1|36
0|1|3|1|36
0|1|4|1|36
0.355|0|4|1|36
79.876|1|5|1|36
68.451|0|5|1|36
0|1|8|1|36
0.355|0|8|1|36
0.161|0|9|1|36
0|1|9|1|36
0|1|0|2|36
0.355|0|0|2|36
0.161|0|2|2|36
0|1|2|2|36
0.788|0|3|2|36
0|1|3|2|36
0|1|5|2|36
0.355|0|5|2|36
0|1|1|3|36
3.216|0|1|3|36
0|1|2|3|36
3.701|0|2|3|36
0|1|0|4|36
3.216|0|0|4|36
153.547|1|1|4|36
173.86|0|1|4|36
0|1|0|5|36
3.216|0|0|5|36
19.453|1|2|5|36
11.721|0|2|5|36
0|1|3|5|36
0.355|0|3|5|36
0|1|6|5|36
0.355|0|6|5|36
0.788|0|7|5|36
0|1|7|5|36
0.788|0|8|5|36
0|1|8|5|36
0.161|0|9|5|36
0|1|9|5|36
8.174|1|1|6|36
11.721|0|1|6|36
0|1|2|6|36
3.701|0|2|6|36
0.788|0|3|6|36
0|1|3|6|36
0.161|0|4|6|36
0|1|4|6|36
0|1|5|6|36
0.355|0|5|6|36
0.788|0|8|6|36
0|1|8|6|36
0|1|0|0|37
0.355|0|0|0|37
0|1|2|0|37
3.701|0|2|0|37
0|1|2|1|37
0.355|0|2|1|37
0.788|0|3|1|37
0|1|3|1|37
31.707|1|10|2|37
68.451|0|10|2|37
15.782|1|11|2|37
11.721|0|11|2|37
0|1|12|2|37
0.355|0|12|2|37
0|1|13|2|37
3.216|0|13|2|37
0|1|4|2|37
3.216|0|4|2|37
0.161|0|5|2|37
0|1|5|2|37
0|1|6|2|37
3.701|0|6|2|37
0.788|0|7|2|37
0|1|7|2|37
0.161|0|9|2|37
0|1|9|2|37
0|1|0|3|37
0.355|0|0|3|37
0.161|0|2|3|37
0|1|2|3|37
39.765|1|1|4|37
68.451|0|1|4|37
0.788|0|2|4|37
0|1|2|4|37
163.264|1|4|4|37
173.86|0|4|4|37
22.438|1|5|4|37
68.451|0|5|4|37
0|1|7|4|37
3.701|0|7|4|37
0|1|8|4|37
3.216|0|8|4|37
276.7|1|9|4|37
173.86|0|9|4|37
0|1|1|5|37
0.355|0|1|5|37
232.58|1|10|5|37
173.86|0|10|5|37
0|1|11|5|37
3.216|0|11|5|37
0|1|12|5|37
3.216|0|12|5|37
10.915|1|13|5|37
11.721|0|13|5|37
0|1|3|5|37
3.701|0|3|5|37
0.788|0|4|5|37
0|1|4|5|37
0.161|0|5|5|37
0|1|5|5|37
0|1|6|5|37
3.216|0|6|5|37
18.786|1|7|5|37
11.721|0|7|5|37
0|1|8|5|37
3.216|0|8|5|37
0|1|9|5|37
3.701|0|9|5|37
0|1|0|6|37
3.701|0|0|6|37
18.009|1|2|6|37
68.451|0|2|6|37
0|1|5|6|37
3.701|0|5|6|37
0|1|6|6|37
3.216|0|6|6|37
0|1|0|7|37
0.355|0|0|7|37
272.913|1|1|7|37
173.86|0|1|7|37
0|1|11|7|37
0.355|0|11|7|37
0.788|0|2|7|37
0|1|2|7|37
0|1|5|7|37
3.216|0|5|7|37
0|1|7|7|37
3.701|0|7|7|37
173.148|1|8|7|37
173.86|0|8|7|37
47.394|1|9|7|37
68.451|0|9|7|37
10.274|1|0|8|37
11.721|0|0|8|37
12.302|1|1|8|37
11.721|0|1|8|37
10.412|1|2|8|37
11.721|0|2|8|37
40.329|1|0|0|38
68.451|0|0|0|38
0|1|0|1|38
3.216|0|0|1|38
0|1|1|1|38
3.216|0|1|1|38
0|1|3|1|38
0.355|0|3|1|38
0|1|0|10|38
3.216|0|0|10|38
26.085|1|1|10|38
68.451|0|1|10|38
0|1|1|2|38
3.701|0|1|2|38
0|1|2|2|38
3.216|0|2|2|38
0|1|3|2|38
0.355|0|3|2|38
80.521|1|4|2|38
68.451|0|4|2|38
0.161|0|5|2|38
0|1|5|2|38
0.161|0|0|3|38
0|1|0|3|38
53.458|1|1|3|38
68.451|0|1|3|38
0.161|0|4|3|38
0|1|4|3|38
0.161|0|0|4|38
0|1|0|4|38
0.161|0|3|4|38
0|1|3|4|38
0.161|0|0|5|38
0|1|0|5|38
0.788|0|1|5|38
0|1|1|5|38
10.214|1|0|6|38
11.721|0|0|6|38
0|1|1|6|38
3.701|0|1|6|38
0|1|2|6|38
3.216|0|2|6|38
0|1|1|7|38
3.216|0|1|7|38
0|1|0|8|38
3.701|0|0|8|38
0|1|2|8|38
0.355|0|2|8|38
26.701|1|0|9|38
68.451|0|0|9|38
0|1|1|9|38
3.216|0|1|9|38
283.666|1|2|9|38
173.86|0|2|9|38
0|1|3|9|38
3.701|0|3|9|38
0.788|0|4|9|38
0|1|4|9|38
0|1|5|9|38
3.216|0|5|9|38
0|1|1|0|39
3.701|0|1|0|39
0|1|2|0|39
3.216|0|2|0|39
0|1|3|0|39
0.355|0|3|0|39
25.96|1|1|1|39
68.451|0|1|1|39
0.788|0|4|1|39
0|1|4|1|39
0|1|6|1|39
3.701|0|6|1|39
0|1|0|11|39
3.701|0|0|11|39
52.934|1|1|11|39
68.451|0|1|11|39
19.363|1|11|11|39
68.451|0|11|11|39
45.89|1|13|11|39
68.451|0|13|11|39
0.161|0|2|11|39
0|1|2|11|39
9.822|1|3|11|39
11.721|0|3|11|39
11.562|1|4|11|39
11.721|0|4|11|39
0|1|6|11|39
3.216|0|6|11|39
0|1|7|11|39
3.216|0|7|11|39
0.788|0|8|11|39
0|1|8|11|39
0|1|9|11|39
3.701|0|9|11|39
0|1|0|12|39
3.216|0|0|12|39
20.335|1|1|12|39
68.451|0|1|12|39
0|1|3|12|39
3.216|0|3|12|39
12.751|1|4|12|39
11.721|0|4|12|39
0|1|0|13|39
3.216|0|0|13|39
431.73|1|1|13|39
173.86|0|1|13|39
0|1|12|13|39
3.701|0|12|13|39
0.788|0|13|13|39
0|1|13|13|39
0|1|2|13|39
3.701|0|2|13|39
0|1|5|13|39
3.701|0|5|13|39
0|1|6|13|39
3.701|0|6|13|39
0|1|8|13|39
0.355|0|8|13|39
0|1|9|13|39
3.216|0|9|13|39
0|1|0|14|39
3.216|0|0|14|39
0|1|3|14|39
3.216|0|3|14|39
0.788|0|5|14|39
0|1|5|14|39
13.629|1|0|2|39
11.721|0|0|2|39
26.969|1|5|2|39
68.451|0|5|2|39
339.007|1|6|2|39
173.86|0|6|2|39
0|1|7|2|39
3.216|0|7|2|39
9.292|1|9|2|39
11.721|0|9|2|39
0.788|0|0|3|39
0|1|0|3|39
0|1|2|3|39
3.216|0|2|3|39
0|1|0|4|39
3.216|0|0|4|39
44.36|1|3|4|39
68.451|0|3|4|39
0|1|0|5|39
3.216|0|0|5|39
0.788|0|1|5|39
0|1|1|5|39
28.738|1|2|5|39
68.451|0|2|5|39
0|1|3|5|39
3.216|0|3|5|39
0.788|0|4|5|39
0|1|4|5|39
0|1|5|5|39
3.216|0|5|5|39
0|1|6|5|39
0.355|0|6|5|39
0|1|7|5|39
3.216|0|7|5|39
0.788|0|0|6|39
0|1|0|6|39
0.788|0|1|6|39
0|1|1|6|39
43.043|1|3|6|39
68.451|0|3|6|39
0|1|4|6|39
3.216|0|4|6|39
0|1|5|6|39
0.355|0|5|6|39
425.733|1|6|6|39
173.86|0|6|6|39
0|1|8|6|39
3.216|0|8|6|39
72.096|1|1|7|39
68.451|0|1|7|39
0|1|3|7|39
0.355|0|3|7|39
0|1|4|7|39
3.216|0|4|7|39
0.161|0|5|7|39
0|1|5|7|39
0.161|0|6|7|39
0|1|6|7|39
0|1|1|8|39
0.355|0|1|8|39
0.788|0|11|8|39
0|1|11|8|39
0.788|0|12|8|39
0|1|12|8|39
0|1|2|8|39
3.216|0|2|8|39
0.788|0|3|8|39
0|1|3|8|39
0.788|0|5|8|39
0|1|5|8|39
0.161|0|6|8|39
0|1|6|8|39
0.788|0|7|8|39
0|1|7|8|39
0.161|0|1|9|39
0|1|1|9|39
0|1|2|9|39
0.355|0|2|9|39
0.788|0|0|0|4
0|1|0|0|4
0|1|1|0|4
0.355|0|1|0|4
0|1|10|0|4
3.216|0|10|0|4
0|1|4|0|4
3.701|0|4|0|4
0.161|0|5|0|4
0|1|5|0|4
81.072|1|0|1|4
68.451|0|0|1|4
46.076|1|1|1|4
68.451|0|1|1|4
0.788|0|2|1|4
0|1|2|1|4
0|1|3|1|4
3.216|0|3|1|4
0|1|0|10|4
3.216|0|0|10|4
0.161|0|2|10|4
0|1|2|10|4
0.161|0|3|10|4
0|1|3|10|4
0|1|4|10|4
3.216|0|4|10|4
0.788|0|5|10|4
0|1|5|10|4
193.403|1|0|11|4
173.86|0|0|11|4
0.161|0|1|11|4
0|1|1|11|4
47.613|1|2|11|4
68.451|0|2|11|4
24.131|1|0|12|4
68.451|0|0|12|4
0.788|0|1|12|4
0|1|1|12|4
0.788|0|11|12|4
0|1|11|12|4
38.76|1|12|12|4
68.451|0|12|12|4
0.788|0|2|12|4
0|1|2|12|4
0|1|3|12|4
0.355|0|3|12|4
21.109|1|4|12|4
11.721|0|4|12|4
0.788|0|6|12|4
0|1|6|12|4
21.36|1|7|12|4
11.721|0|7|12|4
0|1|8|12|4
3.216|0|8|12|4
0|1|9|12|4
3.216|0|9|12|4
0|1|1|13|4
3.216|0|1|13|4
238.209|1|10|13|4
173.86|0|10|13|4
106.038|1|13|13|4
173.86|0|13|13|4
0.788|0|2|13|4
0|1|2|13|4
0.161|0|3|13|4
0|1|3|13|4
0.788|0|4|13|4
0|1|4|13|4
21.365|1|5|13|4
68.451|0|5|13|4
15.333|1|9|13|4
11.721|0|9|13|4
0.161|0|0|2|4
0|1|0|2|4
0|1|1|2|4
0.355|0|1|2|4
18.922|1|2|2|4
11.721|0|2|2|4
29.798|1|1|3|4
11.721|0|1|3|4
30.621|1|2|3|4
68.451|0|2|3|4
62.274|1|4|3|4
68.451|0|4|3|4
0.161|0|5|3|4
0|1|5|3|4
0.161|0|0|4|4
0|1|0|4|4
23.825|1|1|4|4
11.721|0|1|4|4
54.818|1|10|4|4
68.451|0|10|4|4
199.041|1|3|4|4
173.86|0|3|4|4
0|1|4|4|4
3.216|0|4|4|4
0|1|5|4|4
3.701|0|5|4|4
0|1|7|4|4
3.216|0|7|4|4
0|1|8|4|4
0.355|0|8|4|4
61.345|1|9|4|4
68.451|0|9|4|4
0.788|0|0|5|4
0|1|0|5|4
0.161|0|1|5|4
0|1|1|5|4
88.25|1|4|5|4
68.451|0|4|5|4
0|1|7|5|4
3.701|0|7|5|4
0|1|8|5|4
3.701|0|8|5|4
58.146|1|0|7|4
68.451|0|0|7|4
449.263|1|1|7|4
173.86|0|1|7|4
0.788|0|10|7|4
0|1|10|7|4
0.788|0|12|7|4
0|1|12|7|4
0|1|13|7|4
3.216|0|13|7|4
0|1|2|7|4
3.216|0|2|7|4
20.999|1|3|7|4
68.451|0|3|7|4
48.139|1|5|7|4
68.451|0|5|7|4
0|1|6|7|4
3.216|0|6|7|4
0|1|7|7|4
3.216|0|7|7|4
0|1|8|7|4
3.701|0|8|7|4
0|1|9|7|4
0.355|0|9|7|4
0|1|1|8|4
3.701|0|1|8|4
0.161|0|2|8|4
0|1|2|8|4
0|1|3|8|4
0.355|0|3|8|4
0|1|4|8|4
3.216|0|4|8|4
0|1|2|9|4
3.701|0|2|9|4
31.438|1|3|9|4
11.721|0|3|9|4
0|1|4|9|4
3.216|0|4|9|4
13.723|1|5|9|4
11.721|0|5|9|4
0|1|0|0|5
3.216|0|0|0|5
14.186|1|3|0|5
11.721|0|3|0|5
0|1|3|1|5
3.216|0|3|1|5
0|1|4|1|5
0.355|0|4|1|5
40.414|1|5|1|5
68.451|0|5|1|5
0|1|0|0|6
0.355|0|0|0|6
0|1|3|0|6
3.701|0|3|0|6
222.79|1|4|0|6
173.86|0|4|0|6
0|1|1|1|6
3.701|0|1|1|6
36.341|1|2|1|6
68.451|0|2|1|6
0|1|3|1|6
3.701|0|3|1|6
0|1|7|1|6
0.355|0|7|1|6
0|1|0|2|6
3.216|0|0|2|6
19.773|1|2|2|6
11.721|0|2|2|6
636.107|1|1|3|6
173.861|0|1|3|6
0.161|0|2|3|6
0|1|2|3|6
0|1|3|3|6
3.216|0|3|3|6
0|1|5|3|6
3.216|0|5|3|6
0.788|0|6|3|6
0|1|6|3|6
0|1|7|3|6
3.216|0|7|3|6
0.161|0|8|3|6
0|1|8|3|6
0|1|2|0|7
3.216|0|2|0|7
0|1|3|0|7
3.216|0|3|0|7
29.671|1|5|0|7
68.451|0|5|0|7
0.161|0|6|0|7
0|1|6|0|7
0.161|0|1|1|7
0|1|1|1|7
0|1|0|10|7
3.216|0|0|10|7
103.913|1|1|10|7
173.86|0|1|10|7
0|1|10|10|7
3.216|0|10|10|7
0.788|0|4|10|7
0|1|4|10|7
0|1|5|10|7
3.216|0|5|10|7
0|1|6|10|7
3.216|0|6|10|7
0.788|0|0|2|7
0|1|0|2|7
10.228|1|1|2|7
11.721|0|1|2|7
6.092|1|10|2|7
11.721|0|10|2|7
0|1|2|2|7
3.216|0|2|2|7
0|1|4|2|7
3.701|0|4|2|7
0|1|5|2|7
0.355|0|5|2|7
0|1|6|2|7
3.701|0|6|2|7
0|1|7|2|7
3.216|0|7|2|7
0|1|8|2|7
3.701|0|8|2|7
0.161|0|0|3|7
0|1|0|3|7
0.161|0|2|3|7
0|1|2|3|7
62.16|1|3|3|7
68.451|0|3|3|7
0|1|4|3|7
0.355|0|4|3|7
37.631|1|5|3|7
68.451|0|5|3|7
0|1|6|3|7
3.216|0|6|3|7
0|1|9|3|7
3.701|0|9|3|7
0|1|2|4|7
0.355|0|2|4|7
154.244|1|3|4|7
173.86|0|3|4|7
261.372|1|4|4|7
173.86|0|4|4|7
0.788|0|0|5|7
0|1|0|5|7
0|1|1|5|7
0.355|0|1|5|7
359.006|1|1|6|7
173.86|0|1|6|7
0|1|1|7|7
3.701|0|1|7|7
392.607|1|10|7|7
173.86|0|10|7|7
12.181|1|2|7|7
11.721|0|2|7|7
58.842|1|4|7|7
68.451|0|4|7|7
0.161|0|5|7|7
0|1|5|7|7
0|1|7|7|7
3.701|0|7|7|7
0.788|0|8|7|7
0|1|8|7|7
46.127|1|1|8|7
68.451|0|1|8|7
21.042|1|2|8|7
68.451|0|2|8|7
16.157|1|4|8|7
11.721|0|4|8|7
0.161|0|0|9|7
0|1|0|9|7
0.161|0|1|9|7
0|1|1|9|7
0|1|3|9|7
3.216|0|3|9|7
0|1|4|9|7
3.216|0|4|9|7
0|1|5|9|7
3.216|0|5|9|7
0|1|7|9|7
0.355|0|7|9|7
14.243|1|0|0|8
11.721|0|0|0|8
46.596|1|3|0|8
68.451|0|3|0|8
0.788|0|7|0|8
0|1|7|0|8
0|1|0|1|8
0.355|0|0|1|8
36.226|1|3|1|8
68.451|0|3|1|8
0.161|0|4|1|8
0|1|4|1|8
46.187|1|5|1|8
68.451|0|5|1|8
11.957|1|6|1|8
11.721|0|6|1|8
0|1|2|2|8
3.216|0|2|2|8
258.141|1|3|2|8
173.86|0|3|2|8
0|1|5|2|8
3.216|0|5|2|8
0|1|6|2|8
3.216|0|6|2|8
17.07|1|0|3|8
11.721|0|0|3|8
0|1|1|3|8
3.216|0|1|3|8
0|1|0|4|8
3.216|0|0|4|8
62.058|1|1|4|8
68.451|0|1|4|8
0.161|0|0|0|9
0|1|0|0|9
0|1|1|0|9
3.216|0|1|0|9
0|1|10|0|9
3.701|0|10|0|9
0|1|11|0|9
3.701|0|11|0|9
0.161|0|2|0|9
0|1|2|0|9
0.788|0|3|0|9
0|1|3|0|9
0|1|5|0|9
0.355|0|5|0|9
0.788|0|6|0|9
0|1|6|0|9
0.788|0|7|0|9
0|1|7|0|9
0|1|8|0|9
3.216|0|8|0|9
14.114|1|9|0|9
11.721|0|9|0|9
0.788|0|2|1|9
0|1|2|1|9
7.182|1|3|1|9
11.721|0|3|1|9
28.843|1|4|1|9
68.451|0|4|1|9
0.161|0|6|1|9
0|1|6|1|9
0.788|0|7|1|9
0|1|7|1|9
179.347|1|9|1|9
173.86|0|9|1|9
0|1|0|2|9
0.355|0|0|2|9
0|1|2|2|9
3.216|0|2|2|9
13.133|1|0|3|9
11.721|0|0|3|9
29.498|1|2|3|9
11.721|0|2|3|9
15.527|1|5|3|9
11.721|0|5|3|9
0|1|4|0|0
0.962|0|4|0|0
0|1|1|1|0
3.216|0|1|1|0
0|1|11|1|0
2.25|0|11|1|0
0|1|6|1|0
3.216|0|6|1|0
0|1|7|1|0
0.962|0|7|1|0
0|1|0|10|0
3.216|0|0|10|0
0|1|1|11|0
0.962|0|1|11|0
0|1|3|11|0
0.962|0|3|11|0
0|1|1|12|0
3.216|0|1|12|0
0|1|6|13|0
2.25|0|6|13|0
0|1|8|13|0
2.25|0|8|13|0
0|1|9|13|0
3.216|0|9|13|0
0|1|1|2|0
3.216|0|1|2|0
0|1|6|2|0
3.216|0|6|2|0
0|1|2|3|0
0.962|0|2|3|0
0|1|1|4|0
2.25|0|1|4|0
0|1|12|6|0
3.216|0|12|6|0
0|1|13|6|0
0.962|0|13|6|0
0|1|3|6|0
2.25|0|3|6|0
0|1|7|6|0
0.962|0|7|6|0
0|1|3|7|0
0.962|0|3|7|0
0|1|5|7|0
0.962|0|5|7|0
0|1|8|7|0
3.216|0|8|7|0
0|1|1|8|0
0.962|0|1|8|0
0|1|7|8|0
0.962|0|7|8|0
0|1|10|9|0
3.216|0|10|9|0
0|1|11|9|0
0.962|0|11|9|0
0|1|9|9|0
3.216|0|9|9|0
0|1|2|1|1
3.216|0|2|1|1
0|1|2|2|1
0.962|0|2|2|1
0|1|6|2|1
0.962|0|6|2|1
0|1|1|0|10
3.216|0|1|0|10
0|1|4|0|10
3.216|0|4|0|10
0|1|2|1|10
3.216|0|2|1|10
0|1|0|2|10
3.216|0|0|2|10
0|1|1|2|10
0.962|0|1|2|10
0|1|3|3|10
3.216|0|3|3|10
0|1|5|4|10
3.216|0|5|4|10
0|1|6|4|10
2.25|0|6|4|10
0|1|0|0|11
2.25|0|0|0|11
0|1|10|0|11
3.216|0|10|0|11
0|1|11|0|11
3.216|0|11|0|11
0|1|13|0|11
3.216|0|13|0|11
0|1|3|0|11
3.216|0|3|0|11
0|1|4|0|11
3.216|0|4|0|11
0|1|6|0|11
3.216|0|6|0|11
0|1|9|0|11
2.25|0|9|0|11
0|1|1|1|11
2.25|0|1|1|11
0|1|2|1|11
3.216|0|2|1|11
0|1|0|2|11
2.25|0|0|2|11
0|1|8|2|11
3.216|0|8|2|11
0|1|1|4|11
2.25|0|1|4|11
0|1|2|5|11
0.962|0|2|5|11
0|1|0|1|12
3.216|0|0|1|12
0|1|2|1|12
3.216|0|2|1|12
0|1|1|2|12
3.216|0|1|2|12
0|1|13|2|12
3.216|0|13|2|12
0|1|5|2|12
3.216|0|5|2|12
0|1|7|2|12
0.962|0|7|2|12
0|1|0|1|13
3.216|0|0|1|13
0|1|10|1|13
2.25|0|10|1|13
0|1|0|0|14
2.25|0|0|0|14
0|1|1|1|14
2.25|0|1|1|14
0|1|2|1|14
3.216|0|2|1|14
0|1|0|10|14
3.216|0|0|10|14
0|1|6|10|14
2.25|0|6|10|14
0|1|2|11|14
3.216|0|2|11|14
0|1|3|11|14
0.962|0|3|11|14
0|1|1|12|14
3.216|0|1|12|14
0|1|3|12|14
3.216|0|3|12|14
0|1|2|13|14
2.25|0|2|13|14
0|1|4|13|14
3.216|0|4|13|14
0|1|0|14|14
0.962|0|0|14|14
0|1|2|14|14
2.25|0|2|14|14
0|1|5|14|14
3.216|0|5|14|14
0|1|7|14|14
0.962|0|7|14|14
0|1|2|15|14
3.216|0|2|15|14
0|1|8|15|14
2.25|0|8|15|14
0|1|0|16|14
2.25|0|0|16|14
0|1|2|16|14
2.25|0|2|16|14
0|1|2|2|14
0.962|0|2|2|14
0|1|3|3|14
2.25|0|3|3|14
0|1|0|4|14
3.216|0|0|4|14
0|1|0|5|14
3.216|0|0|5|14
0|1|2|5|14
2.25|0|2|5|14
0|1|4|5|14
2.25|0|4|5|14
0|1|0|6|14
0.962|0|0|6|14
0|1|1|6|14
3.216|0|1|6|14
0|1|2|6|14
3.216|0|2|6|14
0|1|4|6|14
3.216|0|4|6|14
0|1|6|6|14
3.216|0|6|6|14
0|1|4|7|14
3.216|0|4|7|14
0|1|0|8|14
3.216|0|0|8|14
0|1|1|9|14
3.216|0|1|9|14
0|1|10|9|14
2.25|0|10|9|14
0|1|2|9|14
3.216|0|2|9|14
0|1|9|9|14
3.216|0|9|9|14
0|1|12|0|15
3.216|0|12|0|15
0|1|4|0|15
3.216|0|4|0|15
0|1|8|0|15
3.216|0|8|0|15
0|1|0|1|15
3.216|0|0|1|15
0|1|1|2|15
2.25|0|1|2|15
0|1|12|2|15
0.962|0|12|2|15
0|1|13|2|15
3.216|0|13|2|15
0|1|2|2|15
2.25|0|2|2|15
0|1|3|2|15
2.25|0|3|2|15
0|1|7|2|15
2.25|0|7|2|15
0|1|8|2|15
3.216|0|8|2|15
0|1|1|3|15
2.25|0|1|3|15
0|1|4|3|15
3.216|0|4|3|15
0|1|4|0|16
0.962|0|4|0|16
0|1|6|0|16
3.216|0|6|0|16
0|1|4|1|16
3.216|0|4|1|16
0|1|5|1|16
0.962|0|5|1|16
0|1|6|1|16
0.962|0|6|1|16
0|1|8|1|16
2.25|0|8|1|16
0|1|1|10|16
0.962|0|1|10|16
0|1|5|10|16
0.962|0|5|10|16
0|1|6|10|16
3.216|0|6|10|16
0|1|7|10|16
2.25|0|7|10|16
0|1|1|2|16
3.216|0|1|2|16
0|1|2|2|16
3.216|0|2|2|16
0|1|3|2|16
3.216|0|3|2|16
0|1|3|3|16
0.962|0|3|3|16
0|1|5|4|16
3.216|0|5|4|16
0|1|6|4|16
3.216|0|6|4|16
0|1|2|5|16
2.25|0|2|5|16
0|1|3|5|16
3.216|0|3|5|16
0|1|0|6|16
3.216|0|0|6|16
0|1|1|7|16
3.216|0|1|7|16
0|1|12|8|16
3.216|0|12|8|16
0|1|13|8|16
3.216|0|13|8|16
0|1|2|8|16
3.216|0|2|8|16
0|1|3|8|16
2.25|0|3|8|16
0|1|4|8|16
2.25|0|4|8|16
0|1|9|8|16
3.216|0|9|8|16
0|1|4|9|16
3.216|0|4|9|16
0|1|4|0|17
3.216|0|4|0|17
0|1|1|1|17
2.25|0|1|1|17
0|1|7|1|17
3.216|0|7|1|17
0|1|1|0|18
3.216|0|1|0|18
0|1|2|0|18
2.25|0|2|0|18
0|1|2|1|18
3.216|0|2|1|18
0|1|4|1|18
2.25|0|4|1|18
0|1|2|2|18
3.216|0|2|2|18
0|1|3|2|18
2.25|0|3|2|18
0|1|0|3|18
0.962|0|0|3|18
0|1|1|3|18
0.962|0|1|3|18
0|1|7|3|18
0.962|0|7|3|18
0|1|0|4|18
2.25|0|0|4|18
0|1|4|4|18
0.962|0|4|4|18
0|1|7|4|18
3.216|0|7|4|18
0|1|0|0|19
3.216|0|0|0|19
0|1|3|0|19
3.216|0|3|0|19
0|1|4|0|19
3.216|0|4|0|19
0|1|11|0|2
0.962|0|11|0|2
0|1|3|0|2
3.216|0|3|0|2
0|1|4|0|2
3.216|0|4|0|2
0|1|9|0|2
2.25|0|9|0|2
0|1|1|2|2
3.216|0|1|2|2
0|1|6|2|2
3.216|0|6|2|2
0|1|8|2|2
3.216|0|8|2|2
0|1|3|3|2
3.216|0|3|3|2
0|1|4|3|2
2.25|0|4|3|2
0|1|5|3|2
3.216|0|5|3|2
0|1|7|3|2
0.962|0|7|3|2
0|1|8|3|2
3.216|0|8|3|2
0|1|2|4|2
3.216|0|2|4|2
0|1|1|5|2
3.216|0|1|5|2
0|1|11|5|2
2.25|0|11|5|2
0|1|9|5|2
0.962|0|9|5|2
0|1|2|0|20
2.25|0|2|0|20
0|1|4|1|20
0.962|0|4|1|20
0|1|0|2|20
3.216|0|0|2|20
0|1|1|2|20
0.962|0|1|2|20
0|1|2|2|20
3.216|0|2|2|20
0|1|6|2|20
3.216|0|6|2|20
0|1|1|3|20
3.216|0|1|3|20
0|1|1|4|20
0.962|0|1|4|20
0|1|0|5|20
3.216|0|0|5|20
0|1|4|5|20
2.25|0|4|5|20
0|1|5|5|20
2.25|0|5|5|20
0|1|3|6|20
3.216|0|3|6|20
0|1|8|6|20
0.962|0|8|6|20
0|1|1|7|20
0.962|0|1|7|20
0|1|4|7|20
0.962|0|4|7|20
0|1|5|7|20
3.216|0|5|7|20
0|1|7|7|20
3.216|0|7|7|20
0|1|0|1|21
3.216|0|0|1|21
0|1|1|10|21
3.216|0|1|10|21
0|1|11|10|21
3.216|0|11|10|21
0|1|12|10|21
3.216|0|12|10|21
0|1|2|10|21
0.962|0|2|10|21
0|1|3|10|21
3.216|0|3|10|21
0|1|0|11|21
2.25|0|0|11|21
0|1|1|11|21
2.25|0|1|11|21
0|1|2|11|21
2.25|0|2|11|21
0|1|3|11|21
3.216|0|3|11|21
0|1|0|13|21
0.962|0|0|13|21
0|1|1|13|21
0.962|0|1|13|21
0|1|11|13|21
2.25|0|11|13|21
0|1|3|13|21
0.962|0|3|13|21
0|1|6|13|21
2.25|0|6|13|21
0|1|7|13|21
0.962|0|7|13|21
0|1|9|13|21
3.216|0|9|13|21
0|1|4|2|21
3.216|0|4|2|21
0|1|1|3|21
0.962|0|1|3|21
0|1|12|3|21
2.25|0|12|3|21
0|1|13|3|21
2.25|0|13|3|21
0|1|4|3|21
3.216|0|4|3|21
0|1|9|3|21
3.216|0|9|3|21
0|1|0|4|21
2.25|0|0|4|21
0|1|13|4|21
0.962|0|13|4|21
0|1|3|4|21
2.25|0|3|4|21
0|1|5|4|21
2.25|0|5|4|21
0|1|0|5|21
3.216|0|0|5|21
0|1|1|5|21
2.25|0|1|5|21
0|1|7|6|21
3.216|0|7|6|21
0|1|0|7|21
0.962|0|0|7|21
0|1|2|7|21
0.962|0|2|7|21
0|1|3|7|21
2.25|0|3|7|21
0|1|3|8|21
0.962|0|3|8|21
0|1|1|9|21
3.216|0|1|9|21
0|1|10|9|21
3.216|0|10|9|21
0|1|11|9|21
2.25|0|11|9|21
0|1|12|9|21
3.216|0|12|9|21
0|1|13|9|21
2.25|0|13|9|21
0|1|3|9|21
3.216|0|3|9|21
0|1|9|9|21
0.962|0|9|9|21
0|1|1|0|22
0.962|0|1|0|22
0|1|4|0|22
0.962|0|4|0|22
0|1|1|3|22
2.25|0|1|3|22
0|1|5|3|22
0.962|0|5|3|22
0|1|7|3|22
2.25|0|7|3|22
0|1|3|1|23
3.216|0|3|1|23
0|1|5|1|23
2.25|0|5|1|23
0|1|0|3|23
3.216|0|0|3|23
0|1|3|3|23
0.962|0|3|3|23
0|1|5|3|23
3.216|0|5|3|23
0|1|1|0|24
2.25|0|1|0|24
0|1|12|0|24
0.962|0|12|0|24
0|1|3|0|24
3.216|0|3|0|24
0|1|5|0|24
3.216|0|5|0|24
0|1|1|1|24
3.216|0|1|1|24
0|1|3|1|24
2.25|0|3|1|24
0|1|1|2|24
0.962|0|1|2|24
0|1|2|2|24
0.962|0|2|2|24
0|1|1|3|24
3.216|0|1|3|24
0|1|4|3|24
2.25|0|4|3|24
0|1|7|3|24
3.216|0|7|3|24
0|1|8|3|24
2.25|0|8|3|24
0|1|0|5|24
0.962|0|0|5|24
0|1|0|7|24
3.216|0|0|7|24
0|1|4|7|24
3.216|0|4|7|24
0|1|5|7|24
3.216|0|5|7|24
0|1|0|0|25
0.962|0|0|0|25
0|1|3|0|25
3.216|0|3|0|25
0|1|4|0|25
3.216|0|4|0|25
0|1|6|0|25
0.962|0|6|0|25
0|1|0|1|25
3.216|0|0|1|25
0|1|10|1|25
3.216|0|10|1|25
0|1|11|1|25
3.216|0|11|1|25
0|1|2|1|25
2.25|0|2|1|25
0|1|3|1|25
3.216|0|3|1|25
0|1|5|1|25
2.25|0|5|1|25
0|1|9|1|25
0.962|0|9|1|25
0|1|0|2|25
0.962|0|0|2|25
0|1|2|2|25
3.216|0|2|2|25
0|1|3|2|25
3.216|0|3|2|25
0|1|2|3|25
0.962|0|2|3|25
0|1|3|3|25
3.216|0|3|3|25
0|1|5|3|25
3.216|0|5|3|25
0|1|1|4|25
0.962|0|1|4|25
0|1|10|4|25
0.962|0|10|4|25
0|1|2|4|25
0.962|0|2|4|25
0|1|6|4|25
0.962|0|6|4|25
0|1|8|4|25
3.216|0|8|4|25
0|1|9|4|25
2.25|0|9|4|25
0|1|1|5|25
3.216|0|1|5|25
0|1|1|0|26
3.216|0|1|0|26
0|1|3|0|26
3.216|0|3|0|26
0|1|2|1|26
0.962|0|2|1|26
0|1|3|2|26
2.25|0|3|2|26
0|1|5|2|26
3.216|0|5|2|26
0|1|0|3|26
3.216|0|0|3|26
0|1|10|3|26
2.25|0|10|3|26
0|1|1|4|26
0.962|0|1|4|26
0|1|13|4|26
0.962|0|13|4|26
0|1|6|4|26
3.216|0|6|4|26
0|1|0|5|26
3.216|0|0|5|26
0|1|3|5|26
3.216|0|3|5|26
0|1|8|5|26
2.25|0|8|5|26
0|1|2|0|27
3.216|0|2|0|27
0|1|0|1|27
2.25|0|0|1|27
0|1|3|1|27
0.962|0|3|1|27
0|1|6|1|27
0.962|0|6|1|27
0|1|1|2|27
0.962|0|1|2|27
0|1|2|3|27
3.216|0|2|3|27
0|1|0|4|27
3.216|0|0|4|27
0|1|4|4|27
2.25|0|4|4|27
0|1|2|5|27
2.25|0|2|5|27
0|1|4|5|27
3.216|0|4|5|27
0|1|6|5|27
3.216|0|6|5|27
0|1|2|6|27
3.216|0|2|6|27
0|1|6|6|27
3.216|0|6|6|27
0|1|2|7|27
3.216|0|2|7|27
0|1|5|7|27
3.216|0|5|7|27
0|1|2|8|27
2.25|0|2|8|27
0|1|3|8|27
3.216|0|3|8|27
0|1|1|9|27
3.216|0|1|9|27
0|1|2|9|27
3.216|0|2|9|27
0|1|10|0|28
3.216|0|10|0|28
0|1|4|0|28
2.25|0|4|0|28
0|1|7|0|28
2.25|0|7|0|28
0|1|8|0|28
3.216|0|8|0|28
0|1|1|1|28
3.216|0|1|1|28
0|1|5|1|28
3.216|0|5|1|28
0|1|7|1|28
3.216|0|7|1|28
0|1|0|10|28
0.962|0|0|10|28
0|1|4|10|28
3.216|0|4|10|28
0|1|5|10|28
0.962|0|5|10|28
0|1|0|11|28
3.216|0|0|11|28
0|1|1|11|28
0.962|0|1|11|28
0|1|3|11|28
3.216|0|3|11|28
0|1|4|11|28
0.962|0|4|11|28
0|1|0|13|28
2.25|0|0|13|28
0|1|5|13|28
3.216|0|5|13|28
0|1|6|13|28
3.216|0|6|13|28
0|1|1|14|28
3.216|0|1|14|28
0|1|4|14|28
3.216|0|4|14|28
0|1|7|14|28
0.962|0|7|14|28
0|1|3|15|28
2.25|0|3|15|28
0|1|6|15|28
0.962|0|6|15|28
0|1|7|15|28
2.25|0|7|15|28
0|1|4|16|28
3.216|0|4|16|28
0|1|1|17|28
3.216|0|1|17|28
0|1|2|2|28
3.216|0|2|2|28
0|1|5|2|28
2.25|0|5|2|28
0|1|0|4|28
3.216|0|0|4|28
0|1|13|4|28
2.25|0|13|4|28
0|1|2|4|28
0.962|0|2|4|28
0|1|8|4|28
3.216|0|8|4|28
0|1|9|4|28
0.962|0|9|4|28
0|1|3|5|28
3.216|0|3|5|28
0|1|10|6|28
0.962|0|10|6|28
0|1|2|6|28
2.25|0|2|6|28
0|1|5|6|28
2.25|0|5|6|28
0|1|0|7|28
0.962|0|0|7|28
0|1|1|7|28
3.216|0|1|7|28
0|1|2|7|28
3.216|0|2|7|28
0|1|3|7|28
3.216|0|3|7|28
0|1|1|8|28
2.25|0|1|8|28
0|1|2|8|28
0.962|0|2|8|28
0|1|0|9|28
2.25|0|0|9|28
0|1|4|9|28
3.216|0|4|9|28
0|1|12|0|29
3.216|0|12|0|29
0|1|3|0|29
3.216|0|3|0|29
0|1|4|0|29
3.216|0|4|0|29
0|1|7|0|29
0.962|0|7|0|29
0|1|8|0|29
2.25|0|8|0|29
0|1|1|2|29
2.25|0|1|2|29
0|1|1|0|3
3.216|0|1|0|3
0|1|12|0|3
3.216|0|12|0|3
0|1|3|1|3
2.25|0|3|1|3
0|1|5|1|3
3.216|0|5|1|3
0|1|0|2|3
3.216|0|0|2|3
0|1|1|2|3
0.962|0|1|2|3
0|1|2|2|3
0.962|0|2|2|3
0|1|0|3|3
3.216|0|0|3|3
0|1|4|3|3
2.25|0|4|3|3
0|1|6|3|3
3.216|0|6|3|3
0|1|9|3|3
3.216|0|9|3|3
0|1|1|0|30
3.216|0|1|0|30
0|1|2|0|30
3.216|0|2|0|30
0|1|3|0|30
3.216|0|3|0|30
0|1|1|1|30
3.216|0|1|1|30
0|1|0|0|31
3.216|0|0|0|31
0|1|3|0|31
3.216|0|3|0|31
0|1|5|0|31
0.962|0|5|0|31
0|1|1|0|32
3.216|0|1|0|32
0|1|5|0|32
3.216|0|5|0|32
0|1|2|11|32
3.216|0|2|11|32
0|1|6|11|32
3.216|0|6|11|32
0|1|7|11|32
0.962|0|7|11|32
0|1|0|12|32
2.25|0|0|12|32
0|1|1|12|32
0.962|0|1|12|32
0|1|4|12|32
3.216|0|4|12|32
0|1|5|12|32
3.216|0|5|12|32
0|1|7|12|32
3.216|0|7|12|32
0|1|1|13|32
2.25|0|1|13|32
0|1|12|13|32
3.216|0|12|13|32
0|1|4|13|32
3.216|0|4|13|32
0|1|5|13|32
3.216|0|5|13|32
0|1|9|13|32
0.962|0|9|13|32
0|1|5|2|32
2.25|0|5|2|32
0|1|0|3|32
2.25|0|0|3|32
0|1|11|4|32
3.216|0|11|4|32
0|1|12|4|32
3.216|0|12|4|32
0|1|13|4|32
3.216|0|13|4|32
0|1|5|4|32
2.25|0|5|4|32
0|1|9|4|32
3.216|0|9|4|32
0|1|0|5|32
3.216|0|0|5|32
0|1|1|5|32
2.25|0|1|5|32
0|1|2|5|32
0.962|0|2|5|32
0|1|3|5|32
3.216|0|3|5|32
0|1|8|5|32
3.216|0|8|5|32
0|1|1|6|32
3.216|0|1|6|32
0|1|4|6|32
2.25|0|4|6|32
0|1|8|6|32
3.216|0|8|6|32
0|1|2|7|32
3.216|0|2|7|32
0|1|7|7|32
3.216|0|7|7|32
0|1|1|0|33
3.216|0|1|0|33
0|1|0|1|33
3.216|0|0|1|33
0|1|2|1|33
0.962|0|2|1|33
0|1|7|1|33
2.25|0|7|1|33
0|1|0|10|33
3.216|0|0|10|33
0|1|2|11|33
3.216|0|2|11|33
0|1|4|11|33
2.25|0|4|11|33
0|1|6|11|33
3.216|0|6|11|33
0|1|0|2|33
2.25|0|0|2|33
0|1|2|2|33
3.216|0|2|2|33
0|1|4|3|33
2.25|0|4|3|33
0|1|1|4|33
0.962|0|1|4|33
0|1|10|4|33
2.25|0|10|4|33
0|1|12|4|33
0.962|0|12|4|33
0|1|4|4|33
3.216|0|4|4|33
0|1|7|4|33
3.216|0|7|4|33
0|1|9|4|33
0.962|0|9|4|33
0|1|3|5|33
0.962|0|3|5|33
0|1|0|6|33
3.216|0|0|6|33
0|1|1|7|33
0.962|0|1|7|33
0|1|4|7|33
0.962|0|4|7|33
0|1|5|7|33
0.962|0|5|7|33
0|1|6|7|33
3.216|0|6|7|33
0|1|2|8|33
0.962|0|2|8|33
0|1|3|8|33
2.25|0|3|8|33
0|1|4|8|33
3.216|0|4|8|33
0|1|4|9|33
0.962|0|4|9|33
0|1|6|9|33
0.962|0|6|9|33
0|1|8|9|33
3.216|0|8|9|33
0|1|1|0|34
0.962|0|1|0|34
0|1|0|1|34
3.216|0|0|1|34
0|1|0|4|34
0.962|0|0|4|34
0|1|2|5|34
3.216|0|2|5|34
0|1|12|0|35
2.25|0|12|0|35
0|1|3|0|35
2.25|0|3|0|35
0|1|9|0|35
0.962|0|9|0|35
0|1|2|1|35
0.962|0|2|1|35
0|1|3|1|35
2.25|0|3|1|35
0|1|0|2|35
0.962|0|0|2|35
0|1|10|2|35
2.25|0|10|2|35
0|1|11|2|35
2.25|0|11|2|35
0|1|7|2|35
2.25|0|7|2|35
0|1|2|3|35
3.216|0|2|3|35
0|1|6|0|36
0.962|0|6|0|36
0|1|9|0|36
3.216|0|9|0|36
0|1|0|1|36
3.216|0|0|1|36
0|1|12|1|36
0.962|0|12|1|36
0|1|6|1|36
0.962|0|6|1|36
0|1|0|3|36
0.962|0|0|3|36
0|1|1|3|36
3.216|0|1|3|36
0|1|3|3|36
2.25|0|3|3|36
0|1|0|4|36
3.216|0|0|4|36
0|1|0|5|36
3.216|0|0|5|36
0|1|4|5|36
0.962|0|4|5|36
0|1|0|6|36
2.25|0|0|6|36
0|1|6|6|36
2.25|0|6|6|36
0|1|1|0|37
0.962|0|1|0|37
0|1|4|1|37
0.962|0|4|1|37
0|1|0|2|37
0.962|0|0|2|37
0|1|1|2|37
2.25|0|1|2|37
0|1|13|2|37
3.216|0|13|2|37
0|1|2|2|37
0.962|0|2|2|37
0|1|3|2|37
2.25|0|3|2|37
0|1|4|2|37
3.216|0|4|2|37
0|1|1|3|37
2.25|0|1|3|37
0|1|0|4|37
2.25|0|0|4|37
0|1|3|4|37
0.962|0|3|4|37
0|1|8|4|37
3.216|0|8|4|37
0|1|11|5|37
3.216|0|11|5|37
0|1|12|5|37
3.216|0|12|5|37
0|1|6|5|37
3.216|0|6|5|37
0|1|8|5|37
3.216|0|8|5|37
0|1|6|6|37
3.216|0|6|6|37
0|1|10|7|37
2.25|0|10|7|37
0|1|12|7|37
0.962|0|12|7|37
0|1|4|7|37
2.25|0|4|7|37
0|1|5|7|37
3.216|0|5|7|37
0|1|0|1|38
3.216|0|0|1|38
0|1|1|1|38
3.216|0|1|1|38
0|1|4|1|38
0.962|0|4|1|38
0|1|0|10|38
3.216|0|0|10|38
0|1|2|10|38
2.25|0|2|10|38
0|1|3|10|38
2.25|0|3|10|38
0|1|0|2|38
2.25|0|0|2|38
0|1|2|2|38
3.216|0|2|2|38
0|1|1|4|38
2.25|0|1|4|38
0|1|2|6|38
3.216|0|2|6|38
0|1|3|6|38
0.962|0|3|6|38
0|1|0|7|38
0.962|0|0|7|38
0|1|1|7|38
3.216|0|1|7|38
0|1|1|9|38
3.216|0|1|9|38
0|1|5|9|38
3.216|0|5|9|38
0|1|0|0|39
0.962|0|0|0|39
0|1|2|0|39
3.216|0|2|0|39
0|1|0|1|39
2.25|0|0|1|39
0|1|2|1|39
2.25|0|2|1|39
0|1|7|1|39
2.25|0|7|1|39
0|1|12|11|39
0.962|0|12|11|39
0|1|5|11|39
0.962|0|5|11|39
0|1|6|11|39
3.216|0|6|11|39
0|1|7|11|39
3.216|0|7|11|39
0|1|0|12|39
3.216|0|0|12|39
0|1|2|12|39
0.962|0|2|12|39
0|1|3|12|39
3.216|0|3|12|39
0|1|0|13|39
3.216|0|0|13|39
0|1|10|13|39
2.25|0|10|13|39
0|1|11|13|39
2.25|0|11|13|39
0|1|7|13|39
0.962|0|7|13|39
0|1|9|13|39
3.216|0|9|13|39
0|1|0|14|39
3.216|0|0|14|39
0|1|1|14|39
0.962|0|1|14|39
0|1|3|14|39
3.216|0|3|14|39
0|1|4|14|39
2.25|0|4|14|39
0|1|6|14|39
2.25|0|6|14|39
0|1|7|2|39
3.216|0|7|2|39
0|1|1|3|39
2.25|0|1|3|39
0|1|2|3|39
3.216|0|2|3|39
0|1|0|4|39
3.216|0|0|4|39
0|1|1|4|39
0.962|0|1|4|39
0|1|2|4|39
2.25|0|2|4|39
0|1|0|5|39
3.216|0|0|5|39
0|1|3|5|39
3.216|0|3|5|39
0|1|5|5|39
3.216|0|5|5|39
0|1|7|5|39
3.216|0|7|5|39
0|1|4|6|39
3.216|0|4|6|39
0|1|8|6|39
3.216|0|8|6|39
0|1|0|7|39
0.962|0|0|7|39
0|1|2|7|39
0.962|0|2|7|39
0|1|4|7|39
3.216|0|4|7|39
0|1|7|7|39
2.25|0|7|7|39
0|1|0|8|39
2.25|0|0|8|39
0|1|2|8|39
3.216|0|2|8|39
0|1|8|8|39
2.25|0|8|8|39
0|1|9|8|39
2.25|0|9|8|39
0|1|10|0|4
3.216|0|10|0|4
0|1|9|0|4
0.962|0|9|0|4
0|1|3|1|4
3.216|0|3|1|4
0|1|0|10|4
3.216|0|0|10|4
0|1|4|10|4
3.216|0|4|10|4
0|1|10|12|4
0.962|0|10|12|4
0|1|8|12|4
3.216|0|8|12|4
0|1|9|12|4
3.216|0|9|12|4
0|1|1|13|4
3.216|0|1|13|4
0|1|6|13|4
2.25|0|6|13|4
0|1|7|13|4
0.962|0|7|13|4
0|1|12|4|4
2.25|0|12|4|4
0|1|2|4|4
2.25|0|2|4|4
0|1|4|4|4
3.216|0|4|4|4
0|1|7|4|4
3.216|0|7|4|4
0|1|2|5|4
0.962|0|2|5|4
0|1|1|6|4
0.962|0|1|6|4
0|1|11|7|4
2.25|0|11|7|4
0|1|13|7|4
3.216|0|13|7|4
0|1|2|7|4
3.216|0|2|7|4
0|1|6|7|4
3.216|0|6|7|4
0|1|7|7|4
3.216|0|7|7|4
0|1|4|8|4
3.216|0|4|8|4
0|1|0|9|4
0.962|0|0|9|4
0|1|1|9|4
2.25|0|1|9|4
0|1|4|9|4
3.216|0|4|9|4
0|1|0|0|5
3.216|0|0|0|5
0|1|1|0|5
2.25|0|1|0|5
0|1|2|0|5
2.25|0|2|0|5
0|1|4|0|5
2.25|0|4|0|5
0|1|0|1|5
2.25|0|0|1|5
0|1|1|1|5
2.25|0|1|1|5
0|1|3|1|5
3.216|0|3|1|5
0|1|1|0|6
0.962|0|1|0|6
0|1|2|0|6
0.962|0|2|0|6
0|1|0|1|6
2.25|0|0|1|6
0|1|4|1|6
2.25|0|4|1|6
0|1|5|1|6
0.962|0|5|1|6
0|1|0|2|6
3.216|0|0|2|6
0|1|3|3|6
3.216|0|3|3|6
0|1|5|3|6
3.216|0|5|3|6
0|1|7|3|6
3.216|0|7|3|6
0|1|1|0|7
2.25|0|1|0|7
0|1|2|0|7
3.216|0|2|0|7
0|1|3|0|7
3.216|0|3|0|7
0|1|4|0|7
0.962|0|4|0|7
0|1|0|10|7
3.216|0|0|10|7
0|1|10|10|7
3.216|0|10|10|7
0|1|2|10|7
0.962|0|2|10|7
0|1|5|10|7
3.216|0|5|10|7
0|1|6|10|7
3.216|0|6|10|7
0|1|8|10|7
2.25|0|8|10|7
0|1|9|10|7
2.25|0|9|10|7
0|1|2|2|7
3.216|0|2|2|7
0|1|3|2|7
0.962|0|3|2|7
0|1|7|2|7
3.216|0|7|2|7
0|1|1|3|7
0.962|0|1|3|7
0|1|6|3|7
3.216|0|6|3|7
0|1|0|7|7
0.962|0|0|7|7
0|1|11|7|7
0.962|0|11|7|7
0|1|3|9|7
3.216|0|3|9|7
0|1|4|9|7
3.216|0|4|9|7
0|1|5|9|7
3.216|0|5|9|7
0|1|5|0|8
0.962|0|5|0|8
0|1|6|0|8
2.25|0|6|0|8
0|1|1|1|8
2.25|0|1|1|8
0|1|8|1|8
2.25|0|8|1|8
0|1|0|2|8
0.962|0|0|2|8
0|1|1|2|8
2.25|0|1|2|8
0|1|2|2|8
3.216|0|2|2|8
0|1|5|2|8
3.216|0|5|2|8
0|1|6|2|8
3.216|0|6|2|8
0|1|1|3|8
3.216|0|1|3|8
0|1|0|4|8
3.216|0|0|4|8
0|1|1|0|9
3.216|0|1|0|9
0|1|12|0|9
0.962|0|12|0|9
0|1|4|0|9
2.25|0|4|0|9
0|1|8|0|9
3.216|0|8|0|9
0|1|0|1|9
2.25|0|0|1|9
0|1|1|1|9
0.962|0|1|1|9
0|1|5|1|9
0.962|0|5|1|9
0|1|8|1|9
2.25|0|8|1|9
0|1|2|2|9
3.216|0|2|2|9
0|1|3|2|9
2.25|0|3|2|9
0|1|5|2|9
2.25|0|5|2|9
19.507|1|11|0|0
68.451|0|11|0|0
9.117|1|2|0|0
11.721|0|2|0|0
4.562|1|5|0|0
35.086|0|5|0|0
3.824|1|6|0|0
35.086|0|6|0|0
21.288|1|7|0|0
68.451|0|7|0|0
20.788|1|0|1|0
11.721|0|0|1|0
0|1|10|1|0
0.788|0|10|1|0
0|1|12|1|0
0.788|0|12|1|0
37.974|1|2|1|0
68.451|0|2|1|0
173.182|1|3|1|0
173.86|0|3|1|0
171.128|1|3|1|0
173.86|0|3|1|0
19.185|1|4|1|0
11.721|0|4|1|0
20.048|1|5|1|0
35.086|0|5|1|0
292.209|1|1|10|0
173.86|0|1|10|0
287.377|1|1|10|0
173.86|0|1|10|0
11.647|1|2|10|0
35.086|0|2|10|0
0|1|0|11|0
0.788|0|0|11|0
18.634|1|2|11|0
68.451|0|2|11|0
9.451|1|0|12|0
35.086|0|0|12|0
0|1|4|12|0
0.788|0|4|12|0
190.283|1|0|13|0
173.86|0|0|13|0
176.974|1|0|13|0
173.86|0|0|13|0
164.621|1|1|13|0
173.86|0|1|13|0
160.363|1|1|13|0
173.86|0|1|13|0
0|1|10|13|0
0.161|0|10|13|0
15.675|1|11|13|0
11.721|0|11|13|0
362.511|1|3|13|0
173.861|0|3|13|0
380.243|1|3|13|0
173.861|0|3|13|0
19.769|1|5|13|0
11.721|0|5|13|0
5.754|1|7|13|0
35.086|0|7|13|0
0|1|0|2|0
0.161|0|0|2|0
262.658|1|2|2|0
173.86|0|2|2|0
248.366|1|2|2|0
173.86|0|2|2|0
0|1|3|2|0
0.161|0|3|2|0
6.785|1|5|2|0
35.086|0|5|2|0
39.673|1|0|3|0
68.451|0|0|3|0
191.323|1|1|3|0
173.86|0|1|3|0
192.247|1|1|3|0
173.86|0|1|3|0
14.805|1|3|3|0
11.721|0|3|3|0
0|1|0|4|0
0.788|0|0|4|0
0|1|2|4|0
0.788|0|2|4|0
0|1|2|5|0
0.788|0|2|5|0
293.535|1|0|6|0
173.86|0|0|6|0
283.316|1|0|6|0
173.86|0|0|6|0
4.495|1|10|6|0
35.086|0|10|6|0
30.68|1|11|6|0
11.721|0|11|6|0
11.617|1|2|6|0
11.721|0|2|6|0
71.927|1|4|6|0
68.451|0|4|6|0
6.49|1|5|6|0
11.721|0|5|6|0
0|1|9|6|0
0.788|0|9|6|0
340.507|1|0|7|0
173.861|0|0|7|0
354.9|1|0|7|0
173.861|0|0|7|0
17.477|1|6|7|0
68.451|0|6|7|0
30.873|1|7|7|0
11.721|0|7|7|0
8.706|1|0|8|0
11.721|0|0|8|0
0|1|3|8|0
0.788|0|3|8|0
8.832|1|4|8|0
35.086|0|4|8|0
0|1|8|8|0
0.161|0|8|8|0
44.03|1|9|8|0
68.451|0|9|8|0
0|1|0|9|0
0.161|0|0|9|0
11.46|1|1|9|0
35.086|0|1|9|0
0|1|12|9|0
0.161|0|12|9|0
0|1|3|9|0
0.161|0|3|9|0
0|1|4|9|0
0.788|0|4|9|0
0|1|5|9|0
0.161|0|5|9|0
0|1|6|9|0
0.161|0|6|9|0
147.974|1|7|9|0
173.86|0|7|9|0
161.488|1|7|9|0
173.86|0|7|9|0
372.817|1|8|9|0
173.861|0|8|9|0
374.518|1|8|9|0
173.861|0|8|9|0
4.566|1|1|0|1
35.086|0|1|0|1
429.305|1|0|2|1
173.861|0|0|2|1
422.581|1|0|2|1
173.861|0|0|2|1
11.974|1|3|2|1
35.086|0|3|2|1
16.944|1|4|2|1
11.721|0|4|2|1
243.838|1|5|2|1
173.86|0|5|2|1
246.384|1|5|2|1
173.86|0|5|2|1
0|1|0|0|10
0.161|0|0|0|10
0|1|3|0|10
0.161|0|3|0|10
27.885|1|5|0|10
11.721|0|5|0|10
0|1|6|0|10
0.161|0|6|0|10
15.748|1|7|0|10
11.721|0|7|0|10
0|1|8|0|10
0.788|0|8|0|10
53.529|1|2|2|10
68.451|0|2|2|10
317.417|1|3|2|10
173.861|0|3|2|10
308.17|1|3|2|10
173.861|0|3|2|10
0|1|1|4|10
0.788|0|1|4|10
234.095|1|4|4|10
173.86|0|4|4|10
233.328|1|4|4|10
173.86|0|4|4|10
2.952|1|7|4|10
35.086|0|7|4|10
12.649|1|2|0|11
11.721|0|2|0|11
19.766|1|5|0|11
11.721|0|5|0|11
29.313|1|7|0|11
68.451|0|7|0|11
0|1|8|0|11
0.788|0|8|0|11
15.336|1|3|1|11
11.721|0|3|1|11
7.799|1|1|2|11
35.086|0|1|2|11
18.856|1|4|2|11
11.721|0|4|2|11
45.213|1|6|2|11
68.451|0|6|2|11
150.813|1|7|2|11
173.86|0|7|2|11
159.763|1|7|2|11
173.86|0|7|2|11
188.875|1|9|2|11
173.86|0|9|2|11
184.542|1|9|2|11
173.86|0|9|2|11
3.381|1|0|3|11
35.086|0|0|3|11
18.787|1|0|4|11
35.086|0|0|4|11
14.223|1|0|5|11
11.721|0|0|5|11
7.998|1|1|5|11
35.086|0|1|5|11
0|1|4|5|11
0.788|0|4|5|11
9.768|1|0|0|12
11.721|0|0|0|12
26.425|1|1|0|12
11.721|0|1|0|12
202.731|1|2|0|12
173.86|0|2|0|12
219.238|1|2|0|12
173.86|0|2|0|12
0|1|3|1|12
0.161|0|3|1|12
7.189|1|11|2|12
35.086|0|11|2|12
5.582|1|2|2|12
35.086|0|2|2|12
0|1|3|2|12
0.161|0|3|2|12
48.949|1|4|2|12
68.451|0|4|2|12
4.038|1|6|2|12
35.086|0|6|2|12
12.614|1|0|3|12
35.086|0|0|3|12
4.102|1|1|3|12
35.086|0|1|3|12
18.877|1|4|3|12
11.721|0|4|3|12
0|1|6|3|12
0.788|0|6|3|12
0|1|0|0|13
0.788|0|0|0|13
46.485|1|1|0|13
68.451|0|1|0|13
0|1|11|1|13
0.161|0|11|1|13
0|1|13|1|13
0.161|0|13|1|13
222.909|1|2|1|13
173.86|0|2|1|13
241.011|1|2|1|13
173.86|0|2|1|13
0|1|5|1|13
0.788|0|5|1|13
545.648|1|7|1|13
173.861|0|7|1|13
528.008|1|7|1|13
173.861|0|7|1|13
0|1|8|1|13
0.788|0|8|1|13
8.464|1|1|10|14
35.086|0|1|10|14
113.044|1|3|10|14
173.86|0|3|10|14
111.282|1|3|10|14
173.86|0|3|10|14
0|1|4|10|14
0.788|0|4|10|14
29.675|1|5|10|14
11.721|0|5|10|14
6.168|1|8|10|14
35.086|0|8|10|14
0|1|9|10|14
0.161|0|9|10|14
10.652|1|0|11|14
11.721|0|0|11|14
5.247|1|0|12|14
35.086|0|0|12|14
12.437|1|10|12|14
11.721|0|10|12|14
10.758|1|11|12|14
11.721|0|11|12|14
6.659|1|13|12|14
35.086|0|13|12|14
322.446|1|4|12|14
173.861|0|4|12|14
317.494|1|4|12|14
173.861|0|4|12|14
6.771|1|5|12|14
35.086|0|5|12|14
201.4|1|7|12|14
173.86|0|7|12|14
192.114|1|7|12|14
173.86|0|7|12|14
0|1|9|12|14
0.788|0|9|12|14
0|1|0|13|14
0.788|0|0|13|14
466.211|1|1|13|14
173.861|0|1|13|14
472.785|1|1|13|14
173.861|0|1|13|14
17.47|1|3|13|14
11.721|0|3|13|14
6.614|1|10|14|14
11.721|0|10|14|14
0|1|11|14|14
0.161|0|11|14|14
78.797|1|3|14|14
68.451|0|3|14|14
71.958|1|4|14|14
68.451|0|4|14|14
14.239|1|6|14|14
35.086|0|6|14|14
0|1|9|14|14
0.161|0|9|14|14
185.944|1|1|15|14
173.86|0|1|15|14
173.518|1|1|15|14
173.86|0|1|15|14
33.196|1|5|15|14
68.451|0|5|15|14
25.792|1|6|15|14
68.451|0|6|15|14
7.703|1|7|15|14
35.086|0|7|15|14
11.929|1|9|15|14
11.721|0|9|15|14
0|1|1|16|14
0.161|0|1|16|14
13.768|1|3|16|14
11.721|0|3|16|14
0|1|0|17|14
0.161|0|0|17|14
3.243|1|1|2|14
35.086|0|1|2|14
0|1|3|2|14
0.161|0|3|2|14
0|1|4|2|14
0.788|0|4|2|14
6.658|1|0|3|14
35.086|0|0|3|14
64.737|1|4|3|14
68.451|0|4|3|14
322.251|1|5|3|14
173.861|0|5|3|14
328.355|1|5|3|14
173.861|0|5|3|14
135.791|1|1|4|14
173.86|0|1|4|14
135.052|1|1|4|14
173.86|0|1|4|14
21.591|1|1|5|14
68.451|0|1|5|14
0|1|3|5|14
0.161|0|3|5|14
206.571|1|5|5|14
173.86|0|5|5|14
212.23|1|5|5|14
173.86|0|5|5|14
10.358|1|10|6|14
35.086|0|10|6|14
39.702|1|12|6|14
68.451|0|12|6|14
44.298|1|3|6|14
68.451|0|3|6|14
0|1|5|6|14
0.788|0|5|6|14
21.741|1|9|6|14
11.721|0|9|6|14
0|1|2|7|14
0.788|0|2|7|14
31.798|1|3|7|14
11.721|0|3|7|14
110.524|1|1|8|14
173.86|0|1|8|14
123.493|1|1|8|14
173.86|0|1|8|14
0|1|2|8|14
0.161|0|2|8|14
70.328|1|3|8|14
68.451|0|3|8|14
51.578|1|0|9|14
68.451|0|0|9|14
29.479|1|11|9|14
68.451|0|11|9|14
24.969|1|12|9|14
11.721|0|12|9|14
3.836|1|13|9|14
35.086|0|13|9|14
22.397|1|3|9|14
11.721|0|3|9|14
26.637|1|4|9|14
11.721|0|4|9|14
7.485|1|8|9|14
35.086|0|8|9|14
289.149|1|0|0|15
173.86|0|0|0|15
276.507|1|0|0|15
173.86|0|0|0|15
0|1|11|0|15
0.161|0|11|0|15
0|1|2|0|15
0.161|0|2|0|15
3.759|1|6|0|15
35.086|0|6|0|15
63.067|1|7|0|15
68.451|0|7|0|15
0|1|9|0|15
0.788|0|9|0|15
126.936|1|11|2|15
173.86|0|11|2|15
116.966|1|11|2|15
173.86|0|11|2|15
5.211|1|9|2|15
35.086|0|9|2|15
0|1|2|3|15
0.161|0|2|3|15
50.701|1|3|3|15
68.451|0|3|3|15
0|1|6|3|15
0.788|0|6|3|15
4.637|1|0|0|16
35.086|0|0|0|16
11.96|1|1|0|16
35.086|0|1|0|16
3.391|1|10|0|16
35.086|0|10|0|16
0|1|12|0|16
0.788|0|12|0|16
64.302|1|13|0|16
68.451|0|13|0|16
4.183|1|3|0|16
35.086|0|3|0|16
36.679|1|7|0|16
68.451|0|7|0|16
0|1|0|1|16
0.788|0|0|1|16
0|1|1|1|16
0.161|0|1|1|16
0|1|3|1|16
0.788|0|3|1|16
5.239|1|7|1|16
35.086|0|7|1|16
28.222|1|2|10|16
11.721|0|2|10|16
339.163|1|3|10|16
173.861|0|3|10|16
356.114|1|3|10|16
173.861|0|3|10|16
7.921|1|4|10|16
35.086|0|4|10|16
57.983|1|8|10|16
68.451|0|8|10|16
61.823|1|9|10|16
68.451|0|9|10|16
0|1|0|2|16
0.788|0|0|2|16
36.5|1|0|3|16
68.451|0|0|3|16
4.583|1|2|3|16
35.086|0|2|3|16
0|1|0|4|16
0.788|0|0|4|16
414.516|1|1|4|16
173.861|0|1|4|16
409.98|1|1|4|16
173.861|0|1|4|16
127.666|1|3|4|16
173.86|0|3|4|16
134.552|1|3|4|16
173.86|0|3|4|16
0|1|4|4|16
0.161|0|4|4|16
40.811|1|1|5|16
11.721|0|1|5|16
24.526|1|3|6|16
68.451|0|3|6|16
207.814|1|4|6|16
173.86|0|4|6|16
198.084|1|4|6|16
173.86|0|4|6|16
22.023|1|2|7|16
68.451|0|2|7|16
22.105|1|3|7|16
11.721|0|3|7|16
0|1|0|8|16
0.161|0|0|8|16
3.071|1|1|8|16
35.086|0|1|8|16
327.43|1|5|8|16
173.861|0|5|8|16
337.796|1|5|8|16
173.861|0|5|8|16
0|1|6|8|16
0.161|0|6|8|16
134.417|1|1|9|16
173.86|0|1|9|16
137.373|1|1|9|16
173.86|0|1|9|16
11.939|1|2|9|16
11.721|0|2|9|16
0|1|5|9|16
0.788|0|5|9|16
0|1|0|0|17
0.788|0|0|0|17
0|1|1|0|17
0.788|0|1|0|17
3.806|1|2|0|17
35.086|0|2|0|17
36.136|1|0|1|17
68.451|0|0|1|17
11.245|1|3|1|17
11.721|0|3|1|17
219.313|1|4|1|17
173.86|0|4|1|17
246.835|1|4|1|17
173.86|0|4|1|17
12.429|1|2|2|17
35.086|0|2|2|17
244.497|1|0|3|17
173.86|0|0|3|17
221.885|1|0|3|17
173.86|0|0|3|17
480.136|1|0|0|18
173.861|0|0|0|18
495.399|1|0|0|18
173.861|0|0|0|18
8.736|1|4|0|18
11.721|0|4|0|18
0|1|0|1|18
0.788|0|0|1|18
59.384|1|3|1|18
68.451|0|3|1|18
37.71|1|0|2|18
68.451|0|0|2|18
0|1|1|2|18
0.788|0|1|2|18
7.804|1|5|2|18
11.721|0|5|2|18
29.564|1|5|3|18
68.451|0|5|3|18
12.345|1|8|3|18
11.721|0|8|3|18
0|1|9|3|18
0.788|0|9|3|18
45.224|1|2|4|18
68.451|0|2|4|18
26.65|1|3|4|18
11.721|0|3|4|18
379.926|1|8|4|18
173.861|0|8|4|18
363.719|1|8|4|18
173.861|0|8|4|18
0|1|2|0|19
0.161|0|2|0|19
0|1|6|0|19
0.788|0|6|0|19
0|1|0|0|2
0.788|0|0|0|2
22.25|1|13|0|2
11.721|0|13|0|2
0|1|2|0|2
0.161|0|2|0|2
0|1|7|0|2
0.161|0|7|0|2
24.449|1|1|1|2
11.721|0|1|1|2
52.859|1|0|2|2
68.451|0|0|2|2
0|1|2|2|2
0.161|0|2|2|2
202.687|1|3|2|2
173.86|0|3|2|2
201.243|1|3|2|2
173.86|0|3|2|2
253.417|1|4|2|2
173.86|0|4|2|2
244.283|1|4|2|2
173.86|0|4|2|2
137.387|1|5|2|2
173.86|0|5|2|2
153.39|1|5|2|2
173.86|0|5|2|2
38.911|1|7|2|2
68.451|0|7|2|2
23.429|1|1|3|2
68.451|0|1|3|2
0|1|6|3|2
0.788|0|6|3|2
0|1|9|3|2
0.788|0|9|3|2
0|1|0|4|2
0.161|0|0|4|2
71.938|1|1|4|2
68.451|0|1|4|2
3.41|1|0|5|2
35.086|0|0|5|2
153.528|1|3|5|2
173.86|0|3|5|2
156.404|1|3|5|2
173.86|0|3|5|2
25.245|1|4|5|2
11.721|0|4|5|2
0|1|6|5|2
0.788|0|6|5|2
16.749|1|7|5|2
35.086|0|7|5|2
0|1|0|0|20
0.161|0|0|0|20
0|1|1|0|20
0.788|0|1|0|20
451.406|1|3|0|20
173.861|0|3|0|20
466.194|1|3|0|20
173.861|0|3|0|20
0|1|4|0|20
0.788|0|4|0|20
7.405|1|6|0|20
35.086|0|6|0|20
100.065|1|7|0|20
173.86|0|7|0|20
91.433|1|7|0|20
173.86|0|7|0|20
0|1|0|1|20
0.161|0|0|1|20
0|1|1|1|20
0.788|0|1|1|20
7.618|1|2|1|20
11.721|0|2|1|20
22.248|1|3|1|20
68.451|0|3|1|20
0|1|5|1|20
0.788|0|5|1|20
256.924|1|3|2|20
173.86|0|3|2|20
262.346|1|3|2|20
173.86|0|3|2|20
0|1|4|2|20
0.788|0|4|2|20
0|1|5|2|20
0.788|0|5|2|20
301.933|1|0|4|20
173.86|0|0|4|20
311.543|1|0|4|20
173.86|0|0|4|20
22.92|1|10|4|20
68.451|0|10|4|20
238.605|1|3|4|20
173.86|0|3|4|20
245.413|1|3|4|20
173.86|0|3|4|20
343.352|1|4|4|20
173.861|0|4|4|20
349.928|1|4|4|20
173.861|0|4|4|20
0|1|5|4|20
0.161|0|5|4|20
12.5|1|6|4|20
35.086|0|6|4|20
206.726|1|7|4|20
173.86|0|7|4|20
233.473|1|7|4|20
173.86|0|7|4|20
0|1|8|4|20
0.788|0|8|4|20
310.479|1|9|4|20
173.861|0|9|4|20
327.933|1|9|4|20
173.861|0|9|4|20
114.506|1|1|5|20
173.86|0|1|5|20
134.621|1|1|5|20
173.86|0|1|5|20
0|1|2|5|20
0.788|0|2|5|20
139.785|1|6|5|20
68.451|0|6|5|20
0|1|7|5|20
0.788|0|7|5|20
66.046|1|1|6|20
68.451|0|1|6|20
12.057|1|2|6|20
35.086|0|2|6|20
75.666|1|4|6|20
68.451|0|4|6|20
0|1|5|6|20
0.161|0|5|6|20
32.81|1|6|6|20
68.451|0|6|6|20
0|1|0|7|20
0.788|0|0|7|20
31.816|1|3|7|20
68.451|0|3|7|20
0|1|6|7|20
0.161|0|6|7|20
0|1|8|7|20
0.788|0|8|7|20
21.438|1|1|0|21
68.451|0|1|0|21
29.694|1|2|0|21
68.451|0|2|0|21
0|1|0|10|21
0.161|0|0|10|21
7.255|1|10|10|21
11.721|0|10|10|21
10.64|1|13|10|21
35.086|0|13|10|21
30.315|1|4|10|21
68.451|0|4|10|21
8.939|1|6|10|21
35.086|0|6|10|21
0|1|7|10|21
0.161|0|7|10|21
28.911|1|8|10|21
11.721|0|8|10|21
18.976|1|9|10|21
11.721|0|9|10|21
337.967|1|4|11|21
173.861|0|4|11|21
341.468|1|4|11|21
173.861|0|4|11|21
0|1|7|11|21
0.788|0|7|11|21
231.579|1|8|11|21
173.86|0|8|11|21
239.115|1|8|11|21
173.86|0|8|11|21
8.308|1|6|12|21
11.721|0|6|12|21
17.81|1|10|13|21
11.721|0|10|13|21
0|1|8|13|21
0.161|0|8|13|21
189.999|1|3|2|21
173.86|0|3|2|21
205.773|1|3|2|21
173.86|0|3|2|21
3.499|1|10|3|21
35.086|0|10|3|21
17.189|1|11|3|21
11.721|0|11|3|21
0|1|2|3|21
0.161|0|2|3|21
20.309|1|3|3|21
11.721|0|3|3|21
32.379|1|7|3|21
68.451|0|7|3|21
53.664|1|1|4|21
68.451|0|1|4|21
0|1|10|4|21
0.161|0|10|4|21
0|1|11|4|21
0.161|0|11|4|21
0|1|2|4|21
0.161|0|2|4|21
0|1|4|4|21
0.788|0|4|4|21
8.596|1|6|4|21
35.086|0|6|4|21
34.962|1|9|4|21
68.451|0|9|4|21
0|1|2|5|21
0.788|0|2|5|21
0|1|3|5|21
0.161|0|3|5|21
11.037|1|11|6|21
35.086|0|11|6|21
68.359|1|12|6|21
68.451|0|12|6|21
61.585|1|13|6|21
68.451|0|13|6|21
0|1|2|6|21
0.161|0|2|6|21
17.197|1|3|6|21
11.721|0|3|6|21
0|1|4|6|21
0.788|0|4|6|21
32.833|1|5|6|21
68.451|0|5|6|21
35.871|1|8|6|21
11.721|0|8|6|21
9.5|1|9|6|21
11.721|0|9|6|21
0|1|4|7|21
0.161|0|4|7|21
61.593|1|0|8|21
68.451|0|0|8|21
0|1|10|8|21
0.788|0|10|8|21
0|1|11|8|21
0.788|0|11|8|21
0|1|5|8|21
0.161|0|5|8|21
0|1|6|8|21
0.788|0|6|8|21
0|1|9|8|21
0.788|0|9|8|21
14.112|1|0|9|21
11.721|0|0|9|21
50.357|1|4|9|21
68.451|0|4|9|21
0|1|7|9|21
0.788|0|7|9|21
6.606|1|8|9|21
11.721|0|8|9|21
0|1|0|0|22
0.788|0|0|0|22
34.706|1|2|0|22
68.451|0|2|0|22
13.222|1|5|0|22
11.721|0|5|0|22
0|1|6|0|22
0.788|0|6|0|22
2.709|1|10|2|22
35.086|0|10|2|22
0|1|11|2|22
0.788|0|11|2|22
55.59|1|13|2|22
68.451|0|13|2|22
8.895|1|4|2|22
11.721|0|4|2|22
0|1|5|2|22
0.788|0|5|2|22
21.204|1|6|2|22
11.721|0|6|2|22
0|1|8|2|22
0.788|0|8|2|22
18.195|1|0|3|22
68.451|0|0|3|22
0|1|2|3|22
0.161|0|2|3|22
21.544|1|3|3|22
68.451|0|3|3|22
0|1|1|0|23
0.788|0|1|0|23
0|1|0|1|23
0.788|0|0|1|23
12.721|1|1|1|23
11.721|0|1|1|23
6.379|1|2|1|23
35.086|0|2|1|23
0|1|4|1|23
0.161|0|4|1|23
7.672|1|6|1|23
35.086|0|6|1|23
4.288|1|0|2|23
35.086|0|0|2|23
220.991|1|2|2|23
173.86|0|2|2|23
203.673|1|2|2|23
173.86|0|2|2|23
276.666|1|3|2|23
173.86|0|3|2|23
313.597|1|3|2|23
173.86|0|3|2|23
0|1|1|3|23
0.788|0|1|3|23
6.913|1|2|3|23
35.086|0|2|3|23
8.126|1|4|3|23
35.086|0|4|3|23
0|1|6|3|23
0.788|0|6|3|23
5.799|1|10|0|24
35.086|0|10|0|24
62.677|1|11|0|24
68.451|0|11|0|24
10.371|1|13|0|24
35.086|0|13|0|24
6.732|1|4|0|24
11.721|0|4|0|24
25.752|1|8|0|24
68.451|0|8|0|24
12.672|1|9|0|24
11.721|0|9|0|24
7.378|1|0|1|24
35.086|0|0|1|24
8.395|1|2|1|24
35.086|0|2|1|24
0|1|0|2|24
0.788|0|0|2|24
6.097|1|0|3|24
35.086|0|0|3|24
152.58|1|10|3|24
173.86|0|10|3|24
155.701|1|10|3|24
173.86|0|10|3|24
203.371|1|11|3|24
173.86|0|11|3|24
200.899|1|11|3|24
173.86|0|11|3|24
11.815|1|3|3|24
11.721|0|3|3|24
43.269|1|5|3|24
68.451|0|5|3|24
28.577|1|1|4|24
68.451|0|1|4|24
217.072|1|2|4|24
173.86|0|2|4|24
225.423|1|2|4|24
173.86|0|2|4|24
0|1|3|4|24
0.788|0|3|4|24
8.216|1|1|5|24
35.086|0|1|5|24
0|1|2|5|24
0.161|0|2|5|24
0|1|0|6|24
0.161|0|0|6|24
36.244|1|1|6|24
68.451|0|1|6|24
32.352|1|2|6|24
68.451|0|2|6|24
12.55|1|3|6|24
35.086|0|3|6|24
0|1|4|6|24
0.788|0|4|6|24
47.383|1|1|7|24
68.451|0|1|7|24
183.491|1|2|7|24
173.86|0|2|7|24
181.524|1|2|7|24
173.86|0|2|7|24
407.891|1|5|0|25
173.861|0|5|0|25
411.588|1|5|0|25
173.861|0|5|0|25
41.197|1|7|0|25
68.451|0|7|0|25
3.363|1|8|0|25
35.086|0|8|0|25
0|1|4|1|25
0.788|0|4|1|25
4.719|1|6|1|25
35.086|0|6|1|25
8.38|1|0|3|25
35.086|0|0|3|25
0|1|4|3|25
0.161|0|4|3|25
317.549|1|0|4|25
173.861|0|0|4|25
319.083|1|0|4|25
173.861|0|0|4|25
0|1|3|4|25
0.161|0|3|4|25
248.282|1|4|4|25
173.86|0|4|4|25
241.332|1|4|4|25
173.86|0|4|4|25
40.046|1|5|4|25
68.451|0|5|4|25
14.13|1|7|4|25
35.086|0|7|4|25
7.758|1|0|5|25
11.721|0|0|5|25
0|1|0|0|26
0.161|0|0|0|26
5.712|1|4|0|26
35.086|0|4|0|26
243.445|1|3|1|26
173.86|0|3|1|26
248.384|1|3|1|26
173.86|0|3|1|26
0|1|1|2|26
0.161|0|1|2|26
7.71|1|4|2|26
35.086|0|4|2|26
5.629|1|6|2|26
11.721|0|6|2|26
158.748|1|1|3|26
173.86|0|1|3|26
156.309|1|1|3|26
173.86|0|1|3|26
0|1|2|3|26
0.788|0|2|3|26
11.866|1|3|3|26
11.721|0|3|3|26
10.139|1|5|3|26
35.086|0|5|3|26
298.765|1|6|3|26
173.86|0|6|3|26
285.863|1|6|3|26
173.86|0|6|3|26
0|1|0|4|26
0.788|0|0|4|26
32.634|1|11|4|26
68.451|0|11|4|26
108.768|1|12|4|26
68.451|0|12|4|26
0|1|2|4|26
0.161|0|2|4|26
0|1|4|4|26
0.161|0|4|4|26
0|1|5|4|26
0.788|0|5|4|26
15.505|1|7|4|26
11.721|0|7|4|26
0|1|8|4|26
0.788|0|8|4|26
107.974|1|9|4|26
173.86|0|9|4|26
108.496|1|9|4|26
173.86|0|9|4|26
0|1|1|5|26
0.161|0|1|5|26
0|1|6|5|26
0.788|0|6|5|26
34.664|1|7|5|26
68.451|0|7|5|26
11.918|1|0|0|27
35.086|0|0|0|27
0|1|1|0|27
0.161|0|1|0|27
22.137|1|1|1|27
11.721|0|1|1|27
0|1|2|1|27
0.161|0|2|1|27
48.686|1|4|1|27
68.451|0|4|1|27
0|1|5|1|27
0.161|0|5|1|27
0|1|0|2|27
0.788|0|0|2|27
0|1|2|2|27
0.161|0|2|2|27
13.241|1|0|3|27
11.721|0|0|3|27
3.708|1|1|3|27
35.086|0|1|3|27
0|1|1|4|27
0.788|0|1|4|27
0|1|2|4|27
0.161|0|2|4|27
0|1|3|4|27
0.788|0|3|4|27
0|1|0|5|27
0.788|0|0|5|27
0|1|1|5|27
0.788|0|1|5|27
0|1|3|5|27
0.161|0|3|5|27
478.08|1|5|5|27
173.861|0|5|5|27
465.991|1|5|5|27
173.861|0|5|5|27
0|1|7|5|27
0.788|0|7|5|27
0|1|4|6|27
0.161|0|4|6|27
0|1|0|7|27
0.788|0|0|7|27
33.986|1|1|7|27
68.451|0|1|7|27
0|1|3|7|27
0.788|0|3|7|27
16.967|1|4|7|27
11.721|0|4|7|27
11.702|1|6|7|27
35.086|0|6|7|27
0|1|0|8|27
0.161|0|0|8|27
194.358|1|0|9|27
173.86|0|0|9|27
173.866|1|0|9|27
173.86|0|0|9|27
16.36|1|3|9|27
35.086|0|3|9|27
5.646|1|4|9|27
35.086|0|4|9|27
5.293|1|5|9|27
35.086|0|5|9|27
17.663|1|0|0|28
11.721|0|0|0|28
4.172|1|1|0|28
35.086|0|1|0|28
240.373|1|6|0|28
173.86|0|6|0|28
225.2|1|6|0|28
173.86|0|6|0|28
0|1|0|1|28
0.788|0|0|1|28
0|1|4|1|28
0.161|0|4|1|28
0|1|6|1|28
0.788|0|6|1|28
235.959|1|1|10|28
173.86|0|1|10|28
246.175|1|1|10|28
173.86|0|1|10|28
9.045|1|2|10|28
11.721|0|2|10|28
0|1|3|10|28
0.788|0|3|10|28
277.946|1|6|10|28
173.86|0|6|10|28
282.9|1|6|10|28
173.86|0|6|10|28
8.799|1|0|12|28
11.721|0|0|12|28
10.734|1|1|12|28
35.086|0|1|12|28
27.102|1|2|12|28
68.451|0|2|12|28
4.489|1|3|12|28
35.086|0|3|12|28
303.076|1|5|12|28
173.861|0|5|12|28
306.225|1|5|12|28
173.861|0|5|12|28
0|1|2|13|28
0.788|0|2|13|28
35.787|1|4|13|28
68.451|0|4|13|28
182.665|1|3|14|28
173.86|0|3|14|28
185.089|1|3|14|28
173.86|0|3|14|28
5.787|1|5|14|28
35.086|0|5|14|28
0|1|6|14|28
0.161|0|6|14|28
26.203|1|0|15|28
68.451|0|0|15|28
7.375|1|1|15|28
35.086|0|1|15|28
192.159|1|2|15|28
173.86|0|2|15|28
183.071|1|2|15|28
173.86|0|2|15|28
19.476|1|4|15|28
11.721|0|4|15|28
5.983|1|5|15|28
35.086|0|5|15|28
0|1|9|15|28
0.788|0|9|15|28
24.583|1|0|16|28
11.721|0|0|16|28
0|1|5|16|28
0.161|0|5|16|28
36.857|1|0|17|28
68.451|0|0|17|28
42.562|1|3|17|28
68.451|0|3|17|28
12.14|1|1|2|28
11.721|0|1|2|28
5.008|1|4|2|28
11.721|0|4|2|28
380.607|1|6|2|28
173.861|0|6|2|28
382.446|1|6|2|28
173.861|0|6|2|28
8.289|1|1|3|28
35.086|0|1|3|28
0|1|4|3|28
0.788|0|4|3|28
21.833|1|5|3|28
68.451|0|5|3|28
10.579|1|6|3|28
11.721|0|6|3|28
483.992|1|1|4|28
173.861|0|1|4|28
461.944|1|1|4|28
173.861|0|1|4|28
34.229|1|10|4|28
68.451|0|10|4|28
470.257|1|12|4|28
173.861|0|12|4|28
464.591|1|12|4|28
173.861|0|12|4|28
3.195|1|4|4|28
35.086|0|4|4|28
55.247|1|5|4|28
68.451|0|5|4|28
0|1|0|5|28
0.161|0|0|5|28
0|1|1|5|28
0.788|0|1|5|28
9.912|1|2|5|28
11.721|0|2|5|28
17.219|1|4|5|28
11.721|0|4|5|28
0|1|0|6|28
0.788|0|0|6|28
0|1|1|6|28
0.161|0|1|6|28
28.192|1|3|6|28
11.721|0|3|6|28
7.317|1|4|6|28
11.721|0|4|6|28
9.116|1|6|6|28
35.086|0|6|6|28
118.183|1|9|6|28
173.86|0|9|6|28
129.728|1|9|6|28
173.86|0|9|6|28
44.676|1|4|7|28
68.451|0|4|7|28
532.854|1|10|9|28
173.861|0|10|9|28
505.275|1|10|9|28
173.861|0|10|9|28
0|1|11|9|28
0.161|0|11|9|28
0|1|12|9|28
0.161|0|12|9|28
0|1|13|9|28
0.788|0|13|9|28
0|1|6|9|28
0.788|0|6|9|28
0|1|8|9|28
0.788|0|8|9|28
247.256|1|9|9|28
173.86|0|9|9|28
258.1|1|9|9|28
173.86|0|9|9|28
5.807|1|1|0|29
11.721|0|1|0|29
8.46|1|5|0|29
11.721|0|5|0|29
245.562|1|0|1|29
173.86|0|0|1|29
251.276|1|0|1|29
173.86|0|0|1|29
121.598|1|2|1|29
173.86|0|2|1|29
124.622|1|2|1|29
173.86|0|2|1|29
16.19|1|0|2|29
11.721|0|0|2|29
16.546|1|2|2|29
11.721|0|2|2|29
0|1|11|0|3
0.161|0|11|0|3
16.15|1|13|0|3
35.086|0|13|0|3
31.15|1|4|0|3
68.451|0|4|0|3
0|1|7|0|3
0.161|0|7|0|3
0|1|8|0|3
0.161|0|8|0|3
493.741|1|9|0|3
173.861|0|9|0|3
506.008|1|9|0|3
173.861|0|9|0|3
368.355|1|0|1|3
173.861|0|0|1|3
378.713|1|0|1|3
173.861|0|0|1|3
8.899|1|4|1|3
11.721|0|4|1|3
29.631|1|3|2|3
68.451|0|3|2|3
32.222|1|10|3|3
68.451|0|10|3|3
31.388|1|11|3|3
68.451|0|11|3|3
0|1|13|3|3
0.161|0|13|3|3
5.811|1|2|3|3
35.086|0|2|3|3
18.053|1|3|3|3
11.721|0|3|3|3
89.592|1|0|0|30
68.451|0|0|0|30
0|1|2|1|30
0.788|0|2|1|30
0|1|3|1|30
0.788|0|3|1|30
0|1|1|0|31
0.788|0|1|0|31
44.1|1|2|0|31
68.451|0|2|0|31
0|1|4|0|31
0.161|0|4|0|31
0|1|6|0|31
0.788|0|6|0|31
24.926|1|0|0|32
11.721|0|0|0|32
18.159|1|3|0|32
35.086|0|3|0|32
0|1|4|0|32
0.161|0|4|0|32
415.476|1|6|0|32
173.861|0|6|0|32
398.555|1|6|0|32
173.861|0|6|0|32
41.56|1|7|0|32
68.451|0|7|0|32
0|1|9|0|32
0.788|0|9|0|32
30.78|1|0|10|32
11.721|0|0|10|32
0|1|1|10|32
0.161|0|1|10|32
0|1|3|11|32
0.788|0|3|11|32
0|1|4|11|32
0.788|0|4|11|32
6.336|1|3|12|32
11.721|0|3|12|32
0|1|6|12|32
0.788|0|6|12|32
0|1|8|12|32
0.161|0|8|12|32
0|1|0|13|32
0.788|0|0|13|32
0|1|2|13|32
0.161|0|2|13|32
74.437|1|3|13|32
68.451|0|3|13|32
17.619|1|7|13|32
68.451|0|7|13|32
7.556|1|8|13|32
35.086|0|8|13|32
0|1|0|2|32
0.788|0|0|2|32
19.032|1|1|2|32
68.451|0|1|2|32
563.264|1|2|2|32
173.861|0|2|2|32
556.279|1|2|2|32
173.861|0|2|2|32
0|1|4|2|32
0.788|0|4|2|32
0|1|6|2|32
0.788|0|6|2|32
129.878|1|2|3|32
173.86|0|2|3|32
112.301|1|2|3|32
173.86|0|2|3|32
12.725|1|0|4|32
35.086|0|0|4|32
0|1|1|4|32
0.788|0|1|4|32
0|1|4|4|32
0.788|0|4|4|32
320.588|1|7|4|32
173.861|0|7|4|32
305.63|1|7|4|32
173.861|0|7|4|32
36.465|1|11|5|32
68.451|0|11|5|32
0|1|12|5|32
0.788|0|12|5|32
0|1|5|5|32
0.161|0|5|5|32
9.757|1|6|6|32
11.721|0|6|6|32
85.358|1|9|6|32
68.451|0|9|6|32
513.999|1|0|7|32
173.861|0|0|7|32
516.482|1|0|7|32
173.861|0|0|7|32
58.125|1|3|7|32
68.451|0|3|7|32
22.651|1|4|7|32
11.721|0|4|7|32
7.777|1|8|7|32
35.086|0|8|7|32
596.641|1|1|8|32
173.861|0|1|8|32
595.75|1|1|8|32
173.861|0|1|8|32
7.859|1|2|9|32
35.086|0|2|9|32
20.229|1|0|0|33
68.451|0|0|0|33
15.967|1|1|1|33
11.721|0|1|1|33
526.666|1|10|1|33
173.861|0|10|1|33
518.103|1|10|1|33
173.861|0|10|1|33
4.832|1|11|1|33
35.086|0|11|1|33
52.017|1|12|1|33
68.451|0|12|1|33
91.242|1|3|1|33
68.451|0|3|1|33
12.025|1|5|1|33
11.721|0|5|1|33
223.766|1|6|1|33
173.86|0|6|1|33
236.589|1|6|1|33
173.86|0|6|1|33
24.675|1|8|1|33
68.451|0|8|1|33
0|1|9|1|33
0.788|0|9|1|33
212.83|1|1|10|33
173.86|0|1|10|33
214.423|1|1|10|33
173.86|0|1|10|33
0|1|4|10|33
0.788|0|4|10|33
17.366|1|6|10|33
68.451|0|6|10|33
177.949|1|0|11|33
173.86|0|0|11|33
178.809|1|0|11|33
173.86|0|0|11|33
9.781|1|1|11|33
11.721|0|1|11|33
21.542|1|3|11|33
11.721|0|3|11|33
438.84|1|5|11|33
173.861|0|5|11|33
451.841|1|5|11|33
173.861|0|5|11|33
0|1|1|2|33
0.788|0|1|2|33
0|1|4|2|33
0.788|0|4|2|33
16.184|1|0|3|33
35.086|0|0|3|33
30.175|1|1|3|33
68.451|0|1|3|33
12.52|1|3|3|33
11.721|0|3|3|33
186.29|1|5|3|33
173.86|0|5|3|33
197.885|1|5|3|33
173.86|0|5|3|33
0|1|2|4|33
0.161|0|2|4|33
13.339|1|3|4|33
11.721|0|3|4|33
0|1|8|4|33
0.788|0|8|4|33
0|1|0|5|33
0.788|0|0|5|33
5.005|1|1|5|33
35.086|0|1|5|33
38.22|1|2|5|33
68.451|0|2|5|33
0|1|7|5|33
0.788|0|7|5|33
6.966|1|0|7|33
35.086|0|0|7|33
8.915|1|3|7|33
11.721|0|3|7|33
0|1|1|8|33
0.788|0|1|8|33
32.386|1|5|8|33
68.451|0|5|8|33
0|1|7|8|33
0.161|0|7|8|33
16.871|1|0|9|33
11.721|0|0|9|33
4.549|1|1|9|33
35.086|0|1|9|33
89.119|1|2|9|33
68.451|0|2|9|33
400.369|1|5|9|33
173.861|0|5|9|33
402.303|1|5|9|33
173.861|0|5|9|33
10.546|1|7|9|33
11.721|0|7|9|33
24.077|1|9|9|33
11.721|0|9|9|33
30.317|1|2|0|34
68.451|0|2|0|34
4.332|1|1|1|34
35.086|0|1|1|34
29.121|1|1|2|34
11.721|0|1|2|34
96.667|1|2|2|34
68.451|0|2|2|34
11.088|1|3|2|34
11.721|0|3|2|34
22.631|1|4|2|34
68.451|0|4|2|34
18.339|1|0|3|34
35.086|0|0|3|34
34.771|1|3|5|34
68.451|0|3|5|34
0|1|4|5|34
0.161|0|4|5|34
10.316|1|0|0|35
35.086|0|0|0|35
10.283|1|1|0|35
11.721|0|1|0|35
0|1|10|0|35
0.788|0|10|0|35
22.485|1|11|0|35
68.451|0|11|0|35
11.733|1|13|0|35
35.086|0|13|0|35
0|1|4|0|35
0.788|0|4|0|35
0|1|5|0|35
0.788|0|5|0|35
0|1|8|0|35
0.161|0|8|0|35
0|1|0|1|35
0.788|0|0|1|35
0|1|1|2|35
0.788|0|1|2|35
0|1|2|2|35
0.788|0|2|2|35
15.556|1|4|2|35
11.721|0|4|2|35
2.478|1|5|2|35
35.086|0|5|2|35
3.647|1|6|2|35
35.086|0|6|2|35
5.002|1|8|2|35
35.086|0|8|2|35
150.343|1|9|2|35
173.86|0|9|2|35
150.332|1|9|2|35
173.86|0|9|2|35
10.958|1|0|3|35
11.721|0|0|3|35
5.227|1|0|0|36
35.086|0|0|0|36
0|1|10|0|36
0.161|0|10|0|36
0|1|4|0|36
0.161|0|4|0|36
0|1|5|0|36
0.788|0|5|0|36
0|1|7|0|36
0.161|0|7|0|36
15.353|1|8|0|36
35.086|0|8|0|36
0|1|10|1|36
0.788|0|10|1|36
0|1|3|1|36
0.788|0|3|1|36
71.161|1|5|1|36
68.451|0|5|1|36
0|1|9|1|36
0.161|0|9|1|36
0|1|2|2|36
0.161|0|2|2|36
0|1|3|2|36
0.788|0|3|2|36
9.537|1|7|2|36
35.086|0|7|2|36
138.299|1|1|4|36
173.86|0|1|4|36
138.446|1|1|4|36
173.86|0|1|4|36
19.305|1|2|5|36
11.721|0|2|5|36
0|1|7|5|36
0.788|0|7|5|36
0|1|8|5|36
0.788|0|8|5|36
0|1|9|5|36
0.161|0|9|5|36
8.12|1|1|6|36
11.721|0|1|6|36
0|1|3|6|36
0.788|0|3|6|36
0|1|4|6|36
0.161|0|4|6|36
0|1|8|6|36
0.788|0|8|6|36
5.033|1|3|0|37
35.086|0|3|0|37
9.771|1|4|0|37
35.086|0|4|0|37
5.78|1|0|1|37
35.086|0|0|1|37
0|1|3|1|37
0.788|0|3|1|37
27.356|1|10|2|37
68.451|0|10|2|37
15.228|1|11|2|37
11.721|0|11|2|37
0|1|5|2|37
0.161|0|5|2|37
0|1|7|2|37
0.788|0|7|2|37
0|1|9|2|37
0.161|0|9|2|37
0|1|2|3|37
0.161|0|2|3|37
37.361|1|1|4|37
68.451|0|1|4|37
0|1|2|4|37
0.788|0|2|4|37
147.968|1|4|4|37
173.86|0|4|4|37
148.683|1|4|4|37
173.86|0|4|4|37
19.893|1|5|4|37
68.451|0|5|4|37
268.067|1|9|4|37
173.86|0|9|4|37
252.402|1|9|4|37
173.86|0|9|4|37
231.462|1|10|5|37
173.86|0|10|5|37
250.734|1|10|5|37
173.86|0|10|5|37
10.347|1|13|5|37
11.721|0|13|5|37
0|1|4|5|37
0.788|0|4|5|37
0|1|5|5|37
0.161|0|5|5|37
18.861|1|7|5|37
11.721|0|7|5|37
17.198|1|2|6|37
68.451|0|2|6|37
284.44|1|1|7|37
173.86|0|1|7|37
289.29|1|1|7|37
173.86|0|1|7|37
0|1|2|7|37
0.788|0|2|7|37
3.26|1|6|7|37
35.086|0|6|7|37
152.835|1|8|7|37
173.86|0|8|7|37
173.518|1|8|7|37
173.86|0|8|7|37
44.749|1|9|7|37
68.451|0|9|7|37
10.105|1|0|8|37
11.721|0|0|8|37
11.336|1|1|8|37
11.721|0|1|8|37
9.396|1|2|8|37
11.721|0|2|8|37
37.771|1|0|0|38
68.451|0|0|0|38
21.248|1|1|10|38
68.451|0|1|10|38
75.935|1|4|2|38
68.451|0|4|2|38
0|1|5|2|38
0.161|0|5|2|38
0|1|0|3|38
0.161|0|0|3|38
47.471|1|1|3|38
68.451|0|1|3|38
10.234|1|3|3|38
35.086|0|3|3|38
0|1|4|3|38
0.161|0|4|3|38
0|1|0|4|38
0.161|0|0|4|38
0|1|3|4|38
0.161|0|3|4|38
8.281|1|4|4|38
35.086|0|4|4|38
0|1|0|5|38
0.161|0|0|5|38
0|1|1|5|38
0.788|0|1|5|38
6.252|1|2|5|38
35.086|0|2|5|38
9.785|1|0|6|38
11.721|0|0|6|38
6.723|1|1|8|38
35.086|0|1|8|38
21.32|1|0|9|38
68.451|0|0|9|38
264.389|1|2|9|38
173.86|0|2|9|38
277.066|1|2|9|38
173.86|0|2|9|38
0|1|4|9|38
0.788|0|4|9|38
23.684|1|1|1|39
68.451|0|1|1|39
0|1|4|1|39
0.788|0|4|1|39
7.26|1|2|10|39
35.086|0|2|10|39
49.548|1|1|11|39
68.451|0|1|11|39
18.974|1|11|11|39
68.451|0|11|11|39
44.896|1|13|11|39
68.451|0|13|11|39
0|1|2|11|39
0.161|0|2|11|39
8.189|1|3|11|39
11.721|0|3|11|39
12.083|1|4|11|39
11.721|0|4|11|39
0|1|8|11|39
0.788|0|8|11|39
17.009|1|1|12|39
68.451|0|1|12|39
13.59|1|4|12|39
11.721|0|4|12|39
409.602|1|1|13|39
173.861|0|1|13|39
404.676|1|1|13|39
173.861|0|1|13|39
0|1|13|13|39
0.788|0|13|13|39
0|1|5|14|39
0.788|0|5|14|39
10.272|1|8|14|39
35.086|0|8|14|39
14.107|1|0|2|39
11.721|0|0|2|39
6.289|1|2|2|39
35.086|0|2|2|39
20.159|1|5|2|39
68.451|0|5|2|39
338.133|1|6|2|39
173.861|0|6|2|39
328.179|1|6|2|39
173.861|0|6|2|39
10.413|1|8|2|39
35.086|0|8|2|39
9.641|1|9|2|39
11.721|0|9|2|39
0|1|0|3|39
0.788|0|0|3|39
41.671|1|3|4|39
68.451|0|3|4|39
0|1|1|5|39
0.788|0|1|5|39
24.786|1|2|5|39
68.451|0|2|5|39
0|1|4|5|39
0.788|0|4|5|39
0|1|0|6|39
0.788|0|0|6|39
0|1|1|6|39
0.788|0|1|6|39
40.651|1|3|6|39
68.451|0|3|6|39
422.44|1|6|6|39
173.861|0|6|6|39
438.101|1|6|6|39
173.861|0|6|6|39
7.082|1|7|6|39
35.086|0|7|6|39
66.809|1|1|7|39
68.451|0|1|7|39
0|1|5|7|39
0.161|0|5|7|39
0|1|6|7|39
0.161|0|6|7|39
8.743|1|8|7|39
35.086|0|8|7|39
7.18|1|10|8|39
35.086|0|10|8|39
0|1|11|8|39
0.788|0|11|8|39
0|1|12|8|39
0.788|0|12|8|39
13.248|1|13|8|39
35.086|0|13|8|39
0|1|3|8|39
0.788|0|3|8|39
4.18|1|4|8|39
35.086|0|4|8|39
0|1|5|8|39
0.788|0|5|8|39
0|1|6|8|39
0.161|0|6|8|39
0|1|7|8|39
0.788|0|7|8|39
0|1|1|9|39
0.161|0|1|9|39
0|1|0|0|4
0.788|0|0|0|4
0|1|5|0|4
0.161|0|5|0|4
10.713|1|7|0|4
35.086|0|7|0|4
10.513|1|8|0|4
35.086|0|8|0|4
79.231|1|0|1|4
68.451|0|0|1|4
44.006|1|1|1|4
68.451|0|1|1|4
0|1|2|1|4
0.788|0|2|1|4
0|1|2|10|4
0.161|0|2|10|4
0|1|3|10|4
0.161|0|3|10|4
0|1|5|10|4
0.788|0|5|10|4
172.679|1|0|11|4
173.86|0|0|11|4
203.72|1|0|11|4
173.86|0|0|11|4
0|1|1|11|4
0.161|0|1|11|4
44.518|1|2|11|4
68.451|0|2|11|4
24.753|1|0|12|4
68.451|0|0|12|4
0|1|1|12|4
0.788|0|1|12|4
0|1|11|12|4
0.788|0|11|12|4
40.199|1|12|12|4
68.451|0|12|12|4
0|1|2|12|4
0.788|0|2|12|4
19.044|1|4|12|4
11.721|0|4|12|4
0|1|6|12|4
0.788|0|6|12|4
21.028|1|7|12|4
11.721|0|7|12|4
241.207|1|10|13|4
173.86|0|10|13|4
217.61|1|10|13|4
173.86|0|10|13|4
107.999|1|13|13|4
173.86|0|13|13|4
114.703|1|13|13|4
173.86|0|13|13|4
0|1|2|13|4
0.788|0|2|13|4
0|1|3|13|4
0.161|0|3|13|4
0|1|4|13|4
0.788|0|4|13|4
15.072|1|5|13|4
68.451|0|5|13|4
5.138|1|8|13|4
35.086|0|8|13|4
15.728|1|9|13|4
11.721|0|9|13|4
0|1|0|2|4
0.161|0|0|2|4
19.475|1|2|2|4
11.721|0|2|2|4
3.557|1|0|3|4
35.086|0|0|3|4
30.35|1|1|3|4
11.721|0|1|3|4
28.92|1|2|3|4
68.451|0|2|3|4
57.927|1|4|3|4
68.451|0|4|3|4
0|1|5|3|4
0.161|0|5|3|4
0|1|0|4|4
0.161|0|0|4|4
24.566|1|1|4|4
11.721|0|1|4|4
46.382|1|10|4|4
68.451|0|10|4|4
179.077|1|3|4|4
173.86|0|3|4|4
172.04|1|3|4|4
173.86|0|3|4|4
55.397|1|9|4|4
68.451|0|9|4|4
0|1|0|5|4
0.788|0|0|5|4
0|1|1|5|4
0.161|0|1|5|4
80.301|1|4|5|4
68.451|0|4|5|4
5.659|1|5|5|4
35.086|0|5|5|4
4.508|1|0|6|4
35.086|0|0|6|4
53.775|1|0|7|4
68.451|0|0|7|4
454.008|1|1|7|4
173.861|0|1|7|4
461.467|1|1|7|4
173.861|0|1|7|4
0|1|10|7|4
0.788|0|10|7|4
0|1|12|7|4
0.788|0|12|7|4
16.729|1|3|7|4
68.451|0|3|7|4
43.754|1|5|7|4
68.451|0|5|7|4
0|1|2|8|4
0.161|0|2|8|4
31.438|1|3|9|4
11.721|0|3|9|4
13.67|1|5|9|4
11.721|0|5|9|4
15.351|1|3|0|5
11.721|0|3|0|5
36.813|1|5|1|5
68.451|0|5|1|5
214.075|1|4|0|6
173.86|0|4|0|6
215.11|1|4|0|6
173.86|0|4|0|6
33.876|1|2|1|6
68.451|0|2|1|6
20.033|1|2|2|6
11.721|0|2|2|6
3.075|1|3|2|6
35.086|0|3|2|6
655.12|1|1|3|6
173.861|0|1|3|6
648.02|1|1|3|6
173.861|0|1|3|6
0|1|2|3|6
0.161|0|2|3|6
0|1|6|3|6
0.788|0|6|3|6
0|1|8|3|6
0.161|0|8|3|6
26.727|1|5|0|7
68.451|0|5|0|7
0|1|6|0|7
0.161|0|6|0|7
0|1|1|1|7
0.161|0|1|1|7
111.837|1|1|10|7
173.86|0|1|10|7
110.907|1|1|10|7
173.86|0|1|10|7
8.493|1|3|10|7
35.086|0|3|10|7
0|1|4|10|7
0.788|0|4|10|7
0|1|0|2|7
0.788|0|0|2|7
10.478|1|1|2|7
11.721|0|1|2|7
7.047|1|10|2|7
11.721|0|10|2|7
16.691|1|9|2|7
35.086|0|9|2|7
0|1|0|3|7
0.161|0|0|3|7
0|1|2|3|7
0.161|0|2|3|7
62.8|1|3|3|7
68.451|0|3|3|7
36.768|1|5|3|7
68.451|0|5|3|7
138.813|1|3|4|7
173.86|0|3|4|7
119.04|1|3|4|7
173.86|0|3|4|7
274.994|1|4|4|7
173.86|0|4|4|7
262.002|1|4|4|7
173.86|0|4|4|7
0|1|0|5|7
0.788|0|0|5|7
346.729|1|1|6|7
173.861|0|1|6|7
367.005|1|1|6|7
173.861|0|1|6|7
390.778|1|10|7|7
173.861|0|10|7|7
395.866|1|10|7|7
173.861|0|10|7|7
12.684|1|2|7|7
11.721|0|2|7|7
55.573|1|4|7|7
68.451|0|4|7|7
0|1|5|7|7
0.161|0|5|7|7
13.963|1|6|7|7
35.086|0|6|7|7
0|1|8|7|7
0.788|0|8|7|7
46.367|1|1|8|7
68.451|0|1|8|7
19.873|1|2|8|7
68.451|0|2|8|7
6.621|1|3|8|7
35.086|0|3|8|7
16.222|1|4|8|7
11.721|0|4|8|7
0|1|0|9|7
0.161|0|0|9|7
0|1|1|9|7
0.161|0|1|9|7
15.341|1|0|0|8
11.721|0|0|0|8
12.687|1|1|0|8
35.086|0|1|0|8
45.765|1|3|0|8
68.451|0|3|0|8
9.339|1|4|0|8
35.086|0|4|0|8
0|1|7|0|8
0.788|0|7|0|8
33.075|1|3|1|8
68.451|0|3|1|8
0|1|4|1|8
0.161|0|4|1|8
46.168|1|5|1|8
68.451|0|5|1|8
11.389|1|6|1|8
11.721|0|6|1|8
13.805|1|7|1|8
35.086|0|7|1|8
240.096|1|3|2|8
173.86|0|3|2|8
241.76|1|3|2|8
173.86|0|3|2|8
17.755|1|0|3|8
11.721|0|0|3|8
15.439|1|2|3|8
35.086|0|2|3|8
58.499|1|1|4|8
68.451|0|1|4|8
0|1|0|0|9
0.161|0|0|0|9
0|1|2|0|9
0.161|0|2|0|9
0|1|3|0|9
0.788|0|3|0|9
0|1|6|0|9
0.788|0|6|0|9
0|1|7|0|9
0.788|0|7|0|9
13.114|1|9|0|9
11.721|0|9|0|9
0|1|2|1|9
0.788|0|2|1|9
6.234|1|3|1|9
11.721|0|3|1|9
27.756|1|4|1|9
68.451|0|4|1|9
0|1|6|1|9
0.161|0|6|1|9
0|1|7|1|9
0.788|0|7|1|9
172.57|1|9|1|9
173.86|0|9|1|9
178.525|1|9|1|9
173.86|0|9|1|9
8.255|1|1|2|9
35.086|0|1|2|9
18.179|1|4|2|9
35.086|0|4|2|9
14.016|1|0|3|9
11.721|0|0|3|9
3.136|1|1|3|9
35.086|0|1|3|9
29.783|1|2|3|9
11.721|0|2|3|9
15.527|1|5|3|9
11.721|0|5|3|9
0|1|0|0|0
0.982|0|0|0|0
0|1|8|0|0
0.982|0|8|0|0
0|1|9|0|0
3.701|0|9|0|0
0|1|1|1|0
3.216|0|1|1|0
0|1|11|1|0
2.25|0|11|1|0
0|1|6|1|0
3.216|0|6|1|0
0|1|9|1|0
0.982|0|9|1|0
0|1|0|10|0
3.216|0|0|10|0
0|1|1|12|0
3.216|0|1|12|0
0|1|2|12|0
0.982|0|2|12|0
0|1|2|13|0
3.701|0|2|13|0
0|1|6|13|0
2.25|0|6|13|0
0|1|8|13|0
2.25|0|8|13|0
0|1|9|13|0
3.216|0|9|13|0
0|1|1|2|0
3.216|0|1|2|0
0|1|4|2|0
3.701|0|4|2|0
0|1|6|2|0
3.216|0|6|2|0
0|1|1|4|0
2.25|0|1|4|0
0|1|0|5|0
3.701|0|0|5|0
0|1|1|5|0
3.701|0|1|5|0
0|1|12|6|0
3.216|0|12|6|0
0|1|3|6|0
2.25|0|3|6|0
0|1|1|7|0
3.701|0|1|7|0
0|1|2|7|0
3.701|0|2|7|0
0|1|4|7|0
3.701|0|4|7|0
0|1|8|7|0
3.216|0|8|7|0
0|1|10|9|0
3.216|0|10|9|0
0|1|13|9|0
0.982|0|13|9|0
0|1|9|9|0
3.216|0|9|9|0
0|1|2|1|1
3.216|0|2|1|1
0|1|1|0|10
3.216|0|1|0|10
0|1|4|0|10
3.216|0|4|0|10
0|1|1|1|10
3.701|0|1|1|10
0|1|2|1|10
3.216|0|2|1|10
0|1|0|2|10
3.216|0|0|2|10
0|1|0|3|10
0.982|0|0|3|10
0|1|3|3|10
3.216|0|3|3|10
0|1|0|4|10
0.982|0|0|4|10
0|1|3|4|10
0.982|0|3|4|10
0|1|5|4|10
3.216|0|5|4|10
0|1|6|4|10
2.25|0|6|4|10
0|1|0|0|11
2.25|0|0|0|11
0|1|10|0|11
3.216|0|10|0|11
0|1|11|0|11
3.216|0|11|0|11
0|1|13|0|11
3.216|0|13|0|11
0|1|3|0|11
3.216|0|3|0|11
0|1|4|0|11
3.216|0|4|0|11
0|1|6|0|11
3.216|0|6|0|11
0|1|9|0|11
2.25|0|9|0|11
0|1|1|1|11
2.25|0|1|1|11
0|1|2|1|11
3.216|0|2|1|11
0|1|4|1|11
0.982|0|4|1|11
0|1|0|2|11
2.25|0|0|2|11
0|1|2|2|11
0.982|0|2|2|11
0|1|5|2|11
0.982|0|5|2|11
0|1|8|2|11
3.216|0|8|2|11
0|1|1|4|11
2.25|0|1|4|11
0|1|3|0|12
3.701|0|3|0|12
0|1|0|1|12
3.216|0|0|1|12
0|1|2|1|12
3.216|0|2|1|12
0|1|1|2|12
3.216|0|1|2|12
0|1|12|2|12
0.982|0|12|2|12
0|1|13|2|12
3.216|0|13|2|12
0|1|5|2|12
3.216|0|5|2|12
0|1|9|2|12
3.701|0|9|2|12
0|1|5|3|12
3.701|0|5|3|12
0|1|0|1|13
3.216|0|0|1|13
0|1|10|1|13
2.25|0|10|1|13
0|1|12|1|13
0.982|0|12|1|13
0|1|3|1|13
3.701|0|3|1|13
0|1|4|1|13
0.982|0|4|1|13
0|1|0|0|14
2.25|0|0|0|14
0|1|1|0|14
3.701|0|1|0|14
0|1|0|1|14
3.701|0|0|1|14
0|1|1|1|14
2.25|0|1|1|14
0|1|2|1|14
3.216|0|2|1|14
0|1|0|10|14
3.216|0|0|10|14
0|1|2|10|14
3.701|0|2|10|14
0|1|6|10|14
2.25|0|6|10|14
0|1|7|10|14
3.701|0|7|10|14
0|1|1|11|14
0.982|0|1|11|14
0|1|2|11|14
3.216|0|2|11|14
0|1|1|12|14
3.216|0|1|12|14
0|1|12|12|14
0.982|0|12|12|14
0|1|2|12|14
3.701|0|2|12|14
0|1|3|12|14
3.216|0|3|12|14
0|1|6|12|14
0.982|0|6|12|14
0|1|8|12|14
3.701|0|8|12|14
0|1|2|13|14
2.25|0|2|13|14
0|1|4|13|14
3.216|0|4|13|14
0|1|1|14|14
0.982|0|1|14|14
0|1|2|14|14
2.25|0|2|14|14
0|1|5|14|14
3.216|0|5|14|14
0|1|8|14|14
0.982|0|8|14|14
0|1|2|15|14
3.216|0|2|15|14
0|1|3|15|14
0.982|0|3|15|14
0|1|8|15|14
2.25|0|8|15|14
0|1|0|16|14
2.25|0|0|16|14
0|1|2|16|14
2.25|0|2|16|14
0|1|1|17|14
0.982|0|1|17|14
0|1|0|2|14
0.982|0|0|2|14
0|1|2|3|14
3.701|0|2|3|14
0|1|3|3|14
2.25|0|3|3|14
0|1|0|4|14
3.216|0|0|4|14
0|1|0|5|14
3.216|0|0|5|14
0|1|2|5|14
2.25|0|2|5|14
0|1|4|5|14
2.25|0|4|5|14
0|1|1|6|14
3.216|0|1|6|14
0|1|11|6|14
0.982|0|11|6|14
0|1|2|6|14
3.216|0|2|6|14
0|1|4|6|14
3.216|0|4|6|14
0|1|6|6|14
3.216|0|6|6|14
0|1|8|6|14
0.982|0|8|6|14
0|1|1|7|14
0.982|0|1|7|14
0|1|4|7|14
3.216|0|4|7|14
0|1|0|8|14
3.216|0|0|8|14
0|1|1|9|14
3.216|0|1|9|14
0|1|10|9|14
2.25|0|10|9|14
0|1|2|9|14
3.216|0|2|9|14
0|1|5|9|14
3.701|0|5|9|14
0|1|9|9|14
3.216|0|9|9|14
0|1|12|0|15
3.216|0|12|0|15
0|1|13|0|15
3.701|0|13|0|15
0|1|4|0|15
3.216|0|4|0|15
0|1|5|0|15
0.982|0|5|0|15
0|1|8|0|15
3.216|0|8|0|15
0|1|0|1|15
3.216|0|0|1|15
0|1|1|2|15
2.25|0|1|2|15
0|1|10|2|15
0.982|0|10|2|15
0|1|13|2|15
3.216|0|13|2|15
0|1|2|2|15
2.25|0|2|2|15
0|1|3|2|15
2.25|0|3|2|15
0|1|4|2|15
3.701|0|4|2|15
0|1|6|2|15
3.701|0|6|2|15
0|1|7|2|15
2.25|0|7|2|15
0|1|8|2|15
3.216|0|8|2|15
0|1|1|3|15
2.25|0|1|3|15
0|1|4|3|15
3.216|0|4|3|15
0|1|11|0|16
3.701|0|11|0|16
0|1|6|0|16
3.216|0|6|0|16
0|1|4|1|16
3.216|0|4|1|16
0|1|8|1|16
2.25|0|8|1|16
0|1|9|1|16
3.701|0|9|1|16
0|1|0|10|16
3.701|0|0|10|16
0|1|6|10|16
3.216|0|6|10|16
0|1|7|10|16
2.25|0|7|10|16
0|1|1|2|16
3.216|0|1|2|16
0|1|2|2|16
3.216|0|2|2|16
0|1|3|2|16
3.216|0|3|2|16
0|1|1|3|16
0.982|0|1|3|16
0|1|5|4|16
3.216|0|5|4|16
0|1|6|4|16
3.216|0|6|4|16
0|1|2|5|16
2.25|0|2|5|16
0|1|3|5|16
3.216|0|3|5|16
0|1|4|5|16
3.701|0|4|5|16
0|1|6|5|16
3.701|0|6|5|16
0|1|0|6|16
3.216|0|0|6|16
0|1|2|6|16
3.701|0|2|6|16
0|1|5|6|16
0.982|0|5|6|16
0|1|0|7|16
3.701|0|0|7|16
0|1|1|7|16
3.216|0|1|7|16
0|1|12|8|16
3.216|0|12|8|16
0|1|13|8|16
3.216|0|13|8|16
0|1|2|8|16
3.216|0|2|8|16
0|1|3|8|16
2.25|0|3|8|16
0|1|4|8|16
2.25|0|4|8|16
0|1|8|8|16
3.701|0|8|8|16
0|1|9|8|16
3.216|0|9|8|16
0|1|0|9|16
0.982|0|0|9|16
0|1|4|9|16
3.216|0|4|9|16
0|1|3|0|17
0.982|0|3|0|17
0|1|4|0|17
3.216|0|4|0|17
0|1|1|1|17
2.25|0|1|1|17
0|1|6|1|17
3.701|0|6|1|17
0|1|7|1|17
3.216|0|7|1|17
0|1|1|0|18
3.216|0|1|0|18
0|1|2|0|18
2.25|0|2|0|18
0|1|3|0|18
0.982|0|3|0|18
0|1|2|1|18
3.216|0|2|1|18
0|1|4|1|18
2.25|0|4|1|18
0|1|2|2|18
3.216|0|2|2|18
0|1|3|2|18
2.25|0|3|2|18
0|1|2|3|18
3.701|0|2|3|18
0|1|3|3|18
3.701|0|3|3|18
0|1|0|4|18
2.25|0|0|4|18
0|1|1|4|18
0.982|0|1|4|18
0|1|5|4|18
0.982|0|5|4|18
0|1|6|4|18
0.982|0|6|4|18
0|1|7|4|18
3.216|0|7|4|18
0|1|0|0|19
3.216|0|0|0|19
0|1|3|0|19
3.216|0|3|0|19
0|1|4|0|19
3.216|0|4|0|19
0|1|5|0|19
3.701|0|5|0|19
0|1|3|0|2
3.216|0|3|0|2
0|1|4|0|2
3.216|0|4|0|2
0|1|5|0|2
3.701|0|5|0|2
0|1|6|0|2
0.982|0|6|0|2
0|1|9|0|2
2.25|0|9|0|2
0|1|1|2|2
3.216|0|1|2|2
0|1|6|2|2
3.216|0|6|2|2
0|1|8|2|2
3.216|0|8|2|2
0|1|3|3|2
3.216|0|3|3|2
0|1|4|3|2
2.25|0|4|3|2
0|1|5|3|2
3.216|0|5|3|2
0|1|8|3|2
3.216|0|8|3|2
0|1|2|4|2
3.216|0|2|4|2
0|1|3|4|2
0.982|0|3|4|2
0|1|4|4|2
3.701|0|4|4|2
0|1|1|5|2
3.216|0|1|5|2
0|1|11|5|2
2.25|0|11|5|2
0|1|8|5|2
0.982|0|8|5|2
0|1|2|0|20
2.25|0|2|0|20
0|1|5|0|20
0.982|0|5|0|20
0|1|0|2|20
3.216|0|0|2|20
0|1|2|2|20
3.216|0|2|2|20
0|1|6|2|20
3.216|0|6|2|20
0|1|1|3|20
3.216|0|1|3|20
0|1|0|5|20
3.216|0|0|5|20
0|1|3|5|20
3.701|0|3|5|20
0|1|4|5|20
2.25|0|4|5|20
0|1|5|5|20
2.25|0|5|5|20
0|1|3|6|20
3.216|0|3|6|20
0|1|7|6|20
0.982|0|7|6|20
0|1|2|7|20
3.701|0|2|7|20
0|1|5|7|20
3.216|0|5|7|20
0|1|7|7|20
3.216|0|7|7|20
0|1|0|1|21
3.216|0|0|1|21
0|1|1|1|21
3.701|0|1|1|21
0|1|1|10|21
3.216|0|1|10|21
0|1|11|10|21
3.216|0|11|10|21
0|1|12|10|21
3.216|0|12|10|21
0|1|3|10|21
3.216|0|3|10|21
0|1|5|10|21
3.701|0|5|10|21
0|1|0|11|21
2.25|0|0|11|21
0|1|1|11|21
2.25|0|1|11|21
0|1|2|11|21
2.25|0|2|11|21
0|1|3|11|21
3.216|0|3|11|21
0|1|5|11|21
3.701|0|5|11|21
0|1|0|12|21
0.982|0|0|12|21
0|1|5|12|21
0.982|0|5|12|21
0|1|11|13|21
2.25|0|11|13|21
0|1|12|13|21
3.701|0|12|13|21
0|1|2|13|21
0.982|0|2|13|21
0|1|5|13|21
3.701|0|5|13|21
0|1|6|13|21
2.25|0|6|13|21
0|1|9|13|21
3.216|0|9|13|21
0|1|0|2|21
0.982|0|0|2|21
0|1|1|2|21
0.982|0|1|2|21
0|1|4|2|21
3.216|0|4|2|21
0|1|12|3|21
2.25|0|12|3|21
0|1|13|3|21
2.25|0|13|3|21
0|1|4|3|21
3.216|0|4|3|21
0|1|5|3|21
0.982|0|5|3|21
0|1|6|3|21
0.982|0|6|3|21
0|1|9|3|21
3.216|0|9|3|21
0|1|0|4|21
2.25|0|0|4|21
0|1|3|4|21
2.25|0|3|4|21
0|1|5|4|21
2.25|0|5|4|21
0|1|0|5|21
3.216|0|0|5|21
0|1|1|5|21
2.25|0|1|5|21
0|1|10|6|21
0.982|0|10|6|21
0|1|6|6|21
0.982|0|6|6|21
0|1|7|6|21
3.216|0|7|6|21
0|1|3|7|21
2.25|0|3|7|21
0|1|1|8|21
0.982|0|1|8|21
0|1|2|8|21
0.982|0|2|8|21
0|1|7|8|21
0.982|0|7|8|21
0|1|8|8|21
0.982|0|8|8|21
0|1|1|9|21
3.216|0|1|9|21
0|1|10|9|21
3.216|0|10|9|21
0|1|11|9|21
2.25|0|11|9|21
0|1|12|9|21
3.216|0|12|9|21
0|1|13|9|21
2.25|0|13|9|21
0|1|2|9|21
3.701|0|2|9|21
0|1|3|9|21
3.216|0|3|9|21
0|1|6|9|21
0.982|0|6|9|21
0|1|3|0|22
3.701|0|3|0|22
0|1|0|1|22
3.701|0|0|1|22
0|1|2|1|22
3.701|0|2|1|22
0|1|0|2|22
0.982|0|0|2|22
0|1|9|2|22
3.701|0|9|2|22
0|1|1|3|22
2.25|0|1|3|22
0|1|6|3|22
3.701|0|6|3|22
0|1|7|3|22
2.25|0|7|3|22
0|1|2|0|23
3.701|0|2|0|23
0|1|3|1|23
3.216|0|3|1|23
0|1|5|1|23
2.25|0|5|1|23
0|1|0|3|23
3.216|0|0|3|23
0|1|5|3|23
3.216|0|5|3|23
0|1|1|0|24
2.25|0|1|0|24
0|1|2|0|24
0.982|0|2|0|24
0|1|3|0|24
3.216|0|3|0|24
0|1|5|0|24
3.216|0|5|0|24
0|1|6|0|24
0.982|0|6|0|24
0|1|1|1|24
3.216|0|1|1|24
0|1|3|1|24
2.25|0|3|1|24
0|1|1|3|24
3.216|0|1|3|24
0|1|4|3|24
2.25|0|4|3|24
0|1|7|3|24
3.216|0|7|3|24
0|1|8|3|24
2.25|0|8|3|24
0|1|0|4|24
3.701|0|0|4|24
0|1|0|7|24
3.216|0|0|7|24
0|1|4|7|24
3.216|0|4|7|24
0|1|5|7|24
3.216|0|5|7|24
0|1|1|0|25
3.701|0|1|0|25
0|1|2|0|25
3.701|0|2|0|25
0|1|3|0|25
3.216|0|3|0|25
0|1|4|0|25
3.216|0|4|0|25
0|1|0|1|25
3.216|0|0|1|25
0|1|10|1|25
3.216|0|10|1|25
0|1|11|1|25
3.216|0|11|1|25
0|1|12|1|25
0.982|0|12|1|25
0|1|2|1|25
2.25|0|2|1|25
0|1|3|1|25
3.216|0|3|1|25
0|1|5|1|25
2.25|0|5|1|25
0|1|8|1|25
0.982|0|8|1|25
0|1|2|2|25
3.216|0|2|2|25
0|1|3|2|25
3.216|0|3|2|25
0|1|1|3|25
0.982|0|1|3|25
0|1|3|3|25
3.216|0|3|3|25
0|1|5|3|25
3.216|0|5|3|25
0|1|8|4|25
3.216|0|8|4|25
0|1|9|4|25
2.25|0|9|4|25
0|1|1|5|25
3.216|0|1|5|25
0|1|1|0|26
3.216|0|1|0|26
0|1|3|0|26
3.216|0|3|0|26
0|1|3|2|26
2.25|0|3|2|26
0|1|5|2|26
3.216|0|5|2|26
0|1|0|3|26
3.216|0|0|3|26
0|1|10|3|26
2.25|0|10|3|26
0|1|7|3|26
0.982|0|7|3|26
0|1|10|4|26
3.701|0|10|4|26
0|1|6|4|26
3.216|0|6|4|26
0|1|0|5|26
3.216|0|0|5|26
0|1|2|5|26
0.982|0|2|5|26
0|1|3|5|26
3.216|0|3|5|26
0|1|4|5|26
3.701|0|4|5|26
0|1|8|5|26
2.25|0|8|5|26
0|1|2|0|27
3.216|0|2|0|27
0|1|0|1|27
2.25|0|0|1|27
0|1|7|1|27
0.982|0|7|1|27
0|1|2|3|27
3.216|0|2|3|27
0|1|0|4|27
3.216|0|0|4|27
0|1|4|4|27
2.25|0|4|4|27
0|1|2|5|27
2.25|0|2|5|27
0|1|4|5|27
3.216|0|4|5|27
0|1|6|5|27
3.216|0|6|5|27
0|1|9|5|27
3.701|0|9|5|27
0|1|1|6|27
3.701|0|1|6|27
0|1|2|6|27
3.216|0|2|6|27
0|1|6|6|27
3.216|0|6|6|27
0|1|2|7|27
3.216|0|2|7|27
0|1|5|7|27
3.216|0|5|7|27
0|1|2|8|27
2.25|0|2|8|27
0|1|3|8|27
3.216|0|3|8|27
0|1|1|9|27
3.216|0|1|9|27
0|1|2|9|27
3.216|0|2|9|27
0|1|6|9|27
3.701|0|6|9|27
0|1|10|0|28
3.216|0|10|0|28
0|1|2|0|28
3.701|0|2|0|28
0|1|4|0|28
2.25|0|4|0|28
0|1|5|0|28
3.701|0|5|0|28
0|1|7|0|28
2.25|0|7|0|28
0|1|8|0|28
3.216|0|8|0|28
0|1|1|1|28
3.216|0|1|1|28
0|1|2|1|28
3.701|0|2|1|28
0|1|5|1|28
3.216|0|5|1|28
0|1|7|1|28
3.216|0|7|1|28
0|1|4|10|28
3.216|0|4|10|28
0|1|0|11|28
3.216|0|0|11|28
0|1|3|11|28
3.216|0|3|11|28
0|1|6|12|28
3.701|0|6|12|28
0|1|0|13|28
2.25|0|0|13|28
0|1|3|13|28
0.982|0|3|13|28
0|1|5|13|28
3.216|0|5|13|28
0|1|6|13|28
3.216|0|6|13|28
0|1|0|14|28
0.982|0|0|14|28
0|1|1|14|28
3.216|0|1|14|28
0|1|4|14|28
3.216|0|4|14|28
0|1|3|15|28
2.25|0|3|15|28
0|1|7|15|28
2.25|0|7|15|28
0|1|1|16|28
0.982|0|1|16|28
0|1|2|16|28
0.982|0|2|16|28
0|1|4|16|28
3.216|0|4|16|28
0|1|1|17|28
3.216|0|1|17|28
0|1|2|17|28
3.701|0|2|17|28
0|1|0|2|28
0.982|0|0|2|28
0|1|2|2|28
3.216|0|2|2|28
0|1|3|2|28
3.701|0|3|2|28
0|1|5|2|28
2.25|0|5|2|28
0|1|0|3|28
0.982|0|0|3|28
0|1|2|3|28
0.982|0|2|3|28
0|1|0|4|28
3.216|0|0|4|28
0|1|13|4|28
2.25|0|13|4|28
0|1|6|4|28
0.982|0|6|4|28
0|1|8|4|28
3.216|0|8|4|28
0|1|3|5|28
3.216|0|3|5|28
0|1|2|6|28
2.25|0|2|6|28
0|1|5|6|28
2.25|0|5|6|28
0|1|7|6|28
3.701|0|7|6|28
0|1|8|6|28
0.982|0|8|6|28
0|1|1|7|28
3.216|0|1|7|28
0|1|2|7|28
3.216|0|2|7|28
0|1|3|7|28
3.216|0|3|7|28
0|1|1|8|28
2.25|0|1|8|28
0|1|0|9|28
2.25|0|0|9|28
0|1|3|9|28
0.982|0|3|9|28
0|1|4|9|28
3.216|0|4|9|28
0|1|7|9|28
0.982|0|7|9|28
0|1|11|0|29
3.701|0|11|0|29
0|1|12|0|29
3.216|0|12|0|29
0|1|13|0|29
0.982|0|13|0|29
0|1|2|0|29
0.982|0|2|0|29
0|1|3|0|29
3.216|0|3|0|29
0|1|4|0|29
3.216|0|4|0|29
0|1|6|0|29
0.982|0|6|0|29
0|1|8|0|29
2.25|0|8|0|29
0|1|9|0|29
3.701|0|9|0|29
0|1|1|1|29
0.982|0|1|1|29
0|1|1|2|29
2.25|0|1|2|29
0|1|1|0|3
3.216|0|1|0|3
0|1|12|0|3
3.216|0|12|0|3
0|1|5|0|3
0.982|0|5|0|3
0|1|1|1|3
3.701|0|1|1|3
0|1|2|1|3
3.701|0|2|1|3
0|1|3|1|3
2.25|0|3|1|3
0|1|5|1|3
3.216|0|5|1|3
0|1|0|2|3
3.216|0|0|2|3
0|1|4|2|3
3.701|0|4|2|3
0|1|5|2|3
3.701|0|5|2|3
0|1|0|3|3
3.216|0|0|3|3
0|1|4|3|3
2.25|0|4|3|3
0|1|6|3|3
3.216|0|6|3|3
0|1|7|3|3
3.701|0|7|3|3
0|1|9|3|3
3.216|0|9|3|3
0|1|1|0|30
3.216|0|1|0|30
0|1|2|0|30
3.216|0|2|0|30
0|1|3|0|30
3.216|0|3|0|30
0|1|1|1|30
3.216|0|1|1|30
0|1|0|0|31
3.216|0|0|0|31
0|1|3|0|31
3.216|0|3|0|31
0|1|1|0|32
3.216|0|1|0|32
0|1|2|0|32
0.982|0|2|0|32
0|1|5|0|32
3.216|0|5|0|32
0|1|0|11|32
0.982|0|0|11|32
0|1|1|11|32
0.982|0|1|11|32
0|1|2|11|32
3.216|0|2|11|32
0|1|6|11|32
3.216|0|6|11|32
0|1|0|12|32
2.25|0|0|12|32
0|1|4|12|32
3.216|0|4|12|32
0|1|5|12|32
3.216|0|5|12|32
0|1|7|12|32
3.216|0|7|12|32
0|1|1|13|32
2.25|0|1|13|32
0|1|10|13|32
3.701|0|10|13|32
0|1|11|13|32
0.982|0|11|13|32
0|1|12|13|32
3.216|0|12|13|32
0|1|4|13|32
3.216|0|4|13|32
0|1|5|13|32
3.216|0|5|13|32
0|1|5|2|32
2.25|0|5|2|32
0|1|0|3|32
2.25|0|0|3|32
0|1|10|4|32
0.982|0|10|4|32
0|1|11|4|32
3.216|0|11|4|32
0|1|12|4|32
3.216|0|12|4|32
0|1|13|4|32
3.216|0|13|4|32
0|1|5|4|32
2.25|0|5|4|32
0|1|6|4|32
0.982|0|6|4|32
0|1|8|4|32
3.701|0|8|4|32
0|1|9|4|32
3.216|0|9|4|32
0|1|0|5|32
3.216|0|0|5|32
0|1|1|5|32
2.25|0|1|5|32
0|1|13|5|32
0.982|0|13|5|32
0|1|3|5|32
3.216|0|3|5|32
0|1|4|5|32
3.701|0|4|5|32
0|1|6|5|32
0.982|0|6|5|32
0|1|8|5|32
3.216|0|8|5|32
0|1|9|5|32
3.701|0|9|5|32
0|1|0|6|32
3.701|0|0|6|32
0|1|1|6|32
3.216|0|1|6|32
0|1|2|6|32
3.701|0|2|6|32
0|1|4|6|32
2.25|0|4|6|32
0|1|8|6|32
3.216|0|8|6|32
0|1|2|7|32
3.216|0|2|7|32
0|1|7|7|32
3.216|0|7|7|32
0|1|5|9|32
3.701|0|5|9|32
0|1|1|0|33
3.216|0|1|0|33
0|1|0|1|33
3.216|0|0|1|33
0|1|13|1|33
3.701|0|13|1|33
0|1|7|1|33
2.25|0|7|1|33
0|1|0|10|33
3.216|0|0|10|33
0|1|2|10|33
3.701|0|2|10|33
0|1|3|10|33
0.982|0|3|10|33
0|1|2|11|33
3.216|0|2|11|33
0|1|4|11|33
2.25|0|4|11|33
0|1|6|11|33
3.216|0|6|11|33
0|1|0|2|33
2.25|0|0|2|33
0|1|2|2|33
3.216|0|2|2|33
0|1|5|2|33
3.701|0|5|2|33
0|1|4|3|33
2.25|0|4|3|33
0|1|0|4|33
0.982|0|0|4|33
0|1|10|4|33
2.25|0|10|4|33
0|1|4|4|33
3.216|0|4|4|33
0|1|7|4|33
3.216|0|7|4|33
0|1|4|5|33
0.982|0|4|5|33
0|1|0|6|33
3.216|0|0|6|33
0|1|1|6|33
0.982|0|1|6|33
0|1|2|7|33
0.982|0|2|7|33
0|1|6|7|33
3.216|0|6|7|33
0|1|3|8|33
2.25|0|3|8|33
0|1|4|8|33
3.216|0|4|8|33
0|1|6|8|33
3.701|0|6|8|33
0|1|3|9|33
0.982|0|3|9|33
0|1|8|9|33
3.216|0|8|9|33
0|1|0|0|34
3.701|0|0|0|34
0|1|3|0|34
0.982|0|3|0|34
0|1|0|1|34
3.216|0|0|1|34
0|1|0|2|34
0.982|0|0|2|34
0|1|1|3|34
3.701|0|1|3|34
0|1|1|4|34
0.982|0|1|4|34
0|1|2|5|34
3.216|0|2|5|34
0|1|12|0|35
2.25|0|12|0|35
0|1|2|0|35
0.982|0|2|0|35
0|1|3|0|35
2.25|0|3|0|35
0|1|6|0|35
0.982|0|6|0|35
0|1|3|1|35
2.25|0|3|1|35
0|1|10|2|35
2.25|0|10|2|35
0|1|11|2|35
2.25|0|11|2|35
0|1|12|2|35
0.982|0|12|2|35
0|1|3|2|35
3.701|0|3|2|35
0|1|7|2|35
2.25|0|7|2|35
0|1|1|3|35
3.701|0|1|3|35
0|1|2|3|35
3.216|0|2|3|35
0|1|2|0|36
3.701|0|2|0|36
0|1|9|0|36
3.216|0|9|0|36
0|1|0|1|36
3.216|0|0|1|36
0|1|1|1|36
0.982|0|1|1|36
0|1|11|1|36
3.701|0|11|1|36
0|1|2|1|36
0.982|0|2|1|36
0|1|7|1|36
0.982|0|7|1|36
0|1|4|2|36
0.982|0|4|2|36
0|1|6|2|36
0.982|0|6|2|36
0|1|1|3|36
3.216|0|1|3|36
0|1|2|3|36
3.701|0|2|3|36
0|1|3|3|36
2.25|0|3|3|36
0|1|0|4|36
3.216|0|0|4|36
0|1|0|5|36
3.216|0|0|5|36
0|1|1|5|36
0.982|0|1|5|36
0|1|0|6|36
2.25|0|0|6|36
0|1|2|6|36
3.701|0|2|6|36
0|1|6|6|36
2.25|0|6|6|36
0|1|2|0|37
3.701|0|2|0|37
0|1|1|2|37
2.25|0|1|2|37
0|1|13|2|37
3.216|0|13|2|37
0|1|3|2|37
2.25|0|3|2|37
0|1|4|2|37
3.216|0|4|2|37
0|1|6|2|37
3.701|0|6|2|37
0|1|1|3|37
2.25|0|1|3|37
0|1|0|4|37
2.25|0|0|4|37
0|1|7|4|37
3.701|0|7|4|37
0|1|8|4|37
3.216|0|8|4|37
0|1|11|5|37
3.216|0|11|5|37
0|1|12|5|37
3.216|0|12|5|37
0|1|2|5|37
0.982|0|2|5|37
0|1|3|5|37
3.701|0|3|5|37
0|1|6|5|37
3.216|0|6|5|37
0|1|8|5|37
3.216|0|8|5|37
0|1|9|5|37
3.701|0|9|5|37
0|1|0|6|37
3.701|0|0|6|37
0|1|3|6|37
0.982|0|3|6|37
0|1|5|6|37
3.701|0|5|6|37
0|1|6|6|37
3.216|0|6|6|37
0|1|7|6|37
0.982|0|7|6|37
0|1|10|7|37
2.25|0|10|7|37
0|1|3|7|37
0.982|0|3|7|37
0|1|4|7|37
2.25|0|4|7|37
0|1|5|7|37
3.216|0|5|7|37
0|1|7|7|37
3.701|0|7|7|37
0|1|1|0|38
0.982|0|1|0|38
0|1|0|1|38
3.216|0|0|1|38
0|1|1|1|38
3.216|0|1|1|38
0|1|0|10|38
3.216|0|0|10|38
0|1|2|10|38
2.25|0|2|10|38
0|1|3|10|38
2.25|0|3|10|38
0|1|0|2|38
2.25|0|0|2|38
0|1|1|2|38
3.701|0|1|2|38
0|1|2|2|38
3.216|0|2|2|38
0|1|2|3|38
0.982|0|2|3|38
0|1|1|4|38
2.25|0|1|4|38
0|1|1|6|38
3.701|0|1|6|38
0|1|2|6|38
3.216|0|2|6|38
0|1|1|7|38
3.216|0|1|7|38
0|1|0|8|38
3.701|0|0|8|38
0|1|1|9|38
3.216|0|1|9|38
0|1|3|9|38
3.701|0|3|9|38
0|1|5|9|38
3.216|0|5|9|38
0|1|1|0|39
3.701|0|1|0|39
0|1|2|0|39
3.216|0|2|0|39
0|1|4|0|39
0.982|0|4|0|39
0|1|0|1|39
2.25|0|0|1|39
0|1|2|1|39
2.25|0|2|1|39
0|1|3|1|39
0.982|0|3|1|39
0|1|5|1|39
0.982|0|5|1|39
0|1|6|1|39
3.701|0|6|1|39
0|1|7|1|39
2.25|0|7|1|39
0|1|0|10|39
0.982|0|0|10|39
0|1|1|10|39
0.982|0|1|10|39
0|1|0|11|39
3.701|0|0|11|39
0|1|6|11|39
3.216|0|6|11|39
0|1|7|11|39
3.216|0|7|11|39
0|1|9|11|39
3.701|0|9|11|39
0|1|0|12|39
3.216|0|0|12|39
0|1|3|12|39
3.216|0|3|12|39
0|1|0|13|39
3.216|0|0|13|39
0|1|10|13|39
2.25|0|10|13|39
0|1|11|13|39
2.25|0|11|13|39
0|1|12|13|39
3.701|0|12|13|39
0|1|2|13|39
3.701|0|2|13|39
0|1|3|13|39
0.982|0|3|13|39
0|1|4|13|39
0.982|0|4|13|39
0|1|5|13|39
3.701|0|5|13|39
0|1|6|13|39
3.701|0|6|13|39
0|1|9|13|39
3.216|0|9|13|39
0|1|0|14|39
3.216|0|0|14|39
0|1|2|14|39
0.982|0|2|14|39
0|1|3|14|39
3.216|0|3|14|39
0|1|4|14|39
2.25|0|4|14|39
0|1|6|14|39
2.25|0|6|14|39
0|1|3|2|39
0.982|0|3|2|39
0|1|7|2|39
3.216|0|7|2|39
0|1|1|3|39
2.25|0|1|3|39
0|1|2|3|39
3.216|0|2|3|39
0|1|0|4|39
3.216|0|0|4|39
0|1|2|4|39
2.25|0|2|4|39
0|1|0|5|39
3.216|0|0|5|39
0|1|3|5|39
3.216|0|3|5|39
0|1|5|5|39
3.216|0|5|5|39
0|1|7|5|39
3.216|0|7|5|39
0|1|4|6|39
3.216|0|4|6|39
0|1|8|6|39
3.216|0|8|6|39
0|1|4|7|39
3.216|0|4|7|39
0|1|7|7|39
2.25|0|7|7|39
0|1|0|8|39
2.25|0|0|8|39
0|1|2|8|39
3.216|0|2|8|39
0|1|8|8|39
2.25|0|8|8|39
0|1|9|8|39
2.25|0|9|8|39
0|1|10|0|4
3.216|0|10|0|4
0|1|2|0|4
0.982|0|2|0|4
0|1|4|0|4
3.701|0|4|0|4
0|1|3|1|4
3.216|0|3|1|4
0|1|0|10|4
3.216|0|0|10|4
0|1|1|10|4
0.982|0|1|10|4
0|1|4|10|4
3.216|0|4|10|4
0|1|3|11|4
0.982|0|3|11|4
0|1|5|12|4
0.982|0|5|12|4
0|1|8|12|4
3.216|0|8|12|4
0|1|9|12|4
3.216|0|9|12|4
0|1|1|13|4
3.216|0|1|13|4
0|1|6|13|4
2.25|0|6|13|4
0|1|3|3|4
0.982|0|3|3|4
0|1|12|4|4
2.25|0|12|4|4
0|1|2|4|4
2.25|0|2|4|4
0|1|4|4|4
3.216|0|4|4|4
0|1|5|4|4
3.701|0|5|4|4
0|1|6|4|4
0.982|0|6|4|4
0|1|7|4|4
3.216|0|7|4|4
0|1|6|5|4
0.982|0|6|5|4
0|1|7|5|4
3.701|0|7|5|4
0|1|8|5|4
3.701|0|8|5|4
0|1|11|7|4
2.25|0|11|7|4
0|1|13|7|4
3.216|0|13|7|4
0|1|2|7|4
3.216|0|2|7|4
0|1|6|7|4
3.216|0|6|7|4
0|1|7|7|4
3.216|0|7|7|4
0|1|8|7|4
3.701|0|8|7|4
0|1|1|8|4
3.701|0|1|8|4
0|1|4|8|4
3.216|0|4|8|4
0|1|1|9|4
2.25|0|1|9|4
0|1|2|9|4
3.701|0|2|9|4
0|1|4|9|4
3.216|0|4|9|4
0|1|6|9|4
0.982|0|6|9|4
0|1|0|0|5
3.216|0|0|0|5
0|1|1|0|5
2.25|0|1|0|5
0|1|2|0|5
2.25|0|2|0|5
0|1|4|0|5
2.25|0|4|0|5
0|1|0|1|5
2.25|0|0|1|5
0|1|1|1|5
2.25|0|1|1|5
0|1|3|1|5
3.216|0|3|1|5
0|1|6|1|5
0.982|0|6|1|5
0|1|3|0|6
3.701|0|3|0|6
0|1|0|1|6
2.25|0|0|1|6
0|1|1|1|6
3.701|0|1|1|6
0|1|3|1|6
3.701|0|3|1|6
0|1|4|1|6
2.25|0|4|1|6
0|1|6|1|6
0.982|0|6|1|6
0|1|8|1|6
0.982|0|8|1|6
0|1|0|2|6
3.216|0|0|2|6
0|1|1|2|6
0.982|0|1|2|6
0|1|3|3|6
3.216|0|3|3|6
0|1|4|3|6
0.982|0|4|3|6
0|1|5|3|6
3.216|0|5|3|6
0|1|7|3|6
3.216|0|7|3|6
0|1|0|0|7
0.982|0|0|0|7
0|1|1|0|7
2.25|0|1|0|7
0|1|2|0|7
3.216|0|2|0|7
0|1|3|0|7
3.216|0|3|0|7
0|1|0|1|7
0.982|0|0|1|7
0|1|0|10|7
3.216|0|0|10|7
0|1|10|10|7
3.216|0|10|10|7
0|1|5|10|7
3.216|0|5|10|7
0|1|6|10|7
3.216|0|6|10|7
0|1|7|10|7
0.982|0|7|10|7
0|1|8|10|7
2.25|0|8|10|7
0|1|9|10|7
2.25|0|9|10|7
0|1|2|2|7
3.216|0|2|2|7
0|1|4|2|7
3.701|0|4|2|7
0|1|6|2|7
3.701|0|6|2|7
0|1|7|2|7
3.216|0|7|2|7
0|1|8|2|7
3.701|0|8|2|7
0|1|6|3|7
3.216|0|6|3|7
0|1|9|3|7
3.701|0|9|3|7
0|1|0|4|7
0.982|0|0|4|7
0|1|1|4|7
0.982|0|1|4|7
0|1|1|7|7
3.701|0|1|7|7
0|1|3|7|7
0.982|0|3|7|7
0|1|7|7|7
3.701|0|7|7|7
0|1|0|8|7
0.982|0|0|8|7
0|1|2|9|7
0.982|0|2|9|7
0|1|3|9|7
3.216|0|3|9|7
0|1|4|9|7
3.216|0|4|9|7
0|1|5|9|7
3.216|0|5|9|7
0|1|6|9|7
0.982|0|6|9|7
0|1|6|0|8
2.25|0|6|0|8
0|1|1|1|8
2.25|0|1|1|8
0|1|8|1|8
2.25|0|8|1|8
0|1|1|2|8
2.25|0|1|2|8
0|1|2|2|8
3.216|0|2|2|8
0|1|5|2|8
3.216|0|5|2|8
0|1|6|2|8
3.216|0|6|2|8
0|1|1|3|8
3.216|0|1|3|8
0|1|0|4|8
3.216|0|0|4|8
0|1|1|0|9
3.216|0|1|0|9
0|1|10|0|9
3.701|0|10|0|9
0|1|11|0|9
3.701|0|11|0|9
0|1|13|0|9
0.982|0|13|0|9
0|1|4|0|9
2.25|0|4|0|9
0|1|8|0|9
3.216|0|8|0|9
0|1|0|1|9
2.25|0|0|1|9
0|1|8|1|9
2.25|0|8|1|9
0|1|2|2|9
3.216|0|2|2|9
0|1|3|2|9
2.25|0|3|2|9
0|1|5|2|9
2.25|0|5|2|9
0|1|4|3|9
0.982|0|4|3|9
22.413|1|11|0|0
68.451|0|11|0|0
9.853|1|2|0|0
11.721|0|2|0|0
3.586|1|5|0|0
35.086|0|5|0|0
2.466|1|6|0|0
35.086|0|6|0|0
20.556|1|7|0|0
68.451|0|7|0|0
3.701|0|9|0|0
0|1|9|0|0
21.51|1|0|1|0
11.721|0|0|1|0
37.63|1|2|1|0
68.451|0|2|1|0
18.922|1|4|1|0
11.721|0|4|1|0
16.513|1|5|1|0
35.086|0|5|1|0
10.154|1|2|10|0
35.086|0|2|10|0
18.029|1|2|11|0
68.451|0|2|11|0
8.248|1|0|12|0
35.086|0|0|12|0
0|1|10|13|0
0.161|0|10|13|0
15.638|1|11|13|0
11.721|0|11|13|0
3.701|0|2|13|0
0|1|2|13|0
19.769|1|5|13|0
11.721|0|5|13|0
4.903|1|7|13|0
35.086|0|7|13|0
0|1|0|2|0
0.161|0|0|2|0
0|1|3|2|0
0.161|0|3|2|0
3.701|0|4|2|0
0|1|4|2|0
5.848|1|5|2|0
35.086|0|5|2|0
41.738|1|0|3|0
68.451|0|0|3|0
14.943|1|3|3|0
11.721|0|3|3|0
3.701|0|0|5|0
0|1|0|5|0
3.701|0|1|5|0
0|1|1|5|0
4.469|1|10|6|0
35.086|0|10|6|0
31.362|1|11|6|0
11.721|0|11|6|0
11.617|1|2|6|0
11.721|0|2|6|0
77.71|1|4|6|0
68.451|0|4|6|0
6.541|1|5|6|0
11.721|0|5|6|0
3.701|0|1|7|0
0|1|1|7|0
3.701|0|2|7|0
0|1|2|7|0
3.701|0|4|7|0
0|1|4|7|0
20.211|1|6|7|0
68.451|0|6|7|0
30.69|1|7|7|0
11.721|0|7|7|0
8.444|1|0|8|0
11.721|0|0|8|0
8.053|1|4|8|0
35.086|0|4|8|0
0|1|8|8|0
0.161|0|8|8|0
44.202|1|9|8|0
68.451|0|9|8|0
0|1|0|9|0
0.161|0|0|9|0
10.257|1|1|9|0
35.086|0|1|9|0
0|1|12|9|0
0.161|0|12|9|0
0|1|3|9|0
0.161|0|3|9|0
0|1|5|9|0
0.161|0|5|9|0
0|1|6|9|0
0.161|0|6|9|0
4.055|1|1|0|1
35.086|0|1|0|1
9.61|1|3|2|1
35.086|0|3|2|1
17.513|1|4|2|1
11.721|0|4|2|1
0|1|0|0|10
0.161|0|0|0|10
0|1|3|0|10
0.161|0|3|0|10
27.998|1|5|0|10
11.721|0|5|0|10
0|1|6|0|10
0.161|0|6|0|10
15.961|1|7|0|10
11.721|0|7|0|10
3.701|0|1|1|10
0|1|1|1|10
53.704|1|2|2|10
68.451|0|2|2|10
2.389|1|7|4|10
35.086|0|7|4|10
13.308|1|2|0|11
11.721|0|2|0|11
19.063|1|5|0|11
11.721|0|5|0|11
26.973|1|7|0|11
68.451|0|7|0|11
15.398|1|3|1|11
11.721|0|3|1|11
6.969|1|1|2|11
35.086|0|1|2|11
18.833|1|4|2|11
11.721|0|4|2|11
48.357|1|6|2|11
68.451|0|6|2|11
2.9|1|0|3|11
35.086|0|0|3|11
15.863|1|0|4|11
35.086|0|0|4|11
14.67|1|0|5|11
11.721|0|0|5|11
6.41|1|1|5|11
35.086|0|1|5|11
10.085|1|0|0|12
11.721|0|0|0|12
27.3|1|1|0|12
11.721|0|1|0|12
3.701|0|3|0|12
0|1|3|0|12
0|1|3|1|12
0.161|0|3|1|12
6.255|1|11|2|12
35.086|0|11|2|12
4.925|1|2|2|12
35.086|0|2|2|12
0|1|3|2|12
0.161|0|3|2|12
45.663|1|4|2|12
68.451|0|4|2|12
3.214|1|6|2|12
35.086|0|6|2|12
3.701|0|9|2|12
0|1|9|2|12
10.872|1|0|3|12
35.086|0|0|3|12
3.562|1|1|3|12
35.086|0|1|3|12
19.212|1|4|3|12
11.721|0|4|3|12
3.701|0|5|3|12
0|1|5|3|12
52.682|1|1|0|13
68.451|0|1|0|13
0|1|11|1|13
0.161|0|11|1|13
0|1|13|1|13
0.161|0|13|1|13
3.701|0|3|1|13
0|1|3|1|13
3.701|0|1|0|14
0|1|1|0|14
3.701|0|0|1|14
0|1|0|1|14
6.968|1|1|10|14
35.086|0|1|10|14
3.701|0|2|10|14
0|1|2|10|14
29.273|1|5|10|14
11.721|0|5|10|14
3.701|0|7|10|14
0|1|7|10|14
5.14|1|8|10|14
35.086|0|8|10|14
0|1|9|10|14
0.161|0|9|10|14
9.548|1|0|11|14
11.721|0|0|11|14
3.68|1|0|12|14
35.086|0|0|12|14
12.989|1|10|12|14
11.721|0|10|12|14
9.857|1|11|12|14
11.721|0|11|12|14
5.905|1|13|12|14
35.086|0|13|12|14
3.701|0|2|12|14
0|1|2|12|14
5.461|1|5|12|14
35.086|0|5|12|14
3.701|0|8|12|14
0|1|8|12|14
18.262|1|3|13|14
11.721|0|3|13|14
6.22|1|10|14|14
11.721|0|10|14|14
0|1|11|14|14
0.161|0|11|14|14
77.662|1|3|14|14
68.451|0|3|14|14
73.638|1|4|14|14
68.451|0|4|14|14
12.133|1|6|14|14
35.086|0|6|14|14
0|1|9|14|14
0.161|0|9|14|14
34.3|1|5|15|14
68.451|0|5|15|14
26.551|1|6|15|14
68.451|0|6|15|14
6.25|1|7|15|14
35.086|0|7|15|14
13.662|1|9|15|14
11.721|0|9|15|14
0|1|1|16|14
0.161|0|1|16|14
13.886|1|3|16|14
11.721|0|3|16|14
0|1|0|17|14
0.161|0|0|17|14
2.945|1|1|2|14
35.086|0|1|2|14
0|1|3|2|14
0.161|0|3|2|14
5.983|1|0|3|14
35.086|0|0|3|14
3.701|0|2|3|14
0|1|2|3|14
63.357|1|4|3|14
68.451|0|4|3|14
24.398|1|1|5|14
68.451|0|1|5|14
0|1|3|5|14
0.161|0|3|5|14
8.824|1|10|6|14
35.086|0|10|6|14
41.34|1|12|6|14
68.451|0|12|6|14
49.231|1|3|6|14
68.451|0|3|6|14
22.089|1|9|6|14
11.721|0|9|6|14
30.606|1|3|7|14
11.721|0|3|7|14
0|1|2|8|14
0.161|0|2|8|14
73.601|1|3|8|14
68.451|0|3|8|14
53.22|1|0|9|14
68.451|0|0|9|14
32.425|1|11|9|14
68.451|0|11|9|14
24.853|1|12|9|14
11.721|0|12|9|14
3.901|1|13|9|14
35.086|0|13|9|14
22.749|1|3|9|14
11.721|0|3|9|14
26.726|1|4|9|14
11.721|0|4|9|14
3.701|0|5|9|14
0|1|5|9|14
6.523|1|8|9|14
35.086|0|8|9|14
0|1|11|0|15
0.161|0|11|0|15
3.701|0|13|0|15
0|1|13|0|15
0|1|2|0|15
0.161|0|2|0|15
2.941|1|6|0|15
35.086|0|6|0|15
64.431|1|7|0|15
68.451|0|7|0|15
3.701|0|4|2|15
0|1|4|2|15
3.701|0|6|2|15
0|1|6|2|15
4.299|1|9|2|15
35.086|0|9|2|15
0|1|2|3|15
0.161|0|2|3|15
52.409|1|3|3|15
68.451|0|3|3|15
4.254|1|0|0|16
35.086|0|0|0|16
10.409|1|1|0|16
35.086|0|1|0|16
3.089|1|10|0|16
35.086|0|10|0|16
3.701|0|11|0|16
0|1|11|0|16
66.654|1|13|0|16
68.451|0|13|0|16
3.698|1|3|0|16
35.086|0|3|0|16
38.553|1|7|0|16
68.451|0|7|0|16
0|1|1|1|16
0.161|0|1|1|16
4.156|1|7|1|16
35.086|0|7|1|16
3.701|0|9|1|16
0|1|9|1|16
3.701|0|0|10|16
0|1|0|10|16
27.762|1|2|10|16
11.721|0|2|10|16
6.652|1|4|10|16
35.086|0|4|10|16
59.662|1|8|10|16
68.451|0|8|10|16
64.476|1|9|10|16
68.451|0|9|10|16
41.782|1|0|3|16
68.451|0|0|3|16
3.678|1|2|3|16
35.086|0|2|3|16
0|1|4|4|16
0.161|0|4|4|16
40.495|1|1|5|16
11.721|0|1|5|16
3.701|0|4|5|16
0|1|4|5|16
3.701|0|6|5|16
0|1|6|5|16
3.701|0|2|6|16
0|1|2|6|16
27.257|1|3|6|16
68.451|0|3|6|16
3.701|0|0|7|16
0|1|0|7|16
22.085|1|2|7|16
68.451|0|2|7|16
20.904|1|3|7|16
11.721|0|3|7|16
0|1|0|8|16
0.161|0|0|8|16
2.718|1|1|8|16
35.086|0|1|8|16
0|1|6|8|16
0.161|0|6|8|16
3.701|0|8|8|16
0|1|8|8|16
12.478|1|2|9|16
11.721|0|2|9|16
2.995|1|2|0|17
35.086|0|2|0|17
41.686|1|0|1|17
68.451|0|0|1|17
11.769|1|3|1|17
11.721|0|3|1|17
3.701|0|6|1|17
0|1|6|1|17
10.018|1|2|2|17
35.086|0|2|2|17
9.07|1|4|0|18
11.721|0|4|0|18
62.91|1|3|1|18
68.451|0|3|1|18
41.315|1|0|2|18
68.451|0|0|2|18
6.059|1|5|2|18
11.721|0|5|2|18
3.701|0|2|3|18
0|1|2|3|18
3.701|0|3|3|18
0|1|3|3|18
26.136|1|5|3|18
68.451|0|5|3|18
11.191|1|8|3|18
11.721|0|8|3|18
46.308|1|2|4|18
68.451|0|2|4|18
27.58|1|3|4|18
11.721|0|3|4|18
0|1|2|0|19
0.161|0|2|0|19
3.701|0|5|0|19
0|1|5|0|19
22.573|1|13|0|2
11.721|0|13|0|2
0|1|2|0|2
0.161|0|2|0|2
3.701|0|5|0|2
0|1|5|0|2
0|1|7|0|2
0.161|0|7|0|2
24.957|1|1|1|2
11.721|0|1|1|2
55.913|1|0|2|2
68.451|0|0|2|2
0|1|2|2|2
0.161|0|2|2|2
37.224|1|7|2|2
68.451|0|7|2|2
25.846|1|1|3|2
68.451|0|1|3|2
0|1|0|4|2
0.161|0|0|4|2
74.874|1|1|4|2
68.451|0|1|4|2
3.701|0|4|4|2
0|1|4|4|2
3.085|1|0|5|2
35.086|0|0|5|2
24.811|1|4|5|2
11.721|0|4|5|2
14.027|1|7|5|2
35.086|0|7|5|2
0|1|0|0|20
0.161|0|0|0|20
6.171|1|6|0|20
35.086|0|6|0|20
0|1|0|1|20
0.161|0|0|1|20
7.515|1|2|1|20
11.721|0|2|1|20
23.959|1|3|1|20
68.451|0|3|1|20
24.013|1|10|4|20
68.451|0|10|4|20
0|1|5|4|20
0.161|0|5|4|20
9.797|1|6|4|20
35.086|0|6|4|20
3.701|0|3|5|20
0|1|3|5|20
144.294|1|6|5|20
68.451|0|6|5|20
67.626|1|1|6|20
68.451|0|1|6|20
10.245|1|2|6|20
35.086|0|2|6|20
78.446|1|4|6|20
68.451|0|4|6|20
0|1|5|6|20
0.161|0|5|6|20
36.163|1|6|6|20
68.451|0|6|6|20
3.701|0|2|7|20
0|1|2|7|20
31.598|1|3|7|20
68.451|0|3|7|20
0|1|6|7|20
0.161|0|6|7|20
17.268|1|1|0|21
68.451|0|1|0|21
29.573|1|2|0|21
68.451|0|2|0|21
3.701|0|1|1|21
0|1|1|1|21
0|1|0|10|21
0.161|0|0|10|21
7.333|1|10|10|21
11.721|0|10|10|21
9.292|1|13|10|21
35.086|0|13|10|21
31.149|1|4|10|21
68.451|0|4|10|21
3.701|0|5|10|21
0|1|5|10|21
7.603|1|6|10|21
35.086|0|6|10|21
0|1|7|10|21
0.161|0|7|10|21
29.186|1|8|10|21
11.721|0|8|10|21
17.324|1|9|10|21
11.721|0|9|10|21
3.701|0|5|11|21
0|1|5|11|21
9.335|1|6|12|21
11.721|0|6|12|21
18.365|1|10|13|21
11.721|0|10|13|21
3.701|0|12|13|21
0|1|12|13|21
3.701|0|5|13|21
0|1|5|13|21
0|1|8|13|21
0.161|0|8|13|21
2.758|1|10|3|21
35.086|0|10|3|21
17.384|1|11|3|21
11.721|0|11|3|21
0|1|2|3|21
0.161|0|2|3|21
20.531|1|3|3|21
11.721|0|3|3|21
30.671|1|7|3|21
68.451|0|7|3|21
52.512|1|1|4|21
68.451|0|1|4|21
0|1|10|4|21
0.161|0|10|4|21
0|1|11|4|21
0.161|0|11|4|21
0|1|2|4|21
0.161|0|2|4|21
6.552|1|6|4|21
35.086|0|6|4|21
38.098|1|9|4|21
68.451|0|9|4|21
0|1|3|5|21
0.161|0|3|5|21
8.823|1|11|6|21
35.086|0|11|6|21
67.431|1|12|6|21
68.451|0|12|6|21
69.714|1|13|6|21
68.451|0|13|6|21
0|1|2|6|21
0.161|0|2|6|21
16.87|1|3|6|21
11.721|0|3|6|21
31.336|1|5|6|21
68.451|0|5|6|21
35.53|1|8|6|21
11.721|0|8|6|21
9.955|1|9|6|21
11.721|0|9|6|21
0|1|4|7|21
0.161|0|4|7|21
60.723|1|0|8|21
68.451|0|0|8|21
0|1|5|8|21
0.161|0|5|8|21
12.99|1|0|9|21
11.721|0|0|9|21
3.701|0|2|9|21
0|1|2|9|21
47.232|1|4|9|21
68.451|0|4|9|21
7.398|1|8|9|21
11.721|0|8|9|21
34.321|1|2|0|22
68.451|0|2|0|22
3.701|0|3|0|22
0|1|3|0|22
13.903|1|5|0|22
11.721|0|5|0|22
3.701|0|0|1|22
0|1|0|1|22
3.701|0|2|1|22
0|1|2|1|22
2.516|1|10|2|22
35.086|0|10|2|22
55.975|1|13|2|22
68.451|0|13|2|22
8.865|1|4|2|22
11.721|0|4|2|22
20.544|1|6|2|22
11.721|0|6|2|22
3.701|0|9|2|22
0|1|9|2|22
21.986|1|0|3|22
68.451|0|0|3|22
0|1|2|3|22
0.161|0|2|3|22
21.64|1|3|3|22
68.451|0|3|3|22
3.701|0|6|3|22
0|1|6|3|22
3.701|0|2|0|23
0|1|2|0|23
13.437|1|1|1|23
11.721|0|1|1|23
4.862|1|2|1|23
35.086|0|2|1|23
0|1|4|1|23
0.161|0|4|1|23
6.353|1|6|1|23
35.086|0|6|1|23
3.808|1|0|2|23
35.086|0|0|2|23
5.84|1|2|3|23
35.086|0|2|3|23
6.232|1|4|3|23
35.086|0|4|3|23
4.59|1|10|0|24
35.086|0|10|0|24
65.182|1|11|0|24
68.451|0|11|0|24
8.324|1|13|0|24
35.086|0|13|0|24
7.709|1|4|0|24
11.721|0|4|0|24
23.674|1|8|0|24
68.451|0|8|0|24
12.475|1|9|0|24
11.721|0|9|0|24
6.148|1|0|1|24
35.086|0|0|1|24
6.744|1|2|1|24
35.086|0|2|1|24
5.081|1|0|3|24
35.086|0|0|3|24
12.408|1|3|3|24
11.721|0|3|3|24
46.77|1|5|3|24
68.451|0|5|3|24
3.701|0|0|4|24
0|1|0|4|24
27.375|1|1|4|24
68.451|0|1|4|24
7.078|1|1|5|24
35.086|0|1|5|24
0|1|2|5|24
0.161|0|2|5|24
0|1|0|6|24
0.161|0|0|6|24
38.823|1|1|6|24
68.451|0|1|6|24
36.248|1|2|6|24
68.451|0|2|6|24
10.88|1|3|6|24
35.086|0|3|6|24
47.682|1|1|7|24
68.451|0|1|7|24
3.701|0|1|0|25
0|1|1|0|25
3.701|0|2|0|25
0|1|2|0|25
42.496|1|7|0|25
68.451|0|7|0|25
2.564|1|8|0|25
35.086|0|8|0|25
3.605|1|6|1|25
35.086|0|6|1|25
6.843|1|0|3|25
35.086|0|0|3|25
0|1|4|3|25
0.161|0|4|3|25
0|1|3|4|25
0.161|0|3|4|25
43.382|1|5|4|25
68.451|0|5|4|25
12.172|1|7|4|25
35.086|0|7|4|25
8.41|1|0|5|25
11.721|0|0|5|25
0|1|0|0|26
0.161|0|0|0|26
5.491|1|4|0|26
35.086|0|4|0|26
0|1|1|2|26
0.161|0|1|2|26
6.238|1|4|2|26
35.086|0|4|2|26
7.193|1|6|2|26
11.721|0|6|2|26
11.599|1|3|3|26
11.721|0|3|3|26
8.68|1|5|3|26
35.086|0|5|3|26
3.701|0|10|4|26
0|1|10|4|26
34.008|1|11|4|26
68.451|0|11|4|26
115.001|1|12|4|26
68.451|0|12|4|26
0|1|2|4|26
0.161|0|2|4|26
0|1|4|4|26
0.161|0|4|4|26
14.711|1|7|4|26
11.721|0|7|4|26
0|1|1|5|26
0.161|0|1|5|26
3.701|0|4|5|26
0|1|4|5|26
39.144|1|7|5|26
68.451|0|7|5|26
9.963|1|0|0|27
35.086|0|0|0|27
0|1|1|0|27
0.161|0|1|0|27
20.97|1|1|1|27
11.721|0|1|1|27
0|1|2|1|27
0.161|0|2|1|27
50.823|1|4|1|27
68.451|0|4|1|27
0|1|5|1|27
0.161|0|5|1|27
0|1|2|2|27
0.161|0|2|2|27
12.515|1|0|3|27
11.721|0|0|3|27
2.912|1|1|3|27
35.086|0|1|3|27
0|1|2|4|27
0.161|0|2|4|27
0|1|3|5|27
0.161|0|3|5|27
3.701|0|9|5|27
0|1|9|5|27
3.701|0|1|6|27
0|1|1|6|27
0|1|4|6|27
0.161|0|4|6|27
34.85|1|1|7|27
68.451|0|1|7|27
16.539|1|4|7|27
11.721|0|4|7|27
9.759|1|6|7|27
35.086|0|6|7|27
0|1|0|8|27
0.161|0|0|8|27
13.548|1|3|9|27
35.086|0|3|9|27
5.216|1|4|9|27
35.086|0|4|9|27
4.12|1|5|9|27
35.086|0|5|9|27
3.701|0|6|9|27
0|1|6|9|27
17.232|1|0|0|28
11.721|0|0|0|28
3.166|1|1|0|28
35.086|0|1|0|28
3.701|0|2|0|28
0|1|2|0|28
3.701|0|5|0|28
0|1|5|0|28
3.701|0|2|1|28
0|1|2|1|28
0|1|4|1|28
0.161|0|4|1|28
7.974|1|2|10|28
11.721|0|2|10|28
8.425|1|0|12|28
11.721|0|0|12|28
8.945|1|1|12|28
35.086|0|1|12|28
27.899|1|2|12|28
68.451|0|2|12|28
3.023|1|3|12|28
35.086|0|3|12|28
3.701|0|6|12|28
0|1|6|12|28
40.531|1|4|13|28
68.451|0|4|13|28
5.065|1|5|14|28
35.086|0|5|14|28
0|1|6|14|28
0.161|0|6|14|28
29.137|1|0|15|28
68.451|0|0|15|28
6.113|1|1|15|28
35.086|0|1|15|28
18.989|1|4|15|28
11.721|0|4|15|28
5.364|1|5|15|28
35.086|0|5|15|28
24.657|1|0|16|28
11.721|0|0|16|28
0|1|5|16|28
0.161|0|5|16|28
36.469|1|0|17|28
68.451|0|0|17|28
3.701|0|2|17|28
0|1|2|17|28
44.349|1|3|17|28
68.451|0|3|17|28
12.044|1|1|2|28
11.721|0|1|2|28
3.701|0|3|2|28
0|1|3|2|28
6.035|1|4|2|28
11.721|0|4|2|28
7.21|1|1|3|28
35.086|0|1|3|28
17.713|1|5|3|28
68.451|0|5|3|28
10.423|1|6|3|28
11.721|0|6|3|28
38.396|1|10|4|28
68.451|0|10|4|28
2.855|1|4|4|28
35.086|0|4|4|28
52.16|1|5|4|28
68.451|0|5|4|28
0|1|0|5|28
0.161|0|0|5|28
9.246|1|2|5|28
11.721|0|2|5|28
17.376|1|4|5|28
11.721|0|4|5|28
0|1|1|6|28
0.161|0|1|6|28
29.069|1|3|6|28
11.721|0|3|6|28
7.93|1|4|6|28
11.721|0|4|6|28
7.995|1|6|6|28
35.086|0|6|6|28
3.701|0|7|6|28
0|1|7|6|28
43.777|1|4|7|28
68.451|0|4|7|28
0|1|11|9|28
0.161|0|11|9|28
0|1|12|9|28
0.161|0|12|9|28
7.008|1|1|0|29
11.721|0|1|0|29
3.701|0|11|0|29
0|1|11|0|29
7.374|1|5|0|29
11.721|0|5|0|29
3.701|0|9|0|29
0|1|9|0|29
16.711|1|0|2|29
11.721|0|0|2|29
16.156|1|2|2|29
11.721|0|2|2|29
0|1|11|0|3
0.161|0|11|0|3
12.946|1|13|0|3
35.086|0|13|0|3
30.664|1|4|0|3
68.451|0|4|0|3
0|1|7|0|3
0.161|0|7|0|3
0|1|8|0|3
0.161|0|8|0|3
3.701|0|1|1|3
0|1|1|1|3
3.701|0|2|1|3
0|1|2|1|3
9.536|1|4|1|3
11.721|0|4|1|3
30.503|1|3|2|3
68.451|0|3|2|3
3.701|0|4|2|3
0|1|4|2|3
3.701|0|5|2|3
0|1|5|2|3
33.17|1|10|3|3
68.451|0|10|3|3
29.615|1|11|3|3
68.451|0|11|3|3
0|1|13|3|3
0.161|0|13|3|3
4.342|1|2|3|3
35.086|0|2|3|3
19.024|1|3|3|3
11.721|0|3|3|3
3.701|0|7|3|3
0|1|7|3|3
91.486|1|0|0|30
68.451|0|0|0|30
42.261|1|2|0|31
68.451|0|2|0|31
0|1|4|0|31
0.161|0|4|0|31
25.885|1|0|0|32
11.721|0|0|0|32
15.227|1|3|0|32
35.086|0|3|0|32
0|1|4|0|32
0.161|0|4|0|32
40.218|1|7|0|32
68.451|0|7|0|32
29.909|1|0|10|32
11.721|0|0|10|32
0|1|1|10|32
0.161|0|1|10|32
6.932|1|3|12|32
11.721|0|3|12|32
0|1|8|12|32
0.161|0|8|12|32
3.701|0|10|13|32
0|1|10|13|32
0|1|2|13|32
0.161|0|2|13|32
78.896|1|3|13|32
68.451|0|3|13|32
19.209|1|7|13|32
68.451|0|7|13|32
6.525|1|8|13|32
35.086|0|8|13|32
18.702|1|1|2|32
68.451|0|1|2|32
10.604|1|0|4|32
35.086|0|0|4|32
3.701|0|8|4|32
0|1|8|4|32
37.882|1|11|5|32
68.451|0|11|5|32
3.701|0|4|5|32
0|1|4|5|32
0|1|5|5|32
0.161|0|5|5|32
3.701|0|9|5|32
0|1|9|5|32
3.701|0|0|6|32
0|1|0|6|32
3.701|0|2|6|32
0|1|2|6|32
8.005|1|6|6|32
11.721|0|6|6|32
90.19|1|9|6|32
68.451|0|9|6|32
61.788|1|3|7|32
68.451|0|3|7|32
22.725|1|4|7|32
11.721|0|4|7|32
7.175|1|8|7|32
35.086|0|8|7|32
7.033|1|2|9|32
35.086|0|2|9|32
3.701|0|5|9|32
0|1|5|9|32
19.438|1|0|0|33
68.451|0|0|0|33
16.172|1|1|1|33
11.721|0|1|1|33
4.076|1|11|1|33
35.086|0|11|1|33
53.152|1|12|1|33
68.451|0|12|1|33
3.701|0|13|1|33
0|1|13|1|33
92.469|1|3|1|33
68.451|0|3|1|33
11.115|1|5|1|33
11.721|0|5|1|33
25.599|1|8|1|33
68.451|0|8|1|33
3.701|0|2|10|33
0|1|2|10|33
20.104|1|6|10|33
68.451|0|6|10|33
10.224|1|1|11|33
11.721|0|1|11|33
20.798|1|3|11|33
11.721|0|3|11|33
3.701|0|5|2|33
0|1|5|2|33
13.552|1|0|3|33
35.086|0|0|3|33
33.828|1|1|3|33
68.451|0|1|3|33
12.944|1|3|3|33
11.721|0|3|3|33
0|1|2|4|33
0.161|0|2|4|33
13.45|1|3|4|33
11.721|0|3|4|33
4.561|1|1|5|33
35.086|0|1|5|33
39.054|1|2|5|33
68.451|0|2|5|33
6.026|1|0|7|33
35.086|0|0|7|33
10.095|1|3|7|33
11.721|0|3|7|33
35.785|1|5|8|33
68.451|0|5|8|33
3.701|0|6|8|33
0|1|6|8|33
0|1|7|8|33
0.161|0|7|8|33
16.108|1|0|9|33
11.721|0|0|9|33
3.425|1|1|9|33
35.086|0|1|9|33
93.435|1|2|9|33
68.451|0|2|9|33
11.746|1|7|9|33
11.721|0|7|9|33
22.897|1|9|9|33
11.721|0|9|9|33
3.701|0|0|0|34
0|1|0|0|34
32.545|1|2|0|34
68.451|0|2|0|34
3.841|1|1|1|34
35.086|0|1|1|34
28.895|1|1|2|34
11.721|0|1|2|34
102.802|1|2|2|34
68.451|0|2|2|34
10.063|1|3|2|34
11.721|0|3|2|34
19.429|1|4|2|34
68.451|0|4|2|34
15.071|1|0|3|34
35.086|0|0|3|34
3.701|0|1|3|34
0|1|1|3|34
31.327|1|3|5|34
68.451|0|3|5|34
0|1|4|5|34
0.161|0|4|5|34
8.875|1|0|0|35
35.086|0|0|0|35
10.269|1|1|0|35
11.721|0|1|0|35
22.406|1|11|0|35
68.451|0|11|0|35
9.635|1|13|0|35
35.086|0|13|0|35
0|1|8|0|35
0.161|0|8|0|35
3.701|0|3|2|35
0|1|3|2|35
15.704|1|4|2|35
11.721|0|4|2|35
2.722|1|5|2|35
35.086|0|5|2|35
3.239|1|6|2|35
35.086|0|6|2|35
4.113|1|8|2|35
35.086|0|8|2|35
10.958|1|0|3|35
11.721|0|0|3|35
3.701|0|1|3|35
0|1|1|3|35
4.426|1|0|0|36
35.086|0|0|0|36
0|1|10|0|36
0.161|0|10|0|36
3.701|0|2|0|36
0|1|2|0|36
0|1|4|0|36
0.161|0|4|0|36
0|1|7|0|36
0.161|0|7|0|36
12.148|1|8|0|36
35.086|0|8|0|36
3.701|0|11|1|36
0|1|11|1|36
79.511|1|5|1|36
68.451|0|5|1|36
0|1|9|1|36
0.161|0|9|1|36
0|1|2|2|36
0.161|0|2|2|36
7.88|1|7|2|36
35.086|0|7|2|36
3.701|0|2|3|36
0|1|2|3|36
18.722|1|2|5|36
11.721|0|2|5|36
0|1|9|5|36
0.161|0|9|5|36
8.431|1|1|6|36
11.721|0|1|6|36
3.701|0|2|6|36
0|1|2|6|36
0|1|4|6|36
0.161|0|4|6|36
3.701|0|2|0|37
0|1|2|0|37
4.359|1|3|0|37
35.086|0|3|0|37
7.722|1|4|0|37
35.086|0|4|0|37
5.089|1|0|1|37
35.086|0|0|1|37
26.393|1|10|2|37
68.451|0|10|2|37
14.758|1|11|2|37
11.721|0|11|2|37
0|1|5|2|37
0.161|0|5|2|37
3.701|0|6|2|37
0|1|6|2|37
0|1|9|2|37
0.161|0|9|2|37
0|1|2|3|37
0.161|0|2|3|37
37.264|1|1|4|37
68.451|0|1|4|37
21.426|1|5|4|37
68.451|0|5|4|37
3.701|0|7|4|37
0|1|7|4|37
11.282|1|13|5|37
11.721|0|13|5|37
3.701|0|3|5|37
0|1|3|5|37
0|1|5|5|37
0.161|0|5|5|37
19.196|1|7|5|37
11.721|0|7|5|37
3.701|0|9|5|37
0|1|9|5|37
3.701|0|0|6|37
0|1|0|6|37
16.075|1|2|6|37
68.451|0|2|6|37
3.701|0|5|6|37
0|1|5|6|37
2.306|1|6|7|37
35.086|0|6|7|37
3.701|0|7|7|37
0|1|7|7|37
50.547|1|9|7|37
68.451|0|9|7|37
10.12|1|0|8|37
11.721|0|0|8|37
12.193|1|1|8|37
11.721|0|1|8|37
10.384|1|2|8|37
11.721|0|2|8|37
41.01|1|0|0|38
68.451|0|0|0|38
25.089|1|1|10|38
68.451|0|1|10|38
3.701|0|1|2|38
0|1|1|2|38
78.278|1|4|2|38
68.451|0|4|2|38
0|1|5|2|38
0.161|0|5|2|38
0|1|0|3|38
0.161|0|0|3|38
52.666|1|1|3|38
68.451|0|1|3|38
9.248|1|3|3|38
35.086|0|3|3|38
0|1|4|3|38
0.161|0|4|3|38
0|1|0|4|38
0.161|0|0|4|38
0|1|3|4|38
0.161|0|3|4|38
7.566|1|4|4|38
35.086|0|4|4|38
0|1|0|5|38
0.161|0|0|5|38
5.688|1|2|5|38
35.086|0|2|5|38
9.875|1|0|6|38
11.721|0|0|6|38
3.701|0|1|6|38
0|1|1|6|38
3.701|0|0|8|38
0|1|0|8|38
5.367|1|1|8|38
35.086|0|1|8|38
23.584|1|0|9|38
68.451|0|0|9|38
3.701|0|3|9|38
0|1|3|9|38
3.701|0|1|0|39
0|1|1|0|39
23.66|1|1|1|39
68.451|0|1|1|39
3.701|0|6|1|39
0|1|6|1|39
6.059|1|2|10|39
35.086|0|2|10|39
3.701|0|0|11|39
0|1|0|11|39
53.245|1|1|11|39
68.451|0|1|11|39
19.249|1|11|11|39
68.451|0|11|11|39
46.336|1|13|11|39
68.451|0|13|11|39
0|1|2|11|39
0.161|0|2|11|39
8.114|1|3|11|39
11.721|0|3|11|39
11.922|1|4|11|39
11.721|0|4|11|39
3.701|0|9|11|39
0|1|9|11|39
17.912|1|1|12|39
68.451|0|1|12|39
13.02|1|4|12|39
11.721|0|4|12|39
3.701|0|12|13|39
0|1|12|13|39
3.701|0|2|13|39
0|1|2|13|39
3.701|0|5|13|39
0|1|5|13|39
3.701|0|6|13|39
0|1|6|13|39
7.754|1|8|14|39
35.086|0|8|14|39
13.933|1|0|2|39
11.721|0|0|2|39
5.442|1|2|2|39
35.086|0|2|2|39
23.545|1|5|2|39
68.451|0|5|2|39
8.993|1|8|2|39
35.086|0|8|2|39
9.292|1|9|2|39
11.721|0|9|2|39
48.208|1|3|4|39
68.451|0|3|4|39
28.052|1|2|5|39
68.451|0|2|5|39
41.847|1|3|6|39
68.451|0|3|6|39
5.751|1|7|6|39
35.086|0|7|6|39
68.58|1|1|7|39
68.451|0|1|7|39
0|1|5|7|39
0.161|0|5|7|39
0|1|6|7|39
0.161|0|6|7|39
7.286|1|8|7|39
35.086|0|8|7|39
6.394|1|10|8|39
35.086|0|10|8|39
10.361|1|13|8|39
35.086|0|13|8|39
3.741|1|4|8|39
35.086|0|4|8|39
0|1|6|8|39
0.161|0|6|8|39
0|1|1|9|39
0.161|0|1|9|39
3.701|0|4|0|4
0|1|4|0|4
0|1|5|0|4
0.161|0|5|0|4
9.195|1|7|0|4
35.086|0|7|0|4
8.38|1|8|0|4
35.086|0|8|0|4
76.828|1|0|1|4
68.451|0|0|1|4
45.3|1|1|1|4
68.451|0|1|1|4
0|1|2|10|4
0.161|0|2|10|4
0|1|3|10|4
0.161|0|3|10|4
0|1|1|11|4
0.161|0|1|11|4
45.761|1|2|11|4
68.451|0|2|11|4
24.041|1|0|12|4
68.451|0|0|12|4
39.004|1|12|12|4
68.451|0|12|12|4
19.399|1|4|12|4
11.721|0|4|12|4
21.927|1|7|12|4
11.721|0|7|12|4
0|1|3|13|4
0.161|0|3|13|4
15.768|1|5|13|4
68.451|0|5|13|4
4.551|1|8|13|4
35.086|0|8|13|4
14.917|1|9|13|4
11.721|0|9|13|4
0|1|0|2|4
0.161|0|0|2|4
19.495|1|2|2|4
11.721|0|2|2|4
2.716|1|0|3|4
35.086|0|0|3|4
29.179|1|1|3|4
11.721|0|1|3|4
31.645|1|2|3|4
68.451|0|2|3|4
61.207|1|4|3|4
68.451|0|4|3|4
0|1|5|3|4
0.161|0|5|3|4
0|1|0|4|4
0.161|0|0|4|4
23.504|1|1|4|4
11.721|0|1|4|4
50.703|1|10|4|4
68.451|0|10|4|4
3.701|0|5|4|4
0|1|5|4|4
56.201|1|9|4|4
68.451|0|9|4|4
0|1|1|5|4
0.161|0|1|5|4
86.658|1|4|5|4
68.451|0|4|5|4
5.067|1|5|5|4
35.086|0|5|5|4
3.701|0|7|5|4
0|1|7|5|4
3.701|0|8|5|4
0|1|8|5|4
3.517|1|0|6|4
35.086|0|0|6|4
53.26|1|0|7|4
68.451|0|0|7|4
19.152|1|3|7|4
68.451|0|3|7|4
47.601|1|5|7|4
68.451|0|5|7|4
3.701|0|8|7|4
0|1|8|7|4
3.701|0|1|8|4
0|1|1|8|4
0|1|2|8|4
0.161|0|2|8|4
3.701|0|2|9|4
0|1|2|9|4
30.427|1|3|9|4
11.721|0|3|9|4
12.529|1|5|9|4
11.721|0|5|9|4
15.407|1|3|0|5
11.721|0|3|0|5
41.7|1|5|1|5
68.451|0|5|1|5
3.701|0|3|0|6
0|1|3|0|6
3.701|0|1|1|6
0|1|1|1|6
31.891|1|2|1|6
68.451|0|2|1|6
3.701|0|3|1|6
0|1|3|1|6
19.602|1|2|2|6
11.721|0|2|2|6
2.523|1|3|2|6
35.086|0|3|2|6
0|1|2|3|6
0.161|0|2|3|6
0|1|8|3|6
0.161|0|8|3|6
25.735|1|5|0|7
68.451|0|5|0|7
0|1|6|0|7
0.161|0|6|0|7
0|1|1|1|7
0.161|0|1|1|7
7.092|1|3|10|7
35.086|0|3|10|7
11.67|1|1|2|7
11.721|0|1|2|7
7.015|1|10|2|7
11.721|0|10|2|7
3.701|0|4|2|7
0|1|4|2|7
3.701|0|6|2|7
0|1|6|2|7
3.701|0|8|2|7
0|1|8|2|7
14.741|1|9|2|7
35.086|0|9|2|7
0|1|0|3|7
0.161|0|0|3|7
0|1|2|3|7
0.161|0|2|3|7
63.249|1|3|3|7
68.451|0|3|3|7
36.685|1|5|3|7
68.451|0|5|3|7
3.701|0|9|3|7
0|1|9|3|7
3.701|0|1|7|7
0|1|1|7|7
12.165|1|2|7|7
11.721|0|2|7|7
59.926|1|4|7|7
68.451|0|4|7|7
0|1|5|7|7
0.161|0|5|7|7
11.636|1|6|7|7
35.086|0|6|7|7
3.701|0|7|7|7
0|1|7|7|7
47.146|1|1|8|7
68.451|0|1|8|7
20.305|1|2|8|7
68.451|0|2|8|7
5.379|1|3|8|7
35.086|0|3|8|7
16.222|1|4|8|7
11.721|0|4|8|7
0|1|0|9|7
0.161|0|0|9|7
0|1|1|9|7
0.161|0|1|9|7
14.177|1|0|0|8
11.721|0|0|0|8
10.51|1|1|0|8
35.086|0|1|0|8
43.983|1|3|0|8
68.451|0|3|0|8
8.552|1|4|0|8
35.086|0|4|0|8
34.048|1|3|1|8
68.451|0|3|1|8
0|1|4|1|8
0.161|0|4|1|8
46.847|1|5|1|8
68.451|0|5|1|8
11.449|1|6|1|8
11.721|0|6|1|8
11.79|1|7|1|8
35.086|0|7|1|8
17.158|1|0|3|8
11.721|0|0|3|8
13.05|1|2|3|8
35.086|0|2|3|8
62.199|1|1|4|8
68.451|0|1|4|8
0|1|0|0|9
0.161|0|0|0|9
3.701|0|10|0|9
0|1|10|0|9
3.701|0|11|0|9
0|1|11|0|9
0|1|2|0|9
0.161|0|2|0|9
13.482|1|9|0|9
11.721|0|9|0|9
7.182|1|3|1|9
11.721|0|3|1|9
27.565|1|4|1|9
68.451|0|4|1|9
0|1|6|1|9
0.161|0|6|1|9
7|1|1|2|9
35.086|0|1|2|9
15.013|1|4|2|9
35.086|0|4|2|9
13.396|1|0|3|9
11.721|0|0|3|9
2.846|1|1|3|9
35.086|0|1|3|9
29.87|1|2|3|9
11.721|0|2|3|9
15.144|1|5|3|9
11.721|0|5|3|9
0|1|3|0|0
0.355|0|3|0|0
3.509|1|5|0|0
35.086|0|5|0|0
2.729|1|6|0|0
35.086|0|6|0|0
0|1|1|1|0
3.216|0|1|1|0
0|1|10|1|0
0.788|0|10|1|0
0|1|11|1|0
2.25|0|11|1|0
0|1|12|1|0
0.788|0|12|1|0
16.158|1|5|1|0
35.086|0|5|1|0
0|1|6|1|0
3.216|0|6|1|0
0|1|0|10|0
3.216|0|0|10|0
9.867|1|2|10|0
35.086|0|2|10|0
0|1|0|11|0
0.788|0|0|11|0
7.774|1|0|12|0
35.086|0|0|12|0
0|1|1|12|0
3.216|0|1|12|0
0|1|4|12|0
0.788|0|4|12|0
0|1|4|13|0
0.355|0|4|13|0
0|1|6|13|0
2.25|0|6|13|0
4.931|1|7|13|0
35.086|0|7|13|0
0|1|8|13|0
2.25|0|8|13|0
0|1|9|13|0
3.216|0|9|13|0
0|1|1|2|0
3.216|0|1|2|0
5.764|1|5|2|0
35.086|0|5|2|0
0|1|6|2|0
3.216|0|6|2|0
0|1|0|4|0
0.788|0|0|4|0
0|1|1|4|0
2.25|0|1|4|0
0|1|2|4|0
0.788|0|2|4|0
0|1|2|5|0
0.788|0|2|5|0
0|1|1|6|0
0.355|0|1|6|0
4.383|1|10|6|0
35.086|0|10|6|0
0|1|12|6|0
3.216|0|12|6|0
0|1|3|6|0
2.25|0|3|6|0
0|1|8|6|0
0.355|0|8|6|0
0|1|9|6|0
0.788|0|9|6|0
0|1|8|7|0
3.216|0|8|7|0
0|1|2|8|0
0.355|0|2|8|0
0|1|3|8|0
0.788|0|3|8|0
7.829|1|4|8|0
35.086|0|4|8|0
0|1|5|8|0
0.355|0|5|8|0
9.777|1|1|9|0
35.086|0|1|9|0
0|1|10|9|0
3.216|0|10|9|0
0|1|2|9|0
0.355|0|2|9|0
0|1|4|9|0
0.788|0|4|9|0
0|1|9|9|0
3.216|0|9|9|0
3.984|1|1|0|1
35.086|0|1|0|1
0|1|1|1|1
0.355|0|1|1|1
0|1|2|1|1
3.216|0|2|1|1
0|1|1|2|1
0.355|0|1|2|1
9.978|1|3|2|1
35.086|0|3|2|1
0|1|1|0|10
3.216|0|1|0|10
0|1|4|0|10
3.216|0|4|0|10
0|1|8|0|10
0.788|0|8|0|10
0|1|2|1|10
3.216|0|2|1|10
0|1|0|2|10
3.216|0|0|2|10
0|1|3|3|10
3.216|0|3|3|10
0|1|1|4|10
0.788|0|1|4|10
0|1|5|4|10
3.216|0|5|4|10
0|1|6|4|10
2.25|0|6|4|10
2.632|1|7|4|10
35.086|0|7|4|10
0|1|0|0|11
2.25|0|0|0|11
0|1|10|0|11
3.216|0|10|0|11
0|1|11|0|11
3.216|0|11|0|11
0|1|13|0|11
3.216|0|13|0|11
0|1|3|0|11
3.216|0|3|0|11
0|1|4|0|11
3.216|0|4|0|11
0|1|6|0|11
3.216|0|6|0|11
0|1|8|0|11
0.788|0|8|0|11
0|1|9|0|11
2.25|0|9|0|11
0|1|0|1|11
0.355|0|0|1|11
0|1|1|1|11
2.25|0|1|1|11
0|1|2|1|11
3.216|0|2|1|11
0|1|0|2|11
2.25|0|0|2|11
6.882|1|1|2|11
35.086|0|1|2|11
0|1|8|2|11
3.216|0|8|2|11
2.948|1|0|3|11
35.086|0|0|3|11
16.322|1|0|4|11
35.086|0|0|4|11
0|1|1|4|11
2.25|0|1|4|11
6.994|1|1|5|11
35.086|0|1|5|11
0|1|3|5|11
0.355|0|3|5|11
0|1|4|5|11
0.788|0|4|5|11
0|1|0|1|12
3.216|0|0|1|12
0|1|1|1|12
0.355|0|1|1|12
0|1|2|1|12
3.216|0|2|1|12
0|1|0|2|12
0.355|0|0|2|12
0|1|1|2|12
3.216|0|1|2|12
0|1|10|2|12
0.355|0|10|2|12
6.582|1|11|2|12
35.086|0|11|2|12
0|1|13|2|12
3.216|0|13|2|12
4.158|1|2|2|12
35.086|0|2|2|12
0|1|5|2|12
3.216|0|5|2|12
3.35|1|6|2|12
35.086|0|6|2|12
10.416|1|0|3|12
35.086|0|0|3|12
3.084|1|1|3|12
35.086|0|1|3|12
0|1|6|3|12
0.788|0|6|3|12
0|1|0|0|13
0.788|0|0|0|13
0|1|0|1|13
3.216|0|0|1|13
0|1|10|1|13
2.25|0|10|1|13
0|1|5|1|13
0.788|0|5|1|13
0|1|8|1|13
0.788|0|8|1|13
0|1|9|1|13
0.355|0|9|1|13
0|1|0|0|14
2.25|0|0|0|14
0|1|1|1|14
2.25|0|1|1|14
0|1|2|1|14
3.216|0|2|1|14
0|1|0|10|14
3.216|0|0|10|14
6.118|1|1|10|14
35.086|0|1|10|14
0|1|4|10|14
0.788|0|4|10|14
0|1|6|10|14
2.25|0|6|10|14
4.893|1|8|10|14
35.086|0|8|10|14
0|1|2|11|14
3.216|0|2|11|14
4.022|1|0|12|14
35.086|0|0|12|14
0|1|1|12|14
3.216|0|1|12|14
5.596|1|13|12|14
35.086|0|13|12|14
0|1|3|12|14
3.216|0|3|12|14
5.482|1|5|12|14
35.086|0|5|12|14
0|1|9|12|14
0.788|0|9|12|14
0|1|0|13|14
0.788|0|0|13|14
0|1|2|13|14
2.25|0|2|13|14
0|1|4|13|14
3.216|0|4|13|14
0|1|2|14|14
2.25|0|2|14|14
0|1|5|14|14
3.216|0|5|14|14
11.879|1|6|14|14
35.086|0|6|14|14
0|1|0|15|14
0.355|0|0|15|14
0|1|2|15|14
3.216|0|2|15|14
5.973|1|7|15|14
35.086|0|7|15|14
0|1|8|15|14
2.25|0|8|15|14
0|1|0|16|14
2.25|0|0|16|14
0|1|2|16|14
2.25|0|2|16|14
2.992|1|1|2|14
35.086|0|1|2|14
0|1|4|2|14
0.788|0|4|2|14
6.098|1|0|3|14
35.086|0|0|3|14
0|1|3|3|14
2.25|0|3|3|14
0|1|0|4|14
3.216|0|0|4|14
0|1|0|5|14
3.216|0|0|5|14
0|1|2|5|14
2.25|0|2|5|14
0|1|4|5|14
2.25|0|4|5|14
0|1|1|6|14
3.216|0|1|6|14
8.616|1|10|6|14
35.086|0|10|6|14
0|1|2|6|14
3.216|0|2|6|14
0|1|4|6|14
3.216|0|4|6|14
0|1|5|6|14
0.788|0|5|6|14
0|1|6|6|14
3.216|0|6|6|14
0|1|7|6|14
0.355|0|7|6|14
0|1|2|7|14
0.788|0|2|7|14
0|1|4|7|14
3.216|0|4|7|14
0|1|0|8|14
3.216|0|0|8|14
0|1|1|9|14
3.216|0|1|9|14
0|1|10|9|14
2.25|0|10|9|14
3.607|1|13|9|14
35.086|0|13|9|14
0|1|2|9|14
3.216|0|2|9|14
0|1|6|9|14
0.355|0|6|9|14
6.012|1|8|9|14
35.086|0|8|9|14
0|1|9|9|14
3.216|0|9|9|14
0|1|10|0|15
0.355|0|10|0|15
0|1|12|0|15
3.216|0|12|0|15
0|1|4|0|15
3.216|0|4|0|15
3.044|1|6|0|15
35.086|0|6|0|15
0|1|8|0|15
3.216|0|8|0|15
0|1|9|0|15
0.788|0|9|0|15
0|1|0|1|15
3.216|0|0|1|15
0|1|3|1|15
0.355|0|3|1|15
0|1|1|2|15
2.25|0|1|2|15
0|1|13|2|15
3.216|0|13|2|15
0|1|2|2|15
2.25|0|2|2|15
0|1|3|2|15
2.25|0|3|2|15
0|1|7|2|15
2.25|0|7|2|15
0|1|8|2|15
3.216|0|8|2|15
4.347|1|9|2|15
35.086|0|9|2|15
0|1|0|3|15
0.355|0|0|3|15
0|1|1|3|15
2.25|0|1|3|15
0|1|4|3|15
3.216|0|4|3|15
0|1|5|3|15
0.355|0|5|3|15
0|1|6|3|15
0.788|0|6|3|15
4.39|1|0|0|16
35.086|0|0|0|16
9.66|1|1|0|16
35.086|0|1|0|16
3.484|1|10|0|16
35.086|0|10|0|16
0|1|12|0|16
0.788|0|12|0|16
3.766|1|3|0|16
35.086|0|3|0|16
0|1|6|0|16
3.216|0|6|0|16
0|1|9|0|16
0.355|0|9|0|16
0|1|0|1|16
0.788|0|0|1|16
0|1|3|1|16
0.788|0|3|1|16
0|1|4|1|16
3.216|0|4|1|16
3.656|1|7|1|16
35.086|0|7|1|16
0|1|8|1|16
2.25|0|8|1|16
6.113|1|4|10|16
35.086|0|4|10|16
0|1|6|10|16
3.216|0|6|10|16
0|1|7|10|16
2.25|0|7|10|16
0|1|0|2|16
0.788|0|0|2|16
0|1|1|2|16
3.216|0|1|2|16
0|1|2|2|16
3.216|0|2|2|16
0|1|3|2|16
3.216|0|3|2|16
3.727|1|2|3|16
35.086|0|2|3|16
0|1|0|4|16
0.788|0|0|4|16
0|1|2|4|16
0.355|0|2|4|16
0|1|5|4|16
3.216|0|5|4|16
0|1|6|4|16
3.216|0|6|4|16
0|1|0|5|16
0.355|0|0|5|16
0|1|2|5|16
2.25|0|2|5|16
0|1|3|5|16
3.216|0|3|5|16
0|1|0|6|16
3.216|0|0|6|16
0|1|1|6|16
0.355|0|1|6|16
0|1|1|7|16
3.216|0|1|7|16
2.905|1|1|8|16
35.086|0|1|8|16
0|1|11|8|16
0.355|0|11|8|16
0|1|12|8|16
3.216|0|12|8|16
0|1|13|8|16
3.216|0|13|8|16
0|1|2|8|16
3.216|0|2|8|16
0|1|3|8|16
2.25|0|3|8|16
0|1|4|8|16
2.25|0|4|8|16
0|1|7|8|16
0.355|0|7|8|16
0|1|9|8|16
3.216|0|9|8|16
0|1|3|9|16
0.355|0|3|9|16
0|1|4|9|16
3.216|0|4|9|16
0|1|5|9|16
0.788|0|5|9|16
0|1|0|0|17
0.788|0|0|0|17
0|1|1|0|17
0.788|0|1|0|17
3.154|1|2|0|17
35.086|0|2|0|17
0|1|4|0|17
3.216|0|4|0|17
0|1|1|1|17
2.25|0|1|1|17
0|1|7|1|17
3.216|0|7|1|17
0|1|8|1|17
0.355|0|8|1|17
0|1|0|2|17
0.355|0|0|2|17
0|1|1|2|17
0.355|0|1|2|17
9.612|1|2|2|17
35.086|0|2|2|17
0|1|1|3|17
0.355|0|1|3|17
0|1|1|0|18
3.216|0|1|0|18
0|1|2|0|18
2.25|0|2|0|18
0|1|0|1|18
0.788|0|0|1|18
0|1|2|1|18
3.216|0|2|1|18
0|1|4|1|18
2.25|0|4|1|18
0|1|1|2|18
0.788|0|1|2|18
0|1|2|2|18
3.216|0|2|2|18
0|1|3|2|18
2.25|0|3|2|18
0|1|4|2|18
0.355|0|4|2|18
0|1|6|3|18
0.355|0|6|3|18
0|1|9|3|18
0.788|0|9|3|18
0|1|0|4|18
2.25|0|0|4|18
0|1|7|4|18
3.216|0|7|4|18
0|1|0|0|19
3.216|0|0|0|19
0|1|1|0|19
0.355|0|1|0|19
0|1|3|0|19
3.216|0|3|0|19
0|1|4|0|19
3.216|0|4|0|19
0|1|6|0|19
0.788|0|6|0|19
0|1|0|0|2
0.788|0|0|0|2
0|1|12|0|2
0.355|0|12|0|2
0|1|3|0|2
3.216|0|3|0|2
0|1|4|0|2
3.216|0|4|0|2
0|1|8|0|2
0.355|0|8|0|2
0|1|9|0|2
2.25|0|9|0|2
0|1|1|2|2
3.216|0|1|2|2
0|1|6|2|2
3.216|0|6|2|2
0|1|8|2|2
3.216|0|8|2|2
0|1|0|3|2
0.355|0|0|3|2
0|1|3|3|2
3.216|0|3|3|2
0|1|4|3|2
2.25|0|4|3|2
0|1|5|3|2
3.216|0|5|3|2
0|1|6|3|2
0.788|0|6|3|2
0|1|8|3|2
3.216|0|8|3|2
0|1|9|3|2
0.788|0|9|3|2
0|1|2|4|2
3.216|0|2|4|2
2.449|1|0|5|2
35.086|0|0|5|2
0|1|1|5|2
3.216|0|1|5|2
0|1|11|5|2
2.25|0|11|5|2
0|1|2|5|2
0.355|0|2|5|2
0|1|5|5|2
0.355|0|5|5|2
0|1|6|5|2
0.788|0|6|5|2
14.289|1|7|5|2
35.086|0|7|5|2
0|1|1|0|20
0.788|0|1|0|20
0|1|2|0|20
2.25|0|2|0|20
0|1|4|0|20
0.788|0|4|0|20
6.394|1|6|0|20
35.086|0|6|0|20
0|1|1|1|20
0.788|0|1|1|20
0|1|5|1|20
0.788|0|5|1|20
0|1|0|2|20
3.216|0|0|2|20
0|1|2|2|20
3.216|0|2|2|20
0|1|4|2|20
0.788|0|4|2|20
0|1|5|2|20
0.788|0|5|2|20
0|1|6|2|20
3.216|0|6|2|20
0|1|0|3|20
0.355|0|0|3|20
0|1|1|3|20
3.216|0|1|3|20
10.045|1|6|4|20
35.086|0|6|4|20
0|1|8|4|20
0.788|0|8|4|20
0|1|0|5|20
3.216|0|0|5|20
0|1|2|5|20
0.788|0|2|5|20
0|1|4|5|20
2.25|0|4|5|20
0|1|5|5|20
2.25|0|5|5|20
0|1|7|5|20
0.788|0|7|5|20
0|1|0|6|20
0.355|0|0|6|20
9.666|1|2|6|20
35.086|0|2|6|20
0|1|3|6|20
3.216|0|3|6|20
0|1|0|7|20
0.788|0|0|7|20
0|1|5|7|20
3.216|0|5|7|20
0|1|7|7|20
3.216|0|7|7|20
0|1|8|7|20
0.788|0|8|7|20
0|1|0|0|21
0.355|0|0|0|21
0|1|3|0|21
0.355|0|3|0|21
0|1|0|1|21
3.216|0|0|1|21
0|1|1|10|21
3.216|0|1|10|21
0|1|11|10|21
3.216|0|11|10|21
0|1|12|10|21
3.216|0|12|10|21
8.894|1|13|10|21
35.086|0|13|10|21
0|1|3|10|21
3.216|0|3|10|21
7.308|1|6|10|21
35.086|0|6|10|21
0|1|0|11|21
2.25|0|0|11|21
0|1|1|11|21
2.25|0|1|11|21
0|1|2|11|21
2.25|0|2|11|21
0|1|3|11|21
3.216|0|3|11|21
0|1|6|11|21
0.355|0|6|11|21
0|1|7|11|21
0.788|0|7|11|21
0|1|2|12|21
0.355|0|2|12|21
0|1|4|12|21
0.355|0|4|12|21
0|1|7|12|21
0.355|0|7|12|21
0|1|11|13|21
2.25|0|11|13|21
0|1|4|13|21
0.355|0|4|13|21
0|1|6|13|21
2.25|0|6|13|21
0|1|9|13|21
3.216|0|9|13|21
0|1|4|2|21
3.216|0|4|2|21
3.156|1|10|3|21
35.086|0|10|3|21
0|1|12|3|21
2.25|0|12|3|21
0|1|13|3|21
2.25|0|13|3|21
0|1|4|3|21
3.216|0|4|3|21
0|1|9|3|21
3.216|0|9|3|21
0|1|0|4|21
2.25|0|0|4|21
0|1|3|4|21
2.25|0|3|4|21
0|1|4|4|21
0.788|0|4|4|21
0|1|5|4|21
2.25|0|5|4|21
7.393|1|6|4|21
35.086|0|6|4|21
0|1|8|4|21
0.355|0|8|4|21
0|1|0|5|21
3.216|0|0|5|21
0|1|1|5|21
2.25|0|1|5|21
0|1|2|5|21
0.788|0|2|5|21
8.924|1|11|6|21
35.086|0|11|6|21
0|1|4|6|21
0.788|0|4|6|21
0|1|7|6|21
3.216|0|7|6|21
0|1|3|7|21
2.25|0|3|7|21
0|1|10|8|21
0.788|0|10|8|21
0|1|11|8|21
0.788|0|11|8|21
0|1|6|8|21
0.788|0|6|8|21
0|1|9|8|21
0.788|0|9|8|21
0|1|1|9|21
3.216|0|1|9|21
0|1|10|9|21
3.216|0|10|9|21
0|1|11|9|21
2.25|0|11|9|21
0|1|12|9|21
3.216|0|12|9|21
0|1|13|9|21
2.25|0|13|9|21
0|1|3|9|21
3.216|0|3|9|21
0|1|5|9|21
0.355|0|5|9|21
0|1|7|9|21
0.788|0|7|9|21
0|1|0|0|22
0.788|0|0|0|22
0|1|6|0|22
0.788|0|6|0|22
0|1|1|1|22
0.355|0|1|1|22
0|1|1|2|22
0.355|0|1|2|22
2.599|1|10|2|22
35.086|0|10|2|22
0|1|11|2|22
0.788|0|11|2|22
0|1|12|2|22
0.355|0|12|2|22
0|1|5|2|22
0.788|0|5|2|22
0|1|8|2|22
0.788|0|8|2|22
0|1|1|3|22
2.25|0|1|3|22
0|1|7|3|22
2.25|0|7|3|22
0|1|0|0|23
0.355|0|0|0|23
0|1|1|0|23
0.788|0|1|0|23
0|1|3|0|23
0.355|0|3|0|23
0|1|0|1|23
0.788|0|0|1|23
4.862|1|2|1|23
35.086|0|2|1|23
0|1|3|1|23
3.216|0|3|1|23
0|1|5|1|23
2.25|0|5|1|23
6.403|1|6|1|23
35.086|0|6|1|23
3.801|1|0|2|23
35.086|0|0|2|23
0|1|0|3|23
3.216|0|0|3|23
0|1|1|3|23
0.788|0|1|3|23
5.718|1|2|3|23
35.086|0|2|3|23
6.019|1|4|3|23
35.086|0|4|3|23
0|1|5|3|23
3.216|0|5|3|23
0|1|6|3|23
0.788|0|6|3|23
0|1|1|0|24
2.25|0|1|0|24
4.614|1|10|0|24
35.086|0|10|0|24
8.477|1|13|0|24
35.086|0|13|0|24
0|1|3|0|24
3.216|0|3|0|24
0|1|5|0|24
3.216|0|5|0|24
0|1|7|0|24
0.355|0|7|0|24
6.005|1|0|1|24
35.086|0|0|1|24
0|1|1|1|24
3.216|0|1|1|24
6.71|1|2|1|24
35.086|0|2|1|24
0|1|3|1|24
2.25|0|3|1|24
0|1|0|2|24
0.788|0|0|2|24
5.548|1|0|3|24
35.086|0|0|3|24
0|1|1|3|24
3.216|0|1|3|24
0|1|4|3|24
2.25|0|4|3|24
0|1|7|3|24
3.216|0|7|3|24
0|1|8|3|24
2.25|0|8|3|24
0|1|3|4|24
0.788|0|3|4|24
7.033|1|1|5|24
35.086|0|1|5|24
10.118|1|3|6|24
35.086|0|3|6|24
0|1|4|6|24
0.788|0|4|6|24
0|1|0|7|24
3.216|0|0|7|24
0|1|4|7|24
3.216|0|4|7|24
0|1|5|7|24
3.216|0|5|7|24
0|1|3|0|25
3.216|0|3|0|25
0|1|4|0|25
3.216|0|4|0|25
2.556|1|8|0|25
35.086|0|8|0|25
0|1|0|1|25
3.216|0|0|1|25
0|1|1|1|25
0.355|0|1|1|25
0|1|10|1|25
3.216|0|10|1|25
0|1|11|1|25
3.216|0|11|1|25
0|1|2|1|25
2.25|0|2|1|25
0|1|3|1|25
3.216|0|3|1|25
0|1|4|1|25
0.788|0|4|1|25
0|1|5|1|25
2.25|0|5|1|25
3.933|1|6|1|25
35.086|0|6|1|25
0|1|2|2|25
3.216|0|2|2|25
0|1|3|2|25
3.216|0|3|2|25
0|1|4|2|25
0.355|0|4|2|25
6.936|1|0|3|25
35.086|0|0|3|25
0|1|3|3|25
3.216|0|3|3|25
0|1|5|3|25
3.216|0|5|3|25
12.184|1|7|4|25
35.086|0|7|4|25
0|1|8|4|25
3.216|0|8|4|25
0|1|9|4|25
2.25|0|9|4|25
0|1|1|5|25
3.216|0|1|5|25
0|1|1|0|26
3.216|0|1|0|26
0|1|3|0|26
3.216|0|3|0|26
5.15|1|4|0|26
35.086|0|4|0|26
0|1|0|1|26
0.355|0|0|1|26
0|1|3|2|26
2.25|0|3|2|26
6.667|1|4|2|26
35.086|0|4|2|26
0|1|5|2|26
3.216|0|5|2|26
0|1|0|3|26
3.216|0|0|3|26
0|1|10|3|26
2.25|0|10|3|26
0|1|2|3|26
0.788|0|2|3|26
0|1|4|3|26
0.355|0|4|3|26
8.449|1|5|3|26
35.086|0|5|3|26
0|1|8|3|26
0.355|0|8|3|26
0|1|9|3|26
0.355|0|9|3|26
0|1|0|4|26
0.788|0|0|4|26
0|1|3|4|26
0.355|0|3|4|26
0|1|5|4|26
0.788|0|5|4|26
0|1|6|4|26
3.216|0|6|4|26
0|1|8|4|26
0.788|0|8|4|26
0|1|0|5|26
3.216|0|0|5|26
0|1|3|5|26
3.216|0|3|5|26
0|1|5|5|26
0.355|0|5|5|26
0|1|6|5|26
0.788|0|6|5|26
0|1|8|5|26
2.25|0|8|5|26
10.021|1|0|0|27
35.086|0|0|0|27
0|1|2|0|27
3.216|0|2|0|27
0|1|0|1|27
2.25|0|0|1|27
0|1|0|2|27
0.788|0|0|2|27
2.859|1|1|3|27
35.086|0|1|3|27
0|1|2|3|27
3.216|0|2|3|27
0|1|0|4|27
3.216|0|0|4|27
0|1|1|4|27
0.788|0|1|4|27
0|1|3|4|27
0.788|0|3|4|27
0|1|4|4|27
2.25|0|4|4|27
0|1|0|5|27
0.788|0|0|5|27
0|1|1|5|27
0.788|0|1|5|27
0|1|2|5|27
2.25|0|2|5|27
0|1|4|5|27
3.216|0|4|5|27
0|1|6|5|27
3.216|0|6|5|27
0|1|7|5|27
0.788|0|7|5|27
0|1|8|5|27
0.355|0|8|5|27
0|1|0|6|27
0.355|0|0|6|27
0|1|2|6|27
3.216|0|2|6|27
0|1|3|6|27
0.355|0|3|6|27
0|1|5|6|27
0.355|0|5|6|27
0|1|6|6|27
3.216|0|6|6|27
0|1|0|7|27
0.788|0|0|7|27
0|1|2|7|27
3.216|0|2|7|27
0|1|3|7|27
0.788|0|3|7|27
0|1|5|7|27
3.216|0|5|7|27
9.679|1|6|7|27
35.086|0|6|7|27
0|1|1|8|27
0.355|0|1|8|27
0|1|2|8|27
2.25|0|2|8|27
0|1|3|8|27
3.216|0|3|8|27
0|1|1|9|27
3.216|0|1|9|27
0|1|2|9|27
3.216|0|2|9|27
13.238|1|3|9|27
35.086|0|3|9|27
4.779|1|4|9|27
35.086|0|4|9|27
4.233|1|5|9|27
35.086|0|5|9|27
3.075|1|1|0|28
35.086|0|1|0|28
0|1|10|0|28
3.216|0|10|0|28
0|1|3|0|28
0.355|0|3|0|28
0|1|4|0|28
2.25|0|4|0|28
0|1|7|0|28
2.25|0|7|0|28
0|1|8|0|28
3.216|0|8|0|28
0|1|9|0|28
0.355|0|9|0|28
0|1|0|1|28
0.788|0|0|1|28
0|1|1|1|28
3.216|0|1|1|28
0|1|5|1|28
3.216|0|5|1|28
0|1|6|1|28
0.788|0|6|1|28
0|1|7|1|28
3.216|0|7|1|28
0|1|3|10|28
0.788|0|3|10|28
0|1|4|10|28
3.216|0|4|10|28
0|1|0|11|28
3.216|0|0|11|28
0|1|3|11|28
3.216|0|3|11|28
8.945|1|1|12|28
35.086|0|1|12|28
2.94|1|3|12|28
35.086|0|3|12|28
0|1|4|12|28
0.355|0|4|12|28
0|1|0|13|28
2.25|0|0|13|28
0|1|2|13|28
0.788|0|2|13|28
0|1|5|13|28
3.216|0|5|13|28
0|1|6|13|28
3.216|0|6|13|28
0|1|1|14|28
3.216|0|1|14|28
0|1|2|14|28
0.355|0|2|14|28
0|1|4|14|28
3.216|0|4|14|28
5.252|1|5|14|28
35.086|0|5|14|28
5.635|1|1|15|28
35.086|0|1|15|28
0|1|3|15|28
2.25|0|3|15|28
4.986|1|5|15|28
35.086|0|5|15|28
0|1|7|15|28
2.25|0|7|15|28
0|1|8|15|28
0.355|0|8|15|28
0|1|9|15|28
0.788|0|9|15|28
0|1|3|16|28
0.355|0|3|16|28
0|1|4|16|28
3.216|0|4|16|28
0|1|1|17|28
3.216|0|1|17|28
0|1|2|2|28
3.216|0|2|2|28
0|1|5|2|28
2.25|0|5|2|28
6.907|1|1|3|28
35.086|0|1|3|28
0|1|3|3|28
0.355|0|3|3|28
0|1|4|3|28
0.788|0|4|3|28
0|1|0|4|28
3.216|0|0|4|28
0|1|11|4|28
0.355|0|11|4|28
0|1|13|4|28
2.25|0|13|4|28
2.812|1|4|4|28
35.086|0|4|4|28
0|1|8|4|28
3.216|0|8|4|28
0|1|1|5|28
0.788|0|1|5|28
0|1|3|5|28
3.216|0|3|5|28
0|1|0|6|28
0.788|0|0|6|28
0|1|2|6|28
2.25|0|2|6|28
0|1|5|6|28
2.25|0|5|6|28
7.841|1|6|6|28
35.086|0|6|6|28
0|1|1|7|28
3.216|0|1|7|28
0|1|2|7|28
3.216|0|2|7|28
0|1|3|7|28
3.216|0|3|7|28
0|1|1|8|28
2.25|0|1|8|28
0|1|0|9|28
2.25|0|0|9|28
0|1|13|9|28
0.788|0|13|9|28
0|1|2|9|28
0.355|0|2|9|28
0|1|4|9|28
3.216|0|4|9|28
0|1|5|9|28
0.355|0|5|9|28
0|1|6|9|28
0.788|0|6|9|28
0|1|8|9|28
0.788|0|8|9|28
0|1|0|0|29
0.355|0|0|0|29
0|1|10|0|29
0.355|0|10|0|29
0|1|12|0|29
3.216|0|12|0|29
0|1|3|0|29
3.216|0|3|0|29
0|1|4|0|29
3.216|0|4|0|29
0|1|8|0|29
2.25|0|8|0|29
0|1|1|2|29
2.25|0|1|2|29
0|1|0|0|3
0.355|0|0|0|3
0|1|1|0|3
3.216|0|1|0|3
0|1|12|0|3
3.216|0|12|0|3
13.536|1|13|0|3
35.086|0|13|0|3
0|1|6|0|3
0.355|0|6|0|3
0|1|3|1|3
2.25|0|3|1|3
0|1|5|1|3
3.216|0|5|1|3
0|1|0|2|3
3.216|0|0|2|3
0|1|0|3|3
3.216|0|0|3|3
0|1|12|3|3
0.355|0|12|3|3
4.429|1|2|3|3
35.086|0|2|3|3
0|1|4|3|3
2.25|0|4|3|3
0|1|6|3|3
3.216|0|6|3|3
0|1|8|3|3
0.355|0|8|3|3
0|1|9|3|3
3.216|0|9|3|3
0|1|1|0|30
3.216|0|1|0|30
0|1|2|0|30
3.216|0|2|0|30
0|1|3|0|30
3.216|0|3|0|30
0|1|1|1|30
3.216|0|1|1|30
0|1|2|1|30
0.788|0|2|1|30
0|1|3|1|30
0.788|0|3|1|30
0|1|0|0|31
3.216|0|0|0|31
0|1|1|0|31
0.788|0|1|0|31
0|1|3|0|31
3.216|0|3|0|31
0|1|6|0|31
0.788|0|6|0|31
0|1|1|0|32
3.216|0|1|0|32
15.133|1|3|0|32
35.086|0|3|0|32
0|1|5|0|32
3.216|0|5|0|32
0|1|8|0|32
0.355|0|8|0|32
0|1|9|0|32
0.788|0|9|0|32
0|1|2|11|32
3.216|0|2|11|32
0|1|3|11|32
0.788|0|3|11|32
0|1|4|11|32
0.788|0|4|11|32
0|1|5|11|32
0.355|0|5|11|32
0|1|6|11|32
3.216|0|6|11|32
0|1|0|12|32
2.25|0|0|12|32
0|1|2|12|32
0.355|0|2|12|32
0|1|4|12|32
3.216|0|4|12|32
0|1|5|12|32
3.216|0|5|12|32
0|1|6|12|32
0.788|0|6|12|32
0|1|7|12|32
3.216|0|7|12|32
0|1|0|13|32
0.788|0|0|13|32
0|1|1|13|32
2.25|0|1|13|32
0|1|12|13|32
3.216|0|12|13|32
0|1|4|13|32
3.216|0|4|13|32
0|1|5|13|32
3.216|0|5|13|32
6.162|1|8|13|32
35.086|0|8|13|32
0|1|0|2|32
0.788|0|0|2|32
0|1|3|2|32
0.355|0|3|2|32
0|1|4|2|32
0.788|0|4|2|32
0|1|5|2|32
2.25|0|5|2|32
0|1|6|2|32
0.788|0|6|2|32
0|1|0|3|32
2.25|0|0|3|32
10.604|1|0|4|32
35.086|0|0|4|32
0|1|1|4|32
0.788|0|1|4|32
0|1|11|4|32
3.216|0|11|4|32
0|1|12|4|32
3.216|0|12|4|32
0|1|13|4|32
3.216|0|13|4|32
0|1|2|4|32
0.355|0|2|4|32
0|1|4|4|32
0.788|0|4|4|32
0|1|5|4|32
2.25|0|5|4|32
0|1|9|4|32
3.216|0|9|4|32
0|1|0|5|32
3.216|0|0|5|32
0|1|1|5|32
2.25|0|1|5|32
0|1|10|5|32
0.355|0|10|5|32
0|1|12|5|32
0.788|0|12|5|32
0|1|3|5|32
3.216|0|3|5|32
0|1|7|5|32
0.355|0|7|5|32
0|1|8|5|32
3.216|0|8|5|32
0|1|1|6|32
3.216|0|1|6|32
0|1|3|6|32
0.355|0|3|6|32
0|1|4|6|32
2.25|0|4|6|32
0|1|7|6|32
0.355|0|7|6|32
0|1|8|6|32
3.216|0|8|6|32
0|1|1|7|32
0.355|0|1|7|32
0|1|2|7|32
3.216|0|2|7|32
0|1|6|7|32
0.355|0|6|7|32
0|1|7|7|32
3.216|0|7|7|32
7.252|1|8|7|32
35.086|0|8|7|32
0|1|0|9|32
0.355|0|0|9|32
0|1|1|9|32
0.355|0|1|9|32
6.792|1|2|9|32
35.086|0|2|9|32
0|1|1|0|33
3.216|0|1|0|33
0|1|0|1|33
3.216|0|0|1|33
4.018|1|11|1|33
35.086|0|11|1|33
0|1|7|1|33
2.25|0|7|1|33
0|1|9|1|33
0.788|0|9|1|33
0|1|0|10|33
3.216|0|0|10|33
0|1|4|10|33
0.788|0|4|10|33
0|1|2|11|33
3.216|0|2|11|33
0|1|4|11|33
2.25|0|4|11|33
0|1|6|11|33
3.216|0|6|11|33
0|1|0|2|33
2.25|0|0|2|33
0|1|1|2|33
0.788|0|1|2|33
0|1|2|2|33
3.216|0|2|2|33
0|1|3|2|33
0.355|0|3|2|33
0|1|4|2|33
0.788|0|4|2|33
13.552|1|0|3|33
35.086|0|0|3|33
0|1|4|3|33
2.25|0|4|3|33
0|1|10|4|33
2.25|0|10|4|33
0|1|4|4|33
3.216|0|4|4|33
0|1|5|4|33
0.355|0|5|4|33
0|1|6|4|33
0.355|0|6|4|33
0|1|7|4|33
3.216|0|7|4|33
0|1|8|4|33
0.788|0|8|4|33
0|1|0|5|33
0.788|0|0|5|33
4.135|1|1|5|33
35.086|0|1|5|33
0|1|7|5|33
0.788|0|7|5|33
0|1|0|6|33
3.216|0|0|6|33
6.026|1|0|7|33
35.086|0|0|7|33
0|1|6|7|33
3.216|0|6|7|33
0|1|1|8|33
0.788|0|1|8|33
0|1|3|8|33
2.25|0|3|8|33
0|1|4|8|33
3.216|0|4|8|33
3.53|1|1|9|33
35.086|0|1|9|33
0|1|8|9|33
3.216|0|8|9|33
0|1|0|1|34
3.216|0|0|1|34
3.605|1|1|1|34
35.086|0|1|1|34
0|1|5|2|34
0.355|0|5|2|34
15.343|1|0|3|34
35.086|0|0|3|34
0|1|2|4|34
0.355|0|2|4|34
0|1|0|5|34
0.355|0|0|5|34
0|1|2|5|34
3.216|0|2|5|34
8.752|1|0|0|35
35.086|0|0|0|35
0|1|10|0|35
0.788|0|10|0|35
0|1|12|0|35
2.25|0|12|0|35
10.054|1|13|0|35
35.086|0|13|0|35
0|1|3|0|35
2.25|0|3|0|35
0|1|4|0|35
0.788|0|4|0|35
0|1|5|0|35
0.788|0|5|0|35
0|1|7|0|35
0.355|0|7|0|35
0|1|0|1|35
0.788|0|0|1|35
0|1|1|1|35
0.355|0|1|1|35
0|1|3|1|35
2.25|0|3|1|35
0|1|1|2|35
0.788|0|1|2|35
0|1|10|2|35
2.25|0|10|2|35
0|1|11|2|35
2.25|0|11|2|35
0|1|2|2|35
0.788|0|2|2|35
2.502|1|5|2|35
35.086|0|5|2|35
3.239|1|6|2|35
35.086|0|6|2|35
0|1|7|2|35
2.25|0|7|2|35
4.165|1|8|2|35
35.086|0|8|2|35
0|1|2|3|35
3.216|0|2|3|35
4.026|1|0|0|36
35.086|0|0|0|36
0|1|3|0|36
0.355|0|3|0|36
0|1|5|0|36
0.788|0|5|0|36
12.875|1|8|0|36
35.086|0|8|0|36
0|1|9|0|36
3.216|0|9|0|36
0|1|0|1|36
3.216|0|0|1|36
0|1|10|1|36
0.788|0|10|1|36
0|1|3|1|36
0.788|0|3|1|36
0|1|4|1|36
0.355|0|4|1|36
0|1|8|1|36
0.355|0|8|1|36
0|1|0|2|36
0.355|0|0|2|36
0|1|3|2|36
0.788|0|3|2|36
0|1|5|2|36
0.355|0|5|2|36
7.951|1|7|2|36
35.086|0|7|2|36
0|1|1|3|36
3.216|0|1|3|36
0|1|3|3|36
2.25|0|3|3|36
0|1|0|4|36
3.216|0|0|4|36
0|1|0|5|36
3.216|0|0|5|36
0|1|3|5|36
0.355|0|3|5|36
0|1|6|5|36
0.355|0|6|5|36
0|1|7|5|36
0.788|0|7|5|36
0|1|8|5|36
0.788|0|8|5|36
0|1|0|6|36
2.25|0|0|6|36
0|1|3|6|36
0.788|0|3|6|36
0|1|5|6|36
0.355|0|5|6|36
0|1|6|6|36
2.25|0|6|6|36
0|1|8|6|36
0.788|0|8|6|36
0|1|0|0|37
0.355|0|0|0|37
4.474|1|3|0|37
35.086|0|3|0|37
8.142|1|4|0|37
35.086|0|4|0|37
4.777|1|0|1|37
35.086|0|0|1|37
0|1|2|1|37
0.355|0|2|1|37
0|1|3|1|37
0.788|0|3|1|37
0|1|1|2|37
2.25|0|1|2|37
0|1|12|2|37
0.355|0|12|2|37
0|1|13|2|37
3.216|0|13|2|37
0|1|3|2|37
2.25|0|3|2|37
0|1|4|2|37
3.216|0|4|2|37
0|1|7|2|37
0.788|0|7|2|37
0|1|0|3|37
0.355|0|0|3|37
0|1|1|3|37
2.25|0|1|3|37
0|1|0|4|37
2.25|0|0|4|37
0|1|2|4|37
0.788|0|2|4|37
0|1|8|4|37
3.216|0|8|4|37
0|1|1|5|37
0.355|0|1|5|37
0|1|11|5|37
3.216|0|11|5|37
0|1|12|5|37
3.216|0|12|5|37
0|1|4|5|37
0.788|0|4|5|37
0|1|6|5|37
3.216|0|6|5|37
0|1|8|5|37
3.216|0|8|5|37
0|1|6|6|37
3.216|0|6|6|37
0|1|0|7|37
0.355|0|0|7|37
0|1|10|7|37
2.25|0|10|7|37
0|1|11|7|37
0.355|0|11|7|37
0|1|2|7|37
0.788|0|2|7|37
0|1|4|7|37
2.25|0|4|7|37
0|1|5|7|37
3.216|0|5|7|37
2.372|1|6|7|37
35.086|0|6|7|37
0|1|0|1|38
3.216|0|0|1|38
0|1|1|1|38
3.216|0|1|1|38
0|1|3|1|38
0.355|0|3|1|38
0|1|0|10|38
3.216|0|0|10|38
0|1|2|10|38
2.25|0|2|10|38
0|1|3|10|38
2.25|0|3|10|38
0|1|0|2|38
2.25|0|0|2|38
0|1|2|2|38
3.216|0|2|2|38
0|1|3|2|38
0.355|0|3|2|38
9.125|1|3|3|38
35.086|0|3|3|38
0|1|1|4|38
2.25|0|1|4|38
7.186|1|4|4|38
35.086|0|4|4|38
0|1|1|5|38
0.788|0|1|5|38
5.717|1|2|5|38
35.086|0|2|5|38
0|1|2|6|38
3.216|0|2|6|38
0|1|1|7|38
3.216|0|1|7|38
5.427|1|1|8|38
35.086|0|1|8|38
0|1|2|8|38
0.355|0|2|8|38
0|1|1|9|38
3.216|0|1|9|38
0|1|4|9|38
0.788|0|4|9|38
0|1|5|9|38
3.216|0|5|9|38
0|1|2|0|39
3.216|0|2|0|39
0|1|3|0|39
0.355|0|3|0|39
0|1|0|1|39
2.25|0|0|1|39
0|1|2|1|39
2.25|0|2|1|39
0|1|4|1|39
0.788|0|4|1|39
0|1|7|1|39
2.25|0|7|1|39
5.953|1|2|10|39
35.086|0|2|10|39
0|1|6|11|39
3.216|0|6|11|39
0|1|7|11|39
3.216|0|7|11|39
0|1|8|11|39
0.788|0|8|11|39
0|1|0|12|39
3.216|0|0|12|39
0|1|3|12|39
3.216|0|3|12|39
0|1|0|13|39
3.216|0|0|13|39
0|1|10|13|39
2.25|0|10|13|39
0|1|11|13|39
2.25|0|11|13|39
0|1|13|13|39
0.788|0|13|13|39
0|1|8|13|39
0.355|0|8|13|39
0|1|9|13|39
3.216|0|9|13|39
0|1|0|14|39
3.216|0|0|14|39
0|1|3|14|39
3.216|0|3|14|39
0|1|4|14|39
2.25|0|4|14|39
0|1|5|14|39
0.788|0|5|14|39
0|1|6|14|39
2.25|0|6|14|39
8.211|1|8|14|39
35.086|0|8|14|39
5.639|1|2|2|39
35.086|0|2|2|39
0|1|7|2|39
3.216|0|7|2|39
9.032|1|8|2|39
35.086|0|8|2|39
0|1|0|3|39
0.788|0|0|3|39
0|1|1|3|39
2.25|0|1|3|39
0|1|2|3|39
3.216|0|2|3|39
0|1|0|4|39
3.216|0|0|4|39
0|1|2|4|39
2.25|0|2|4|39
0|1|0|5|39
3.216|0|0|5|39
0|1|1|5|39
0.788|0|1|5|39
0|1|3|5|39
3.216|0|3|5|39
0|1|4|5|39
0.788|0|4|5|39
0|1|5|5|39
3.216|0|5|5|39
0|1|6|5|39
0.355|0|6|5|39
0|1|7|5|39
3.216|0|7|5|39
0|1|0|6|39
0.788|0|0|6|39
0|1|1|6|39
0.788|0|1|6|39
0|1|4|6|39
3.216|0|4|6|39
0|1|5|6|39
0.355|0|5|6|39
5.758|1|7|6|39
35.086|0|7|6|39
0|1|8|6|39
3.216|0|8|6|39
0|1|3|7|39
0.355|0|3|7|39
0|1|4|7|39
3.216|0|4|7|39
0|1|7|7|39
2.25|0|7|7|39
7.126|1|8|7|39
35.086|0|8|7|39
0|1|0|8|39
2.25|0|0|8|39
0|1|1|8|39
0.355|0|1|8|39
5.769|1|10|8|39
35.086|0|10|8|39
0|1|11|8|39
0.788|0|11|8|39
0|1|12|8|39
0.788|0|12|8|39
11.045|1|13|8|39
35.086|0|13|8|39
0|1|2|8|39
3.216|0|2|8|39
0|1|3|8|39
0.788|0|3|8|39
3.386|1|4|8|39
35.086|0|4|8|39
0|1|5|8|39
0.788|0|5|8|39
0|1|7|8|39
0.788|0|7|8|39
0|1|8|8|39
2.25|0|8|8|39
0|1|9|8|39
2.25|0|9|8|39
0|1|2|9|39
0.355|0|2|9|39
0|1|0|0|4
0.788|0|0|0|4
0|1|1|0|4
0.355|0|1|0|4
0|1|10|0|4
3.216|0|10|0|4
8.774|1|7|0|4
35.086|0|7|0|4
8.38|1|8|0|4
35.086|0|8|0|4
0|1|2|1|4
0.788|0|2|1|4
0|1|3|1|4
3.216|0|3|1|4
0|1|0|10|4
3.216|0|0|10|4
0|1|4|10|4
3.216|0|4|10|4
0|1|5|10|4
0.788|0|5|10|4
0|1|1|12|4
0.788|0|1|12|4
0|1|11|12|4
0.788|0|11|12|4
0|1|2|12|4
0.788|0|2|12|4
0|1|3|12|4
0.355|0|3|12|4
0|1|6|12|4
0.788|0|6|12|4
0|1|8|12|4
3.216|0|8|12|4
0|1|9|12|4
3.216|0|9|12|4
0|1|1|13|4
3.216|0|1|13|4
0|1|2|13|4
0.788|0|2|13|4
0|1|4|13|4
0.788|0|4|13|4
0|1|6|13|4
2.25|0|6|13|4
4.607|1|8|13|4
35.086|0|8|13|4
0|1|1|2|4
0.355|0|1|2|4
2.964|1|0|3|4
35.086|0|0|3|4
0|1|12|4|4
2.25|0|12|4|4
0|1|2|4|4
2.25|0|2|4|4
0|1|4|4|4
3.216|0|4|4|4
0|1|7|4|4
3.216|0|7|4|4
0|1|8|4|4
0.355|0|8|4|4
0|1|0|5|4
0.788|0|0|5|4
5.353|1|5|5|4
35.086|0|5|5|4
3.302|1|0|6|4
35.086|0|0|6|4
0|1|10|7|4
0.788|0|10|7|4
0|1|11|7|4
2.25|0|11|7|4
0|1|12|7|4
0.788|0|12|7|4
0|1|13|7|4
3.216|0|13|7|4
0|1|2|7|4
3.216|0|2|7|4
0|1|6|7|4
3.216|0|6|7|4
0|1|7|7|4
3.216|0|7|7|4
0|1|9|7|4
0.355|0|9|7|4
0|1|3|8|4
0.355|0|3|8|4
0|1|4|8|4
3.216|0|4|8|4
0|1|1|9|4
2.25|0|1|9|4
0|1|4|9|4
3.216|0|4|9|4
0|1|0|0|5
3.216|0|0|0|5
0|1|1|0|5
2.25|0|1|0|5
0|1|2|0|5
2.25|0|2|0|5
0|1|4|0|5
2.25|0|4|0|5
0|1|0|1|5
2.25|0|0|1|5
0|1|1|1|5
2.25|0|1|1|5
0|1|3|1|5
3.216|0|3|1|5
0|1|4|1|5
0.355|0|4|1|5
0|1|0|0|6
0.355|0|0|0|6
0|1|0|1|6
2.25|0|0|1|6
0|1|4|1|6
2.25|0|4|1|6
0|1|7|1|6
0.355|0|7|1|6
0|1|0|2|6
3.216|0|0|2|6
2.748|1|3|2|6
35.086|0|3|2|6
0|1|3|3|6
3.216|0|3|3|6
0|1|5|3|6
3.216|0|5|3|6
0|1|6|3|6
0.788|0|6|3|6
0|1|7|3|6
3.216|0|7|3|6
0|1|1|0|7
2.25|0|1|0|7
0|1|2|0|7
3.216|0|2|0|7
0|1|3|0|7
3.216|0|3|0|7
0|1|0|10|7
3.216|0|0|10|7
0|1|10|10|7
3.216|0|10|10|7
6.908|1|3|10|7
35.086|0|3|10|7
0|1|4|10|7
0.788|0|4|10|7
0|1|5|10|7
3.216|0|5|10|7
0|1|6|10|7
3.216|0|6|10|7
0|1|8|10|7
2.25|0|8|10|7
0|1|9|10|7
2.25|0|9|10|7
0|1|0|2|7
0.788|0|0|2|7
0|1|2|2|7
3.216|0|2|2|7
0|1|5|2|7
0.355|0|5|2|7
0|1|7|2|7
3.216|0|7|2|7
14.005|1|9|2|7
35.086|0|9|2|7
0|1|4|3|7
0.355|0|4|3|7
0|1|6|3|7
3.216|0|6|3|7
0|1|2|4|7
0.355|0|2|4|7
0|1|0|5|7
0.788|0|0|5|7
0|1|1|5|7
0.355|0|1|5|7
11.386|1|6|7|7
35.086|0|6|7|7
0|1|8|7|7
0.788|0|8|7|7
5.972|1|3|8|7
35.086|0|3|8|7
0|1|3|9|7
3.216|0|3|9|7
0|1|4|9|7
3.216|0|4|9|7
0|1|5|9|7
3.216|0|5|9|7
0|1|7|9|7
0.355|0|7|9|7
10.706|1|1|0|8
35.086|0|1|0|8
8.539|1|4|0|8
35.086|0|4|0|8
0|1|6|0|8
2.25|0|6|0|8
0|1|7|0|8
0.788|0|7|0|8
0|1|0|1|8
0.355|0|0|1|8
0|1|1|1|8
2.25|0|1|1|8
11.583|1|7|1|8
35.086|0|7|1|8
0|1|8|1|8
2.25|0|8|1|8
0|1|1|2|8
2.25|0|1|2|8
0|1|2|2|8
3.216|0|2|2|8
0|1|5|2|8
3.216|0|5|2|8
0|1|6|2|8
3.216|0|6|2|8
0|1|1|3|8
3.216|0|1|3|8
12.978|1|2|3|8
35.086|0|2|3|8
0|1|0|4|8
3.216|0|0|4|8
0|1|1|0|9
3.216|0|1|0|9
0|1|3|0|9
0.788|0|3|0|9
0|1|4|0|9
2.25|0|4|0|9
0|1|5|0|9
0.355|0|5|0|9
0|1|6|0|9
0.788|0|6|0|9
0|1|7|0|9
0.788|0|7|0|9
0|1|8|0|9
3.216|0|8|0|9
0|1|0|1|9
2.25|0|0|1|9
0|1|2|1|9
0.788|0|2|1|9
0|1|7|1|9
0.788|0|7|1|9
0|1|8|1|9
2.25|0|8|1|9
0|1|0|2|9
0.355|0|0|2|9
6.489|1|1|2|9
35.086|0|1|2|9
0|1|2|2|9
3.216|0|2|2|9
0|1|3|2|9
2.25|0|3|2|9
14.854|1|4|2|9
35.086|0|4|2|9
0|1|5|2|9
2.25|0|5|2|9
3.025|1|1|3|9
35.086|0|1|3|9
0.962|0|4|0|0
0|1|4|0|0
3.509|1|5|0|0
35.086|0|5|0|0
3.009|1|6|0|0
35.086|0|6|0|0
0|1|9|0|0
3.701|0|9|0|0
0.788|0|10|1|0
0|1|10|1|0
0.788|0|12|1|0
0|1|12|1|0
163.924|1|3|1|0
173.86|0|3|1|0
16.513|1|5|1|0
35.086|0|5|1|0
0.962|0|7|1|0
0|1|7|1|0
297.502|1|1|10|0
173.861|0|1|10|0
9.997|1|2|10|0
35.086|0|2|10|0
0.788|0|0|11|0
0|1|0|11|0
0.962|0|1|11|0
0|1|1|11|0
0.962|0|3|11|0
0|1|3|11|0
7.745|1|0|12|0
35.086|0|0|12|0
0.788|0|4|12|0
0|1|4|12|0
176.124|1|0|13|0
173.86|0|0|13|0
180.644|1|1|13|0
173.86|0|1|13|0
0|1|10|13|0
0.161|0|10|13|0
0|1|2|13|0
3.701|0|2|13|0
396.156|1|3|13|0
173.861|0|3|13|0
5.024|1|7|13|0
35.086|0|7|13|0
0|1|0|2|0
0.161|0|0|2|0
256.151|1|2|2|0
173.861|0|2|2|0
0|1|3|2|0
0.161|0|3|2|0
0|1|4|2|0
3.701|0|4|2|0
6.129|1|5|2|0
35.086|0|5|2|0
206.349|1|1|3|0
173.861|0|1|3|0
0.962|0|2|3|0
0|1|2|3|0
0.788|0|0|4|0
0|1|0|4|0
0.788|0|2|4|0
0|1|2|4|0
0|1|0|5|0
3.701|0|0|5|0
0|1|1|5|0
3.701|0|1|5|0
0.788|0|2|5|0
0|1|2|5|0
293.535|1|0|6|0
173.861|0|0|6|0
3.917|1|10|6|0
35.086|0|10|6|0
0.962|0|13|6|0
0|1|13|6|0
0.962|0|7|6|0
0|1|7|6|0
0.788|0|9|6|0
0|1|9|6|0
358.73|1|0|7|0
173.861|0|0|7|0
0|1|1|7|0
3.701|0|1|7|0
0|1|2|7|0
3.701|0|2|7|0
0.962|0|3|7|0
0|1|3|7|0
0|1|4|7|0
3.701|0|4|7|0
0.962|0|5|7|0
0|1|5|7|0
0.962|0|1|8|0
0|1|1|8|0
0.788|0|3|8|0
0|1|3|8|0
7.829|1|4|8|0
35.086|0|4|8|0
0.962|0|7|8|0
0|1|7|8|0
0|1|8|8|0
0.161|0|8|8|0
0|1|0|9|0
0.161|0|0|9|0
9.732|1|1|9|0
35.086|0|1|9|0
0.962|0|11|9|0
0|1|11|9|0
0|1|12|9|0
0.161|0|12|9|0
0|1|3|9|0
0.161|0|3|9|0
0.788|0|4|9|0
0|1|4|9|0
0|1|5|9|0
0.161|0|5|9|0
0|1|6|9|0
0.161|0|6|9|0
162.402|1|7|9|0
173.86|0|7|9|0
368.189|1|8|9|0
173.861|0|8|9|0
3.53|1|1|0|1
35.086|0|1|0|1
424.821|1|0|2|1
173.861|0|0|2|1
0.962|0|2|2|1
0|1|2|2|1
9.985|1|3|2|1
35.086|0|3|2|1
230.378|1|5|2|1
173.861|0|5|2|1
0.962|0|6|2|1
0|1|6|2|1
0|1|0|0|10
0.161|0|0|0|10
0|1|3|0|10
0.161|0|3|0|10
0|1|6|0|10
0.161|0|6|0|10
0.788|0|8|0|10
0|1|8|0|10
0|1|1|1|10
3.701|0|1|1|10
0.962|0|1|2|10
0|1|1|2|10
314.322|1|3|2|10
173.861|0|3|2|10
0.788|0|1|4|10
0|1|1|4|10
239.475|1|4|4|10
173.861|0|4|4|10
2.915|1|7|4|10
35.086|0|7|4|10
0.788|0|8|0|11
0|1|8|0|11
6.511|1|1|2|11
35.086|0|1|2|11
178.078|1|7|2|11
173.86|0|7|2|11
203.063|1|9|2|11
173.861|0|9|2|11
3.271|1|0|3|11
35.086|0|0|3|11
16.156|1|0|4|11
35.086|0|0|4|11
6.804|1|1|5|11
35.086|0|1|5|11
0.962|0|2|5|11
0|1|2|5|11
0.788|0|4|5|11
0|1|4|5|11
218.184|1|2|0|12
173.861|0|2|0|12
0|1|3|0|12
3.701|0|3|0|12
0|1|3|1|12
0.161|0|3|1|12
5.841|1|11|2|12
35.086|0|11|2|12
4.648|1|2|2|12
35.086|0|2|2|12
0|1|3|2|12
0.161|0|3|2|12
3.214|1|6|2|12
35.086|0|6|2|12
0.962|0|7|2|12
0|1|7|2|12
0|1|9|2|12
3.701|0|9|2|12
10.847|1|0|3|12
35.086|0|0|3|12
3.562|1|1|3|12
35.086|0|1|3|12
0|1|5|3|12
3.701|0|5|3|12
0.788|0|6|3|12
0|1|6|3|12
0.788|0|0|0|13
0|1|0|0|13
0|1|11|1|13
0.161|0|11|1|13
0|1|13|1|13
0.161|0|13|1|13
244.581|1|2|1|13
173.861|0|2|1|13
0|1|3|1|13
3.701|0|3|1|13
0.788|0|5|1|13
0|1|5|1|13
541.962|1|7|1|13
173.862|0|7|1|13
0.788|0|8|1|13
0|1|8|1|13
0|1|1|0|14
3.701|0|1|0|14
0|1|0|1|14
3.701|0|0|1|14
6.264|1|1|10|14
35.086|0|1|10|14
0|1|2|10|14
3.701|0|2|10|14
105.433|1|3|10|14
173.86|0|3|10|14
0.788|0|4|10|14
0|1|4|10|14
0|1|7|10|14
3.701|0|7|10|14
5.287|1|8|10|14
35.086|0|8|10|14
0|1|9|10|14
0.161|0|9|10|14
0.962|0|3|11|14
0|1|3|11|14
3.963|1|0|12|14
35.086|0|0|12|14
5.709|1|13|12|14
35.086|0|13|12|14
0|1|2|12|14
3.701|0|2|12|14
318.434|1|4|12|14
173.861|0|4|12|14
5.085|1|5|12|14
35.086|0|5|12|14
213.501|1|7|12|14
173.861|0|7|12|14
0|1|8|12|14
3.701|0|8|12|14
0.788|0|9|12|14
0|1|9|12|14
0.788|0|0|13|14
0|1|0|13|14
451.706|1|1|13|14
173.861|0|1|13|14
0.962|0|0|14|14
0|1|0|14|14
0|1|11|14|14
0.161|0|11|14|14
11.671|1|6|14|14
35.086|0|6|14|14
0.962|0|7|14|14
0|1|7|14|14
0|1|9|14|14
0.161|0|9|14|14
182.812|1|1|15|14
173.861|0|1|15|14
6.705|1|7|15|14
35.086|0|7|15|14
0|1|1|16|14
0.161|0|1|16|14
0|1|0|17|14
0.161|0|0|17|14
3.437|1|1|2|14
35.086|0|1|2|14
0.962|0|2|2|14
0|1|2|2|14
0|1|3|2|14
0.161|0|3|2|14
0.788|0|4|2|14
0|1|4|2|14
5.63|1|0|3|14
35.086|0|0|3|14
0|1|2|3|14
3.701|0|2|3|14
305.091|1|5|3|14
173.861|0|5|3|14
131.929|1|1|4|14
173.86|0|1|4|14
0|1|3|5|14
0.161|0|3|5|14
206.605|1|5|5|14
173.861|0|5|5|14
0.962|0|0|6|14
0|1|0|6|14
8.615|1|10|6|14
35.086|0|10|6|14
0.788|0|5|6|14
0|1|5|6|14
0.788|0|2|7|14
0|1|2|7|14
136.151|1|1|8|14
173.86|0|1|8|14
0|1|2|8|14
0.161|0|2|8|14
3.536|1|13|9|14
35.086|0|13|9|14
0|1|5|9|14
3.701|0|5|9|14
6.004|1|8|9|14
35.086|0|8|9|14
284.083|1|0|0|15
173.861|0|0|0|15
0|1|11|0|15
0.161|0|11|0|15
0|1|13|0|15
3.701|0|13|0|15
0|1|2|0|15
0.161|0|2|0|15
3.05|1|6|0|15
35.086|0|6|0|15
0.788|0|9|0|15
0|1|9|0|15
109.777|1|11|2|15
173.86|0|11|2|15
0.962|0|12|2|15
0|1|12|2|15
0|1|4|2|15
3.701|0|4|2|15
0|1|6|2|15
3.701|0|6|2|15
4.244|1|9|2|15
35.086|0|9|2|15
0|1|2|3|15
0.161|0|2|3|15
0.788|0|6|3|15
0|1|6|3|15
3.665|1|0|0|16
35.086|0|0|0|16
9.633|1|1|0|16
35.086|0|1|0|16
3.376|1|10|0|16
35.086|0|10|0|16
0|1|11|0|16
3.701|0|11|0|16
0.788|0|12|0|16
0|1|12|0|16
3.766|1|3|0|16
35.086|0|3|0|16
0.962|0|4|0|16
0|1|4|0|16
0.788|0|0|1|16
0|1|0|1|16
0|1|1|1|16
0.161|0|1|1|16
0.788|0|3|1|16
0|1|3|1|16
0.962|0|5|1|16
0|1|5|1|16
0.962|0|6|1|16
0|1|6|1|16
3.68|1|7|1|16
35.086|0|7|1|16
0|1|9|1|16
3.701|0|9|1|16
0|1|0|10|16
3.701|0|0|10|16
0.962|0|1|10|16
0|1|1|10|16
336.09|1|3|10|16
173.861|0|3|10|16
6.596|1|4|10|16
35.086|0|4|10|16
0.962|0|5|10|16
0|1|5|10|16
0.788|0|0|2|16
0|1|0|2|16
3.632|1|2|3|16
35.086|0|2|3|16
0.962|0|3|3|16
0|1|3|3|16
0.788|0|0|4|16
0|1|0|4|16
420.32|1|1|4|16
173.861|0|1|4|16
132.484|1|3|4|16
173.86|0|3|4|16
0|1|4|4|16
0.161|0|4|4|16
0|1|4|5|16
3.701|0|4|5|16
0|1|6|5|16
3.701|0|6|5|16
0|1|2|6|16
3.701|0|2|6|16
219.46|1|4|6|16
173.861|0|4|6|16
0|1|0|7|16
3.701|0|0|7|16
0|1|0|8|16
0.161|0|0|8|16
2.905|1|1|8|16
35.086|0|1|8|16
322.101|1|5|8|16
173.861|0|5|8|16
0|1|6|8|16
0.161|0|6|8|16
0|1|8|8|16
3.701|0|8|8|16
131.496|1|1|9|16
173.86|0|1|9|16
0.788|0|5|9|16
0|1|5|9|16
0.788|0|0|0|17
0|1|0|0|17
0.788|0|1|0|17
0|1|1|0|17
2.67|1|2|0|17
35.086|0|2|0|17
237.403|1|4|1|17
173.861|0|4|1|17
0|1|6|1|17
3.701|0|6|1|17
9.725|1|2|2|17
35.086|0|2|2|17
243.448|1|0|3|17
173.861|0|0|3|17
493.018|1|0|0|18
173.861|0|0|0|18
0.788|0|0|1|18
0|1|0|1|18
0.788|0|1|2|18
0|1|1|2|18
0.962|0|0|3|18
0|1|0|3|18
0.962|0|1|3|18
0|1|1|3|18
0|1|2|3|18
3.701|0|2|3|18
0|1|3|3|18
3.701|0|3|3|18
0.962|0|7|3|18
0|1|7|3|18
0.788|0|9|3|18
0|1|9|3|18
0.962|0|4|4|18
0|1|4|4|18
365.012|1|8|4|18
173.861|0|8|4|18
0|1|2|0|19
0.161|0|2|0|19
0|1|5|0|19
3.701|0|5|0|19
0.788|0|6|0|19
0|1|6|0|19
0.788|0|0|0|2
0|1|0|0|2
0.962|0|11|0|2
0|1|11|0|2
0|1|2|0|2
0.161|0|2|0|2
0|1|5|0|2
3.701|0|5|0|2
0|1|7|0|2
0.161|0|7|0|2
0|1|2|2|2
0.161|0|2|2|2
167.835|1|3|2|2
173.861|0|3|2|2
244.257|1|4|2|2
173.861|0|4|2|2
138.089|1|5|2|2
173.86|0|5|2|2
0.788|0|6|3|2
0|1|6|3|2
0.962|0|7|3|2
0|1|7|3|2
0.788|0|9|3|2
0|1|9|3|2
0|1|0|4|2
0.161|0|0|4|2
0|1|4|4|2
3.701|0|4|4|2
3.054|1|0|5|2
35.086|0|0|5|2
136.359|1|3|5|2
173.86|0|3|5|2
0.788|0|6|5|2
0|1|6|5|2
13.724|1|7|5|2
35.086|0|7|5|2
0.962|0|9|5|2
0|1|9|5|2
0|1|0|0|20
0.161|0|0|0|20
0.788|0|1|0|20
0|1|1|0|20
451.406|1|3|0|20
173.861|0|3|0|20
0.788|0|4|0|20
0|1|4|0|20
6.488|1|6|0|20
35.086|0|6|0|20
111.662|1|7|0|20
173.86|0|7|0|20
0|1|0|1|20
0.161|0|0|1|20
0.788|0|1|1|20
0|1|1|1|20
0.962|0|4|1|20
0|1|4|1|20
0.788|0|5|1|20
0|1|5|1|20
0.962|0|1|2|20
0|1|1|2|20
240.742|1|3|2|20
173.861|0|3|2|20
0.788|0|4|2|20
0|1|4|2|20
0.788|0|5|2|20
0|1|5|2|20
292.835|1|0|4|20
173.861|0|0|4|20
0.962|0|1|4|20
0|1|1|4|20
259.886|1|3|4|20
173.861|0|3|4|20
342.524|1|4|4|20
173.861|0|4|4|20
0|1|5|4|20
0.161|0|5|4|20
9.929|1|6|4|20
35.086|0|6|4|20
217.031|1|7|4|20
173.861|0|7|4|20
0.788|0|8|4|20
0|1|8|4|20
316.204|1|9|4|20
173.861|0|9|4|20
114.506|1|1|5|20
173.86|0|1|5|20
0.788|0|2|5|20
0|1|2|5|20
0|1|3|5|20
3.701|0|3|5|20
0.788|0|7|5|20
0|1|7|5|20
9.737|1|2|6|20
35.086|0|2|6|20
0|1|5|6|20
0.161|0|5|6|20
0.962|0|8|6|20
0|1|8|6|20
0.788|0|0|7|20
0|1|0|7|20
0.962|0|1|7|20
0|1|1|7|20
0|1|2|7|20
3.701|0|2|7|20
0.962|0|4|7|20
0|1|4|7|20
0|1|6|7|20
0.161|0|6|7|20
0.788|0|8|7|20
0|1|8|7|20
0|1|1|1|21
3.701|0|1|1|21
0|1|0|10|21
0.161|0|0|10|21
9.26|1|13|10|21
35.086|0|13|10|21
0.962|0|2|10|21
0|1|2|10|21
0|1|5|10|21
3.701|0|5|10|21
8.012|1|6|10|21
35.086|0|6|10|21
0|1|7|10|21
0.161|0|7|10|21
321.981|1|4|11|21
173.861|0|4|11|21
0|1|5|11|21
3.701|0|5|11|21
0.788|0|7|11|21
0|1|7|11|21
231.042|1|8|11|21
173.861|0|8|11|21
0.962|0|0|13|21
0|1|0|13|21
0.962|0|1|13|21
0|1|1|13|21
0|1|12|13|21
3.701|0|12|13|21
0.962|0|3|13|21
0|1|3|13|21
0|1|5|13|21
3.701|0|5|13|21
0.962|0|7|13|21
0|1|7|13|21
0|1|8|13|21
0.161|0|8|13|21
191.639|1|3|2|21
173.861|0|3|2|21
0.962|0|1|3|21
0|1|1|3|21
3.602|1|10|3|21
35.086|0|10|3|21
0|1|2|3|21
0.161|0|2|3|21
0|1|10|4|21
0.161|0|10|4|21
0|1|11|4|21
0.161|0|11|4|21
0.962|0|13|4|21
0|1|13|4|21
0|1|2|4|21
0.161|0|2|4|21
0.788|0|4|4|21
0|1|4|4|21
7.044|1|6|4|21
35.086|0|6|4|21
0.788|0|2|5|21
0|1|2|5|21
0|1|3|5|21
0.161|0|3|5|21
8.823|1|11|6|21
35.086|0|11|6|21
0|1|2|6|21
0.161|0|2|6|21
0.788|0|4|6|21
0|1|4|6|21
0.962|0|0|7|21
0|1|0|7|21
0.962|0|2|7|21
0|1|2|7|21
0|1|4|7|21
0.161|0|4|7|21
0.788|0|10|8|21
0|1|10|8|21
0.788|0|11|8|21
0|1|11|8|21
0.962|0|3|8|21
0|1|3|8|21
0|1|5|8|21
0.161|0|5|8|21
0.788|0|6|8|21
0|1|6|8|21
0.788|0|9|8|21
0|1|9|8|21
0|1|2|9|21
3.701|0|2|9|21
0.788|0|7|9|21
0|1|7|9|21
0.962|0|9|9|21
0|1|9|9|21
0.788|0|0|0|22
0|1|0|0|22
0.962|0|1|0|22
0|1|1|0|22
0|1|3|0|22
3.701|0|3|0|22
0.962|0|4|0|22
0|1|4|0|22
0.788|0|6|0|22
0|1|6|0|22
0|1|0|1|22
3.701|0|0|1|22
0|1|2|1|22
3.701|0|2|1|22
2.768|1|10|2|22
35.086|0|10|2|22
0.788|0|11|2|22
0|1|11|2|22
0.788|0|5|2|22
0|1|5|2|22
0.788|0|8|2|22
0|1|8|2|22
0|1|9|2|22
3.701|0|9|2|22
0|1|2|3|22
0.161|0|2|3|22
0.962|0|5|3|22
0|1|5|3|22
0|1|6|3|22
3.701|0|6|3|22
0.788|0|1|0|23
0|1|1|0|23
0|1|2|0|23
3.701|0|2|0|23
0.788|0|0|1|23
0|1|0|1|23
4.824|1|2|1|23
35.086|0|2|1|23
0|1|4|1|23
0.161|0|4|1|23
6.299|1|6|1|23
35.086|0|6|1|23
3.598|1|0|2|23
35.086|0|0|2|23
220.991|1|2|2|23
173.861|0|2|2|23
294.414|1|3|2|23
173.861|0|3|2|23
0.788|0|1|3|23
0|1|1|3|23
5.832|1|2|3|23
35.086|0|2|3|23
0.962|0|3|3|23
0|1|3|3|23
6.351|1|4|3|23
35.086|0|4|3|23
0.788|0|6|3|23
0|1|6|3|23
5.155|1|10|0|24
35.086|0|10|0|24
0.962|0|12|0|24
0|1|12|0|24
8.313|1|13|0|24
35.086|0|13|0|24
6.439|1|0|1|24
35.086|0|0|1|24
6.945|1|2|1|24
35.086|0|2|1|24
0.788|0|0|2|24
0|1|0|2|24
0.962|0|1|2|24
0|1|1|2|24
0.962|0|2|2|24
0|1|2|2|24
5.255|1|0|3|24
35.086|0|0|3|24
181.791|1|10|3|24
173.86|0|10|3|24
193.089|1|11|3|24
173.861|0|11|3|24
0|1|0|4|24
3.701|0|0|4|24
237.356|1|2|4|24
173.861|0|2|4|24
0.788|0|3|4|24
0|1|3|4|24
0.962|0|0|5|24
0|1|0|5|24
6.857|1|1|5|24
35.086|0|1|5|24
0|1|2|5|24
0.161|0|2|5|24
0|1|0|6|24
0.161|0|0|6|24
10.458|1|3|6|24
35.086|0|3|6|24
0.788|0|4|6|24
0|1|4|6|24
170.917|1|2|7|24
173.86|0|2|7|24
0.962|0|0|0|25
0|1|0|0|25
0|1|1|0|25
3.701|0|1|0|25
0|1|2|0|25
3.701|0|2|0|25
424.984|1|5|0|25
173.861|0|5|0|25
0.962|0|6|0|25
0|1|6|0|25
2.422|1|8|0|25
35.086|0|8|0|25
0.788|0|4|1|25
0|1|4|1|25
3.47|1|6|1|25
35.086|0|6|1|25
0.962|0|9|1|25
0|1|9|1|25
0.962|0|0|2|25
0|1|0|2|25
7.286|1|0|3|25
35.086|0|0|3|25
0.962|0|2|3|25
0|1|2|3|25
0|1|4|3|25
0.161|0|4|3|25
325.318|1|0|4|25
173.861|0|0|4|25
0.962|0|1|4|25
0|1|1|4|25
0.962|0|10|4|25
0|1|10|4|25
0.962|0|2|4|25
0|1|2|4|25
0|1|3|4|25
0.161|0|3|4|25
253.314|1|4|4|25
173.861|0|4|4|25
0.962|0|6|4|25
0|1|6|4|25
12.647|1|7|4|25
35.086|0|7|4|25
0|1|0|0|26
0.161|0|0|0|26
5.15|1|4|0|26
35.086|0|4|0|26
0.962|0|2|1|26
0|1|2|1|26
225.342|1|3|1|26
173.861|0|3|1|26
0|1|1|2|26
0.161|0|1|2|26
6.425|1|4|2|26
35.086|0|4|2|26
146.331|1|1|3|26
173.86|0|1|3|26
0.788|0|2|3|26
0|1|2|3|26
8.546|1|5|3|26
35.086|0|5|3|26
286.854|1|6|3|26
173.861|0|6|3|26
0.788|0|0|4|26
0|1|0|4|26
0.962|0|1|4|26
0|1|1|4|26
0|1|10|4|26
3.701|0|10|4|26
0.962|0|13|4|26
0|1|13|4|26
0|1|2|4|26
0.161|0|2|4|26
0|1|4|4|26
0.161|0|4|4|26
0.788|0|5|4|26
0|1|5|4|26
0.788|0|8|4|26
0|1|8|4|26
122.323|1|9|4|26
173.86|0|9|4|26
0|1|1|5|26
0.161|0|1|5|26
0|1|4|5|26
3.701|0|4|5|26
0.788|0|6|5|26
0|1|6|5|26
10.181|1|0|0|27
35.086|0|0|0|27
0|1|1|0|27
0.161|0|1|0|27
0|1|2|1|27
0.161|0|2|1|27
0.962|0|3|1|27
0|1|3|1|27
0|1|5|1|27
0.161|0|5|1|27
0.962|0|6|1|27
0|1|6|1|27
0.788|0|0|2|27
0|1|0|2|27
0.962|0|1|2|27
0|1|1|2|27
0|1|2|2|27
0.161|0|2|2|27
2.577|1|1|3|27
35.086|0|1|3|27
0.788|0|1|4|27
0|1|1|4|27
0|1|2|4|27
0.161|0|2|4|27
0.788|0|3|4|27
0|1|3|4|27
0.788|0|0|5|27
0|1|0|5|27
0.788|0|1|5|27
0|1|1|5|27
0|1|3|5|27
0.161|0|3|5|27
448.92|1|5|5|27
173.861|0|5|5|27
0.788|0|7|5|27
0|1|7|5|27
0|1|9|5|27
3.701|0|9|5|27
0|1|1|6|27
3.701|0|1|6|27
0|1|4|6|27
0.161|0|4|6|27
0.788|0|0|7|27
0|1|0|7|27
0.788|0|3|7|27
0|1|3|7|27
9.342|1|6|7|27
35.086|0|6|7|27
0|1|0|8|27
0.161|0|0|8|27
170.299|1|0|9|27
173.861|0|0|9|27
13.238|1|3|9|27
35.086|0|3|9|27
5.036|1|4|9|27
35.086|0|4|9|27
4.408|1|5|9|27
35.086|0|5|9|27
0|1|6|9|27
3.701|0|6|9|27
3.458|1|1|0|28
35.086|0|1|0|28
0|1|2|0|28
3.701|0|2|0|28
0|1|5|0|28
3.701|0|5|0|28
226.026|1|6|0|28
173.861|0|6|0|28
0.788|0|0|1|28
0|1|0|1|28
0|1|2|1|28
3.701|0|2|1|28
0|1|4|1|28
0.161|0|4|1|28
0.788|0|6|1|28
0|1|6|1|28
0.962|0|0|10|28
0|1|0|10|28
224.259|1|1|10|28
173.861|0|1|10|28
0.788|0|3|10|28
0|1|3|10|28
0.962|0|5|10|28
0|1|5|10|28
277.422|1|6|10|28
173.861|0|6|10|28
0.962|0|1|11|28
0|1|1|11|28
0.962|0|4|11|28
0|1|4|11|28
9.236|1|1|12|28
35.086|0|1|12|28
3.187|1|3|12|28
35.086|0|3|12|28
295.151|1|5|12|28
173.861|0|5|12|28
0|1|6|12|28
3.701|0|6|12|28
0.788|0|2|13|28
0|1|2|13|28
179.268|1|3|14|28
173.86|0|3|14|28
5.307|1|5|14|28
35.086|0|5|14|28
0|1|6|14|28
0.161|0|6|14|28
0.962|0|7|14|28
0|1|7|14|28
5.862|1|1|15|28
35.086|0|1|15|28
192.159|1|2|15|28
173.861|0|2|15|28
4.986|1|5|15|28
35.086|0|5|15|28
0.962|0|6|15|28
0|1|6|15|28
0.788|0|9|15|28
0|1|9|15|28
0|1|5|16|28
0.161|0|5|16|28
0|1|2|17|28
3.701|0|2|17|28
0|1|3|2|28
3.701|0|3|2|28
368.841|1|6|2|28
173.861|0|6|2|28
7.093|1|1|3|28
35.086|0|1|3|28
0.788|0|4|3|28
0|1|4|3|28
480.311|1|1|4|28
173.861|0|1|4|28
472.416|1|12|4|28
173.861|0|12|4|28
0.962|0|2|4|28
0|1|2|4|28
2.866|1|4|4|28
35.086|0|4|4|28
0.962|0|9|4|28
0|1|9|4|28
0|1|0|5|28
0.161|0|0|5|28
0.788|0|1|5|28
0|1|1|5|28
0.788|0|0|6|28
0|1|0|6|28
0|1|1|6|28
0.161|0|1|6|28
0.962|0|10|6|28
0|1|10|6|28
8.073|1|6|6|28
35.086|0|6|6|28
0|1|7|6|28
3.701|0|7|6|28
126.946|1|9|6|28
173.86|0|9|6|28
0.962|0|0|7|28
0|1|0|7|28
0.962|0|2|8|28
0|1|2|8|28
513.416|1|10|9|28
173.861|0|10|9|28
0|1|11|9|28
0.161|0|11|9|28
0|1|12|9|28
0.161|0|12|9|28
0.788|0|13|9|28
0|1|13|9|28
0.788|0|6|9|28
0|1|6|9|28
0.788|0|8|9|28
0|1|8|9|28
225.97|1|9|9|28
173.861|0|9|9|28
0|1|11|0|29
3.701|0|11|0|29
0.962|0|7|0|29
0|1|7|0|29
0|1|9|0|29
3.701|0|9|0|29
245.562|1|0|1|29
173.861|0|0|1|29
126.607|1|2|1|29
173.86|0|2|1|29
0|1|11|0|3
0.161|0|11|0|3
13.325|1|13|0|3
35.086|0|13|0|3
0|1|7|0|3
0.161|0|7|0|3
0|1|8|0|3
0.161|0|8|0|3
516.469|1|9|0|3
173.861|0|9|0|3
376.892|1|0|1|3
173.861|0|0|1|3
0|1|1|1|3
3.701|0|1|1|3
0|1|2|1|3
3.701|0|2|1|3
0.962|0|1|2|3
0|1|1|2|3
0.962|0|2|2|3
0|1|2|2|3
0|1|4|2|3
3.701|0|4|2|3
0|1|5|2|3
3.701|0|5|2|3
0|1|13|3|3
0.161|0|13|3|3
4.054|1|2|3|3
35.086|0|2|3|3
0|1|7|3|3
3.701|0|7|3|3
0.788|0|2|1|30
0|1|2|1|30
0.788|0|3|1|30
0|1|3|1|30
0.788|0|1|0|31
0|1|1|0|31
0|1|4|0|31
0.161|0|4|0|31
0.962|0|5|0|31
0|1|5|0|31
0.788|0|6|0|31
0|1|6|0|31
15.142|1|3|0|32
35.086|0|3|0|32
0|1|4|0|32
0.161|0|4|0|32
427.765|1|6|0|32
173.861|0|6|0|32
0.788|0|9|0|32
0|1|9|0|32
0|1|1|10|32
0.161|0|1|10|32
0.788|0|3|11|32
0|1|3|11|32
0.788|0|4|11|32
0|1|4|11|32
0.962|0|7|11|32
0|1|7|11|32
0.962|0|1|12|32
0|1|1|12|32
0.788|0|6|12|32
0|1|6|12|32
0|1|8|12|32
0.161|0|8|12|32
0.788|0|0|13|32
0|1|0|13|32
0|1|10|13|32
3.701|0|10|13|32
0|1|2|13|32
0.161|0|2|13|32
6.356|1|8|13|32
35.086|0|8|13|32
0.962|0|9|13|32
0|1|9|13|32
0.788|0|0|2|32
0|1|0|2|32
563.264|1|2|2|32
173.862|0|2|2|32
0.788|0|4|2|32
0|1|4|2|32
0.788|0|6|2|32
0|1|6|2|32
122.95|1|2|3|32
173.86|0|2|3|32
10.161|1|0|4|32
35.086|0|0|4|32
0.788|0|1|4|32
0|1|1|4|32
0.788|0|4|4|32
0|1|4|4|32
302.61|1|7|4|32
173.861|0|7|4|32
0|1|8|4|32
3.701|0|8|4|32
0.788|0|12|5|32
0|1|12|5|32
0.962|0|2|5|32
0|1|2|5|32
0|1|4|5|32
3.701|0|4|5|32
0|1|5|5|32
0.161|0|5|5|32
0|1|9|5|32
3.701|0|9|5|32
0|1|0|6|32
3.701|0|0|6|32
0|1|2|6|32
3.701|0|2|6|32
513.999|1|0|7|32
173.861|0|0|7|32
6.799|1|8|7|32
35.086|0|8|7|32
601.773|1|1|8|32
173.862|0|1|8|32
7.349|1|2|9|32
35.086|0|2|9|32
0|1|5|9|32
3.701|0|5|9|32
515.823|1|10|1|33
173.861|0|10|1|33
3.804|1|11|1|33
35.086|0|11|1|33
0|1|13|1|33
3.701|0|13|1|33
0.962|0|2|1|33
0|1|2|1|33
209.279|1|6|1|33
173.861|0|6|1|33
0.788|0|9|1|33
0|1|9|1|33
218.313|1|1|10|33
173.861|0|1|10|33
0|1|2|10|33
3.701|0|2|10|33
0.788|0|4|10|33
0|1|4|10|33
158.444|1|0|11|33
173.86|0|0|11|33
438.89|1|5|11|33
173.861|0|5|11|33
0.788|0|1|2|33
0|1|1|2|33
0.788|0|4|2|33
0|1|4|2|33
0|1|5|2|33
3.701|0|5|2|33
13.552|1|0|3|33
35.086|0|0|3|33
183.07|1|5|3|33
173.861|0|5|3|33
0.962|0|1|4|33
0|1|1|4|33
0.962|0|12|4|33
0|1|12|4|33
0|1|2|4|33
0.161|0|2|4|33
0.788|0|8|4|33
0|1|8|4|33
0.962|0|9|4|33
0|1|9|4|33
0.788|0|0|5|33
0|1|0|5|33
4.112|1|1|5|33
35.086|0|1|5|33
0.962|0|3|5|33
0|1|3|5|33
0.788|0|7|5|33
0|1|7|5|33
6.34|1|0|7|33
35.086|0|0|7|33
0.962|0|1|7|33
0|1|1|7|33
0.962|0|4|7|33
0|1|4|7|33
0.962|0|5|7|33
0|1|5|7|33
0.788|0|1|8|33
0|1|1|8|33
0.962|0|2|8|33
0|1|2|8|33
0|1|6|8|33
3.701|0|6|8|33
0|1|7|8|33
0.161|0|7|8|33
3.425|1|1|9|33
35.086|0|1|9|33
0.962|0|4|9|33
0|1|4|9|33
393.066|1|5|9|33
173.861|0|5|9|33
0.962|0|6|9|33
0|1|6|9|33
0|1|0|0|34
3.701|0|0|0|34
0.962|0|1|0|34
0|1|1|0|34
3.979|1|1|1|34
35.086|0|1|1|34
15.138|1|0|3|34
35.086|0|0|3|34
0|1|1|3|34
3.701|0|1|3|34
0.962|0|0|4|34
0|1|0|4|34
0|1|4|5|34
0.161|0|4|5|34
8.891|1|0|0|35
35.086|0|0|0|35
0.788|0|10|0|35
0|1|10|0|35
10.156|1|13|0|35
35.086|0|13|0|35
0.788|0|4|0|35
0|1|4|0|35
0.788|0|5|0|35
0|1|5|0|35
0|1|8|0|35
0.161|0|8|0|35
0.962|0|9|0|35
0|1|9|0|35
0.788|0|0|1|35
0|1|0|1|35
0.962|0|2|1|35
0|1|2|1|35
0.962|0|0|2|35
0|1|0|2|35
0.788|0|1|2|35
0|1|1|2|35
0.788|0|2|2|35
0|1|2|2|35
0|1|3|2|35
3.701|0|3|2|35
2.146|1|5|2|35
35.086|0|5|2|35
3.497|1|6|2|35
35.086|0|6|2|35
4.386|1|8|2|35
35.086|0|8|2|35
170.592|1|9|2|35
173.86|0|9|2|35
0|1|1|3|35
3.701|0|1|3|35
4.816|1|0|0|36
35.086|0|0|0|36
0|1|10|0|36
0.161|0|10|0|36
0|1|2|0|36
3.701|0|2|0|36
0|1|4|0|36
0.161|0|4|0|36
0.788|0|5|0|36
0|1|5|0|36
0.962|0|6|0|36
0|1|6|0|36
0|1|7|0|36
0.161|0|7|0|36
12.764|1|8|0|36
35.086|0|8|0|36
0.788|0|10|1|36
0|1|10|1|36
0|1|11|1|36
3.701|0|11|1|36
0.962|0|12|1|36
0|1|12|1|36
0.788|0|3|1|36
0|1|3|1|36
0.962|0|6|1|36
0|1|6|1|36
0|1|9|1|36
0.161|0|9|1|36
0|1|2|2|36
0.161|0|2|2|36
0.788|0|3|2|36
0|1|3|2|36
7.413|1|7|2|36
35.086|0|7|2|36
0.962|0|0|3|36
0|1|0|3|36
0|1|2|3|36
3.701|0|2|3|36
136.665|1|1|4|36
173.86|0|1|4|36
0.962|0|4|5|36
0|1|4|5|36
0.788|0|7|5|36
0|1|7|5|36
0.788|0|8|5|36
0|1|8|5|36
0|1|9|5|36
0.161|0|9|5|36
0|1|2|6|36
3.701|0|2|6|36
0.788|0|3|6|36
0|1|3|6|36
0|1|4|6|36
0.161|0|4|6|36
0.788|0|8|6|36
0|1|8|6|36
0.962|0|1|0|37
0|1|1|0|37
0|1|2|0|37
3.701|0|2|0|37
4.452|1|3|0|37
35.086|0|3|0|37
8.142|1|4|0|37
35.086|0|4|0|37
5.089|1|0|1|37
35.086|0|0|1|37
0.788|0|3|1|37
0|1|3|1|37
0.962|0|4|1|37
0|1|4|1|37
0.962|0|0|2|37
0|1|0|2|37
0.962|0|2|2|37
0|1|2|2|37
0|1|5|2|37
0.161|0|5|2|37
0|1|6|2|37
3.701|0|6|2|37
0.788|0|7|2|37
0|1|7|2|37
0|1|9|2|37
0.161|0|9|2|37
0|1|2|3|37
0.161|0|2|3|37
0.788|0|2|4|37
0|1|2|4|37
0.962|0|3|4|37
0|1|3|4|37
137.765|1|4|4|37
173.86|0|4|4|37
0|1|7|4|37
3.701|0|7|4|37
268.336|1|9|4|37
173.861|0|9|4|37
231.462|1|10|5|37
173.861|0|10|5|37
0|1|3|5|37
3.701|0|3|5|37
0.788|0|4|5|37
0|1|4|5|37
0|1|5|5|37
0.161|0|5|5|37
0|1|9|5|37
3.701|0|9|5|37
0|1|0|6|37
3.701|0|0|6|37
0|1|5|6|37
3.701|0|5|6|37
286.895|1|1|7|37
173.861|0|1|7|37
0.962|0|12|7|37
0|1|12|7|37
0.788|0|2|7|37
0|1|2|7|37
2.616|1|6|7|37
35.086|0|6|7|37
0|1|7|7|37
3.701|0|7|7|37
169.31|1|8|7|37
173.86|0|8|7|37
0.962|0|4|1|38
0|1|4|1|38
0|1|1|2|38
3.701|0|1|2|38
0|1|5|2|38
0.161|0|5|2|38
0|1|0|3|38
0.161|0|0|3|38
9.149|1|3|3|38
35.086|0|3|3|38
0|1|4|3|38
0.161|0|4|3|38
0|1|0|4|38
0.161|0|0|4|38
0|1|3|4|38
0.161|0|3|4|38
7.122|1|4|4|38
35.086|0|4|4|38
0|1|0|5|38
0.161|0|0|5|38
0.788|0|1|5|38
0|1|1|5|38
5.281|1|2|5|38
35.086|0|2|5|38
0|1|1|6|38
3.701|0|1|6|38
0.962|0|3|6|38
0|1|3|6|38
0.962|0|0|7|38
0|1|0|7|38
0|1|0|8|38
3.701|0|0|8|38
5.713|1|1|8|38
35.086|0|1|8|38
292.094|1|2|9|38
173.861|0|2|9|38
0|1|3|9|38
3.701|0|3|9|38
0.788|0|4|9|38
0|1|4|9|38
0.962|0|0|0|39
0|1|0|0|39
0|1|1|0|39
3.701|0|1|0|39
0.788|0|4|1|39
0|1|4|1|39
0|1|6|1|39
3.701|0|6|1|39
6.059|1|2|10|39
35.086|0|2|10|39
0|1|0|11|39
3.701|0|0|11|39
0.962|0|12|11|39
0|1|12|11|39
0|1|2|11|39
0.161|0|2|11|39
0.962|0|5|11|39
0|1|5|11|39
0.788|0|8|11|39
0|1|8|11|39
0|1|9|11|39
3.701|0|9|11|39
0.962|0|2|12|39
0|1|2|12|39
424.351|1|1|13|39
173.861|0|1|13|39
0|1|12|13|39
3.701|0|12|13|39
0.788|0|13|13|39
0|1|13|13|39
0|1|2|13|39
3.701|0|2|13|39
0|1|5|13|39
3.701|0|5|13|39
0|1|6|13|39
3.701|0|6|13|39
0.962|0|7|13|39
0|1|7|13|39
0.962|0|1|14|39
0|1|1|14|39
0.788|0|5|14|39
0|1|5|14|39
8.211|1|8|14|39
35.086|0|8|14|39
5.442|1|2|2|39
35.086|0|2|2|39
317.314|1|6|2|39
173.861|0|6|2|39
9.01|1|8|2|39
35.086|0|8|2|39
0.788|0|0|3|39
0|1|0|3|39
0.962|0|1|4|39
0|1|1|4|39
0.788|0|1|5|39
0|1|1|5|39
0.788|0|4|5|39
0|1|4|5|39
0.788|0|0|6|39
0|1|0|6|39
0.788|0|1|6|39
0|1|1|6|39
411.627|1|6|6|39
173.861|0|6|6|39
5.751|1|7|6|39
35.086|0|7|6|39
0.962|0|0|7|39
0|1|0|7|39
0.962|0|2|7|39
0|1|2|7|39
0|1|5|7|39
0.161|0|5|7|39
0|1|6|7|39
0.161|0|6|7|39
7.41|1|8|7|39
35.086|0|8|7|39
6.429|1|10|8|39
35.086|0|10|8|39
0.788|0|11|8|39
0|1|11|8|39
0.788|0|12|8|39
0|1|12|8|39
10.648|1|13|8|39
35.086|0|13|8|39
0.788|0|3|8|39
0|1|3|8|39
3.676|1|4|8|39
35.086|0|4|8|39
0.788|0|5|8|39
0|1|5|8|39
0|1|6|8|39
0.161|0|6|8|39
0.788|0|7|8|39
0|1|7|8|39
0|1|1|9|39
0.161|0|1|9|39
0.788|0|0|0|4
0|1|0|0|4
0|1|4|0|4
3.701|0|4|0|4
0|1|5|0|4
0.161|0|5|0|4
9.181|1|7|0|4
35.086|0|7|0|4
8.252|1|8|0|4
35.086|0|8|0|4
0.962|0|9|0|4
0|1|9|0|4
0.788|0|2|1|4
0|1|2|1|4
0|1|2|10|4
0.161|0|2|10|4
0|1|3|10|4
0.161|0|3|10|4
0.788|0|5|10|4
0|1|5|10|4
197.382|1|0|11|4
173.861|0|0|11|4
0|1|1|11|4
0.161|0|1|11|4
0.788|0|1|12|4
0|1|1|12|4
0.962|0|10|12|4
0|1|10|12|4
0.788|0|11|12|4
0|1|11|12|4
0.788|0|2|12|4
0|1|2|12|4
0.788|0|6|12|4
0|1|6|12|4
220.326|1|10|13|4
173.861|0|10|13|4
113.522|1|13|13|4
173.86|0|13|13|4
0.788|0|2|13|4
0|1|2|13|4
0|1|3|13|4
0.161|0|3|13|4
0.788|0|4|13|4
0|1|4|13|4
0.962|0|7|13|4
0|1|7|13|4
4.582|1|8|13|4
35.086|0|8|13|4
0|1|0|2|4
0.161|0|0|2|4
2.935|1|0|3|4
35.086|0|0|3|4
0|1|5|3|4
0.161|0|5|3|4
0|1|0|4|4
0.161|0|0|4|4
185.273|1|3|4|4
173.861|0|3|4|4
0|1|5|4|4
3.701|0|5|4|4
0.788|0|0|5|4
0|1|0|5|4
0|1|1|5|4
0.161|0|1|5|4
0.962|0|2|5|4
0|1|2|5|4
5.105|1|5|5|4
35.086|0|5|5|4
0|1|7|5|4
3.701|0|7|5|4
0|1|8|5|4
3.701|0|8|5|4
3.757|1|0|6|4
35.086|0|0|6|4
0.962|0|1|6|4
0|1|1|6|4
454.008|1|1|7|4
173.861|0|1|7|4
0.788|0|10|7|4
0|1|10|7|4
0.788|0|12|7|4
0|1|12|7|4
0|1|8|7|4
3.701|0|8|7|4
0|1|1|8|4
3.701|0|1|8|4
0|1|2|8|4
0.161|0|2|8|4
0.962|0|0|9|4
0|1|0|9|4
0|1|2|9|4
3.701|0|2|9|4
0.962|0|1|0|6
0|1|1|0|6
0.962|0|2|0|6
0|1|2|0|6
0|1|3|0|6
3.701|0|3|0|6
207.043|1|4|0|6
173.861|0|4|0|6
0|1|1|1|6
3.701|0|1|1|6
0|1|3|1|6
3.701|0|3|1|6
0.962|0|5|1|6
0|1|5|1|6
2.365|1|3|2|6
35.086|0|3|2|6
646.107|1|1|3|6
173.862|0|1|3|6
0|1|2|3|6
0.161|0|2|3|6
0.788|0|6|3|6
0|1|6|3|6
0|1|8|3|6
0.161|0|8|3|6
0.962|0|4|0|7
0|1|4|0|7
0|1|6|0|7
0.161|0|6|0|7
0|1|1|1|7
0.161|0|1|1|7
116.764|1|1|10|7
173.86|0|1|10|7
0.962|0|2|10|7
0|1|2|10|7
7.51|1|3|10|7
35.086|0|3|10|7
0.788|0|4|10|7
0|1|4|10|7
0.788|0|0|2|7
0|1|0|2|7
0.962|0|3|2|7
0|1|3|2|7
0|1|4|2|7
3.701|0|4|2|7
0|1|6|2|7
3.701|0|6|2|7
0|1|8|2|7
3.701|0|8|2|7
14.509|1|9|2|7
35.086|0|9|2|7
0|1|0|3|7
0.161|0|0|3|7
0.962|0|1|3|7
0|1|1|3|7
0|1|2|3|7
0.161|0|2|3|7
0|1|9|3|7
3.701|0|9|3|7
140.362|1|3|4|7
173.86|0|3|4|7
280.885|1|4|4|7
173.861|0|4|4|7
0.788|0|0|5|7
0|1|0|5|7
343.593|1|1|6|7
173.861|0|1|6|7
0.962|0|0|7|7
0|1|0|7|7
0|1|1|7|7
3.701|0|1|7|7
385.615|1|10|7|7
173.861|0|10|7|7
0.962|0|11|7|7
0|1|11|7|7
0|1|5|7|7
0.161|0|5|7|7
11.391|1|6|7|7
35.086|0|6|7|7
0|1|7|7|7
3.701|0|7|7|7
0.788|0|8|7|7
0|1|8|7|7
5.106|1|3|8|7
35.086|0|3|8|7
0|1|0|9|7
0.161|0|0|9|7
0|1|1|9|7
0.161|0|1|9|7
10.444|1|1|0|8
35.086|0|1|0|8
8.576|1|4|0|8
35.086|0|4|0|8
0.962|0|5|0|8
0|1|5|0|8
0.788|0|7|0|8
0|1|7|0|8
0|1|4|1|8
0.161|0|4|1|8
12.088|1|7|1|8
35.086|0|7|1|8
0.962|0|0|2|8
0|1|0|2|8
240.096|1|3|2|8
173.861|0|3|2|8
12.858|1|2|3|8
35.086|0|2|3|8
0|1|0|0|9
0.161|0|0|0|9
0|1|10|0|9
3.701|0|10|0|9
0|1|11|0|9
3.701|0|11|0|9
0.962|0|12|0|9
0|1|12|0|9
0|1|2|0|9
0.161|0|2|0|9
0.788|0|3|0|9
0|1|3|0|9
0.788|0|6|0|9
0|1|6|0|9
0.788|0|7|0|9
0|1|7|0|9
0.962|0|1|1|9
0|1|1|1|9
0.788|0|2|1|9
0|1|2|1|9
0.962|0|5|1|9
0|1|5|1|9
0|1|6|1|9
0.161|0|6|1|9
0.788|0|7|1|9
0|1|7|1|9
160.911|1|9|1|9
173.86|0|9|1|9
6.765|1|1|2|9
35.086|0|1|2|9
14.469|1|4|2|9
35.086|0|4|2|9
3.022|1|1|3|9
35.086|0|1|3|9
0|1|1|1|0
3.216|0|1|1|0
0|1|11|1|0
2.25|0|11|1|0
0|1|6|1|0
3.216|0|6|1|0
0|1|0|10|0
3.216|0|0|10|0
0|1|1|12|0
3.216|0|1|12|0
0|1|6|13|0
2.25|0|6|13|0
0|1|8|13|0
2.25|0|8|13|0
0|1|9|13|0
3.216|0|9|13|0
0|1|1|2|0
3.216|0|1|2|0
0|1|6|2|0
3.216|0|6|2|0
0|1|1|4|0
2.25|0|1|4|0
0|1|12|6|0
3.216|0|12|6|0
0|1|3|6|0
2.25|0|3|6|0
0|1|8|7|0
3.216|0|8|7|0
0|1|10|9|0
3.216|0|10|9|0
0|1|9|9|0
3.216|0|9|9|0
0|1|2|1|1
3.216|0|2|1|1
0|1|1|0|10
3.216|0|1|0|10
0|1|4|0|10
3.216|0|4|0|10
0|1|2|1|10
3.216|0|2|1|10
0|1|0|2|10
3.216|0|0|2|10
0|1|3|3|10
3.216|0|3|3|10
0|1|5|4|10
3.216|0|5|4|10
0|1|6|4|10
2.25|0|6|4|10
0|1|0|0|11
2.25|0|0|0|11
0|1|10|0|11
3.216|0|10|0|11
0|1|11|0|11
3.216|0|11|0|11
0|1|13|0|11
3.216|0|13|0|11
0|1|3|0|11
3.216|0|3|0|11
0|1|4|0|11
3.216|0|4|0|11
0|1|6|0|11
3.216|0|6|0|11
0|1|9|0|11
2.25|0|9|0|11
0|1|1|1|11
2.25|0|1|1|11
0|1|2|1|11
3.216|0|2|1|11
0|1|0|2|11
2.25|0|0|2|11
0|1|8|2|11
3.216|0|8|2|11
0|1|1|4|11
2.25|0|1|4|11
0|1|0|1|12
3.216|0|0|1|12
0|1|2|1|12
3.216|0|2|1|12
0|1|1|2|12
3.216|0|1|2|12
0|1|13|2|12
3.216|0|13|2|12
0|1|5|2|12
3.216|0|5|2|12
0|1|0|1|13
3.216|0|0|1|13
0|1|10|1|13
2.25|0|10|1|13
0|1|0|0|14
2.25|0|0|0|14
0|1|1|1|14
2.25|0|1|1|14
0|1|2|1|14
3.216|0|2|1|14
0|1|0|10|14
3.216|0|0|10|14
0|1|6|10|14
2.25|0|6|10|14
0|1|2|11|14
3.216|0|2|11|14
0|1|1|12|14
3.216|0|1|12|14
0|1|3|12|14
3.216|0|3|12|14
0|1|2|13|14
2.25|0|2|13|14
0|1|4|13|14
3.216|0|4|13|14
0|1|2|14|14
2.25|0|2|14|14
0|1|5|14|14
3.216|0|5|14|14
0|1|2|15|14
3.216|0|2|15|14
0|1|8|15|14
2.25|0|8|15|14
0|1|0|16|14
2.25|0|0|16|14
0|1|2|16|14
2.25|0|2|16|14
0|1|3|3|14
2.25|0|3|3|14
0|1|0|4|14
3.216|0|0|4|14
0|1|0|5|14
3.216|0|0|5|14
0|1|2|5|14
2.25|0|2|5|14
0|1|4|5|14
2.25|0|4|5|14
0|1|1|6|14
3.216|0|1|6|14
0|1|2|6|14
3.216|0|2|6|14
0|1|4|6|14
3.216|0|4|6|14
0|1|6|6|14
3.216|0|6|6|14
0|1|4|7|14
3.216|0|4|7|14
0|1|0|8|14
3.216|0|0|8|14
0|1|1|9|14
3.216|0|1|9|14
0|1|10|9|14
2.25|0|10|9|14
0|1|2|9|14
3.216|0|2|9|14
0|1|9|9|14
3.216|0|9|9|14
0|1|12|0|15
3.216|0|12|0|15
0|1|4|0|15
3.216|0|4|0|15
0|1|8|0|15
3.216|0|8|0|15
0|1|0|1|15
3.216|0|0|1|15
0|1|1|2|15
2.25|0|1|2|15
0|1|13|2|15
3.216|0|13|2|15
0|1|2|2|15
2.25|0|2|2|15
0|1|3|2|15
2.25|0|3|2|15
0|1|7|2|15
2.25|0|7|2|15
0|1|8|2|15
3.216|0|8|2|15
0|1|1|3|15
2.25|0|1|3|15
0|1|4|3|15
3.216|0|4|3|15
0|1|6|0|16
3.216|0|6|0|16
0|1|4|1|16
3.216|0|4|1|16
0|1|8|1|16
2.25|0|8|1|16
0|1|6|10|16
3.216|0|6|10|16
0|1|7|10|16
2.25|0|7|10|16
0|1|1|2|16
3.216|0|1|2|16
0|1|2|2|16
3.216|0|2|2|16
0|1|3|2|16
3.216|0|3|2|16
0|1|5|4|16
3.216|0|5|4|16
0|1|6|4|16
3.216|0|6|4|16
0|1|2|5|16
2.25|0|2|5|16
0|1|3|5|16
3.216|0|3|5|16
0|1|0|6|16
3.216|0|0|6|16
0|1|1|7|16
3.216|0|1|7|16
0|1|12|8|16
3.216|0|12|8|16
0|1|13|8|16
3.216|0|13|8|16
0|1|2|8|16
3.216|0|2|8|16
0|1|3|8|16
2.25|0|3|8|16
0|1|4|8|16
2.25|0|4|8|16
0|1|9|8|16
3.216|0|9|8|16
0|1|4|9|16
3.216|0|4|9|16
0|1|4|0|17
3.216|0|4|0|17
0|1|1|1|17
2.25|0|1|1|17
0|1|7|1|17
3.216|0|7|1|17
0|1|1|0|18
3.216|0|1|0|18
0|1|2|0|18
2.25|0|2|0|18
0|1|2|1|18
3.216|0|2|1|18
0|1|4|1|18
2.25|0|4|1|18
0|1|2|2|18
3.216|0|2|2|18
0|1|3|2|18
2.25|0|3|2|18
0|1|0|4|18
2.25|0|0|4|18
0|1|7|4|18
3.216|0|7|4|18
0|1|0|0|19
3.216|0|0|0|19
0|1|3|0|19
3.216|0|3|0|19
0|1|4|0|19
3.216|0|4|0|19
0|1|3|0|2
3.216|0|3|0|2
0|1|4|0|2
3.216|0|4|0|2
0|1|9|0|2
2.25|0|9|0|2
0|1|1|2|2
3.216|0|1|2|2
0|1|6|2|2
3.216|0|6|2|2
0|1|8|2|2
3.216|0|8|2|2
0|1|3|3|2
3.216|0|3|3|2
0|1|4|3|2
2.25|0|4|3|2
0|1|5|3|2
3.216|0|5|3|2
0|1|8|3|2
3.216|0|8|3|2
0|1|2|4|2
3.216|0|2|4|2
0|1|1|5|2
3.216|0|1|5|2
0|1|11|5|2
2.25|0|11|5|2
0|1|2|0|20
2.25|0|2|0|20
0|1|0|2|20
3.216|0|0|2|20
0|1|2|2|20
3.216|0|2|2|20
0|1|6|2|20
3.216|0|6|2|20
0|1|1|3|20
3.216|0|1|3|20
0|1|0|5|20
3.216|0|0|5|20
0|1|4|5|20
2.25|0|4|5|20
0|1|5|5|20
2.25|0|5|5|20
0|1|3|6|20
3.216|0|3|6|20
0|1|5|7|20
3.216|0|5|7|20
0|1|7|7|20
3.216|0|7|7|20
0|1|0|1|21
3.216|0|0|1|21
0|1|1|10|21
3.216|0|1|10|21
0|1|11|10|21
3.216|0|11|10|21
0|1|12|10|21
3.216|0|12|10|21
0|1|3|10|21
3.216|0|3|10|21
0|1|0|11|21
2.25|0|0|11|21
0|1|1|11|21
2.25|0|1|11|21
0|1|2|11|21
2.25|0|2|11|21
0|1|3|11|21
3.216|0|3|11|21
0|1|11|13|21
2.25|0|11|13|21
0|1|6|13|21
2.25|0|6|13|21
0|1|9|13|21
3.216|0|9|13|21
0|1|4|2|21
3.216|0|4|2|21
0|1|12|3|21
2.25|0|12|3|21
0|1|13|3|21
2.25|0|13|3|21
0|1|4|3|21
3.216|0|4|3|21
0|1|9|3|21
3.216|0|9|3|21
0|1|0|4|21
2.25|0|0|4|21
0|1|3|4|21
2.25|0|3|4|21
0|1|5|4|21
2.25|0|5|4|21
0|1|0|5|21
3.216|0|0|5|21
0|1|1|5|21
2.25|0|1|5|21
0|1|7|6|21
3.216|0|7|6|21
0|1|3|7|21
2.25|0|3|7|21
0|1|1|9|21
3.216|0|1|9|21
0|1|10|9|21
3.216|0|10|9|21
0|1|11|9|21
2.25|0|11|9|21
0|1|12|9|21
3.216|0|12|9|21
0|1|13|9|21
2.25|0|13|9|21
0|1|3|9|21
3.216|0|3|9|21
0|1|1|3|22
2.25|0|1|3|22
0|1|7|3|22
2.25|0|7|3|22
0|1|3|1|23
3.216|0|3|1|23
0|1|5|1|23
2.25|0|5|1|23
0|1|0|3|23
3.216|0|0|3|23
0|1|5|3|23
3.216|0|5|3|23
0|1|1|0|24
2.25|0|1|0|24
0|1|3|0|24
3.216|0|3|0|24
0|1|5|0|24
3.216|0|5|0|24
0|1|1|1|24
3.216|0|1|1|24
0|1|3|1|24
2.25|0|3|1|24
0|1|1|3|24
3.216|0|1|3|24
0|1|4|3|24
2.25|0|4|3|24
0|1|7|3|24
3.216|0|7|3|24
0|1|8|3|24
2.25|0|8|3|24
0|1|0|7|24
3.216|0|0|7|24
0|1|4|7|24
3.216|0|4|7|24
0|1|5|7|24
3.216|0|5|7|24
0|1|3|0|25
3.216|0|3|0|25
0|1|4|0|25
3.216|0|4|0|25
0|1|0|1|25
3.216|0|0|1|25
0|1|10|1|25
3.216|0|10|1|25
0|1|11|1|25
3.216|0|11|1|25
0|1|2|1|25
2.25|0|2|1|25
0|1|3|1|25
3.216|0|3|1|25
0|1|5|1|25
2.25|0|5|1|25
0|1|2|2|25
3.216|0|2|2|25
0|1|3|2|25
3.216|0|3|2|25
0|1|3|3|25
3.216|0|3|3|25
0|1|5|3|25
3.216|0|5|3|25
0|1|8|4|25
3.216|0|8|4|25
0|1|9|4|25
2.25|0|9|4|25
0|1|1|5|25
3.216|0|1|5|25
0|1|1|0|26
3.216|0|1|0|26
0|1|3|0|26
3.216|0|3|0|26
0|1|3|2|26
2.25|0|3|2|26
0|1|5|2|26
3.216|0|5|2|26
0|1|0|3|26
3.216|0|0|3|26
0|1|10|3|26
2.25|0|10|3|26
0|1|6|4|26
3.216|0|6|4|26
0|1|0|5|26
3.216|0|0|5|26
0|1|3|5|26
3.216|0|3|5|26
0|1|8|5|26
2.25|0|8|5|26
0|1|2|0|27
3.216|0|2|0|27
0|1|0|1|27
2.25|0|0|1|27
0|1|2|3|27
3.216|0|2|3|27
0|1|0|4|27
3.216|0|0|4|27
0|1|4|4|27
2.25|0|4|4|27
0|1|2|5|27
2.25|0|2|5|27
0|1|4|5|27
3.216|0|4|5|27
0|1|6|5|27
3.216|0|6|5|27
0|1|2|6|27
3.216|0|2|6|27
0|1|6|6|27
3.216|0|6|6|27
0|1|2|7|27
3.216|0|2|7|27
0|1|5|7|27
3.216|0|5|7|27
0|1|2|8|27
2.25|0|2|8|27
0|1|3|8|27
3.216|0|3|8|27
0|1|1|9|27
3.216|0|1|9|27
0|1|2|9|27
3.216|0|2|9|27
0|1|10|0|28
3.216|0|10|0|28
0|1|4|0|28
2.25|0|4|0|28
0|1|7|0|28
2.25|0|7|0|28
0|1|8|0|28
3.216|0|8|0|28
0|1|1|1|28
3.216|0|1|1|28
0|1|5|1|28
3.216|0|5|1|28
0|1|7|1|28
3.216|0|7|1|28
0|1|4|10|28
3.216|0|4|10|28
0|1|0|11|28
3.216|0|0|11|28
0|1|3|11|28
3.216|0|3|11|28
0|1|0|13|28
2.25|0|0|13|28
0|1|5|13|28
3.216|0|5|13|28
0|1|6|13|28
3.216|0|6|13|28
0|1|1|14|28
3.216|0|1|14|28
0|1|4|14|28
3.216|0|4|14|28
0|1|3|15|28
2.25|0|3|15|28
0|1|7|15|28
2.25|0|7|15|28
0|1|4|16|28
3.216|0|4|16|28
0|1|1|17|28
3.216|0|1|17|28
0|1|2|2|28
3.216|0|2|2|28
0|1|5|2|28
2.25|0|5|2|28
0|1|0|4|28
3.216|0|0|4|28
0|1|13|4|28
2.25|0|13|4|28
0|1|8|4|28
3.216|0|8|4|28
0|1|3|5|28
3.216|0|3|5|28
0|1|2|6|28
2.25|0|2|6|28
0|1|5|6|28
2.25|0|5|6|28
0|1|1|7|28
3.216|0|1|7|28
0|1|2|7|28
3.216|0|2|7|28
0|1|3|7|28
3.216|0|3|7|28
0|1|1|8|28
2.25|0|1|8|28
0|1|0|9|28
2.25|0|0|9|28
0|1|4|9|28
3.216|0|4|9|28
0|1|12|0|29
3.216|0|12|0|29
0|1|3|0|29
3.216|0|3|0|29
0|1|4|0|29
3.216|0|4|0|29
0|1|8|0|29
2.25|0|8|0|29
0|1|1|2|29
2.25|0|1|2|29
0|1|1|0|3
3.216|0|1|0|3
0|1|12|0|3
3.216|0|12|0|3
0|1|3|1|3
2.25|0|3|1|3
0|1|5|1|3
3.216|0|5|1|3
0|1|0|2|3
3.216|0|0|2|3
0|1|0|3|3
3.216|0|0|3|3
0|1|4|3|3
2.25|0|4|3|3
0|1|6|3|3
3.216|0|6|3|3
0|1|9|3|3
3.216|0|9|3|3
0|1|1|0|30
3.216|0|1|0|30
0|1|2|0|30
3.216|0|2|0|30
0|1|3|0|30
3.216|0|3|0|30
0|1|1|1|30
3.216|0|1|1|30
0|1|0|0|31
3.216|0|0|0|31
0|1|3|0|31
3.216|0|3|0|31
0|1|1|0|32
3.216|0|1|0|32
0|1|5|0|32
3.216|0|5|0|32
0|1|2|11|32
3.216|0|2|11|32
0|1|6|11|32
3.216|0|6|11|32
0|1|0|12|32
2.25|0|0|12|32
0|1|4|12|32
3.216|0|4|12|32
0|1|5|12|32
3.216|0|5|12|32
0|1|7|12|32
3.216|0|7|12|32
0|1|1|13|32
2.25|0|1|13|32
0|1|12|13|32
3.216|0|12|13|32
0|1|4|13|32
3.216|0|4|13|32
0|1|5|13|32
3.216|0|5|13|32
0|1|5|2|32
2.25|0|5|2|32
0|1|0|3|32
2.25|0|0|3|32
0|1|11|4|32
3.216|0|11|4|32
0|1|12|4|32
3.216|0|12|4|32
0|1|13|4|32
3.216|0|13|4|32
0|1|5|4|32
2.25|0|5|4|32
0|1|9|4|32
3.216|0|9|4|32
0|1|0|5|32
3.216|0|0|5|32
0|1|1|5|32
2.25|0|1|5|32
0|1|3|5|32
3.216|0|3|5|32
0|1|8|5|32
3.216|0|8|5|32
0|1|1|6|32
3.216|0|1|6|32
0|1|4|6|32
2.25|0|4|6|32
0|1|8|6|32
3.216|0|8|6|32
0|1|2|7|32
3.216|0|2|7|32
0|1|7|7|32
3.216|0|7|7|32
0|1|1|0|33
3.216|0|1|0|33
0|1|0|1|33
3.216|0|0|1|33
0|1|7|1|33
2.25|0|7|1|33
0|1|0|10|33
3.216|0|0|10|33
0|1|2|11|33
3.216|0|2|11|33
0|1|4|11|33
2.25|0|4|11|33
0|1|6|11|33
3.216|0|6|11|33
0|1|0|2|33
2.25|0|0|2|33
0|1|2|2|33
3.216|0|2|2|33
0|1|4|3|33
2.25|0|4|3|33
0|1|10|4|33
2.25|0|10|4|33
0|1|4|4|33
3.216|0|4|4|33
0|1|7|4|33
3.216|0|7|4|33
0|1|0|6|33
3.216|0|0|6|33
0|1|6|7|33
3.216|0|6|7|33
0|1|3|8|33
2.25|0|3|8|33
0|1|4|8|33
3.216|0|4|8|33
0|1|8|9|33
3.216|0|8|9|33
0|1|0|1|34
3.216|0|0|1|34
0|1|2|5|34
3.216|0|2|5|34
0|1|12|0|35
2.25|0|12|0|35
0|1|3|0|35
2.25|0|3|0|35
0|1|3|1|35
2.25|0|3|1|35
0|1|10|2|35
2.25|0|10|2|35
0|1|11|2|35
2.25|0|11|2|35
0|1|7|2|35
2.25|0|7|2|35
0|1|2|3|35
3.216|0|2|3|35
0|1|9|0|36
3.216|0|9|0|36
0|1|0|1|36
3.216|0|0|1|36
0|1|1|3|36
3.216|0|1|3|36
0|1|3|3|36
2.25|0|3|3|36
0|1|0|4|36
3.216|0|0|4|36
0|1|0|5|36
3.216|0|0|5|36
0|1|0|6|36
2.25|0|0|6|36
0|1|6|6|36
2.25|0|6|6|36
0|1|1|2|37
2.25|0|1|2|37
0|1|13|2|37
3.216|0|13|2|37
0|1|3|2|37
2.25|0|3|2|37
0|1|4|2|37
3.216|0|4|2|37
0|1|1|3|37
2.25|0|1|3|37
0|1|0|4|37
2.25|0|0|4|37
0|1|8|4|37
3.216|0|8|4|37
0|1|11|5|37
3.216|0|11|5|37
0|1|12|5|37
3.216|0|12|5|37
0|1|6|5|37
3.216|0|6|5|37
0|1|8|5|37
3.216|0|8|5|37
0|1|6|6|37
3.216|0|6|6|37
0|1|10|7|37
2.25|0|10|7|37
0|1|4|7|37
2.25|0|4|7|37
0|1|5|7|37
3.216|0|5|7|37
0|1|0|1|38
3.216|0|0|1|38
0|1|1|1|38
3.216|0|1|1|38
0|1|0|10|38
3.216|0|0|10|38
0|1|2|10|38
2.25|0|2|10|38
0|1|3|10|38
2.25|0|3|10|38
0|1|0|2|38
2.25|0|0|2|38
0|1|2|2|38
3.216|0|2|2|38
0|1|1|4|38
2.25|0|1|4|38
0|1|2|6|38
3.216|0|2|6|38
0|1|1|7|38
3.216|0|1|7|38
0|1|1|9|38
3.216|0|1|9|38
0|1|5|9|38
3.216|0|5|9|38
0|1|2|0|39
3.216|0|2|0|39
0|1|0|1|39
2.25|0|0|1|39
0|1|2|1|39
2.25|0|2|1|39
0|1|7|1|39
2.25|0|7|1|39
0|1|6|11|39
3.216|0|6|11|39
0|1|7|11|39
3.216|0|7|11|39
0|1|0|12|39
3.216|0|0|12|39
0|1|3|12|39
3.216|0|3|12|39
0|1|0|13|39
3.216|0|0|13|39
0|1|10|13|39
2.25|0|10|13|39
0|1|11|13|39
2.25|0|11|13|39
0|1|9|13|39
3.216|0|9|13|39
0|1|0|14|39
3.216|0|0|14|39
0|1|3|14|39
3.216|0|3|14|39
0|1|4|14|39
2.25|0|4|14|39
0|1|6|14|39
2.25|0|6|14|39
0|1|7|2|39
3.216|0|7|2|39
0|1|1|3|39
2.25|0|1|3|39
0|1|2|3|39
3.216|0|2|3|39
0|1|0|4|39
3.216|0|0|4|39
0|1|2|4|39
2.25|0|2|4|39
0|1|0|5|39
3.216|0|0|5|39
0|1|3|5|39
3.216|0|3|5|39
0|1|5|5|39
3.216|0|5|5|39
0|1|7|5|39
3.216|0|7|5|39
0|1|4|6|39
3.216|0|4|6|39
0|1|8|6|39
3.216|0|8|6|39
0|1|4|7|39
3.216|0|4|7|39
0|1|7|7|39
2.25|0|7|7|39
0|1|0|8|39
2.25|0|0|8|39
0|1|2|8|39
3.216|0|2|8|39
0|1|8|8|39
2.25|0|8|8|39
0|1|9|8|39
2.25|0|9|8|39
0|1|10|0|4
3.216|0|10|0|4
0|1|3|1|4
3.216|0|3|1|4
0|1|0|10|4
3.216|0|0|10|4
0|1|4|10|4
3.216|0|4|10|4
0|1|8|12|4
3.216|0|8|12|4
0|1|9|12|4
3.216|0|9|12|4
0|1|1|13|4
3.216|0|1|13|4
0|1|6|13|4
2.25|0|6|13|4
0|1|12|4|4
2.25|0|12|4|4
0|1|2|4|4
2.25|0|2|4|4
0|1|4|4|4
3.216|0|4|4|4
0|1|7|4|4
3.216|0|7|4|4
0|1|11|7|4
2.25|0|11|7|4
0|1|13|7|4
3.216|0|13|7|4
0|1|2|7|4
3.216|0|2|7|4
0|1|6|7|4
3.216|0|6|7|4
0|1|7|7|4
3.216|0|7|7|4
0|1|4|8|4
3.216|0|4|8|4
0|1|1|9|4
2.25|0|1|9|4
0|1|4|9|4
3.216|0|4|9|4
0|1|0|0|5
3.216|0|0|0|5
0|1|1|0|5
2.25|0|1|0|5
0|1|2|0|5
2.25|0|2|0|5
0|1|4|0|5
2.25|0|4|0|5
0|1|0|1|5
2.25|0|0|1|5
0|1|1|1|5
2.25|0|1|1|5
0|1|3|1|5
3.216|0|3|1|5
0|1|0|1|6
2.25|0|0|1|6
0|1|4|1|6
2.25|0|4|1|6
0|1|0|2|6
3.216|0|0|2|6
0|1|3|3|6
3.216|0|3|3|6
0|1|5|3|6
3.216|0|5|3|6
0|1|7|3|6
3.216|0|7|3|6
0|1|1|0|7
2.25|0|1|0|7
0|1|2|0|7
3.216|0|2|0|7
0|1|3|0|7
3.216|0|3|0|7
0|1|0|10|7
3.216|0|0|10|7
0|1|10|10|7
3.216|0|10|10|7
0|1|5|10|7
3.216|0|5|10|7
0|1|6|10|7
3.216|0|6|10|7
0|1|8|10|7
2.25|0|8|10|7
0|1|9|10|7
2.25|0|9|10|7
0|1|2|2|7
3.216|0|2|2|7
0|1|7|2|7
3.216|0|7|2|7
0|1|6|3|7
3.216|0|6|3|7
0|1|3|9|7
3.216|0|3|9|7
0|1|4|9|7
3.216|0|4|9|7
0|1|5|9|7
3.216|0|5|9|7
0|1|6|0|8
2.25|0|6|0|8
0|1|1|1|8
2.25|0|1|1|8
0|1|8|1|8
2.25|0|8|1|8
0|1|1|2|8
2.25|0|1|2|8
0|1|2|2|8
3.216|0|2|2|8
0|1|5|2|8
3.216|0|5|2|8
0|1|6|2|8
3.216|0|6|2|8
0|1|1|3|8
3.216|0|1|3|8
0|1|0|4|8
3.216|0|0|4|8
0|1|1|0|9
3.216|0|1|0|9
0|1|4|0|9
2.25|0|4|0|9
0|1|8|0|9
3.216|0|8|0|9
0|1|0|1|9
2.25|0|0|1|9
0|1|8|1|9
2.25|0|8|1|9
0|1|2|2|9
3.216|0|2|2|9
0|1|3|2|9
2.25|0|3|2|9
0|1|5|2|9
2.25|0|5|2|9
0|1|0|0|0
0.982|0|0|0|0
24.738|1|11|0|0
68.451|0|11|0|0
9.585|1|2|0|0
11.721|0|2|0|0
3.689|1|5|0|0
35.086|0|5|0|0
3.076|1|6|0|0
35.086|0|6|0|0
26.631|1|7|0|0
68.451|0|7|0|0
0|1|8|0|0
0.982|0|8|0|0
20.876|1|0|1|0
11.721|0|0|1|0
0|1|10|1|0
0.788|0|10|1|0
0|1|12|1|0
0.788|0|12|1|0
43.559|1|2|1|0
68.451|0|2|1|0
185.79|1|3|1|0
173.861|0|3|1|0
156.05|1|3|1|0
173.861|0|3|1|0
18.558|1|4|1|0
11.721|0|4|1|0
16.513|1|5|1|0
35.086|0|5|1|0
0|1|9|1|0
0.982|0|9|1|0
290.276|1|1|10|0
173.861|0|1|10|0
295.94|1|1|10|0
173.861|0|1|10|0
9.867|1|2|10|0
35.086|0|2|10|0
0|1|0|11|0
0.788|0|0|11|0
22.31|1|2|11|0
68.451|0|2|11|0
8.295|1|0|12|0
35.086|0|0|12|0
0|1|2|12|0
0.982|0|2|12|0
0|1|4|12|0
0.788|0|4|12|0
182.246|1|0|13|0
173.861|0|0|13|0
164.145|1|0|13|0
173.861|0|0|13|0
147.024|1|1|13|0
173.861|0|1|13|0
167.811|1|1|13|0
173.861|0|1|13|0
0|1|10|13|0
0.161|0|10|13|0
14.818|1|11|13|0
11.721|0|11|13|0
378.563|1|3|13|0
173.861|0|3|13|0
388.873|1|3|13|0
173.861|0|3|13|0
19.872|1|5|13|0
11.721|0|5|13|0
5.184|1|7|13|0
35.086|0|7|13|0
0|1|0|2|0
0.161|0|0|2|0
257.388|1|2|2|0
173.861|0|2|2|0
258.78|1|2|2|0
173.861|0|2|2|0
0|1|3|2|0
0.161|0|3|2|0
6.246|1|5|2|0
35.086|0|5|2|0
46.508|1|0|3|0
68.451|0|0|3|0
185.827|1|1|3|0
173.861|0|1|3|0
179.275|1|1|3|0
173.861|0|1|3|0
15.011|1|3|3|0
11.721|0|3|3|0
0|1|0|4|0
0.788|0|0|4|0
0|1|2|4|0
0.788|0|2|4|0
0|1|2|5|0
0.788|0|2|5|0
278.438|1|0|6|0
173.861|0|0|6|0
288.727|1|0|6|0
173.861|0|0|6|0
4.16|1|10|6|0
35.086|0|10|6|0
30.688|1|11|6|0
11.721|0|11|6|0
11.617|1|2|6|0
11.721|0|2|6|0
85.083|1|4|6|0
68.451|0|4|6|0
6.89|1|5|6|0
11.721|0|5|6|0
0|1|9|6|0
0.788|0|9|6|0
353.254|1|0|7|0
173.861|0|0|7|0
335.459|1|0|7|0
173.861|0|0|7|0
16.735|1|6|7|0
68.451|0|6|7|0
30.993|1|7|7|0
11.721|0|7|7|0
9.035|1|0|8|0
11.721|0|0|8|0
0|1|3|8|0
0.788|0|3|8|0
8.248|1|4|8|0
35.086|0|4|8|0
0|1|8|8|0
0.161|0|8|8|0
48.997|1|9|8|0
68.451|0|9|8|0
0|1|0|9|0
0.161|0|0|9|0
9.66|1|1|9|0
35.086|0|1|9|0
0|1|12|9|0
0.161|0|12|9|0
0|1|13|9|0
0.982|0|13|9|0
0|1|3|9|0
0.161|0|3|9|0
0|1|4|9|0
0.788|0|4|9|0
0|1|5|9|0
0.161|0|5|9|0
0|1|6|9|0
0.161|0|6|9|0
156.946|1|7|9|0
173.861|0|7|9|0
162.402|1|7|9|0
173.861|0|7|9|0
386.73|1|8|9|0
173.861|0|8|9|0
393.342|1|8|9|0
173.861|0|8|9|0
3.409|1|1|0|1
35.086|0|1|0|1
441.055|1|0|2|1
173.861|0|0|2|1
428.459|1|0|2|1
173.861|0|0|2|1
9.867|1|3|2|1
35.086|0|3|2|1
16.398|1|4|2|1
11.721|0|4|2|1
226.529|1|5|2|1
173.861|0|5|2|1
243.838|1|5|2|1
173.861|0|5|2|1
0|1|0|0|10
0.161|0|0|0|10
0|1|3|0|10
0.161|0|3|0|10
28.106|1|5|0|10
11.721|0|5|0|10
0|1|6|0|10
0.161|0|6|0|10
17.116|1|7|0|10
11.721|0|7|0|10
0|1|8|0|10
0.788|0|8|0|10
61.401|1|2|2|10
68.451|0|2|2|10
314.147|1|3|2|10
173.861|0|3|2|10
325.975|1|3|2|10
173.861|0|3|2|10
0|1|0|3|10
0.982|0|0|3|10
0|1|0|4|10
0.982|0|0|4|10
0|1|1|4|10
0.788|0|1|4|10
0|1|3|4|10
0.982|0|3|4|10
238.249|1|4|4|10
173.861|0|4|4|10
240.847|1|4|4|10
173.861|0|4|4|10
2.648|1|7|4|10
35.086|0|7|4|10
13.03|1|2|0|11
11.721|0|2|0|11
18.211|1|5|0|11
11.721|0|5|0|11
26.506|1|7|0|11
68.451|0|7|0|11
0|1|8|0|11
0.788|0|8|0|11
15.278|1|3|1|11
11.721|0|3|1|11
0|1|4|1|11
0.982|0|4|1|11
7.036|1|1|2|11
35.086|0|1|2|11
0|1|2|2|11
0.982|0|2|2|11
18.233|1|4|2|11
11.721|0|4|2|11
0|1|5|2|11
0.982|0|5|2|11
54.548|1|6|2|11
68.451|0|6|2|11
186.393|1|7|2|11
173.861|0|7|2|11
176.168|1|7|2|11
173.861|0|7|2|11
196.296|1|9|2|11
173.861|0|9|2|11
183.654|1|9|2|11
173.861|0|9|2|11
2.948|1|0|3|11
35.086|0|0|3|11
16.638|1|0|4|11
35.086|0|0|4|11
14.223|1|0|5|11
11.721|0|0|5|11
6.826|1|1|5|11
35.086|0|1|5|11
0|1|4|5|11
0.788|0|4|5|11
9.189|1|0|0|12
11.721|0|0|0|12
27.131|1|1|0|12
11.721|0|1|0|12
200.246|1|2|0|12
173.861|0|2|0|12
214.618|1|2|0|12
173.861|0|2|0|12
0|1|3|1|12
0.161|0|3|1|12
6.621|1|11|2|12
35.086|0|11|2|12
0|1|12|2|12
0.982|0|12|2|12
4.189|1|2|2|12
35.086|0|2|2|12
0|1|3|2|12
0.161|0|3|2|12
54.31|1|4|2|12
68.451|0|4|2|12
3.214|1|6|2|12
35.086|0|6|2|12
10.804|1|0|3|12
35.086|0|0|3|12
3.931|1|1|3|12
35.086|0|1|3|12
20.123|1|4|3|12
11.721|0|4|3|12
0|1|6|3|12
0.788|0|6|3|12
0|1|0|0|13
0.788|0|0|0|13
55.884|1|1|0|13
68.451|0|1|0|13
0|1|11|1|13
0.161|0|11|1|13
0|1|12|1|13
0.982|0|12|1|13
0|1|13|1|13
0.161|0|13|1|13
215.123|1|2|1|13
173.861|0|2|1|13
231.45|1|2|1|13
173.861|0|2|1|13
0|1|4|1|13
0.982|0|4|1|13
0|1|5|1|13
0.788|0|5|1|13
544.58|1|7|1|13
173.862|0|7|1|13
543.96|1|7|1|13
173.862|0|7|1|13
0|1|8|1|13
0.788|0|8|1|13
6.593|1|1|10|14
35.086|0|1|10|14
105.943|1|3|10|14
173.86|0|3|10|14
102.439|1|3|10|14
173.86|0|3|10|14
0|1|4|10|14
0.788|0|4|10|14
28.835|1|5|10|14
11.721|0|5|10|14
5.143|1|8|10|14
35.086|0|8|10|14
0|1|9|10|14
0.161|0|9|10|14
9.507|1|0|11|14
11.721|0|0|11|14
0|1|1|11|14
0.982|0|1|11|14
4.151|1|0|12|14
35.086|0|0|12|14
12.359|1|10|12|14
11.721|0|10|12|14
10.758|1|11|12|14
11.721|0|11|12|14
0|1|12|12|14
0.982|0|12|12|14
5.371|1|13|12|14
35.086|0|13|12|14
315.25|1|4|12|14
173.861|0|4|12|14
310.156|1|4|12|14
173.861|0|4|12|14
5.432|1|5|12|14
35.086|0|5|12|14
0|1|6|12|14
0.982|0|6|12|14
187.658|1|7|12|14
173.861|0|7|12|14
183.589|1|7|12|14
173.861|0|7|12|14
0|1|9|12|14
0.788|0|9|12|14
0|1|0|13|14
0.788|0|0|13|14
472.785|1|1|13|14
173.862|0|1|13|14
486.41|1|1|13|14
173.862|0|1|13|14
17.698|1|3|13|14
11.721|0|3|13|14
0|1|1|14|14
0.982|0|1|14|14
8.086|1|10|14|14
11.721|0|10|14|14
0|1|11|14|14
0.161|0|11|14|14
86.92|1|3|14|14
68.451|0|3|14|14
83.782|1|4|14|14
68.451|0|4|14|14
12.42|1|6|14|14
35.086|0|6|14|14
0|1|8|14|14
0.982|0|8|14|14
0|1|9|14|14
0.161|0|9|14|14
196.41|1|1|15|14
173.861|0|1|15|14
177.046|1|1|15|14
173.861|0|1|15|14
0|1|3|15|14
0.982|0|3|15|14
36.594|1|5|15|14
68.451|0|5|15|14
30.666|1|6|15|14
68.451|0|6|15|14
6.443|1|7|15|14
35.086|0|7|15|14
12.788|1|9|15|14
11.721|0|9|15|14
0|1|1|16|14
0.161|0|1|16|14
13.677|1|3|16|14
11.721|0|3|16|14
0|1|0|17|14
0.161|0|0|17|14
0|1|1|17|14
0.982|0|1|17|14
0|1|0|2|14
0.982|0|0|2|14
3.419|1|1|2|14
35.086|0|1|2|14
0|1|3|2|14
0.161|0|3|2|14
0|1|4|2|14
0.788|0|4|2|14
5.261|1|0|3|14
35.086|0|0|3|14
67.035|1|4|3|14
68.451|0|4|3|14
311.431|1|5|3|14
173.861|0|5|3|14
320.823|1|5|3|14
173.861|0|5|3|14
120.468|1|1|4|14
173.86|0|1|4|14
130.556|1|1|4|14
173.86|0|1|4|14
22.61|1|1|5|14
68.451|0|1|5|14
0|1|3|5|14
0.161|0|3|5|14
187.626|1|5|5|14
173.861|0|5|5|14
211.335|1|5|5|14
173.861|0|5|5|14
8.851|1|10|6|14
35.086|0|10|6|14
0|1|11|6|14
0.982|0|11|6|14
44.878|1|12|6|14
68.451|0|12|6|14
53.222|1|3|6|14
68.451|0|3|6|14
0|1|5|6|14
0.788|0|5|6|14
0|1|8|6|14
0.982|0|8|6|14
22.624|1|9|6|14
11.721|0|9|6|14
0|1|1|7|14
0.982|0|1|7|14
0|1|2|7|14
0.788|0|2|7|14
31.407|1|3|7|14
11.721|0|3|7|14
124.871|1|1|8|14
173.86|0|1|8|14
121.352|1|1|8|14
173.86|0|1|8|14
0|1|2|8|14
0.161|0|2|8|14
80.67|1|3|8|14
68.451|0|3|8|14
61.595|1|0|9|14
68.451|0|0|9|14
34.188|1|11|9|14
68.451|0|11|9|14
23.948|1|12|9|14
11.721|0|12|9|14
3.536|1|13|9|14
35.086|0|13|9|14
21.375|1|3|9|14
11.721|0|3|9|14
27.517|1|4|9|14
11.721|0|4|9|14
6.169|1|8|9|14
35.086|0|8|9|14
303.444|1|0|0|15
173.861|0|0|0|15
266.842|1|0|0|15
173.861|0|0|0|15
0|1|11|0|15
0.161|0|11|0|15
0|1|2|0|15
0.161|0|2|0|15
0|1|5|0|15
0.982|0|5|0|15
3.132|1|6|0|15
35.086|0|6|0|15
75.696|1|7|0|15
68.451|0|7|0|15
0|1|9|0|15
0.788|0|9|0|15
0|1|10|2|15
0.982|0|10|2|15
125.321|1|11|2|15
173.86|0|11|2|15
116.404|1|11|2|15
173.86|0|11|2|15
4.436|1|9|2|15
35.086|0|9|2|15
0|1|2|3|15
0.161|0|2|3|15
58.947|1|3|3|15
68.451|0|3|3|15
0|1|6|3|15
0.788|0|6|3|15
4.132|1|0|0|16
35.086|0|0|0|16
9.732|1|1|0|16
35.086|0|1|0|16
3.262|1|10|0|16
35.086|0|10|0|16
0|1|12|0|16
0.788|0|12|0|16
73.156|1|13|0|16
68.451|0|13|0|16
3.397|1|3|0|16
35.086|0|3|0|16
37.372|1|7|0|16
68.451|0|7|0|16
0|1|0|1|16
0.788|0|0|1|16
0|1|1|1|16
0.161|0|1|1|16
0|1|3|1|16
0.788|0|3|1|16
4.1|1|7|1|16
35.086|0|7|1|16
27.526|1|2|10|16
11.721|0|2|10|16
346.977|1|3|10|16
173.861|0|3|10|16
342.757|1|3|10|16
173.861|0|3|10|16
6.331|1|4|10|16
35.086|0|4|10|16
67.555|1|8|10|16
68.451|0|8|10|16
71.097|1|9|10|16
68.451|0|9|10|16
0|1|0|2|16
0.788|0|0|2|16
44.946|1|0|3|16
68.451|0|0|3|16
0|1|1|3|16
0.982|0|1|3|16
3.636|1|2|3|16
35.086|0|2|3|16
0|1|0|4|16
0.788|0|0|4|16
397.06|1|1|4|16
173.861|0|1|4|16
419.907|1|1|4|16
173.861|0|1|4|16
135.257|1|3|4|16
173.86|0|3|4|16
126.778|1|3|4|16
173.86|0|3|4|16
0|1|4|4|16
0.161|0|4|4|16
40.567|1|1|5|16
11.721|0|1|5|16
28.133|1|3|6|16
68.451|0|3|6|16
196.713|1|4|6|16
173.861|0|4|6|16
201.502|1|4|6|16
173.861|0|4|6|16
0|1|5|6|16
0.982|0|5|6|16
22.328|1|2|7|16
68.451|0|2|7|16
21.495|1|3|7|16
11.721|0|3|7|16
0|1|0|8|16
0.161|0|0|8|16
3.197|1|1|8|16
35.086|0|1|8|16
330.79|1|5|8|16
173.861|0|5|8|16
325.278|1|5|8|16
173.861|0|5|8|16
0|1|6|8|16
0.161|0|6|8|16
0|1|0|9|16
0.982|0|0|9|16
155.737|1|1|9|16
173.86|0|1|9|16
156.407|1|1|9|16
173.86|0|1|9|16
11.07|1|2|9|16
11.721|0|2|9|16
0|1|5|9|16
0.788|0|5|9|16
0|1|0|0|17
0.788|0|0|0|17
0|1|1|0|17
0.788|0|1|0|17
3.529|1|2|0|17
35.086|0|2|0|17
0|1|3|0|17
0.982|0|3|0|17
44.533|1|0|1|17
68.451|0|0|1|17
12.651|1|3|1|17
11.721|0|3|1|17
222.191|1|4|1|17
173.861|0|4|1|17
240.961|1|4|1|17
173.861|0|4|1|17
10.047|1|2|2|17
35.086|0|2|2|17
249.213|1|0|3|17
173.861|0|0|3|17
232.132|1|0|3|17
173.861|0|0|3|17
514.531|1|0|0|18
173.862|0|0|0|18
492.208|1|0|0|18
173.862|0|0|0|18
0|1|3|0|18
0.982|0|3|0|18
8.38|1|4|0|18
11.721|0|4|0|18
0|1|0|1|18
0.788|0|0|1|18
70.768|1|3|1|18
68.451|0|3|1|18
41.322|1|0|2|18
68.451|0|0|2|18
0|1|1|2|18
0.788|0|1|2|18
7.177|1|5|2|18
11.721|0|5|2|18
32.667|1|5|3|18
68.451|0|5|3|18
11.146|1|8|3|18
11.721|0|8|3|18
0|1|9|3|18
0.788|0|9|3|18
0|1|1|4|18
0.982|0|1|4|18
53.285|1|2|4|18
68.451|0|2|4|18
27.417|1|3|4|18
11.721|0|3|4|18
0|1|5|4|18
0.982|0|5|4|18
0|1|6|4|18
0.982|0|6|4|18
378.522|1|8|4|18
173.861|0|8|4|18
378.763|1|8|4|18
173.861|0|8|4|18
0|1|2|0|19
0.161|0|2|0|19
0|1|6|0|19
0.788|0|6|0|19
0|1|0|0|2
0.788|0|0|0|2
21.917|1|13|0|2
11.721|0|13|0|2
0|1|2|0|2
0.161|0|2|0|2
0|1|6|0|2
0.982|0|6|0|2
0|1|7|0|2
0.161|0|7|0|2
24.449|1|1|1|2
11.721|0|1|1|2
62.459|1|0|2|2
68.451|0|0|2|2
0|1|2|2|2
0.161|0|2|2|2
183.954|1|3|2|2
173.861|0|3|2|2
190.772|1|3|2|2
173.861|0|3|2|2
266.222|1|4|2|2
173.861|0|4|2|2
272.542|1|4|2|2
173.861|0|4|2|2
138.769|1|5|2|2
173.86|0|5|2|2
137.858|1|5|2|2
173.86|0|5|2|2
43.555|1|7|2|2
68.451|0|7|2|2
27.458|1|1|3|2
68.451|0|1|3|2
0|1|6|3|2
0.788|0|6|3|2
0|1|9|3|2
0.788|0|9|3|2
0|1|0|4|2
0.161|0|0|4|2
79.603|1|1|4|2
68.451|0|1|4|2
0|1|3|4|2
0.982|0|3|4|2
2.842|1|0|5|2
35.086|0|0|5|2
163.78|1|3|5|2
173.86|0|3|5|2
144.488|1|3|5|2
173.86|0|3|5|2
25.424|1|4|5|2
11.721|0|4|5|2
0|1|6|5|2
0.788|0|6|5|2
13.726|1|7|5|2
35.086|0|7|5|2
0|1|8|5|2
0.982|0|8|5|2
0|1|0|0|20
0.161|0|0|0|20
0|1|1|0|20
0.788|0|1|0|20
458.023|1|3|0|20
173.862|0|3|0|20
451.406|1|3|0|20
173.862|0|3|0|20
0|1|4|0|20
0.788|0|4|0|20
0|1|5|0|20
0.982|0|5|0|20
6.009|1|6|0|20
35.086|0|6|0|20
89.202|1|7|0|20
173.86|0|7|0|20
96.105|1|7|0|20
173.86|0|7|0|20
0|1|0|1|20
0.161|0|0|1|20
0|1|1|1|20
0.788|0|1|1|20
7.008|1|2|1|20
11.721|0|2|1|20
24.037|1|3|1|20
68.451|0|3|1|20
0|1|5|1|20
0.788|0|5|1|20
253.74|1|3|2|20
173.861|0|3|2|20
240.82|1|3|2|20
173.861|0|3|2|20
0|1|4|2|20
0.788|0|4|2|20
0|1|5|2|20
0.788|0|5|2|20
293.775|1|0|4|20
173.861|0|0|4|20
284.349|1|0|4|20
173.861|0|0|4|20
28.276|1|10|4|20
68.451|0|10|4|20
227.844|1|3|4|20
173.861|0|3|4|20
246.912|1|3|4|20
173.861|0|3|4|20
349.928|1|4|4|20
173.861|0|4|4|20
329.34|1|4|4|20
173.861|0|4|4|20
0|1|5|4|20
0.161|0|5|4|20
10.24|1|6|4|20
35.086|0|6|4|20
209.176|1|7|4|20
173.861|0|7|4|20
223.939|1|7|4|20
173.861|0|7|4|20
0|1|8|4|20
0.788|0|8|4|20
317.731|1|9|4|20
173.861|0|9|4|20
314.299|1|9|4|20
173.861|0|9|4|20
114.76|1|1|5|20
173.86|0|1|5|20
98.424|1|1|5|20
173.86|0|1|5|20
0|1|2|5|20
0.788|0|2|5|20
161.986|1|6|5|20
68.452|0|6|5|20
0|1|7|5|20
0.788|0|7|5|20
75.664|1|1|6|20
68.451|0|1|6|20
10.145|1|2|6|20
35.086|0|2|6|20
86.023|1|4|6|20
68.451|0|4|6|20
0|1|5|6|20
0.161|0|5|6|20
38.068|1|6|6|20
68.451|0|6|6|20
0|1|7|6|20
0.982|0|7|6|20
0|1|0|7|20
0.788|0|0|7|20
31.492|1|3|7|20
68.451|0|3|7|20
0|1|6|7|20
0.161|0|6|7|20
0|1|8|7|20
0.788|0|8|7|20
21.388|1|1|0|21
68.451|0|1|0|21
33.493|1|2|0|21
68.451|0|2|0|21
0|1|0|10|21
0.161|0|0|10|21
6.774|1|10|10|21
11.721|0|10|10|21
9.369|1|13|10|21
35.086|0|13|10|21
34.453|1|4|10|21
68.451|0|4|10|21
7.623|1|6|10|21
35.086|0|6|10|21
0|1|7|10|21
0.161|0|7|10|21
28.911|1|8|10|21
11.721|0|8|10|21
18.695|1|9|10|21
11.721|0|9|10|21
345.584|1|4|11|21
173.861|0|4|11|21
335.232|1|4|11|21
173.861|0|4|11|21
0|1|7|11|21
0.788|0|7|11|21
222.51|1|8|11|21
173.861|0|8|11|21
224.393|1|8|11|21
173.861|0|8|11|21
0|1|0|12|21
0.982|0|0|12|21
0|1|5|12|21
0.982|0|5|12|21
8.93|1|6|12|21
11.721|0|6|12|21
19.6|1|10|13|21
11.721|0|10|13|21
0|1|2|13|21
0.982|0|2|13|21
0|1|8|13|21
0.161|0|8|13|21
0|1|0|2|21
0.982|0|0|2|21
0|1|1|2|21
0.982|0|1|2|21
196.489|1|3|2|21
173.861|0|3|2|21
191.639|1|3|2|21
173.861|0|3|2|21
3.66|1|10|3|21
35.086|0|10|3|21
17.142|1|11|3|21
11.721|0|11|3|21
0|1|2|3|21
0.161|0|2|3|21
21.059|1|3|3|21
11.721|0|3|3|21
0|1|5|3|21
0.982|0|5|3|21
0|1|6|3|21
0.982|0|6|3|21
35.762|1|7|3|21
68.451|0|7|3|21
63.49|1|1|4|21
68.451|0|1|4|21
0|1|10|4|21
0.161|0|10|4|21
0|1|11|4|21
0.161|0|11|4|21
0|1|2|4|21
0.161|0|2|4|21
0|1|4|4|21
0.788|0|4|4|21
7.021|1|6|4|21
35.086|0|6|4|21
40.443|1|9|4|21
68.451|0|9|4|21
0|1|2|5|21
0.788|0|2|5|21
0|1|3|5|21
0.161|0|3|5|21
0|1|10|6|21
0.982|0|10|6|21
8.823|1|11|6|21
35.086|0|11|6|21
78.356|1|12|6|21
68.451|0|12|6|21
73.27|1|13|6|21
68.451|0|13|6|21
0|1|2|6|21
0.161|0|2|6|21
17.197|1|3|6|21
11.721|0|3|6|21
0|1|4|6|21
0.788|0|4|6|21
35.749|1|5|6|21
68.451|0|5|6|21
0|1|6|6|21
0.982|0|6|6|21
36.024|1|8|6|21
11.721|0|8|6|21
9.616|1|9|6|21
11.721|0|9|6|21
0|1|4|7|21
0.161|0|4|7|21
67.662|1|0|8|21
68.451|0|0|8|21
0|1|1|8|21
0.982|0|1|8|21
0|1|10|8|21
0.788|0|10|8|21
0|1|11|8|21
0.788|0|11|8|21
0|1|2|8|21
0.982|0|2|8|21
0|1|5|8|21
0.161|0|5|8|21
0|1|6|8|21
0.788|0|6|8|21
0|1|7|8|21
0.982|0|7|8|21
0|1|8|8|21
0.982|0|8|8|21
0|1|9|8|21
0.788|0|9|8|21
12.254|1|0|9|21
11.721|0|0|9|21
55.719|1|4|9|21
68.451|0|4|9|21
0|1|6|9|21
0.982|0|6|9|21
0|1|7|9|21
0.788|0|7|9|21
6.226|1|8|9|21
11.721|0|8|9|21
0|1|0|0|22
0.788|0|0|0|22
42.03|1|2|0|22
68.451|0|2|0|22
12.939|1|5|0|22
11.721|0|5|0|22
0|1|6|0|22
0.788|0|6|0|22
0|1|0|2|22
0.982|0|0|2|22
2.877|1|10|2|22
35.086|0|10|2|22
0|1|11|2|22
0.788|0|11|2|22
61.255|1|13|2|22
68.451|0|13|2|22
9.953|1|4|2|22
11.721|0|4|2|22
0|1|5|2|22
0.788|0|5|2|22
21.305|1|6|2|22
11.721|0|6|2|22
0|1|8|2|22
0.788|0|8|2|22
18.037|1|0|3|22
68.451|0|0|3|22
0|1|2|3|22
0.161|0|2|3|22
24.4|1|3|3|22
68.451|0|3|3|22
0|1|1|0|23
0.788|0|1|0|23
0|1|0|1|23
0.788|0|0|1|23
12.478|1|1|1|23
11.721|0|1|1|23
4.921|1|2|1|23
35.086|0|2|1|23
0|1|4|1|23
0.161|0|4|1|23
6.393|1|6|1|23
35.086|0|6|1|23
3.598|1|0|2|23
35.086|0|0|2|23
235.053|1|2|2|23
173.861|0|2|2|23
208.328|1|2|2|23
173.861|0|2|2|23
278.863|1|3|2|23
173.861|0|3|2|23
288.618|1|3|2|23
173.861|0|3|2|23
0|1|1|3|23
0.788|0|1|3|23
5.761|1|2|3|23
35.086|0|2|3|23
6.244|1|4|3|23
35.086|0|4|3|23
0|1|6|3|23
0.788|0|6|3|23
4.71|1|10|0|24
35.086|0|10|0|24
70.381|1|11|0|24
68.451|0|11|0|24
8.465|1|13|0|24
35.086|0|13|0|24
0|1|2|0|24
0.982|0|2|0|24
6.474|1|4|0|24
11.721|0|4|0|24
0|1|6|0|24
0.982|0|6|0|24
29.463|1|8|0|24
68.451|0|8|0|24
11.89|1|9|0|24
11.721|0|9|0|24
5.82|1|0|1|24
35.086|0|0|1|24
6.806|1|2|1|24
35.086|0|2|1|24
0|1|0|2|24
0.788|0|0|2|24
5.048|1|0|3|24
35.086|0|0|3|24
190.993|1|10|3|24
173.861|0|10|3|24
172.578|1|10|3|24
173.861|0|10|3|24
200.899|1|11|3|24
173.861|0|11|3|24
186.919|1|11|3|24
173.861|0|11|3|24
11.981|1|3|3|24
11.721|0|3|3|24
49.316|1|5|3|24
68.451|0|5|3|24
36.662|1|1|4|24
68.451|0|1|4|24
210.007|1|2|4|24
173.861|0|2|4|24
215.608|1|2|4|24
173.861|0|2|4|24
0|1|3|4|24
0.788|0|3|4|24
7.033|1|1|5|24
35.086|0|1|5|24
0|1|2|5|24
0.161|0|2|5|24
0|1|0|6|24
0.161|0|0|6|24
46.914|1|1|6|24
68.451|0|1|6|24
41.099|1|2|6|24
68.451|0|2|6|24
10.819|1|3|6|24
35.086|0|3|6|24
0|1|4|6|24
0.788|0|4|6|24
52.643|1|1|7|24
68.451|0|1|7|24
193.977|1|2|7|24
173.861|0|2|7|24
185.685|1|2|7|24
173.861|0|2|7|24
419.697|1|5|0|25
173.861|0|5|0|25
429.479|1|5|0|25
173.861|0|5|0|25
50.48|1|7|0|25
68.451|0|7|0|25
2.763|1|8|0|25
35.086|0|8|0|25
0|1|12|1|25
0.982|0|12|1|25
0|1|4|1|25
0.788|0|4|1|25
3.933|1|6|1|25
35.086|0|6|1|25
0|1|8|1|25
0.982|0|8|1|25
7.061|1|0|3|25
35.086|0|0|3|25
0|1|1|3|25
0.982|0|1|3|25
0|1|4|3|25
0.161|0|4|3|25
319.083|1|0|4|25
173.861|0|0|4|25
333.173|1|0|4|25
173.861|0|0|4|25
0|1|3|4|25
0.161|0|3|4|25
256.607|1|4|4|25
173.861|0|4|4|25
241.396|1|4|4|25
173.861|0|4|4|25
45.355|1|5|4|25
68.451|0|5|4|25
12.197|1|7|4|25
35.086|0|7|4|25
8.534|1|0|5|25
11.721|0|0|5|25
0|1|0|0|26
0.161|0|0|0|26
5.15|1|4|0|26
35.086|0|4|0|26
234.66|1|3|1|26
173.861|0|3|1|26
217.622|1|3|1|26
173.861|0|3|1|26
0|1|1|2|26
0.161|0|1|2|26
6.912|1|4|2|26
35.086|0|4|2|26
6.333|1|6|2|26
11.721|0|6|2|26
159.515|1|1|3|26
173.861|0|1|3|26
162.454|1|1|3|26
173.861|0|1|3|26
0|1|2|3|26
0.788|0|2|3|26
12.678|1|3|3|26
11.721|0|3|3|26
8.34|1|5|3|26
35.086|0|5|3|26
285.796|1|6|3|26
173.861|0|6|3|26
279.616|1|6|3|26
173.861|0|6|3|26
0|1|7|3|26
0.982|0|7|3|26
0|1|0|4|26
0.788|0|0|4|26
34.738|1|11|4|26
68.451|0|11|4|26
128.144|1|12|4|26
68.451|0|12|4|26
0|1|2|4|26
0.161|0|2|4|26
0|1|4|4|26
0.161|0|4|4|26
0|1|5|4|26
0.788|0|5|4|26
15.52|1|7|4|26
11.721|0|7|4|26
0|1|8|4|26
0.788|0|8|4|26
93.41|1|9|4|26
173.86|0|9|4|26
101.292|1|9|4|26
173.86|0|9|4|26
0|1|1|5|26
0.161|0|1|5|26
0|1|2|5|26
0.982|0|2|5|26
0|1|6|5|26
0.788|0|6|5|26
44.852|1|7|5|26
68.451|0|7|5|26
10.175|1|0|0|27
35.086|0|0|0|27
0|1|1|0|27
0.161|0|1|0|27
21.349|1|1|1|27
11.721|0|1|1|27
0|1|2|1|27
0.161|0|2|1|27
57.926|1|4|1|27
68.451|0|4|1|27
0|1|5|1|27
0.161|0|5|1|27
0|1|7|1|27
0.982|0|7|1|27
0|1|0|2|27
0.788|0|0|2|27
0|1|2|2|27
0.161|0|2|2|27
12.515|1|0|3|27
11.721|0|0|3|27
2.728|1|1|3|27
35.086|0|1|3|27
0|1|1|4|27
0.788|0|1|4|27
0|1|2|4|27
0.161|0|2|4|27
0|1|3|4|27
0.788|0|3|4|27
0|1|0|5|27
0.788|0|0|5|27
0|1|1|5|27
0.788|0|1|5|27
0|1|3|5|27
0.161|0|3|5|27
458.836|1|5|5|27
173.862|0|5|5|27
450.42|1|5|5|27
173.862|0|5|5|27
0|1|7|5|27
0.788|0|7|5|27
0|1|4|6|27
0.161|0|4|6|27
0|1|0|7|27
0.788|0|0|7|27
37.051|1|1|7|27
68.451|0|1|7|27
0|1|3|7|27
0.788|0|3|7|27
16.109|1|4|7|27
11.721|0|4|7|27
9.752|1|6|7|27
35.086|0|6|7|27
0|1|0|8|27
0.161|0|0|8|27
182.44|1|0|9|27
173.861|0|0|9|27
182.569|1|0|9|27
173.861|0|0|9|27
12.839|1|3|9|27
35.086|0|3|9|27
4.503|1|4|9|27
35.086|0|4|9|27
4.106|1|5|9|27
35.086|0|5|9|27
16.849|1|0|0|28
11.721|0|0|0|28
3.166|1|1|0|28
35.086|0|1|0|28
205.308|1|6|0|28
173.861|0|6|0|28
222.288|1|6|0|28
173.861|0|6|0|28
0|1|0|1|28
0.788|0|0|1|28
0|1|4|1|28
0.161|0|4|1|28
0|1|6|1|28
0.788|0|6|1|28
232.16|1|1|10|28
173.861|0|1|10|28
228.366|1|1|10|28
173.861|0|1|10|28
8.024|1|2|10|28
11.721|0|2|10|28
0|1|3|10|28
0.788|0|3|10|28
274.345|1|6|10|28
173.861|0|6|10|28
288.554|1|6|10|28
173.861|0|6|10|28
9.323|1|0|12|28
11.721|0|0|12|28
8.945|1|1|12|28
35.086|0|1|12|28
30.603|1|2|12|28
68.451|0|2|12|28
3.38|1|3|12|28
35.086|0|3|12|28
289.367|1|5|12|28
173.861|0|5|12|28
294.786|1|5|12|28
173.861|0|5|12|28
0|1|2|13|28
0.788|0|2|13|28
0|1|3|13|28
0.982|0|3|13|28
46.504|1|4|13|28
68.451|0|4|13|28
0|1|0|14|28
0.982|0|0|14|28
185.732|1|3|14|28
173.861|0|3|14|28
177.627|1|3|14|28
173.861|0|3|14|28
4.758|1|5|14|28
35.086|0|5|14|28
0|1|6|14|28
0.161|0|6|14|28
31.582|1|0|15|28
68.451|0|0|15|28
6.16|1|1|15|28
35.086|0|1|15|28
184.968|1|2|15|28
173.861|0|2|15|28
193.611|1|2|15|28
173.861|0|2|15|28
19.515|1|4|15|28
11.721|0|4|15|28
4.986|1|5|15|28
35.086|0|5|15|28
0|1|9|15|28
0.788|0|9|15|28
25.459|1|0|16|28
11.721|0|0|16|28
0|1|1|16|28
0.982|0|1|16|28
0|1|2|16|28
0.982|0|2|16|28
0|1|5|16|28
0.161|0|5|16|28
39.458|1|0|17|28
68.451|0|0|17|28
47.218|1|3|17|28
68.451|0|3|17|28
0|1|0|2|28
0.982|0|0|2|28
13.167|1|1|2|28
11.721|0|1|2|28
5.667|1|4|2|28
11.721|0|4|2|28
369.467|1|6|2|28
173.861|0|6|2|28
380.607|1|6|2|28
173.861|0|6|2|28
0|1|0|3|28
0.982|0|0|3|28
6.868|1|1|3|28
35.086|0|1|3|28
0|1|2|3|28
0.982|0|2|3|28
0|1|4|3|28
0.788|0|4|3|28
22.432|1|5|3|28
68.451|0|5|3|28
9.917|1|6|3|28
11.721|0|6|3|28
481.284|1|1|4|28
173.862|0|1|4|28
488.418|1|1|4|28
173.862|0|1|4|28
38.028|1|10|4|28
68.451|0|10|4|28
457.438|1|12|4|28
173.862|0|12|4|28
472.913|1|12|4|28
173.862|0|12|4|28
2.799|1|4|4|28
35.086|0|4|4|28
60.165|1|5|4|28
68.451|0|5|4|28
0|1|6|4|28
0.982|0|6|4|28
0|1|0|5|28
0.161|0|0|5|28
0|1|1|5|28
0.788|0|1|5|28
9.857|1|2|5|28
11.721|0|2|5|28
17.131|1|4|5|28
11.721|0|4|5|28
0|1|0|6|28
0.788|0|0|6|28
0|1|1|6|28
0.161|0|1|6|28
27.688|1|3|6|28
11.721|0|3|6|28
7.345|1|4|6|28
11.721|0|4|6|28
8.034|1|6|6|28
35.086|0|6|6|28
0|1|8|6|28
0.982|0|8|6|28
141.278|1|9|6|28
173.86|0|9|6|28
144.196|1|9|6|28
173.86|0|9|6|28
53.639|1|4|7|28
68.451|0|4|7|28
534.358|1|10|9|28
173.862|0|10|9|28
516.658|1|10|9|28
173.862|0|10|9|28
0|1|11|9|28
0.161|0|11|9|28
0|1|12|9|28
0.161|0|12|9|28
0|1|13|9|28
0.788|0|13|9|28
0|1|3|9|28
0.982|0|3|9|28
0|1|6|9|28
0.788|0|6|9|28
0|1|7|9|28
0.982|0|7|9|28
0|1|8|9|28
0.788|0|8|9|28
238.955|1|9|9|28
173.861|0|9|9|28
237.806|1|9|9|28
173.861|0|9|9|28
6.226|1|1|0|29
11.721|0|1|0|29
0|1|13|0|29
0.982|0|13|0|29
0|1|2|0|29
0.982|0|2|0|29
7.563|1|5|0|29
11.721|0|5|0|29
0|1|6|0|29
0.982|0|6|0|29
246.748|1|0|1|29
173.861|0|0|1|29
263.779|1|0|1|29
173.861|0|0|1|29
0|1|1|1|29
0.982|0|1|1|29
139.968|1|2|1|29
173.86|0|2|1|29
146.668|1|2|1|29
173.86|0|2|1|29
15.663|1|0|2|29
11.721|0|0|2|29
16.07|1|2|2|29
11.721|0|2|2|29
0|1|11|0|3
0.161|0|11|0|3
12.903|1|13|0|3
35.086|0|13|0|3
36.093|1|4|0|3
68.451|0|4|0|3
0|1|5|0|3
0.982|0|5|0|3
0|1|7|0|3
0.161|0|7|0|3
0|1|8|0|3
0.161|0|8|0|3
500.745|1|9|0|3
173.862|0|9|0|3
483.467|1|9|0|3
173.862|0|9|0|3
367.897|1|0|1|3
173.861|0|0|1|3
373.636|1|0|1|3
173.861|0|0|1|3
8.899|1|4|1|3
11.721|0|4|1|3
33.235|1|3|2|3
68.451|0|3|2|3
36.961|1|10|3|3
68.451|0|10|3|3
36.003|1|11|3|3
68.451|0|11|3|3
0|1|13|3|3
0.161|0|13|3|3
4.429|1|2|3|3
35.086|0|2|3|3
19.059|1|3|3|3
11.721|0|3|3|3
102.767|1|0|0|30
68.451|0|0|0|30
0|1|2|1|30
0.788|0|2|1|30
0|1|3|1|30
0.788|0|3|1|30
0|1|1|0|31
0.788|0|1|0|31
47.091|1|2|0|31
68.451|0|2|0|31
0|1|4|0|31
0.161|0|4|0|31
0|1|6|0|31
0.788|0|6|0|31
25.885|1|0|0|32
11.721|0|0|0|32
0|1|2|0|32
0.982|0|2|0|32
14.98|1|3|0|32
35.086|0|3|0|32
0|1|4|0|32
0.161|0|4|0|32
417.483|1|6|0|32
173.861|0|6|0|32
428.547|1|6|0|32
173.861|0|6|0|32
46.274|1|7|0|32
68.451|0|7|0|32
0|1|9|0|32
0.788|0|9|0|32
29.741|1|0|10|32
11.721|0|0|10|32
0|1|1|10|32
0.161|0|1|10|32
0|1|0|11|32
0.982|0|0|11|32
0|1|1|11|32
0.982|0|1|11|32
0|1|3|11|32
0.788|0|3|11|32
0|1|4|11|32
0.788|0|4|11|32
6|1|3|12|32
11.721|0|3|12|32
0|1|6|12|32
0.788|0|6|12|32
0|1|8|12|32
0.161|0|8|12|32
0|1|0|13|32
0.788|0|0|13|32
0|1|11|13|32
0.982|0|11|13|32
0|1|2|13|32
0.161|0|2|13|32
90.769|1|3|13|32
68.451|0|3|13|32
23.494|1|7|13|32
68.451|0|7|13|32
6.263|1|8|13|32
35.086|0|8|13|32
0|1|0|2|32
0.788|0|0|2|32
19.997|1|1|2|32
68.451|0|1|2|32
565.985|1|2|2|32
173.862|0|2|2|32
563.264|1|2|2|32
173.862|0|2|2|32
0|1|4|2|32
0.788|0|4|2|32
0|1|6|2|32
0.788|0|6|2|32
110.282|1|2|3|32
173.86|0|2|3|32
121.436|1|2|3|32
173.86|0|2|3|32
10.449|1|0|4|32
35.086|0|0|4|32
0|1|1|4|32
0.788|0|1|4|32
0|1|10|4|32
0.982|0|10|4|32
0|1|4|4|32
0.788|0|4|4|32
0|1|6|4|32
0.982|0|6|4|32
294.085|1|7|4|32
173.861|0|7|4|32
302.085|1|7|4|32
173.861|0|7|4|32
42.718|1|11|5|32
68.451|0|11|5|32
0|1|12|5|32
0.788|0|12|5|32
0|1|13|5|32
0.982|0|13|5|32
0|1|5|5|32
0.161|0|5|5|32
0|1|6|5|32
0.982|0|6|5|32
8.986|1|6|6|32
11.721|0|6|6|32
98.592|1|9|6|32
68.451|0|9|6|32
513.44|1|0|7|32
173.862|0|0|7|32
513.999|1|0|7|32
173.862|0|0|7|32
69.736|1|3|7|32
68.451|0|3|7|32
21.716|1|4|7|32
11.721|0|4|7|32
7.058|1|8|7|32
35.086|0|8|7|32
589.035|1|1|8|32
173.862|0|1|8|32
602.49|1|1|8|32
173.862|0|1|8|32
6.9|1|2|9|32
35.086|0|2|9|32
22.683|1|0|0|33
68.451|0|0|0|33
15.014|1|1|1|33
11.721|0|1|1|33
521.279|1|10|1|33
173.862|0|10|1|33
515.612|1|10|1|33
173.862|0|10|1|33
3.978|1|11|1|33
35.086|0|11|1|33
60.402|1|12|1|33
68.451|0|12|1|33
103.037|1|3|1|33
68.451|0|3|1|33
11.179|1|5|1|33
11.721|0|5|1|33
204.036|1|6|1|33
173.861|0|6|1|33
199.171|1|6|1|33
173.861|0|6|1|33
30.684|1|8|1|33
68.451|0|8|1|33
0|1|9|1|33
0.788|0|9|1|33
185.548|1|1|10|33
173.861|0|1|10|33
218.2|1|1|10|33
173.861|0|1|10|33
0|1|3|10|33
0.982|0|3|10|33
0|1|4|10|33
0.788|0|4|10|33
19.919|1|6|10|33
68.451|0|6|10|33
169.033|1|0|11|33
173.861|0|0|11|33
177.949|1|0|11|33
173.861|0|0|11|33
9.351|1|1|11|33
11.721|0|1|11|33
20.77|1|3|11|33
11.721|0|3|11|33
457.787|1|5|11|33
173.861|0|5|11|33
423.327|1|5|11|33
173.861|0|5|11|33
0|1|1|2|33
0.788|0|1|2|33
0|1|4|2|33
0.788|0|4|2|33
13.198|1|0|3|33
35.086|0|0|3|33
35.442|1|1|3|33
68.451|0|1|3|33
10.824|1|3|3|33
11.721|0|3|3|33
187.19|1|5|3|33
173.861|0|5|3|33
186.29|1|5|3|33
173.861|0|5|3|33
0|1|0|4|33
0.982|0|0|4|33
0|1|2|4|33
0.161|0|2|4|33
12.835|1|3|4|33
11.721|0|3|4|33
0|1|8|4|33
0.788|0|8|4|33
0|1|0|5|33
0.788|0|0|5|33
4.171|1|1|5|33
35.086|0|1|5|33
43.759|1|2|5|33
68.451|0|2|5|33
0|1|4|5|33
0.982|0|4|5|33
0|1|7|5|33
0.788|0|7|5|33
0|1|1|6|33
0.982|0|1|6|33
6.026|1|0|7|33
35.086|0|0|7|33
0|1|2|7|33
0.982|0|2|7|33
9.078|1|3|7|33
11.721|0|3|7|33
0|1|1|8|33
0.788|0|1|8|33
37.512|1|5|8|33
68.451|0|5|8|33
0|1|7|8|33
0.161|0|7|8|33
16.615|1|0|9|33
11.721|0|0|9|33
3.36|1|1|9|33
35.086|0|1|9|33
99.541|1|2|9|33
68.451|0|2|9|33
0|1|3|9|33
0.982|0|3|9|33
401.456|1|5|9|33
173.861|0|5|9|33
420.68|1|5|9|33
173.861|0|5|9|33
10.6|1|7|9|33
11.721|0|7|9|33
22.449|1|9|9|33
11.721|0|9|9|33
33.157|1|2|0|34
68.451|0|2|0|34
0|1|3|0|34
0.982|0|3|0|34
4.148|1|1|1|34
35.086|0|1|1|34
0|1|0|2|34
0.982|0|0|2|34
28.604|1|1|2|34
11.721|0|1|2|34
113.01|1|2|2|34
68.451|0|2|2|34
10.834|1|3|2|34
11.721|0|3|2|34
27.038|1|4|2|34
68.451|0|4|2|34
15.037|1|0|3|34
35.086|0|0|3|34
0|1|1|4|34
0.982|0|1|4|34
35.476|1|3|5|34
68.451|0|3|5|34
0|1|4|5|34
0.161|0|4|5|34
8.866|1|0|0|35
35.086|0|0|0|35
10.395|1|1|0|35
11.721|0|1|0|35
0|1|10|0|35
0.788|0|10|0|35
24.167|1|11|0|35
68.451|0|11|0|35
9.99|1|13|0|35
35.086|0|13|0|35
0|1|2|0|35
0.982|0|2|0|35
0|1|4|0|35
0.788|0|4|0|35
0|1|5|0|35
0.788|0|5|0|35
0|1|6|0|35
0.982|0|6|0|35
0|1|8|0|35
0.161|0|8|0|35
0|1|0|1|35
0.788|0|0|1|35
0|1|1|2|35
0.788|0|1|2|35
0|1|12|2|35
0.982|0|12|2|35
0|1|2|2|35
0.788|0|2|2|35
14.815|1|4|2|35
11.721|0|4|2|35
2.506|1|5|2|35
35.086|0|5|2|35
3.239|1|6|2|35
35.086|0|6|2|35
4.741|1|8|2|35
35.086|0|8|2|35
160.035|1|9|2|35
173.861|0|9|2|35
155.232|1|9|2|35
173.861|0|9|2|35
10.958|1|0|3|35
11.721|0|0|3|35
4.356|1|0|0|36
35.086|0|0|0|36
0|1|10|0|36
0.161|0|10|0|36
0|1|4|0|36
0.161|0|4|0|36
0|1|5|0|36
0.788|0|5|0|36
0|1|7|0|36
0.161|0|7|0|36
12.612|1|8|0|36
35.086|0|8|0|36
0|1|1|1|36
0.982|0|1|1|36
0|1|10|1|36
0.788|0|10|1|36
0|1|2|1|36
0.982|0|2|1|36
0|1|3|1|36
0.788|0|3|1|36
83.418|1|5|1|36
68.451|0|5|1|36
0|1|7|1|36
0.982|0|7|1|36
0|1|9|1|36
0.161|0|9|1|36
0|1|2|2|36
0.161|0|2|2|36
0|1|3|2|36
0.788|0|3|2|36
0|1|4|2|36
0.982|0|4|2|36
0|1|6|2|36
0.982|0|6|2|36
8.032|1|7|2|36
35.086|0|7|2|36
137.325|1|1|4|36
173.86|0|1|4|36
121.494|1|1|4|36
173.86|0|1|4|36
0|1|1|5|36
0.982|0|1|5|36
19.111|1|2|5|36
11.721|0|2|5|36
0|1|7|5|36
0.788|0|7|5|36
0|1|8|5|36
0.788|0|8|5|36
0|1|9|5|36
0.161|0|9|5|36
8.862|1|1|6|36
11.721|0|1|6|36
0|1|3|6|36
0.788|0|3|6|36
0|1|4|6|36
0.161|0|4|6|36
0|1|8|6|36
0.788|0|8|6|36
4.471|1|3|0|37
35.086|0|3|0|37
8.504|1|4|0|37
35.086|0|4|0|37
5.227|1|0|1|37
35.086|0|0|1|37
0|1|3|1|37
0.788|0|3|1|37
35.094|1|10|2|37
68.451|0|10|2|37
14.765|1|11|2|37
11.721|0|11|2|37
0|1|5|2|37
0.161|0|5|2|37
0|1|7|2|37
0.788|0|7|2|37
0|1|9|2|37
0.161|0|9|2|37
0|1|2|3|37
0.161|0|2|3|37
43.089|1|1|4|37
68.451|0|1|4|37
0|1|2|4|37
0.788|0|2|4|37
149.239|1|4|4|37
173.86|0|4|4|37
147.968|1|4|4|37
173.86|0|4|4|37
24.628|1|5|4|37
68.451|0|5|4|37
278.931|1|9|4|37
173.861|0|9|4|37
265.434|1|9|4|37
173.861|0|9|4|37
232.58|1|10|5|37
173.861|0|10|5|37
231.462|1|10|5|37
173.861|0|10|5|37
11.446|1|13|5|37
11.721|0|13|5|37
0|1|2|5|37
0.982|0|2|5|37
0|1|4|5|37
0.788|0|4|5|37
0|1|5|5|37
0.161|0|5|5|37
18.25|1|7|5|37
11.721|0|7|5|37
21.571|1|2|6|37
68.451|0|2|6|37
0|1|3|6|37
0.982|0|3|6|37
0|1|7|6|37
0.982|0|7|6|37
286.678|1|1|7|37
173.861|0|1|7|37
297.372|1|1|7|37
173.861|0|1|7|37
0|1|2|7|37
0.788|0|2|7|37
0|1|3|7|37
0.982|0|3|7|37
2.616|1|6|7|37
35.086|0|6|7|37
169.528|1|8|7|37
173.861|0|8|7|37
153.255|1|8|7|37
173.861|0|8|7|37
52.816|1|9|7|37
68.451|0|9|7|37
10.016|1|0|8|37
11.721|0|0|8|37
11.336|1|1|8|37
11.721|0|1|8|37
11.072|1|2|8|37
11.721|0|2|8|37
45.545|1|0|0|38
68.451|0|0|0|38
0|1|1|0|38
0.982|0|1|0|38
27.011|1|1|10|38
68.451|0|1|10|38
88.767|1|4|2|38
68.451|0|4|2|38
0|1|5|2|38
0.161|0|5|2|38
0|1|0|3|38
0.161|0|0|3|38
59.745|1|1|3|38
68.451|0|1|3|38
0|1|2|3|38
0.982|0|2|3|38
9.174|1|3|3|38
35.086|0|3|3|38
0|1|4|3|38
0.161|0|4|3|38
0|1|0|4|38
0.161|0|0|4|38
0|1|3|4|38
0.161|0|3|4|38
7.186|1|4|4|38
35.086|0|4|4|38
0|1|0|5|38
0.161|0|0|5|38
0|1|1|5|38
0.788|0|1|5|38
5.371|1|2|5|38
35.086|0|2|5|38
10.604|1|0|6|38
11.721|0|0|6|38
5.367|1|1|8|38
35.086|0|1|8|38
26.241|1|0|9|38
68.451|0|0|9|38
304.436|1|2|9|38
173.861|0|2|9|38
301.697|1|2|9|38
173.861|0|2|9|38
0|1|4|9|38
0.788|0|4|9|38
0|1|4|0|39
0.982|0|4|0|39
27.865|1|1|1|39
68.451|0|1|1|39
0|1|3|1|39
0.982|0|3|1|39
0|1|4|1|39
0.788|0|4|1|39
0|1|5|1|39
0.982|0|5|1|39
0|1|0|10|39
0.982|0|0|10|39
0|1|1|10|39
0.982|0|1|10|39
5.705|1|2|10|39
35.086|0|2|10|39
57.778|1|1|11|39
68.451|0|1|11|39
20.191|1|11|11|39
68.451|0|11|11|39
49.714|1|13|11|39
68.451|0|13|11|39
0|1|2|11|39
0.161|0|2|11|39
8.443|1|3|11|39
11.721|0|3|11|39
11.922|1|4|11|39
11.721|0|4|11|39
0|1|8|11|39
0.788|0|8|11|39
20.643|1|1|12|39
68.451|0|1|12|39
13.631|1|4|12|39
11.721|0|4|12|39
411.581|1|1|13|39
173.861|0|1|13|39
409.369|1|1|13|39
173.861|0|1|13|39
0|1|13|13|39
0.788|0|13|13|39
0|1|3|13|39
0.982|0|3|13|39
0|1|4|13|39
0.982|0|4|13|39
0|1|2|14|39
0.982|0|2|14|39
0|1|5|14|39
0.788|0|5|14|39
8.211|1|8|14|39
35.086|0|8|14|39
14.195|1|0|2|39
11.721|0|0|2|39
5.885|1|2|2|39
35.086|0|2|2|39
0|1|3|2|39
0.982|0|3|2|39
25.22|1|5|2|39
68.451|0|5|2|39
322.35|1|6|2|39
173.861|0|6|2|39
321.69|1|6|2|39
173.861|0|6|2|39
8.605|1|8|2|39
35.086|0|8|2|39
9.292|1|9|2|39
11.721|0|9|2|39
0|1|0|3|39
0.788|0|0|3|39
50.681|1|3|4|39
68.451|0|3|4|39
0|1|1|5|39
0.788|0|1|5|39
26.69|1|2|5|39
68.451|0|2|5|39
0|1|4|5|39
0.788|0|4|5|39
0|1|0|6|39
0.788|0|0|6|39
0|1|1|6|39
0.788|0|1|6|39
49.807|1|3|6|39
68.451|0|3|6|39
424.481|1|6|6|39
173.861|0|6|6|39
411.753|1|6|6|39
173.861|0|6|6|39
5.751|1|7|6|39
35.086|0|7|6|39
74.751|1|1|7|39
68.451|0|1|7|39
0|1|5|7|39
0.161|0|5|7|39
0|1|6|7|39
0.161|0|6|7|39
7.286|1|8|7|39
35.086|0|8|7|39
6.461|1|10|8|39
35.086|0|10|8|39
0|1|11|8|39
0.788|0|11|8|39
0|1|12|8|39
0.788|0|12|8|39
10.7|1|13|8|39
35.086|0|13|8|39
0|1|3|8|39
0.788|0|3|8|39
3.499|1|4|8|39
35.086|0|4|8|39
0|1|5|8|39
0.788|0|5|8|39
0|1|6|8|39
0.161|0|6|8|39
0|1|7|8|39
0.788|0|7|8|39
0|1|1|9|39
0.161|0|1|9|39
0|1|0|0|4
0.788|0|0|0|4
0|1|2|0|4
0.982|0|2|0|4
0|1|5|0|4
0.161|0|5|0|4
9.32|1|7|0|4
35.086|0|7|0|4
8.136|1|8|0|4
35.086|0|8|0|4
89.627|1|0|1|4
68.451|0|0|1|4
53.007|1|1|1|4
68.451|0|1|1|4
0|1|2|1|4
0.788|0|2|1|4
0|1|1|10|4
0.982|0|1|10|4
0|1|2|10|4
0.161|0|2|10|4
0|1|3|10|4
0.161|0|3|10|4
0|1|5|10|4
0.788|0|5|10|4
180.379|1|0|11|4
173.861|0|0|11|4
181.349|1|0|11|4
173.861|0|0|11|4
0|1|1|11|4
0.161|0|1|11|4
50.991|1|2|11|4
68.451|0|2|11|4
0|1|3|11|4
0.982|0|3|11|4
25.955|1|0|12|4
68.451|0|0|12|4
0|1|1|12|4
0.788|0|1|12|4
0|1|11|12|4
0.788|0|11|12|4
41.892|1|12|12|4
68.451|0|12|12|4
0|1|2|12|4
0.788|0|2|12|4
20.004|1|4|12|4
11.721|0|4|12|4
0|1|5|12|4
0.982|0|5|12|4
0|1|6|12|4
0.788|0|6|12|4
20.89|1|7|12|4
11.721|0|7|12|4
218.166|1|10|13|4
173.861|0|10|13|4
248.473|1|10|13|4
173.861|0|10|13|4
113.645|1|13|13|4
173.86|0|13|13|4
123.891|1|13|13|4
173.86|0|13|13|4
0|1|2|13|4
0.788|0|2|13|4
0|1|3|13|4
0.161|0|3|13|4
0|1|4|13|4
0.788|0|4|13|4
20.597|1|5|13|4
68.451|0|5|13|4
4.551|1|8|13|4
35.086|0|8|13|4
14.706|1|9|13|4
11.721|0|9|13|4
0|1|0|2|4
0.161|0|0|2|4
19.549|1|2|2|4
11.721|0|2|2|4
2.893|1|0|3|4
35.086|0|0|3|4
29.406|1|1|3|4
11.721|0|1|3|4
33.173|1|2|3|4
68.451|0|2|3|4
0|1|3|3|4
0.982|0|3|3|4
68.203|1|4|3|4
68.451|0|4|3|4
0|1|5|3|4
0.161|0|5|3|4
0|1|0|4|4
0.161|0|0|4|4
23.825|1|1|4|4
11.721|0|1|4|4
55.557|1|10|4|4
68.451|0|10|4|4
186.168|1|3|4|4
173.861|0|3|4|4
185.273|1|3|4|4
173.861|0|3|4|4
0|1|6|4|4
0.982|0|6|4|4
63.544|1|9|4|4
68.451|0|9|4|4
0|1|0|5|4
0.788|0|0|5|4
0|1|1|5|4
0.161|0|1|5|4
92.092|1|4|5|4
68.451|0|4|5|4
5.521|1|5|5|4
35.086|0|5|5|4
0|1|6|5|4
0.982|0|6|5|4
3.928|1|0|6|4
35.086|0|0|6|4
65.217|1|0|7|4
68.451|0|0|7|4
446.9|1|1|7|4
173.862|0|1|7|4
447.543|1|1|7|4
173.862|0|1|7|4
0|1|10|7|4
0.788|0|10|7|4
0|1|12|7|4
0.788|0|12|7|4
22.915|1|3|7|4
68.451|0|3|7|4
49.508|1|5|7|4
68.451|0|5|7|4
0|1|2|8|4
0.161|0|2|8|4
31.438|1|3|9|4
11.721|0|3|9|4
12.737|1|5|9|4
11.721|0|5|9|4
0|1|6|9|4
0.982|0|6|9|4
15.058|1|3|0|5
11.721|0|3|0|5
42.754|1|5|1|5
68.451|0|5|1|5
0|1|6|1|5
0.982|0|6|1|5
203.677|1|4|0|6
173.861|0|4|0|6
214.075|1|4|0|6
173.861|0|4|0|6
36.076|1|2|1|6
68.451|0|2|1|6
0|1|6|1|6
0.982|0|6|1|6
0|1|8|1|6
0.982|0|8|1|6
0|1|1|2|6
0.982|0|1|2|6
19.247|1|2|2|6
11.721|0|2|2|6
2.557|1|3|2|6
35.086|0|3|2|6
635.098|1|1|3|6
173.862|0|1|3|6
662.356|1|1|3|6
173.862|0|1|3|6
0|1|2|3|6
0.161|0|2|3|6
0|1|4|3|6
0.982|0|4|3|6
0|1|6|3|6
0.788|0|6|3|6
0|1|8|3|6
0.161|0|8|3|6
0|1|0|0|7
0.982|0|0|0|7
34.056|1|5|0|7
68.451|0|5|0|7
0|1|6|0|7
0.161|0|6|0|7
0|1|0|1|7
0.982|0|0|1|7
0|1|1|1|7
0.161|0|1|1|7
113.063|1|1|10|7
173.86|0|1|10|7
128.329|1|1|10|7
173.86|0|1|10|7
7.067|1|3|10|7
35.086|0|3|10|7
0|1|4|10|7
0.788|0|4|10|7
0|1|7|10|7
0.982|0|7|10|7
0|1|0|2|7
0.788|0|0|2|7
12.249|1|1|2|7
11.721|0|1|2|7
5.983|1|10|2|7
11.721|0|10|2|7
14.522|1|9|2|7
35.086|0|9|2|7
0|1|0|3|7
0.161|0|0|3|7
0|1|2|3|7
0.161|0|2|3|7
70.349|1|3|3|7
68.451|0|3|3|7
40.023|1|5|3|7
68.451|0|5|3|7
0|1|0|4|7
0.982|0|0|4|7
0|1|1|4|7
0.982|0|1|4|7
130.444|1|3|4|7
173.86|0|3|4|7
138.813|1|3|4|7
173.86|0|3|4|7
272.752|1|4|4|7
173.861|0|4|4|7
276.459|1|4|4|7
173.861|0|4|4|7
0|1|0|5|7
0.788|0|0|5|7
362.863|1|1|6|7
173.861|0|1|6|7
346.729|1|1|6|7
173.861|0|1|6|7
409.721|1|10|7|7
173.861|0|10|7|7
390.72|1|10|7|7
173.861|0|10|7|7
11.855|1|2|7|7
11.721|0|2|7|7
0|1|3|7|7
0.982|0|3|7|7
62.681|1|4|7|7
68.451|0|4|7|7
0|1|5|7|7
0.161|0|5|7|7
11.636|1|6|7|7
35.086|0|6|7|7
0|1|8|7|7
0.788|0|8|7|7
0|1|0|8|7
0.982|0|0|8|7
53.396|1|1|8|7
68.451|0|1|8|7
20.973|1|2|8|7
68.451|0|2|8|7
5.081|1|3|8|7
35.086|0|3|8|7
16.058|1|4|8|7
11.721|0|4|8|7
0|1|0|9|7
0.161|0|0|9|7
0|1|1|9|7
0.161|0|1|9|7
0|1|2|9|7
0.982|0|2|9|7
0|1|6|9|7
0.982|0|6|9|7
14.177|1|0|0|8
11.721|0|0|0|8
10.652|1|1|0|8
35.086|0|1|0|8
50.656|1|3|0|8
68.451|0|3|0|8
8.018|1|4|0|8
35.086|0|4|0|8
0|1|7|0|8
0.788|0|7|0|8
38.824|1|3|1|8
68.451|0|3|1|8
0|1|4|1|8
0.161|0|4|1|8
54.636|1|5|1|8
68.451|0|5|1|8
11.57|1|6|1|8
11.721|0|6|1|8
11.692|1|7|1|8
35.086|0|7|1|8
230.972|1|3|2|8
173.861|0|3|2|8
240.096|1|3|2|8
173.861|0|3|2|8
17.627|1|0|3|8
11.721|0|0|3|8
13.116|1|2|3|8
35.086|0|2|3|8
67.697|1|1|4|8
68.451|0|1|4|8
0|1|0|0|9
0.161|0|0|0|9
0|1|13|0|9
0.982|0|13|0|9
0|1|2|0|9
0.161|0|2|0|9
0|1|3|0|9
0.788|0|3|0|9
0|1|6|0|9
0.788|0|6|0|9
0|1|7|0|9
0.788|0|7|0|9
12.673|1|9|0|9
11.721|0|9|0|9
0|1|2|1|9
0.788|0|2|1|9
6.488|1|3|1|9
11.721|0|3|1|9
33.327|1|4|1|9
68.451|0|4|1|9
0|1|6|1|9
0.161|0|6|1|9
0|1|7|1|9
0.788|0|7|1|9
166.835|1|9|1|9
173.861|0|9|1|9
187.339|1|9|1|9
173.861|0|9|1|9
6.239|1|1|2|9
35.086|0|1|2|9
14.598|1|4|2|9
35.086|0|4|2|9
12.722|1|0|3|9
11.721|0|0|3|9
2.94|1|1|3|9
35.086|0|1|3|9
29.841|1|2|3|9
11.721|0|2|3|9
0|1|4|3|9
0.982|0|4|3|9
15.821|1|5|3|9
11.721|0|5|3|9
0|1|9|0|0
3.701|0|9|0|0
0|1|1|1|0
3.216|0|1|1|0
0|1|11|1|0
2.25|0|11|1|0
0|1|6|1|0
3.216|0|6|1|0
0|1|0|10|0
3.216|0|0|10|0
0|1|1|12|0
3.216|0|1|12|0
0|1|2|13|0
3.701|0|2|13|0
0|1|6|13|0
2.25|0|6|13|0
0|1|8|13|0
2.25|0|8|13|0
0|1|9|13|0
3.216|0|9|13|0
0|1|1|2|0
3.216|0|1|2|0
0|1|4|2|0
3.701|0|4|2|0
0|1|6|2|0
3.216|0|6|2|0
0|1|1|4|0
2.25|0|1|4|0
0|1|0|5|0
3.701|0|0|5|0
0|1|1|5|0
3.701|0|1|5|0
0|1|12|6|0
3.216|0|12|6|0
0|1|3|6|0
2.25|0|3|6|0
0|1|1|7|0
3.701|0|1|7|0
0|1|2|7|0
3.701|0|2|7|0
0|1|4|7|0
3.701|0|4|7|0
0|1|8|7|0
3.216|0|8|7|0
0|1|10|9|0
3.216|0|10|9|0
0|1|9|9|0
3.216|0|9|9|0
0|1|2|1|1
3.216|0|2|1|1
0|1|1|0|10
3.216|0|1|0|10
0|1|4|0|10
3.216|0|4|0|10
0|1|1|1|10
3.701|0|1|1|10
0|1|2|1|10
3.216|0|2|1|10
0|1|0|2|10
3.216|0|0|2|10
0|1|3|3|10
3.216|0|3|3|10
0|1|5|4|10
3.216|0|5|4|10
0|1|6|4|10
2.25|0|6|4|10
0|1|0|0|11
2.25|0|0|0|11
0|1|10|0|11
3.216|0|10|0|11
0|1|11|0|11
3.216|0|11|0|11
0|1|13|0|11
3.216|0|13|0|11
0|1|3|0|11
3.216|0|3|0|11
0|1|4|0|11
3.216|0|4|0|11
0|1|6|0|11
3.216|0|6|0|11
0|1|9|0|11
2.25|0|9|0|11
0|1|1|1|11
2.25|0|1|1|11
0|1|2|1|11
3.216|0|2|1|11
0|1|0|2|11
2.25|0|0|2|11
0|1|8|2|11
3.216|0|8|2|11
0|1|1|4|11
2.25|0|1|4|11
0|1|3|0|12
3.701|0|3|0|12
0|1|0|1|12
3.216|0|0|1|12
0|1|2|1|12
3.216|0|2|1|12
0|1|1|2|12
3.216|0|1|2|12
0|1|13|2|12
3.216|0|13|2|12
0|1|5|2|12
3.216|0|5|2|12
0|1|9|2|12
3.701|0|9|2|12
0|1|5|3|12
3.701|0|5|3|12
0|1|0|1|13
3.216|0|0|1|13
0|1|10|1|13
2.25|0|10|1|13
0|1|3|1|13
3.701|0|3|1|13
0|1|0|0|14
2.25|0|0|0|14
0|1|1|0|14
3.701|0|1|0|14
0|1|0|1|14
3.701|0|0|1|14
0|1|1|1|14
2.25|0|1|1|14
0|1|2|1|14
3.216|0|2|1|14
0|1|0|10|14
3.216|0|0|10|14
0|1|2|10|14
3.701|0|2|10|14
0|1|6|10|14
2.25|0|6|10|14
0|1|7|10|14
3.701|0|7|10|14
0|1|2|11|14
3.216|0|2|11|14
0|1|1|12|14
3.216|0|1|12|14
0|1|2|12|14
3.701|0|2|12|14
0|1|3|12|14
3.216|0|3|12|14
0|1|8|12|14
3.701|0|8|12|14
0|1|2|13|14
2.25|0|2|13|14
0|1|4|13|14
3.216|0|4|13|14
0|1|2|14|14
2.25|0|2|14|14
0|1|5|14|14
3.216|0|5|14|14
0|1|2|15|14
3.216|0|2|15|14
0|1|8|15|14
2.25|0|8|15|14
0|1|0|16|14
2.25|0|0|16|14
0|1|2|16|14
2.25|0|2|16|14
0|1|2|3|14
3.701|0|2|3|14
0|1|3|3|14
2.25|0|3|3|14
0|1|0|4|14
3.216|0|0|4|14
0|1|0|5|14
3.216|0|0|5|14
0|1|2|5|14
2.25|0|2|5|14
0|1|4|5|14
2.25|0|4|5|14
0|1|1|6|14
3.216|0|1|6|14
0|1|2|6|14
3.216|0|2|6|14
0|1|4|6|14
3.216|0|4|6|14
0|1|6|6|14
3.216|0|6|6|14
0|1|4|7|14
3.216|0|4|7|14
0|1|0|8|14
3.216|0|0|8|14
0|1|1|9|14
3.216|0|1|9|14
0|1|10|9|14
2.25|0|10|9|14
0|1|2|9|14
3.216|0|2|9|14
0|1|5|9|14
3.701|0|5|9|14
0|1|9|9|14
3.216|0|9|9|14
0|1|12|0|15
3.216|0|12|0|15
0|1|13|0|15
3.701|0|13|0|15
0|1|4|0|15
3.216|0|4|0|15
0|1|8|0|15
3.216|0|8|0|15
0|1|0|1|15
3.216|0|0|1|15
0|1|1|2|15
2.25|0|1|2|15
0|1|13|2|15
3.216|0|13|2|15
0|1|2|2|15
2.25|0|2|2|15
0|1|3|2|15
2.25|0|3|2|15
0|1|4|2|15
3.701|0|4|2|15
0|1|6|2|15
3.701|0|6|2|15
0|1|7|2|15
2.25|0|7|2|15
0|1|8|2|15
3.216|0|8|2|15
0|1|1|3|15
2.25|0|1|3|15
0|1|4|3|15
3.216|0|4|3|15
0|1|11|0|16
3.701|0|11|0|16
0|1|6|0|16
3.216|0|6|0|16
0|1|4|1|16
3.216|0|4|1|16
0|1|8|1|16
2.25|0|8|1|16
0|1|9|1|16
3.701|0|9|1|16
0|1|0|10|16
3.701|0|0|10|16
0|1|6|10|16
3.216|0|6|10|16
0|1|7|10|16
2.25|0|7|10|16
0|1|1|2|16
3.216|0|1|2|16
0|1|2|2|16
3.216|0|2|2|16
0|1|3|2|16
3.216|0|3|2|16
0|1|5|4|16
3.216|0|5|4|16
0|1|6|4|16
3.216|0|6|4|16
0|1|2|5|16
2.25|0|2|5|16
0|1|3|5|16
3.216|0|3|5|16
0|1|4|5|16
3.701|0|4|5|16
0|1|6|5|16
3.701|0|6|5|16
0|1|0|6|16
3.216|0|0|6|16
0|1|2|6|16
3.701|0|2|6|16
0|1|0|7|16
3.701|0|0|7|16
0|1|1|7|16
3.216|0|1|7|16
0|1|12|8|16
3.216|0|12|8|16
0|1|13|8|16
3.216|0|13|8|16
0|1|2|8|16
3.216|0|2|8|16
0|1|3|8|16
2.25|0|3|8|16
0|1|4|8|16
2.25|0|4|8|16
0|1|8|8|16
3.701|0|8|8|16
0|1|9|8|16
3.216|0|9|8|16
0|1|4|9|16
3.216|0|4|9|16
0|1|4|0|17
3.216|0|4|0|17
0|1|1|1|17
2.25|0|1|1|17
0|1|6|1|17
3.701|0|6|1|17
0|1|7|1|17
3.216|0|7|1|17
0|1|1|0|18
3.216|0|1|0|18
0|1|2|0|18
2.25|0|2|0|18
0|1|2|1|18
3.216|0|2|1|18
0|1|4|1|18
2.25|0|4|1|18
0|1|2|2|18
3.216|0|2|2|18
0|1|3|2|18
2.25|0|3|2|18
0|1|2|3|18
3.701|0|2|3|18
0|1|3|3|18
3.701|0|3|3|18
0|1|0|4|18
2.25|0|0|4|18
0|1|7|4|18
3.216|0|7|4|18
0|1|0|0|19
3.216|0|0|0|19
0|1|3|0|19
3.216|0|3|0|19
0|1|4|0|19
3.216|0|4|0|19
0|1|5|0|19
3.701|0|5|0|19
0|1|3|0|2
3.216|0|3|0|2
0|1|4|0|2
3.216|0|4|0|2
0|1|5|0|2
3.701|0|5|0|2
0|1|9|0|2
2.25|0|9|0|2
0|1|1|2|2
3.216|0|1|2|2
0|1|6|2|2
3.216|0|6|2|2
0|1|8|2|2
3.216|0|8|2|2
0|1|3|3|2
3.216|0|3|3|2
0|1|4|3|2
2.25|0|4|3|2
0|1|5|3|2
3.216|0|5|3|2
0|1|8|3|2
3.216|0|8|3|2
0|1|2|4|2
3.216|0|2|4|2
0|1|4|4|2
3.701|0|4|4|2
0|1|1|5|2
3.216|0|1|5|2
0|1|11|5|2
2.25|0|11|5|2
0|1|2|0|20
2.25|0|2|0|20
0|1|0|2|20
3.216|0|0|2|20
0|1|2|2|20
3.216|0|2|2|20
0|1|6|2|20
3.216|0|6|2|20
0|1|1|3|20
3.216|0|1|3|20
0|1|0|5|20
3.216|0|0|5|20
0|1|3|5|20
3.701|0|3|5|20
0|1|4|5|20
2.25|0|4|5|20
0|1|5|5|20
2.25|0|5|5|20
0|1|3|6|20
3.216|0|3|6|20
0|1|2|7|20
3.701|0|2|7|20
0|1|5|7|20
3.216|0|5|7|20
0|1|7|7|20
3.216|0|7|7|20
0|1|0|1|21
3.216|0|0|1|21
0|1|1|1|21
3.701|0|1|1|21
0|1|1|10|21
3.216|0|1|10|21
0|1|11|10|21
3.216|0|11|10|21
0|1|12|10|21
3.216|0|12|10|21
0|1|3|10|21
3.216|0|3|10|21
0|1|5|10|21
3.701|0|5|10|21
0|1|0|11|21
2.25|0|0|11|21
0|1|1|11|21
2.25|0|1|11|21
0|1|2|11|21
2.25|0|2|11|21
0|1|3|11|21
3.216|0|3|11|21
0|1|5|11|21
3.701|0|5|11|21
0|1|11|13|21
2.25|0|11|13|21
0|1|12|13|21
3.701|0|12|13|21
0|1|5|13|21
3.701|0|5|13|21
0|1|6|13|21
2.25|0|6|13|21
0|1|9|13|21
3.216|0|9|13|21
0|1|4|2|21
3.216|0|4|2|21
0|1|12|3|21
2.25|0|12|3|21
0|1|13|3|21
2.25|0|13|3|21
0|1|4|3|21
3.216|0|4|3|21
0|1|9|3|21
3.216|0|9|3|21
0|1|0|4|21
2.25|0|0|4|21
0|1|3|4|21
2.25|0|3|4|21
0|1|5|4|21
2.25|0|5|4|21
0|1|0|5|21
3.216|0|0|5|21
0|1|1|5|21
2.25|0|1|5|21
0|1|7|6|21
3.216|0|7|6|21
0|1|3|7|21
2.25|0|3|7|21
0|1|1|9|21
3.216|0|1|9|21
0|1|10|9|21
3.216|0|10|9|21
0|1|11|9|21
2.25|0|11|9|21
0|1|12|9|21
3.216|0|12|9|21
0|1|13|9|21
2.25|0|13|9|21
0|1|2|9|21
3.701|0|2|9|21
0|1|3|9|21
3.216|0|3|9|21
0|1|3|0|22
3.701|0|3|0|22
0|1|0|1|22
3.701|0|0|1|22
0|1|2|1|22
3.701|0|2|1|22
0|1|9|2|22
3.701|0|9|2|22
0|1|1|3|22
2.25|0|1|3|22
0|1|6|3|22
3.701|0|6|3|22
0|1|7|3|22
2.25|0|7|3|22
0|1|2|0|23
3.701|0|2|0|23
0|1|3|1|23
3.216|0|3|1|23
0|1|5|1|23
2.25|0|5|1|23
0|1|0|3|23
3.216|0|0|3|23
0|1|5|3|23
3.216|0|5|3|23
0|1|1|0|24
2.25|0|1|0|24
0|1|3|0|24
3.216|0|3|0|24
0|1|5|0|24
3.216|0|5|0|24
0|1|1|1|24
3.216|0|1|1|24
0|1|3|1|24
2.25|0|3|1|24
0|1|1|3|24
3.216|0|1|3|24
0|1|4|3|24
2.25|0|4|3|24
0|1|7|3|24
3.216|0|7|3|24
0|1|8|3|24
2.25|0|8|3|24
0|1|0|4|24
3.701|0|0|4|24
0|1|0|7|24
3.216|0|0|7|24
0|1|4|7|24
3.216|0|4|7|24
0|1|5|7|24
3.216|0|5|7|24
0|1|1|0|25
3.701|0|1|0|25
0|1|2|0|25
3.701|0|2|0|25
0|1|3|0|25
3.216|0|3|0|25
0|1|4|0|25
3.216|0|4|0|25
0|1|0|1|25
3.216|0|0|1|25
0|1|10|1|25
3.216|0|10|1|25
0|1|11|1|25
3.216|0|11|1|25
0|1|2|1|25
2.25|0|2|1|25
0|1|3|1|25
3.216|0|3|1|25
0|1|5|1|25
2.25|0|5|1|25
0|1|2|2|25
3.216|0|2|2|25
0|1|3|2|25
3.216|0|3|2|25
0|1|3|3|25
3.216|0|3|3|25
0|1|5|3|25
3.216|0|5|3|25
0|1|8|4|25
3.216|0|8|4|25
0|1|9|4|25
2.25|0|9|4|25
0|1|1|5|25
3.216|0|1|5|25
0|1|1|0|26
3.216|0|1|0|26
0|1|3|0|26
3.216|0|3|0|26
0|1|3|2|26
2.25|0|3|2|26
0|1|5|2|26
3.216|0|5|2|26
0|1|0|3|26
3.216|0|0|3|26
0|1|10|3|26
2.25|0|10|3|26
0|1|10|4|26
3.701|0|10|4|26
0|1|6|4|26
3.216|0|6|4|26
0|1|0|5|26
3.216|0|0|5|26
0|1|3|5|26
3.216|0|3|5|26
0|1|4|5|26
3.701|0|4|5|26
0|1|8|5|26
2.25|0|8|5|26
0|1|2|0|27
3.216|0|2|0|27
0|1|0|1|27
2.25|0|0|1|27
0|1|2|3|27
3.216|0|2|3|27
0|1|0|4|27
3.216|0|0|4|27
0|1|4|4|27
2.25|0|4|4|27
0|1|2|5|27
2.25|0|2|5|27
0|1|4|5|27
3.216|0|4|5|27
0|1|6|5|27
3.216|0|6|5|27
0|1|9|5|27
3.701|0|9|5|27
0|1|1|6|27
3.701|0|1|6|27
0|1|2|6|27
3.216|0|2|6|27
0|1|6|6|27
3.216|0|6|6|27
0|1|2|7|27
3.216|0|2|7|27
0|1|5|7|27
3.216|0|5|7|27
0|1|2|8|27
2.25|0|2|8|27
0|1|3|8|27
3.216|0|3|8|27
0|1|1|9|27
3.216|0|1|9|27
0|1|2|9|27
3.216|0|2|9|27
0|1|6|9|27
3.701|0|6|9|27
0|1|10|0|28
3.216|0|10|0|28
0|1|2|0|28
3.701|0|2|0|28
0|1|4|0|28
2.25|0|4|0|28
0|1|5|0|28
3.701|0|5|0|28
0|1|7|0|28
2.25|0|7|0|28
0|1|8|0|28
3.216|0|8|0|28
0|1|1|1|28
3.216|0|1|1|28
0|1|2|1|28
3.701|0|2|1|28
0|1|5|1|28
3.216|0|5|1|28
0|1|7|1|28
3.216|0|7|1|28
0|1|4|10|28
3.216|0|4|10|28
0|1|0|11|28
3.216|0|0|11|28
0|1|3|11|28
3.216|0|3|11|28
0|1|6|12|28
3.701|0|6|12|28
0|1|0|13|28
2.25|0|0|13|28
0|1|5|13|28
3.216|0|5|13|28
0|1|6|13|28
3.216|0|6|13|28
0|1|1|14|28
3.216|0|1|14|28
0|1|4|14|28
3.216|0|4|14|28
0|1|3|15|28
2.25|0|3|15|28
0|1|7|15|28
2.25|0|7|15|28
0|1|4|16|28
3.216|0|4|16|28
0|1|1|17|28
3.216|0|1|17|28
0|1|2|17|28
3.701|0|2|17|28
0|1|2|2|28
3.216|0|2|2|28
0|1|3|2|28
3.701|0|3|2|28
0|1|5|2|28
2.25|0|5|2|28
0|1|0|4|28
3.216|0|0|4|28
0|1|13|4|28
2.25|0|13|4|28
0|1|8|4|28
3.216|0|8|4|28
0|1|3|5|28
3.216|0|3|5|28
0|1|2|6|28
2.25|0|2|6|28
0|1|5|6|28
2.25|0|5|6|28
0|1|7|6|28
3.701|0|7|6|28
0|1|1|7|28
3.216|0|1|7|28
0|1|2|7|28
3.216|0|2|7|28
0|1|3|7|28
3.216|0|3|7|28
0|1|1|8|28
2.25|0|1|8|28
0|1|0|9|28
2.25|0|0|9|28
0|1|4|9|28
3.216|0|4|9|28
0|1|11|0|29
3.701|0|11|0|29
0|1|12|0|29
3.216|0|12|0|29
0|1|3|0|29
3.216|0|3|0|29
0|1|4|0|29
3.216|0|4|0|29
0|1|8|0|29
2.25|0|8|0|29
0|1|9|0|29
3.701|0|9|0|29
0|1|1|2|29
2.25|0|1|2|29
0|1|1|0|3
3.216|0|1|0|3
0|1|12|0|3
3.216|0|12|0|3
0|1|1|1|3
3.701|0|1|1|3
0|1|2|1|3
3.701|0|2|1|3
0|1|3|1|3
2.25|0|3|1|3
0|1|5|1|3
3.216|0|5|1|3
0|1|0|2|3
3.216|0|0|2|3
0|1|4|2|3
3.701|0|4|2|3
0|1|5|2|3
3.701|0|5|2|3
0|1|0|3|3
3.216|0|0|3|3
0|1|4|3|3
2.25|0|4|3|3
0|1|6|3|3
3.216|0|6|3|3
0|1|7|3|3
3.701|0|7|3|3
0|1|9|3|3
3.216|0|9|3|3
0|1|1|0|30
3.216|0|1|0|30
0|1|2|0|30
3.216|0|2|0|30
0|1|3|0|30
3.216|0|3|0|30
0|1|1|1|30
3.216|0|1|1|30
0|1|0|0|31
3.216|0|0|0|31
0|1|3|0|31
3.216|0|3|0|31
0|1|1|0|32
3.216|0|1|0|32
0|1|5|0|32
3.216|0|5|0|32
0|1|2|11|32
3.216|0|2|11|32
0|1|6|11|32
3.216|0|6|11|32
0|1|0|12|32
2.25|0|0|12|32
0|1|4|12|32
3.216|0|4|12|32
0|1|5|12|32
3.216|0|5|12|32
0|1|7|12|32
3.216|0|7|12|32
0|1|1|13|32
2.25|0|1|13|32
0|1|10|13|32
3.701|0|10|13|32
0|1|12|13|32
3.216|0|12|13|32
0|1|4|13|32
3.216|0|4|13|32
0|1|5|13|32
3.216|0|5|13|32
0|1|5|2|32
2.25|0|5|2|32
0|1|0|3|32
2.25|0|0|3|32
0|1|11|4|32
3.216|0|11|4|32
0|1|12|4|32
3.216|0|12|4|32
0|1|13|4|32
3.216|0|13|4|32
0|1|5|4|32
2.25|0|5|4|32
0|1|8|4|32
3.701|0|8|4|32
0|1|9|4|32
3.216|0|9|4|32
0|1|0|5|32
3.216|0|0|5|32
0|1|1|5|32
2.25|0|1|5|32
0|1|3|5|32
3.216|0|3|5|32
0|1|4|5|32
3.701|0|4|5|32
0|1|8|5|32
3.216|0|8|5|32
0|1|9|5|32
3.701|0|9|5|32
0|1|0|6|32
3.701|0|0|6|32
0|1|1|6|32
3.216|0|1|6|32
0|1|2|6|32
3.701|0|2|6|32
0|1|4|6|32
2.25|0|4|6|32
0|1|8|6|32
3.216|0|8|6|32
0|1|2|7|32
3.216|0|2|7|32
0|1|7|7|32
3.216|0|7|7|32
0|1|5|9|32
3.701|0|5|9|32
0|1|1|0|33
3.216|0|1|0|33
0|1|0|1|33
3.216|0|0|1|33
0|1|13|1|33
3.701|0|13|1|33
0|1|7|1|33
2.25|0|7|1|33
0|1|0|10|33
3.216|0|0|10|33
0|1|2|10|33
3.701|0|2|10|33
0|1|2|11|33
3.216|0|2|11|33
0|1|4|11|33
2.25|0|4|11|33
0|1|6|11|33
3.216|0|6|11|33
0|1|0|2|33
2.25|0|0|2|33
0|1|2|2|33
3.216|0|2|2|33
0|1|5|2|33
3.701|0|5|2|33
0|1|4|3|33
2.25|0|4|3|33
0|1|10|4|33
2.25|0|10|4|33
0|1|4|4|33
3.216|0|4|4|33
0|1|7|4|33
3.216|0|7|4|33
0|1|0|6|33
3.216|0|0|6|33
0|1|6|7|33
3.216|0|6|7|33
0|1|3|8|33
2.25|0|3|8|33
0|1|4|8|33
3.216|0|4|8|33
0|1|6|8|33
3.701|0|6|8|33
0|1|8|9|33
3.216|0|8|9|33
0|1|0|0|34
3.701|0|0|0|34
0|1|0|1|34
3.216|0|0|1|34
0|1|1|3|34
3.701|0|1|3|34
0|1|2|5|34
3.216|0|2|5|34
0|1|12|0|35
2.25|0|12|0|35
0|1|3|0|35
2.25|0|3|0|35
0|1|3|1|35
2.25|0|3|1|35
0|1|10|2|35
2.25|0|10|2|35
0|1|11|2|35
2.25|0|11|2|35
0|1|3|2|35
3.701|0|3|2|35
0|1|7|2|35
2.25|0|7|2|35
0|1|1|3|35
3.701|0|1|3|35
0|1|2|3|35
3.216|0|2|3|35
0|1|2|0|36
3.701|0|2|0|36
0|1|9|0|36
3.216|0|9|0|36
0|1|0|1|36
3.216|0|0|1|36
0|1|11|1|36
3.701|0|11|1|36
0|1|1|3|36
3.216|0|1|3|36
0|1|2|3|36
3.701|0|2|3|36
0|1|3|3|36
2.25|0|3|3|36
0|1|0|4|36
3.216|0|0|4|36
0|1|0|5|36
3.216|0|0|5|36
0|1|0|6|36
2.25|0|0|6|36
0|1|2|6|36
3.701|0|2|6|36
0|1|6|6|36
2.25|0|6|6|36
0|1|2|0|37
3.701|0|2|0|37
0|1|1|2|37
2.25|0|1|2|37
0|1|13|2|37
3.216|0|13|2|37
0|1|3|2|37
2.25|0|3|2|37
0|1|4|2|37
3.216|0|4|2|37
0|1|6|2|37
3.701|0|6|2|37
0|1|1|3|37
2.25|0|1|3|37
0|1|0|4|37
2.25|0|0|4|37
0|1|7|4|37
3.701|0|7|4|37
0|1|8|4|37
3.216|0|8|4|37
0|1|11|5|37
3.216|0|11|5|37
0|1|12|5|37
3.216|0|12|5|37
0|1|3|5|37
3.701|0|3|5|37
0|1|6|5|37
3.216|0|6|5|37
0|1|8|5|37
3.216|0|8|5|37
0|1|9|5|37
3.701|0|9|5|37
0|1|0|6|37
3.701|0|0|6|37
0|1|5|6|37
3.701|0|5|6|37
0|1|6|6|37
3.216|0|6|6|37
0|1|10|7|37
2.25|0|10|7|37
0|1|4|7|37
2.25|0|4|7|37
0|1|5|7|37
3.216|0|5|7|37
0|1|7|7|37
3.701|0|7|7|37
0|1|0|1|38
3.216|0|0|1|38
0|1|1|1|38
3.216|0|1|1|38
0|1|0|10|38
3.216|0|0|10|38
0|1|2|10|38
2.25|0|2|10|38
0|1|3|10|38
2.25|0|3|10|38
0|1|0|2|38
2.25|0|0|2|38
0|1|1|2|38
3.701|0|1|2|38
0|1|2|2|38
3.216|0|2|2|38
0|1|1|4|38
2.25|0|1|4|38
0|1|1|6|38
3.701|0|1|6|38
0|1|2|6|38
3.216|0|2|6|38
0|1|1|7|38
3.216|0|1|7|38
0|1|0|8|38
3.701|0|0|8|38
0|1|1|9|38
3.216|0|1|9|38
0|1|3|9|38
3.701|0|3|9|38
0|1|5|9|38
3.216|0|5|9|38
0|1|1|0|39
3.701|0|1|0|39
0|1|2|0|39
3.216|0|2|0|39
0|1|0|1|39
2.25|0|0|1|39
0|1|2|1|39
2.25|0|2|1|39
0|1|6|1|39
3.701|0|6|1|39
0|1|7|1|39
2.25|0|7|1|39
0|1|0|11|39
3.701|0|0|11|39
0|1|6|11|39
3.216|0|6|11|39
0|1|7|11|39
3.216|0|7|11|39
0|1|9|11|39
3.701|0|9|11|39
0|1|0|12|39
3.216|0|0|12|39
0|1|3|12|39
3.216|0|3|12|39
0|1|0|13|39
3.216|0|0|13|39
0|1|10|13|39
2.25|0|10|13|39
0|1|11|13|39
2.25|0|11|13|39
0|1|12|13|39
3.701|0|12|13|39
0|1|2|13|39
3.701|0|2|13|39
0|1|5|13|39
3.701|0|5|13|39
0|1|6|13|39
3.701|0|6|13|39
0|1|9|13|39
3.216|0|9|13|39
0|1|0|14|39
3.216|0|0|14|39
0|1|3|14|39
3.216|0|3|14|39
0|1|4|14|39
2.25|0|4|14|39
0|1|6|14|39
2.25|0|6|14|39
0|1|7|2|39
3.216|0|7|2|39
0|1|1|3|39
2.25|0|1|3|39
0|1|2|3|39
3.216|0|2|3|39
0|1|0|4|39
3.216|0|0|4|39
0|1|2|4|39
2.25|0|2|4|39
0|1|0|5|39
3.216|0|0|5|39
0|1|3|5|39
3.216|0|3|5|39
0|1|5|5|39
3.216|0|5|5|39
0|1|7|5|39
3.216|0|7|5|39
0|1|4|6|39
3.216|0|4|6|39
0|1|8|6|39
3.216|0|8|6|39
0|1|4|7|39
3.216|0|4|7|39
0|1|7|7|39
2.25|0|7|7|39
0|1|0|8|39
2.25|0|0|8|39
0|1|2|8|39
3.216|0|2|8|39
0|1|8|8|39
2.25|0|8|8|39
0|1|9|8|39
2.25|0|9|8|39
0|1|10|0|4
3.216|0|10|0|4
0|1|4|0|4
3.701|0|4|0|4
0|1|3|1|4
3.216|0|3|1|4
0|1|0|10|4
3.216|0|0|10|4
0|1|4|10|4
3.216|0|4|10|4
0|1|8|12|4
3.216|0|8|12|4
0|1|9|12|4
3.216|0|9|12|4
0|1|1|13|4
3.216|0|1|13|4
0|1|6|13|4
2.25|0|6|13|4
0|1|12|4|4
2.25|0|12|4|4
0|1|2|4|4
2.25|0|2|4|4
0|1|4|4|4
3.216|0|4|4|4
0|1|5|4|4
3.701|0|5|4|4
0|1|7|4|4
3.216|0|7|4|4
0|1|7|5|4
3.701|0|7|5|4
0|1|8|5|4
3.701|0|8|5|4
0|1|11|7|4
2.25|0|11|7|4
0|1|13|7|4
3.216|0|13|7|4
0|1|2|7|4
3.216|0|2|7|4
0|1|6|7|4
3.216|0|6|7|4
0|1|7|7|4
3.216|0|7|7|4
0|1|8|7|4
3.701|0|8|7|4
0|1|1|8|4
3.701|0|1|8|4
0|1|4|8|4
3.216|0|4|8|4
0|1|1|9|4
2.25|0|1|9|4
0|1|2|9|4
3.701|0|2|9|4
0|1|4|9|4
3.216|0|4|9|4
0|1|0|0|5
3.216|0|0|0|5
0|1|1|0|5
2.25|0|1|0|5
0|1|2|0|5
2.25|0|2|0|5
0|1|4|0|5
2.25|0|4|0|5
0|1|0|1|5
2.25|0|0|1|5
0|1|1|1|5
2.25|0|1|1|5
0|1|3|1|5
3.216|0|3|1|5
0|1|3|0|6
3.701|0|3|0|6
0|1|0|1|6
2.25|0|0|1|6
0|1|1|1|6
3.701|0|1|1|6
0|1|3|1|6
3.701|0|3|1|6
0|1|4|1|6
2.25|0|4|1|6
0|1|0|2|6
3.216|0|0|2|6
0|1|3|3|6
3.216|0|3|3|6
0|1|5|3|6
3.216|0|5|3|6
0|1|7|3|6
3.216|0|7|3|6
0|1|1|0|7
2.25|0|1|0|7
0|1|2|0|7
3.216|0|2|0|7
0|1|3|0|7
3.216|0|3|0|7
0|1|0|10|7
3.216|0|0|10|7
0|1|10|10|7
3.216|0|10|10|7
0|1|5|10|7
3.216|0|5|10|7
0|1|6|10|7
3.216|0|6|10|7
0|1|8|10|7
2.25|0|8|10|7
0|1|9|10|7
2.25|0|9|10|7
0|1|2|2|7
3.216|0|2|2|7
0|1|4|2|7
3.701|0|4|2|7
0|1|6|2|7
3.701|0|6|2|7
0|1|7|2|7
3.216|0|7|2|7
0|1|8|2|7
3.701|0|8|2|7
0|1|6|3|7
3.216|0|6|3|7
0|1|9|3|7
3.701|0|9|3|7
0|1|1|7|7
3.701|0|1|7|7
0|1|7|7|7
3.701|0|7|7|7
0|1|3|9|7
3.216|0|3|9|7
0|1|4|9|7
3.216|0|4|9|7
0|1|5|9|7
3.216|0|5|9|7
0|1|6|0|8
2.25|0|6|0|8
0|1|1|1|8
2.25|0|1|1|8
0|1|8|1|8
2.25|0|8|1|8
0|1|1|2|8
2.25|0|1|2|8
0|1|2|2|8
3.216|0|2|2|8
0|1|5|2|8
3.216|0|5|2|8
0|1|6|2|8
3.216|0|6|2|8
0|1|1|3|8
3.216|0|1|3|8
0|1|0|4|8
3.216|0|0|4|8
0|1|1|0|9
3.216|0|1|0|9
0|1|10|0|9
3.701|0|10|0|9
0|1|11|0|9
3.701|0|11|0|9
0|1|4|0|9
2.25|0|4|0|9
0|1|8|0|9
3.216|0|8|0|9
0|1|0|1|9
2.25|0|0|1|9
0|1|8|1|9
2.25|0|8|1|9
0|1|2|2|9
3.216|0|2|2|9
0|1|3|2|9
2.25|0|3|2|9
0|1|5|2|9
2.25|0|5|2|9
23.647|1|11|0|0
68.451|0|11|0|0
10.308|1|2|0|0
11.721|0|2|0|0
4.396|1|5|0|0
35.086|0|5|0|0
3.112|1|6|0|0
35.086|0|6|0|0
21.983|1|7|0|0
68.451|0|7|0|0
0|1|9|0|0
3.701|0|9|0|0
22.391|1|0|1|0
11.721|0|0|1|0
0|1|10|1|0
0.788|0|10|1|0
0|1|12|1|0
0.788|0|12|1|0
43.183|1|2|1|0
68.451|0|2|1|0
18.881|1|4|1|0
11.721|0|4|1|0
19.711|1|5|1|0
35.086|0|5|1|0
11.685|1|2|10|0
35.086|0|2|10|0
0|1|0|11|0
0.788|0|0|11|0
21.62|1|2|11|0
68.451|0|2|11|0
9.826|1|0|12|0
35.086|0|0|12|0
0|1|4|12|0
0.788|0|4|12|0
0|1|10|13|0
0.161|0|10|13|0
16.332|1|11|13|0
11.721|0|11|13|0
0|1|2|13|0
3.701|0|2|13|0
19.769|1|5|13|0
11.721|0|5|13|0
5.915|1|7|13|0
35.086|0|7|13|0
0|1|0|2|0
0.161|0|0|2|0
0|1|3|2|0
0.161|0|3|2|0
0|1|4|2|0
3.701|0|4|2|0
6.887|1|5|2|0
35.086|0|5|2|0
45.315|1|0|3|0
68.451|0|0|3|0
15.441|1|3|3|0
11.721|0|3|3|0
0|1|0|4|0
0.788|0|0|4|0
0|1|2|4|0
0.788|0|2|4|0
0|1|0|5|0
3.701|0|0|5|0
0|1|1|5|0
3.701|0|1|5|0
0|1|2|5|0
0.788|0|2|5|0
5.081|1|10|6|0
35.086|0|10|6|0
31.511|1|11|6|0
11.721|0|11|6|0
12.739|1|2|6|0
11.721|0|2|6|0
85.315|1|4|6|0
68.451|0|4|6|0
6.147|1|5|6|0
11.721|0|5|6|0
0|1|9|6|0
0.788|0|9|6|0
0|1|1|7|0
3.701|0|1|7|0
0|1|2|7|0
3.701|0|2|7|0
0|1|4|7|0
3.701|0|4|7|0
19.533|1|6|7|0
68.451|0|6|7|0
30.777|1|7|7|0
11.721|0|7|7|0
8.646|1|0|8|0
11.721|0|0|8|0
0|1|3|8|0
0.788|0|3|8|0
9.171|1|4|8|0
35.086|0|4|8|0
0|1|8|8|0
0.161|0|8|8|0
47.265|1|9|8|0
68.451|0|9|8|0
0|1|0|9|0
0.161|0|0|9|0
11.94|1|1|9|0
35.086|0|1|9|0
0|1|12|9|0
0.161|0|12|9|0
0|1|3|9|0
0.161|0|3|9|0
0|1|4|9|0
0.788|0|4|9|0
0|1|5|9|0
0.161|0|5|9|0
0|1|6|9|0
0.161|0|6|9|0
4.182|1|1|0|1
35.086|0|1|0|1
11.924|1|3|2|1
35.086|0|3|2|1
17.347|1|4|2|1
11.721|0|4|2|1
0|1|0|0|10
0.161|0|0|0|10
0|1|3|0|10
0.161|0|3|0|10
27.826|1|5|0|10
11.721|0|5|0|10
0|1|6|0|10
0.161|0|6|0|10
16.918|1|7|0|10
11.721|0|7|0|10
0|1|8|0|10
0.788|0|8|0|10
0|1|1|1|10
3.701|0|1|1|10
62.258|1|2|2|10
68.451|0|2|2|10
0|1|1|4|10
0.788|0|1|4|10
3.414|1|7|4|10
35.086|0|7|4|10
13.068|1|2|0|11
11.721|0|2|0|11
19.063|1|5|0|11
11.721|0|5|0|11
29.537|1|7|0|11
68.451|0|7|0|11
0|1|8|0|11
0.788|0|8|0|11
15.612|1|3|1|11
11.721|0|3|1|11
8.34|1|1|2|11
35.086|0|1|2|11
18.233|1|4|2|11
11.721|0|4|2|11
53.149|1|6|2|11
68.451|0|6|2|11
3.922|1|0|3|11
35.086|0|0|3|11
19.254|1|0|4|11
35.086|0|0|4|11
13.676|1|0|5|11
11.721|0|0|5|11
8.165|1|1|5|11
35.086|0|1|5|11
0|1|4|5|11
0.788|0|4|5|11
10.327|1|0|0|12
11.721|0|0|0|12
27.7|1|1|0|12
11.721|0|1|0|12
0|1|3|0|12
3.701|0|3|0|12
0|1|3|1|12
0.161|0|3|1|12
7.98|1|11|2|12
35.086|0|11|2|12
5.548|1|2|2|12
35.086|0|2|2|12
0|1|3|2|12
0.161|0|3|2|12
55.951|1|4|2|12
68.451|0|4|2|12
3.857|1|6|2|12
35.086|0|6|2|12
0|1|9|2|12
3.701|0|9|2|12
13.047|1|0|3|12
35.086|0|0|3|12
4.792|1|1|3|12
35.086|0|1|3|12
19.212|1|4|3|12
11.721|0|4|3|12
0|1|5|3|12
3.701|0|5|3|12
0|1|6|3|12
0.788|0|6|3|12
0|1|0|0|13
0.788|0|0|0|13
53.92|1|1|0|13
68.451|0|1|0|13
0|1|11|1|13
0.161|0|11|1|13
0|1|13|1|13
0.161|0|13|1|13
0|1|3|1|13
3.701|0|3|1|13
0|1|5|1|13
0.788|0|5|1|13
0|1|8|1|13
0.788|0|8|1|13
0|1|1|0|14
3.701|0|1|0|14
0|1|0|1|14
3.701|0|0|1|14
8.053|1|1|10|14
35.086|0|1|10|14
0|1|2|10|14
3.701|0|2|10|14
0|1|4|10|14
0.788|0|4|10|14
29.17|1|5|10|14
11.721|0|5|10|14
0|1|7|10|14
3.701|0|7|10|14
6.522|1|8|10|14
35.086|0|8|10|14
0|1|9|10|14
0.161|0|9|10|14
9.397|1|0|11|14
11.721|0|0|11|14
5.148|1|0|12|14
35.086|0|0|12|14
12.359|1|10|12|14
11.721|0|10|12|14
10.758|1|11|12|14
11.721|0|11|12|14
6.811|1|13|12|14
35.086|0|13|12|14
0|1|2|12|14
3.701|0|2|12|14
6.518|1|5|12|14
35.086|0|5|12|14
0|1|8|12|14
3.701|0|8|12|14
0|1|9|12|14
0.788|0|9|12|14
0|1|0|13|14
0.788|0|0|13|14
17.207|1|3|13|14
11.721|0|3|13|14
7.285|1|10|14|14
11.721|0|10|14|14
0|1|11|14|14
0.161|0|11|14|14
89.093|1|3|14|14
68.451|0|3|14|14
79.802|1|4|14|14
68.451|0|4|14|14
14.559|1|6|14|14
35.086|0|6|14|14
0|1|9|14|14
0.161|0|9|14|14
38.919|1|5|15|14
68.451|0|5|15|14
28.826|1|6|15|14
68.451|0|6|15|14
7.805|1|7|15|14
35.086|0|7|15|14
12.217|1|9|15|14
11.721|0|9|15|14
0|1|1|16|14
0.161|0|1|16|14
13.567|1|3|16|14
11.721|0|3|16|14
0|1|0|17|14
0.161|0|0|17|14
3.646|1|1|2|14
35.086|0|1|2|14
0|1|3|2|14
0.161|0|3|2|14
0|1|4|2|14
0.788|0|4|2|14
7.235|1|0|3|14
35.086|0|0|3|14
0|1|2|3|14
3.701|0|2|3|14
66.589|1|4|3|14
68.451|0|4|3|14
24.435|1|1|5|14
68.451|0|1|5|14
0|1|3|5|14
0.161|0|3|5|14
9.849|1|10|6|14
35.086|0|10|6|14
47.036|1|12|6|14
68.451|0|12|6|14
50.294|1|3|6|14
68.451|0|3|6|14
0|1|5|6|14
0.788|0|5|6|14
21.75|1|9|6|14
11.721|0|9|6|14
0|1|2|7|14
0.788|0|2|7|14
30.875|1|3|7|14
11.721|0|3|7|14
0|1|2|8|14
0.161|0|2|8|14
76.394|1|3|8|14
68.451|0|3|8|14
56.977|1|0|9|14
68.451|0|0|9|14
35.654|1|11|9|14
68.451|0|11|9|14
24.853|1|12|9|14
11.721|0|12|9|14
4.635|1|13|9|14
35.086|0|13|9|14
22.459|1|3|9|14
11.721|0|3|9|14
26.279|1|4|9|14
11.721|0|4|9|14
0|1|5|9|14
3.701|0|5|9|14
7.674|1|8|9|14
35.086|0|8|9|14
0|1|11|0|15
0.161|0|11|0|15
0|1|13|0|15
3.701|0|13|0|15
0|1|2|0|15
0.161|0|2|0|15
3.759|1|6|0|15
35.086|0|6|0|15
69.601|1|7|0|15
68.451|0|7|0|15
0|1|9|0|15
0.788|0|9|0|15
0|1|4|2|15
3.701|0|4|2|15
0|1|6|2|15
3.701|0|6|2|15
5.338|1|9|2|15
35.086|0|9|2|15
0|1|2|3|15
0.161|0|2|3|15
58.425|1|3|3|15
68.451|0|3|3|15
0|1|6|3|15
0.788|0|6|3|15
4.811|1|0|0|16
35.086|0|0|0|16
12.124|1|1|0|16
35.086|0|1|0|16
3.653|1|10|0|16
35.086|0|10|0|16
0|1|11|0|16
3.701|0|11|0|16
0|1|12|0|16
0.788|0|12|0|16
73.604|1|13|0|16
68.451|0|13|0|16
4.642|1|3|0|16
35.086|0|3|0|16
42.431|1|7|0|16
68.451|0|7|0|16
0|1|0|1|16
0.788|0|0|1|16
0|1|1|1|16
0.161|0|1|1|16
0|1|3|1|16
0.788|0|3|1|16
4.92|1|7|1|16
35.086|0|7|1|16
0|1|9|1|16
3.701|0|9|1|16
0|1|0|10|16
3.701|0|0|10|16
27.526|1|2|10|16
11.721|0|2|10|16
7.416|1|4|10|16
35.086|0|4|10|16
62.312|1|8|10|16
68.451|0|8|10|16
65.997|1|9|10|16
68.451|0|9|10|16
0|1|0|2|16
0.788|0|0|2|16
45.12|1|0|3|16
68.451|0|0|3|16
4.168|1|2|3|16
35.086|0|2|3|16
0|1|0|4|16
0.788|0|0|4|16
0|1|4|4|16
0.161|0|4|4|16
40.811|1|1|5|16
11.721|0|1|5|16
0|1|4|5|16
3.701|0|4|5|16
0|1|6|5|16
3.701|0|6|5|16
0|1|2|6|16
3.701|0|2|6|16
30.297|1|3|6|16
68.451|0|3|6|16
0|1|0|7|16
3.701|0|0|7|16
23.508|1|2|7|16
68.451|0|2|7|16
21.495|1|3|7|16
11.721|0|3|7|16
0|1|0|8|16
0.161|0|0|8|16
3.487|1|1|8|16
35.086|0|1|8|16
0|1|6|8|16
0.161|0|6|8|16
0|1|8|8|16
3.701|0|8|8|16
12.742|1|2|9|16
11.721|0|2|9|16
0|1|5|9|16
0.788|0|5|9|16
0|1|0|0|17
0.788|0|0|0|17
0|1|1|0|17
0.788|0|1|0|17
3.695|1|2|0|17
35.086|0|2|0|17
43.126|1|0|1|17
68.451|0|0|1|17
12.139|1|3|1|17
11.721|0|3|1|17
0|1|6|1|17
3.701|0|6|1|17
11.549|1|2|2|17
35.086|0|2|2|17
9.568|1|4|0|18
11.721|0|4|0|18
0|1|0|1|18
0.788|0|0|1|18
65.106|1|3|1|18
68.451|0|3|1|18
44.593|1|0|2|18
68.451|0|0|2|18
0|1|1|2|18
0.788|0|1|2|18
7.621|1|5|2|18
11.721|0|5|2|18
0|1|2|3|18
3.701|0|2|3|18
0|1|3|3|18
3.701|0|3|3|18
31.891|1|5|3|18
68.451|0|5|3|18
10.168|1|8|3|18
11.721|0|8|3|18
0|1|9|3|18
0.788|0|9|3|18
51.851|1|2|4|18
68.451|0|2|4|18
27.719|1|3|4|18
11.721|0|3|4|18
0|1|2|0|19
0.161|0|2|0|19
0|1|5|0|19
3.701|0|5|0|19
0|1|6|0|19
0.788|0|6|0|19
0|1|0|0|2
0.788|0|0|0|2
22.022|1|13|0|2
11.721|0|13|0|2
0|1|2|0|2
0.161|0|2|0|2
0|1|5|0|2
3.701|0|5|0|2
0|1|7|0|2
0.161|0|7|0|2
23.869|1|1|1|2
11.721|0|1|1|2
57.161|1|0|2|2
68.451|0|0|2|2
0|1|2|2|2
0.161|0|2|2|2
43.921|1|7|2|2
68.451|0|7|2|2
28.91|1|1|3|2
68.451|0|1|3|2
0|1|6|3|2
0.788|0|6|3|2
0|1|9|3|2
0.788|0|9|3|2
0|1|0|4|2
0.161|0|0|4|2
79.482|1|1|4|2
68.451|0|1|4|2
0|1|4|4|2
3.701|0|4|4|2
3.127|1|0|5|2
35.086|0|0|5|2
24.91|1|4|5|2
11.721|0|4|5|2
0|1|6|5|2
0.788|0|6|5|2
17.123|1|7|5|2
35.086|0|7|5|2
0|1|0|0|20
0.161|0|0|0|20
0|1|1|0|20
0.788|0|1|0|20
0|1|4|0|20
0.788|0|4|0|20
7.405|1|6|0|20
35.086|0|6|0|20
0|1|0|1|20
0.161|0|0|1|20
0|1|1|1|20
0.788|0|1|1|20
6.23|1|2|1|20
11.721|0|2|1|20
26.689|1|3|1|20
68.451|0|3|1|20
0|1|5|1|20
0.788|0|5|1|20
0|1|4|2|20
0.788|0|4|2|20
0|1|5|2|20
0.788|0|5|2|20
29.031|1|10|4|20
68.451|0|10|4|20
0|1|5|4|20
0.161|0|5|4|20
12.142|1|6|4|20
35.086|0|6|4|20
0|1|8|4|20
0.788|0|8|4|20
0|1|2|5|20
0.788|0|2|5|20
0|1|3|5|20
3.701|0|3|5|20
157.832|1|6|5|20
68.452|0|6|5|20
0|1|7|5|20
0.788|0|7|5|20
74.08|1|1|6|20
68.451|0|1|6|20
11.911|1|2|6|20
35.086|0|2|6|20
85.273|1|4|6|20
68.451|0|4|6|20
0|1|5|6|20
0.161|0|5|6|20
37.092|1|6|6|20
68.451|0|6|6|20
0|1|0|7|20
0.788|0|0|7|20
0|1|2|7|20
3.701|0|2|7|20
34.261|1|3|7|20
68.451|0|3|7|20
0|1|6|7|20
0.161|0|6|7|20
0|1|8|7|20
0.788|0|8|7|20
24.441|1|1|0|21
68.451|0|1|0|21
33.504|1|2|0|21
68.451|0|2|0|21
0|1|1|1|21
3.701|0|1|1|21
0|1|0|10|21
0.161|0|0|10|21
6.908|1|10|10|21
11.721|0|10|10|21
11.055|1|13|10|21
35.086|0|13|10|21
34.878|1|4|10|21
68.451|0|4|10|21
0|1|5|10|21
3.701|0|5|10|21
9.148|1|6|10|21
35.086|0|6|10|21
0|1|7|10|21
0.161|0|7|10|21
29.219|1|8|10|21
11.721|0|8|10|21
17.227|1|9|10|21
11.721|0|9|10|21
0|1|5|11|21
3.701|0|5|11|21
0|1|7|11|21
0.788|0|7|11|21
8.308|1|6|12|21
11.721|0|6|12|21
18.251|1|10|13|21
11.721|0|10|13|21
0|1|12|13|21
3.701|0|12|13|21
0|1|5|13|21
3.701|0|5|13|21
0|1|8|13|21
0.161|0|8|13|21
4.199|1|10|3|21
35.086|0|10|3|21
17.384|1|11|3|21
11.721|0|11|3|21
0|1|2|3|21
0.161|0|2|3|21
20.531|1|3|3|21
11.721|0|3|3|21
31.977|1|7|3|21
68.451|0|7|3|21
59.977|1|1|4|21
68.451|0|1|4|21
0|1|10|4|21
0.161|0|10|4|21
0|1|11|4|21
0.161|0|11|4|21
0|1|2|4|21
0.161|0|2|4|21
0|1|4|4|21
0.788|0|4|4|21
8.716|1|6|4|21
35.086|0|6|4|21
41.884|1|9|4|21
68.451|0|9|4|21
0|1|2|5|21
0.788|0|2|5|21
0|1|3|5|21
0.161|0|3|5|21
10.748|1|11|6|21
35.086|0|11|6|21
77.597|1|12|6|21
68.451|0|12|6|21
72.315|1|13|6|21
68.451|0|13|6|21
0|1|2|6|21
0.161|0|2|6|21
17.327|1|3|6|21
11.721|0|3|6|21
0|1|4|6|21
0.788|0|4|6|21
36.463|1|5|6|21
68.451|0|5|6|21
34.776|1|8|6|21
11.721|0|8|6|21
9.828|1|9|6|21
11.721|0|9|6|21
0|1|4|7|21
0.161|0|4|7|21
68.068|1|0|8|21
68.451|0|0|8|21
0|1|10|8|21
0.788|0|10|8|21
0|1|11|8|21
0.788|0|11|8|21
0|1|5|8|21
0.161|0|5|8|21
0|1|6|8|21
0.788|0|6|8|21
0|1|9|8|21
0.788|0|9|8|21
12.99|1|0|9|21
11.721|0|0|9|21
0|1|2|9|21
3.701|0|2|9|21
53.709|1|4|9|21
68.451|0|4|9|21
0|1|7|9|21
0.788|0|7|9|21
7.042|1|8|9|21
11.721|0|8|9|21
0|1|0|0|22
0.788|0|0|0|22
40.645|1|2|0|22
68.451|0|2|0|22
0|1|3|0|22
3.701|0|3|0|22
12.618|1|5|0|22
11.721|0|5|0|22
0|1|6|0|22
0.788|0|6|0|22
0|1|0|1|22
3.701|0|0|1|22
0|1|2|1|22
3.701|0|2|1|22
3.563|1|10|2|22
35.086|0|10|2|22
0|1|11|2|22
0.788|0|11|2|22
62.614|1|13|2|22
68.451|0|13|2|22
8.943|1|4|2|22
11.721|0|4|2|22
0|1|5|2|22
0.788|0|5|2|22
19.401|1|6|2|22
11.721|0|6|2|22
0|1|8|2|22
0.788|0|8|2|22
0|1|9|2|22
3.701|0|9|2|22
20.813|1|0|3|22
68.451|0|0|3|22
0|1|2|3|22
0.161|0|2|3|22
23.495|1|3|3|22
68.451|0|3|3|22
0|1|6|3|22
3.701|0|6|3|22
0|1|1|0|23
0.788|0|1|0|23
0|1|2|0|23
3.701|0|2|0|23
0|1|0|1|23
0.788|0|0|1|23
13.642|1|1|1|23
11.721|0|1|1|23
5.664|1|2|1|23
35.086|0|2|1|23
0|1|4|1|23
0.161|0|4|1|23
7.672|1|6|1|23
35.086|0|6|1|23
4.317|1|0|2|23
35.086|0|0|2|23
0|1|1|3|23
0.788|0|1|3|23
7.247|1|2|3|23
35.086|0|2|3|23
7.47|1|4|3|23
35.086|0|4|3|23
0|1|6|3|23
0.788|0|6|3|23
5.335|1|10|0|24
35.086|0|10|0|24
67.801|1|11|0|24
68.451|0|11|0|24
10.489|1|13|0|24
35.086|0|13|0|24
6.607|1|4|0|24
11.721|0|4|0|24
27.067|1|8|0|24
68.451|0|8|0|24
12.475|1|9|0|24
11.721|0|9|0|24
6.986|1|0|1|24
35.086|0|0|1|24
8.081|1|2|1|24
35.086|0|2|1|24
0|1|0|2|24
0.788|0|0|2|24
5.918|1|0|3|24
35.086|0|0|3|24
12.793|1|3|3|24
11.721|0|3|3|24
49.899|1|5|3|24
68.451|0|5|3|24
0|1|0|4|24
3.701|0|0|4|24
31.061|1|1|4|24
68.451|0|1|4|24
0|1|3|4|24
0.788|0|3|4|24
8.992|1|1|5|24
35.086|0|1|5|24
0|1|2|5|24
0.161|0|2|5|24
0|1|0|6|24
0.161|0|0|6|24
39.307|1|1|6|24
68.451|0|1|6|24
37.785|1|2|6|24
68.451|0|2|6|24
12.609|1|3|6|24
35.086|0|3|6|24
0|1|4|6|24
0.788|0|4|6|24
47.868|1|1|7|24
68.451|0|1|7|24
0|1|1|0|25
3.701|0|1|0|25
0|1|2|0|25
3.701|0|2|0|25
43.419|1|7|0|25
68.451|0|7|0|25
3.488|1|8|0|25
35.086|0|8|0|25
0|1|4|1|25
0.788|0|4|1|25
4.363|1|6|1|25
35.086|0|6|1|25
8.015|1|0|3|25
35.086|0|0|3|25
0|1|4|3|25
0.161|0|4|3|25
0|1|3|4|25
0.161|0|3|4|25
44.757|1|5|4|25
68.451|0|5|4|25
14.424|1|7|4|25
35.086|0|7|4|25
9.336|1|0|5|25
11.721|0|0|5|25
0|1|0|0|26
0.161|0|0|0|26
6.429|1|4|0|26
35.086|0|4|0|26
0|1|1|2|26
0.161|0|1|2|26
7.99|1|4|2|26
35.086|0|4|2|26
5.568|1|6|2|26
11.721|0|6|2|26
0|1|2|3|26
0.788|0|2|3|26
11.866|1|3|3|26
11.721|0|3|3|26
10.507|1|5|3|26
35.086|0|5|3|26
0|1|0|4|26
0.788|0|0|4|26
0|1|10|4|26
3.701|0|10|4|26
34.422|1|11|4|26
68.451|0|11|4|26
128.654|1|12|4|26
68.452|0|12|4|26
0|1|2|4|26
0.161|0|2|4|26
0|1|4|4|26
0.161|0|4|4|26
0|1|5|4|26
0.788|0|5|4|26
15.9|1|7|4|26
11.721|0|7|4|26
0|1|8|4|26
0.788|0|8|4|26
0|1|1|5|26
0.161|0|1|5|26
0|1|4|5|26
3.701|0|4|5|26
0|1|6|5|26
0.788|0|6|5|26
40.603|1|7|5|26
68.451|0|7|5|26
12.485|1|0|0|27
35.086|0|0|0|27
0|1|1|0|27
0.161|0|1|0|27
21.422|1|1|1|27
11.721|0|1|1|27
0|1|2|1|27
0.161|0|2|1|27
59.646|1|4|1|27
68.451|0|4|1|27
0|1|5|1|27
0.161|0|5|1|27
0|1|0|2|27
0.788|0|0|2|27
0|1|2|2|27
0.161|0|2|2|27
13.123|1|0|3|27
11.721|0|0|3|27
3.571|1|1|3|27
35.086|0|1|3|27
0|1|1|4|27
0.788|0|1|4|27
0|1|2|4|27
0.161|0|2|4|27
0|1|3|4|27
0.788|0|3|4|27
0|1|0|5|27
0.788|0|0|5|27
0|1|1|5|27
0.788|0|1|5|27
0|1|3|5|27
0.161|0|3|5|27
0|1|7|5|27
0.788|0|7|5|27
0|1|9|5|27
3.701|0|9|5|27
0|1|1|6|27
3.701|0|1|6|27
0|1|4|6|27
0.161|0|4|6|27
0|1|0|7|27
0.788|0|0|7|27
35.536|1|1|7|27
68.451|0|1|7|27
0|1|3|7|27
0.788|0|3|7|27
16.109|1|4|7|27
11.721|0|4|7|27
11.964|1|6|7|27
35.086|0|6|7|27
0|1|0|8|27
0.161|0|0|8|27
15.886|1|3|9|27
35.086|0|3|9|27
5.64|1|4|9|27
35.086|0|4|9|27
5.028|1|5|9|27
35.086|0|5|9|27
0|1|6|9|27
3.701|0|6|9|27
18.013|1|0|0|28
11.721|0|0|0|28
3.799|1|1|0|28
35.086|0|1|0|28
0|1|2|0|28
3.701|0|2|0|28
0|1|5|0|28
3.701|0|5|0|28
0|1|0|1|28
0.788|0|0|1|28
0|1|2|1|28
3.701|0|2|1|28
0|1|4|1|28
0.161|0|4|1|28
0|1|6|1|28
0.788|0|6|1|28
7.414|1|2|10|28
11.721|0|2|10|28
0|1|3|10|28
0.788|0|3|10|28
8.659|1|0|12|28
11.721|0|0|12|28
10.581|1|1|12|28
35.086|0|1|12|28
29.381|1|2|12|28
68.451|0|2|12|28
4.056|1|3|12|28
35.086|0|3|12|28
0|1|6|12|28
3.701|0|6|12|28
0|1|2|13|28
0.788|0|2|13|28
43.056|1|4|13|28
68.451|0|4|13|28
6.682|1|5|14|28
35.086|0|5|14|28
0|1|6|14|28
0.161|0|6|14|28
29.094|1|0|15|28
68.451|0|0|15|28
7.335|1|1|15|28
35.086|0|1|15|28
19.476|1|4|15|28
11.721|0|4|15|28
5.983|1|5|15|28
35.086|0|5|15|28
0|1|9|15|28
0.788|0|9|15|28
25.539|1|0|16|28
11.721|0|0|16|28
0|1|5|16|28
0.161|0|5|16|28
41.696|1|0|17|28
68.451|0|0|17|28
0|1|2|17|28
3.701|0|2|17|28
48.966|1|3|17|28
68.451|0|3|17|28
13.204|1|1|2|28
11.721|0|1|2|28
0|1|3|2|28
3.701|0|3|2|28
5.362|1|4|2|28
11.721|0|4|2|28
8.496|1|1|3|28
35.086|0|1|3|28
0|1|4|3|28
0.788|0|4|3|28
18.044|1|5|3|28
68.451|0|5|3|28
9.721|1|6|3|28
11.721|0|6|3|28
40.954|1|10|4|28
68.451|0|10|4|28
3.783|1|4|4|28
35.086|0|4|4|28
58.622|1|5|4|28
68.451|0|5|4|28
0|1|0|5|28
0.161|0|0|5|28
0|1|1|5|28
0.788|0|1|5|28
10.422|1|2|5|28
11.721|0|2|5|28
16.797|1|4|5|28
11.721|0|4|5|28
0|1|0|6|28
0.788|0|0|6|28
0|1|1|6|28
0.161|0|1|6|28
29.078|1|3|6|28
11.721|0|3|6|28
8.139|1|4|6|28
11.721|0|4|6|28
9.457|1|6|6|28
35.086|0|6|6|28
0|1|7|6|28
3.701|0|7|6|28
49.565|1|4|7|28
68.451|0|4|7|28
0|1|11|9|28
0.161|0|11|9|28
0|1|12|9|28
0.161|0|12|9|28
0|1|13|9|28
0.788|0|13|9|28
0|1|6|9|28
0.788|0|6|9|28
0|1|8|9|28
0.788|0|8|9|28
6.027|1|1|0|29
11.721|0|1|0|29
0|1|11|0|29
3.701|0|11|0|29
8.93|1|5|0|29
11.721|0|5|0|29
0|1|9|0|29
3.701|0|9|0|29
16.806|1|0|2|29
11.721|0|0|2|29
16.07|1|2|2|29
11.721|0|2|2|29
0|1|11|0|3
0.161|0|11|0|3
16.135|1|13|0|3
35.086|0|13|0|3
33.099|1|4|0|3
68.451|0|4|0|3
0|1|7|0|3
0.161|0|7|0|3
0|1|8|0|3
0.161|0|8|0|3
0|1|1|1|3
3.701|0|1|1|3
0|1|2|1|3
3.701|0|2|1|3
9.761|1|4|1|3
11.721|0|4|1|3
30.292|1|3|2|3
68.451|0|3|2|3
0|1|4|2|3
3.701|0|4|2|3
0|1|5|2|3
3.701|0|5|2|3
37.606|1|10|3|3
68.451|0|10|3|3
33.484|1|11|3|3
68.451|0|11|3|3
0|1|13|3|3
0.161|0|13|3|3
5.371|1|2|3|3
35.086|0|2|3|3
18.823|1|3|3|3
11.721|0|3|3|3
0|1|7|3|3
3.701|0|7|3|3
100.132|1|0|0|30
68.451|0|0|0|30
0|1|2|1|30
0.788|0|2|1|30
0|1|3|1|30
0.788|0|3|1|30
0|1|1|0|31
0.788|0|1|0|31
45.883|1|2|0|31
68.451|0|2|0|31
0|1|4|0|31
0.161|0|4|0|31
0|1|6|0|31
0.788|0|6|0|31
25.562|1|0|0|32
11.721|0|0|0|32
17.906|1|3|0|32
35.086|0|3|0|32
0|1|4|0|32
0.161|0|4|0|32
49.22|1|7|0|32
68.451|0|7|0|32
0|1|9|0|32
0.788|0|9|0|32
29.073|1|0|10|32
11.721|0|0|10|32
0|1|1|10|32
0.161|0|1|10|32
0|1|3|11|32
0.788|0|3|11|32
0|1|4|11|32
0.788|0|4|11|32
5.651|1|3|12|32
11.721|0|3|12|32
0|1|6|12|32
0.788|0|6|12|32
0|1|8|12|32
0.161|0|8|12|32
0|1|0|13|32
0.788|0|0|13|32
0|1|10|13|32
3.701|0|10|13|32
0|1|2|13|32
0.161|0|2|13|32
84.059|1|3|13|32
68.451|0|3|13|32
23.992|1|7|13|32
68.451|0|7|13|32
7.265|1|8|13|32
35.086|0|8|13|32
0|1|0|2|32
0.788|0|0|2|32
23.717|1|1|2|32
68.451|0|1|2|32
0|1|4|2|32
0.788|0|4|2|32
0|1|6|2|32
0.788|0|6|2|32
12.514|1|0|4|32
35.086|0|0|4|32
0|1|1|4|32
0.788|0|1|4|32
0|1|4|4|32
0.788|0|4|4|32
0|1|8|4|32
3.701|0|8|4|32
40.933|1|11|5|32
68.451|0|11|5|32
0|1|12|5|32
0.788|0|12|5|32
0|1|4|5|32
3.701|0|4|5|32
0|1|5|5|32
0.161|0|5|5|32
0|1|9|5|32
3.701|0|9|5|32
0|1|0|6|32
3.701|0|0|6|32
0|1|2|6|32
3.701|0|2|6|32
8.855|1|6|6|32
11.721|0|6|6|32
94.192|1|9|6|32
68.451|0|9|6|32
64.963|1|3|7|32
68.451|0|3|7|32
22.132|1|4|7|32
11.721|0|4|7|32
8.415|1|8|7|32
35.086|0|8|7|32
8.135|1|2|9|32
35.086|0|2|9|32
0|1|5|9|32
3.701|0|5|9|32
22.203|1|0|0|33
68.451|0|0|0|33
14.246|1|1|1|33
11.721|0|1|1|33
4.598|1|11|1|33
35.086|0|11|1|33
57.146|1|12|1|33
68.451|0|12|1|33
0|1|13|1|33
3.701|0|13|1|33
102.967|1|3|1|33
68.451|0|3|1|33
11.473|1|5|1|33
11.721|0|5|1|33
24.822|1|8|1|33
68.451|0|8|1|33
0|1|9|1|33
0.788|0|9|1|33
0|1|2|10|33
3.701|0|2|10|33
0|1|4|10|33
0.788|0|4|10|33
19.409|1|6|10|33
68.451|0|6|10|33
9.897|1|1|11|33
11.721|0|1|11|33
19.677|1|3|11|33
11.721|0|3|11|33
0|1|1|2|33
0.788|0|1|2|33
0|1|4|2|33
0.788|0|4|2|33
0|1|5|2|33
3.701|0|5|2|33
16.393|1|0|3|33
35.086|0|0|3|33
34.428|1|1|3|33
68.451|0|1|3|33
11.896|1|3|3|33
11.721|0|3|3|33
0|1|2|4|33
0.161|0|2|4|33
13.224|1|3|4|33
11.721|0|3|4|33
0|1|8|4|33
0.788|0|8|4|33
0|1|0|5|33
0.788|0|0|5|33
5.005|1|1|5|33
35.086|0|1|5|33
44.154|1|2|5|33
68.451|0|2|5|33
0|1|7|5|33
0.788|0|7|5|33
6.743|1|0|7|33
35.086|0|0|7|33
8.725|1|3|7|33
11.721|0|3|7|33
0|1|1|8|33
0.788|0|1|8|33
36.55|1|5|8|33
68.451|0|5|8|33
0|1|6|8|33
3.701|0|6|8|33
0|1|7|8|33
0.161|0|7|8|33
15.229|1|0|9|33
11.721|0|0|9|33
4.11|1|1|9|33
35.086|0|1|9|33
96.197|1|2|9|33
68.451|0|2|9|33
10.454|1|7|9|33
11.721|0|7|9|33
22.897|1|9|9|33
11.721|0|9|9|33
0|1|0|0|34
3.701|0|0|0|34
36.249|1|2|0|34
68.451|0|2|0|34
4.863|1|1|1|34
35.086|0|1|1|34
28.103|1|1|2|34
11.721|0|1|2|34
111.118|1|2|2|34
68.451|0|2|2|34
10.538|1|3|2|34
11.721|0|3|2|34
24.084|1|4|2|34
68.451|0|4|2|34
17.73|1|0|3|34
35.086|0|0|3|34
0|1|1|3|34
3.701|0|1|3|34
39.554|1|3|5|34
68.451|0|3|5|34
0|1|4|5|34
0.161|0|4|5|34
10.608|1|0|0|35
35.086|0|0|0|35
9.801|1|1|0|35
11.721|0|1|0|35
0|1|10|0|35
0.788|0|10|0|35
25.13|1|11|0|35
68.451|0|11|0|35
11.668|1|13|0|35
35.086|0|13|0|35
0|1|4|0|35
0.788|0|4|0|35
0|1|5|0|35
0.788|0|5|0|35
0|1|8|0|35
0.161|0|8|0|35
0|1|0|1|35
0.788|0|0|1|35
0|1|1|2|35
0.788|0|1|2|35
0|1|2|2|35
0.788|0|2|2|35
0|1|3|2|35
3.701|0|3|2|35
14.536|1|4|2|35
11.721|0|4|2|35
3.007|1|5|2|35
35.086|0|5|2|35
3.709|1|6|2|35
35.086|0|6|2|35
5.533|1|8|2|35
35.086|0|8|2|35
10.762|1|0|3|35
11.721|0|0|3|35
0|1|1|3|35
3.701|0|1|3|35
5.442|1|0|0|36
35.086|0|0|0|36
0|1|10|0|36
0.161|0|10|0|36
0|1|2|0|36
3.701|0|2|0|36
0|1|4|0|36
0.161|0|4|0|36
0|1|5|0|36
0.788|0|5|0|36
0|1|7|0|36
0.161|0|7|0|36
15.134|1|8|0|36
35.086|0|8|0|36
0|1|10|1|36
0.788|0|10|1|36
0|1|11|1|36
3.701|0|11|1|36
0|1|3|1|36
0.788|0|3|1|36
81.563|1|5|1|36
68.451|0|5|1|36
0|1|9|1|36
0.161|0|9|1|36
0|1|2|2|36
0.161|0|2|2|36
0|1|3|2|36
0.788|0|3|2|36
9.271|1|7|2|36
35.086|0|7|2|36
0|1|2|3|36
3.701|0|2|3|36
18.722|1|2|5|36
11.721|0|2|5|36
0|1|7|5|36
0.788|0|7|5|36
0|1|8|5|36
0.788|0|8|5|36
0|1|9|5|36
0.161|0|9|5|36
8.553|1|1|6|36
11.721|0|1|6|36
0|1|2|6|36
3.701|0|2|6|36
0|1|3|6|36
0.788|0|3|6|36
0|1|4|6|36
0.161|0|4|6|36
0|1|8|6|36
0.788|0|8|6|36
0|1|2|0|37
3.701|0|2|0|37
5.19|1|3|0|37
35.086|0|3|0|37
9.541|1|4|0|37
35.086|0|4|0|37
6.107|1|0|1|37
35.086|0|0|1|37
0|1|3|1|37
0.788|0|3|1|37
32.49|1|10|2|37
68.451|0|10|2|37
14.788|1|11|2|37
11.721|0|11|2|37
0|1|5|2|37
0.161|0|5|2|37
0|1|6|2|37
3.701|0|6|2|37
0|1|7|2|37
0.788|0|7|2|37
0|1|9|2|37
0.161|0|9|2|37
0|1|2|3|37
0.161|0|2|3|37
42.903|1|1|4|37
68.451|0|1|4|37
0|1|2|4|37
0.788|0|2|4|37
22.872|1|5|4|37
68.451|0|5|4|37
0|1|7|4|37
3.701|0|7|4|37
11.282|1|13|5|37
11.721|0|13|5|37
0|1|3|5|37
3.701|0|3|5|37
0|1|4|5|37
0.788|0|4|5|37
0|1|5|5|37
0.161|0|5|5|37
18.884|1|7|5|37
11.721|0|7|5|37
0|1|9|5|37
3.701|0|9|5|37
0|1|0|6|37
3.701|0|0|6|37
18.797|1|2|6|37
68.451|0|2|6|37
0|1|5|6|37
3.701|0|5|6|37
0|1|2|7|37
0.788|0|2|7|37
3.475|1|6|7|37
35.086|0|6|7|37
0|1|7|7|37
3.701|0|7|7|37
51.152|1|9|7|37
68.451|0|9|7|37
10.12|1|0|8|37
11.721|0|0|8|37
12.131|1|1|8|37
11.721|0|1|8|37
10.962|1|2|8|37
11.721|0|2|8|37
44.917|1|0|0|38
68.451|0|0|0|38
26.318|1|1|10|38
68.451|0|1|10|38
0|1|1|2|38
3.701|0|1|2|38
89.725|1|4|2|38
68.451|0|4|2|38
0|1|5|2|38
0.161|0|5|2|38
0|1|0|3|38
0.161|0|0|3|38
53.265|1|1|3|38
68.451|0|1|3|38
10.685|1|3|3|38
35.086|0|3|3|38
0|1|4|3|38
0.161|0|4|3|38
0|1|0|4|38
0.161|0|0|4|38
0|1|3|4|38
0.161|0|3|4|38
8.407|1|4|4|38
35.086|0|4|4|38
0|1|0|5|38
0.161|0|0|5|38
0|1|1|5|38
0.788|0|1|5|38
6.337|1|2|5|38
35.086|0|2|5|38
9.875|1|0|6|38
11.721|0|0|6|38
0|1|1|6|38
3.701|0|1|6|38
0|1|0|8|38
3.701|0|0|8|38
6.44|1|1|8|38
35.086|0|1|8|38
27.225|1|0|9|38
68.451|0|0|9|38
0|1|3|9|38
3.701|0|3|9|38
0|1|4|9|38
0.788|0|4|9|38
0|1|1|0|39
3.701|0|1|0|39
22.11|1|1|1|39
68.451|0|1|1|39
0|1|4|1|39
0.788|0|4|1|39
0|1|6|1|39
3.701|0|6|1|39
7.296|1|2|10|39
35.086|0|2|10|39
0|1|0|11|39
3.701|0|0|11|39
55.393|1|1|11|39
68.451|0|1|11|39
19.007|1|11|11|39
68.451|0|11|11|39
48.328|1|13|11|39
68.451|0|13|11|39
0|1|2|11|39
0.161|0|2|11|39
9.015|1|3|11|39
11.721|0|3|11|39
12.169|1|4|11|39
11.721|0|4|11|39
0|1|8|11|39
0.788|0|8|11|39
0|1|9|11|39
3.701|0|9|11|39
19.872|1|1|12|39
68.451|0|1|12|39
13.926|1|4|12|39
11.721|0|4|12|39
0|1|12|13|39
3.701|0|12|13|39
0|1|13|13|39
0.788|0|13|13|39
0|1|2|13|39
3.701|0|2|13|39
0|1|5|13|39
3.701|0|5|13|39
0|1|6|13|39
3.701|0|6|13|39
0|1|5|14|39
0.788|0|5|14|39
9.853|1|8|14|39
35.086|0|8|14|39
14.354|1|0|2|39
11.721|0|0|2|39
6.312|1|2|2|39
35.086|0|2|2|39
25.563|1|5|2|39
68.451|0|5|2|39
10.593|1|8|2|39
35.086|0|8|2|39
9.859|1|9|2|39
11.721|0|9|2|39
0|1|0|3|39
0.788|0|0|3|39
49.817|1|3|4|39
68.451|0|3|4|39
0|1|1|5|39
0.788|0|1|5|39
28.82|1|2|5|39
68.451|0|2|5|39
0|1|4|5|39
0.788|0|4|5|39
0|1|0|6|39
0.788|0|0|6|39
0|1|1|6|39
0.788|0|1|6|39
43.525|1|3|6|39
68.451|0|3|6|39
7.314|1|7|6|39
35.086|0|7|6|39
74.043|1|1|7|39
68.451|0|1|7|39
0|1|5|7|39
0.161|0|5|7|39
0|1|6|7|39
0.161|0|6|7|39
8.224|1|8|7|39
35.086|0|8|7|39
7.508|1|10|8|39
35.086|0|10|8|39
0|1|11|8|39
0.788|0|11|8|39
0|1|12|8|39
0.788|0|12|8|39
12.874|1|13|8|39
35.086|0|13|8|39
0|1|3|8|39
0.788|0|3|8|39
3.465|1|4|8|39
35.086|0|4|8|39
0|1|5|8|39
0.788|0|5|8|39
0|1|6|8|39
0.161|0|6|8|39
0|1|7|8|39
0.788|0|7|8|39
0|1|1|9|39
0.161|0|1|9|39
0|1|0|0|4
0.788|0|0|0|4
0|1|4|0|4
3.701|0|4|0|4
0|1|5|0|4
0.161|0|5|0|4
11.054|1|7|0|4
35.086|0|7|0|4
9.496|1|8|0|4
35.086|0|8|0|4
84.089|1|0|1|4
68.451|0|0|1|4
48.547|1|1|1|4
68.451|0|1|1|4
0|1|2|1|4
0.788|0|2|1|4
0|1|2|10|4
0.161|0|2|10|4
0|1|3|10|4
0.161|0|3|10|4
0|1|5|10|4
0.788|0|5|10|4
0|1|1|11|4
0.161|0|1|11|4
48.882|1|2|11|4
68.451|0|2|11|4
26.307|1|0|12|4
68.451|0|0|12|4
0|1|1|12|4
0.788|0|1|12|4
0|1|11|12|4
0.788|0|11|12|4
40.997|1|12|12|4
68.451|0|12|12|4
0|1|2|12|4
0.788|0|2|12|4
20.004|1|4|12|4
11.721|0|4|12|4
0|1|6|12|4
0.788|0|6|12|4
20.623|1|7|12|4
11.721|0|7|12|4
0|1|2|13|4
0.788|0|2|13|4
0|1|3|13|4
0.161|0|3|13|4
0|1|4|13|4
0.788|0|4|13|4
18.881|1|5|13|4
68.451|0|5|13|4
5.461|1|8|13|4
35.086|0|8|13|4
14.917|1|9|13|4
11.721|0|9|13|4
0|1|0|2|4
0.161|0|0|2|4
20.005|1|2|2|4
11.721|0|2|2|4
3.091|1|0|3|4
35.086|0|0|3|4
28.778|1|1|3|4
11.721|0|1|3|4
29.968|1|2|3|4
68.451|0|2|3|4
67.288|1|4|3|4
68.451|0|4|3|4
0|1|5|3|4
0.161|0|5|3|4
0|1|0|4|4
0.161|0|0|4|4
23.454|1|1|4|4
11.721|0|1|4|4
55.049|1|10|4|4
68.451|0|10|4|4
0|1|5|4|4
3.701|0|5|4|4
63.948|1|9|4|4
68.451|0|9|4|4
0|1|0|5|4
0.788|0|0|5|4
0|1|1|5|4
0.161|0|1|5|4
91.507|1|4|5|4
68.451|0|4|5|4
5.613|1|5|5|4
35.086|0|5|5|4
0|1|7|5|4
3.701|0|7|5|4
0|1|8|5|4
3.701|0|8|5|4
4.804|1|0|6|4
35.086|0|0|6|4
59.795|1|0|7|4
68.451|0|0|7|4
0|1|10|7|4
0.788|0|10|7|4
0|1|12|7|4
0.788|0|12|7|4
21.444|1|3|7|4
68.451|0|3|7|4
47.874|1|5|7|4
68.451|0|5|7|4
0|1|8|7|4
3.701|0|8|7|4
0|1|1|8|4
3.701|0|1|8|4
0|1|2|8|4
0.161|0|2|8|4
0|1|2|9|4
3.701|0|2|9|4
31.016|1|3|9|4
11.721|0|3|9|4
14.152|1|5|9|4
11.721|0|5|9|4
14.459|1|3|0|5
11.721|0|3|0|5
42.008|1|5|1|5
68.451|0|5|1|5
0|1|3|0|6
3.701|0|3|0|6
0|1|1|1|6
3.701|0|1|1|6
37.237|1|2|1|6
68.451|0|2|1|6
0|1|3|1|6
3.701|0|3|1|6
20.198|1|2|2|6
11.721|0|2|2|6
3.118|1|3|2|6
35.086|0|3|2|6
0|1|2|3|6
0.161|0|2|3|6
0|1|6|3|6
0.788|0|6|3|6
0|1|8|3|6
0.161|0|8|3|6
32.729|1|5|0|7
68.451|0|5|0|7
0|1|6|0|7
0.161|0|6|0|7
0|1|1|1|7
0.161|0|1|1|7
8.135|1|3|10|7
35.086|0|3|10|7
0|1|4|10|7
0.788|0|4|10|7
0|1|0|2|7
0.788|0|0|2|7
11.166|1|1|2|7
11.721|0|1|2|7
6.005|1|10|2|7
11.721|0|10|2|7
0|1|4|2|7
3.701|0|4|2|7
0|1|6|2|7
3.701|0|6|2|7
0|1|8|2|7
3.701|0|8|2|7
17.284|1|9|2|7
35.086|0|9|2|7
0|1|0|3|7
0.161|0|0|3|7
0|1|2|3|7
0.161|0|2|3|7
66.493|1|3|3|7
68.451|0|3|3|7
42.69|1|5|3|7
68.451|0|5|3|7
0|1|9|3|7
3.701|0|9|3|7
0|1|0|5|7
0.788|0|0|5|7
0|1|1|7|7
3.701|0|1|7|7
12.181|1|2|7|7
11.721|0|2|7|7
61.798|1|4|7|7
68.451|0|4|7|7
0|1|5|7|7
0.161|0|5|7|7
14.413|1|6|7|7
35.086|0|6|7|7
0|1|7|7|7
3.701|0|7|7|7
0|1|8|7|7
0.788|0|8|7|7
50.9|1|1|8|7
68.451|0|1|8|7
23.384|1|2|8|7
68.451|0|2|8|7
6.508|1|3|8|7
35.086|0|3|8|7
15.165|1|4|8|7
11.721|0|4|8|7
0|1|0|9|7
0.161|0|0|9|7
0|1|1|9|7
0.161|0|1|9|7
13.748|1|0|0|8
11.721|0|0|0|8
12.483|1|1|0|8
35.086|0|1|0|8
50.081|1|3|0|8
68.451|0|3|0|8
9.925|1|4|0|8
35.086|0|4|0|8
0|1|7|0|8
0.788|0|7|0|8
36.948|1|3|1|8
68.451|0|3|1|8
0|1|4|1|8
0.161|0|4|1|8
50.863|1|5|1|8
68.451|0|5|1|8
12.105|1|6|1|8
11.721|0|6|1|8
14.278|1|7|1|8
35.086|0|7|1|8
18.259|1|0|3|8
11.721|0|0|3|8
15.807|1|2|3|8
35.086|0|2|3|8
65.541|1|1|4|8
68.451|0|1|4|8
0|1|0|0|9
0.161|0|0|0|9
0|1|10|0|9
3.701|0|10|0|9
0|1|11|0|9
3.701|0|11|0|9
0|1|2|0|9
0.161|0|2|0|9
0|1|3|0|9
0.788|0|3|0|9
0|1|6|0|9
0.788|0|6|0|9
0|1|7|0|9
0.788|0|7|0|9
13.359|1|9|0|9
11.721|0|9|0|9
0|1|2|1|9
0.788|0|2|1|9
7.545|1|3|1|9
11.721|0|3|1|9
30.144|1|4|1|9
68.451|0|4|1|9
0|1|6|1|9
0.161|0|6|1|9
0|1|7|1|9
0.788|0|7|1|9
8.157|1|1|2|9
35.086|0|1|2|9
17.825|1|4|2|9
35.086|0|4|2|9
13.396|1|0|3|9
11.721|0|0|3|9
2.742|1|1|3|9
35.086|0|1|3|9
29.673|1|2|3|9
11.721|0|2|3|9
16.017|1|5|3|9
11.721|0|5|3|9
9.554|1|2|0|0
11.721|0|2|0|0
0|1|3|0|0
0.355|0|3|0|0
20.294|1|0|1|0
11.721|0|0|1|0
0|1|1|1|0
3.216|0|1|1|0
0|1|11|1|0
2.25|0|11|1|0
18.961|1|4|1|0
11.721|0|4|1|0
0|1|6|1|0
3.216|0|6|1|0
0|1|0|10|0
3.216|0|0|10|0
0|1|1|12|0
3.216|0|1|12|0
15.579|1|11|13|0
11.721|0|11|13|0
0|1|4|13|0
0.355|0|4|13|0
19.379|1|5|13|0
11.721|0|5|13|0
0|1|6|13|0
2.25|0|6|13|0
0|1|8|13|0
2.25|0|8|13|0
0|1|9|13|0
3.216|0|9|13|0
0|1|1|2|0
3.216|0|1|2|0
0|1|6|2|0
3.216|0|6|2|0
15.058|1|3|3|0
11.721|0|3|3|0
0|1|1|4|0
2.25|0|1|4|0
0|1|1|6|0
0.355|0|1|6|0
31.95|1|11|6|0
11.721|0|11|6|0
0|1|12|6|0
3.216|0|12|6|0
11.617|1|2|6|0
11.721|0|2|6|0
0|1|3|6|0
2.25|0|3|6|0
7.045|1|5|6|0
11.721|0|5|6|0
0|1|8|6|0
0.355|0|8|6|0
30.69|1|7|7|0
11.721|0|7|7|0
0|1|8|7|0
3.216|0|8|7|0
9.748|1|0|8|0
11.721|0|0|8|0
0|1|2|8|0
0.355|0|2|8|0
0|1|5|8|0
0.355|0|5|8|0
0|1|10|9|0
3.216|0|10|9|0
0|1|2|9|0
0.355|0|2|9|0
0|1|9|9|0
3.216|0|9|9|0
0|1|1|1|1
0.355|0|1|1|1
0|1|2|1|1
3.216|0|2|1|1
0|1|1|2|1
0.355|0|1|2|1
17.513|1|4|2|1
11.721|0|4|2|1
0|1|1|0|10
3.216|0|1|0|10
0|1|4|0|10
3.216|0|4|0|10
27.274|1|5|0|10
11.721|0|5|0|10
16.467|1|7|0|10
11.721|0|7|0|10
0|1|2|1|10
3.216|0|2|1|10
0|1|0|2|10
3.216|0|0|2|10
0|1|3|3|10
3.216|0|3|3|10
0|1|5|4|10
3.216|0|5|4|10
0|1|6|4|10
2.25|0|6|4|10
0|1|0|0|11
2.25|0|0|0|11
0|1|10|0|11
3.216|0|10|0|11
0|1|11|0|11
3.216|0|11|0|11
0|1|13|0|11
3.216|0|13|0|11
12.129|1|2|0|11
11.721|0|2|0|11
0|1|3|0|11
3.216|0|3|0|11
0|1|4|0|11
3.216|0|4|0|11
19.064|1|5|0|11
11.721|0|5|0|11
0|1|6|0|11
3.216|0|6|0|11
0|1|9|0|11
2.25|0|9|0|11
0|1|0|1|11
0.355|0|0|1|11
0|1|1|1|11
2.25|0|1|1|11
0|1|2|1|11
3.216|0|2|1|11
15.689|1|3|1|11
11.721|0|3|1|11
0|1|0|2|11
2.25|0|0|2|11
17.339|1|4|2|11
11.721|0|4|2|11
0|1|8|2|11
3.216|0|8|2|11
0|1|1|4|11
2.25|0|1|4|11
14.753|1|0|5|11
11.721|0|0|5|11
0|1|3|5|11
0.355|0|3|5|11
10.357|1|0|0|12
11.721|0|0|0|12
27.765|1|1|0|12
11.721|0|1|0|12
0|1|0|1|12
3.216|0|0|1|12
0|1|1|1|12
0.355|0|1|1|12
0|1|2|1|12
3.216|0|2|1|12
0|1|0|2|12
0.355|0|0|2|12
0|1|1|2|12
3.216|0|1|2|12
0|1|10|2|12
0.355|0|10|2|12
0|1|13|2|12
3.216|0|13|2|12
0|1|5|2|12
3.216|0|5|2|12
19.212|1|4|3|12
11.721|0|4|3|12
0|1|0|1|13
3.216|0|0|1|13
0|1|10|1|13
2.25|0|10|1|13
0|1|9|1|13
0.355|0|9|1|13
0|1|0|0|14
2.25|0|0|0|14
0|1|1|1|14
2.25|0|1|1|14
0|1|2|1|14
3.216|0|2|1|14
0|1|0|10|14
3.216|0|0|10|14
29.371|1|5|10|14
11.721|0|5|10|14
0|1|6|10|14
2.25|0|6|10|14
9.548|1|0|11|14
11.721|0|0|11|14
0|1|2|11|14
3.216|0|2|11|14
0|1|1|12|14
3.216|0|1|12|14
13.058|1|10|12|14
11.721|0|10|12|14
9.842|1|11|12|14
11.721|0|11|12|14
0|1|3|12|14
3.216|0|3|12|14
0|1|2|13|14
2.25|0|2|13|14
17.766|1|3|13|14
11.721|0|3|13|14
0|1|4|13|14
3.216|0|4|13|14
7.948|1|10|14|14
11.721|0|10|14|14
0|1|2|14|14
2.25|0|2|14|14
0|1|5|14|14
3.216|0|5|14|14
0|1|0|15|14
0.355|0|0|15|14
0|1|2|15|14
3.216|0|2|15|14
0|1|8|15|14
2.25|0|8|15|14
12.594|1|9|15|14
11.721|0|9|15|14
0|1|0|16|14
2.25|0|0|16|14
0|1|2|16|14
2.25|0|2|16|14
13.883|1|3|16|14
11.721|0|3|16|14
0|1|3|3|14
2.25|0|3|3|14
0|1|0|4|14
3.216|0|0|4|14
0|1|0|5|14
3.216|0|0|5|14
0|1|2|5|14
2.25|0|2|5|14
0|1|4|5|14
2.25|0|4|5|14
0|1|1|6|14
3.216|0|1|6|14
0|1|2|6|14
3.216|0|2|6|14
0|1|4|6|14
3.216|0|4|6|14
0|1|6|6|14
3.216|0|6|6|14
0|1|7|6|14
0.355|0|7|6|14
22.482|1|9|6|14
11.721|0|9|6|14
31.064|1|3|7|14
11.721|0|3|7|14
0|1|4|7|14
3.216|0|4|7|14
0|1|0|8|14
3.216|0|0|8|14
0|1|1|9|14
3.216|0|1|9|14
0|1|10|9|14
2.25|0|10|9|14
24.926|1|12|9|14
11.721|0|12|9|14
0|1|2|9|14
3.216|0|2|9|14
21.589|1|3|9|14
11.721|0|3|9|14
26.858|1|4|9|14
11.721|0|4|9|14
0|1|6|9|14
0.355|0|6|9|14
0|1|9|9|14
3.216|0|9|9|14
0|1|10|0|15
0.355|0|10|0|15
0|1|12|0|15
3.216|0|12|0|15
0|1|4|0|15
3.216|0|4|0|15
0|1|8|0|15
3.216|0|8|0|15
0|1|0|1|15
3.216|0|0|1|15
0|1|3|1|15
0.355|0|3|1|15
0|1|1|2|15
2.25|0|1|2|15
0|1|13|2|15
3.216|0|13|2|15
0|1|2|2|15
2.25|0|2|2|15
0|1|3|2|15
2.25|0|3|2|15
0|1|7|2|15
2.25|0|7|2|15
0|1|8|2|15
3.216|0|8|2|15
0|1|0|3|15
0.355|0|0|3|15
0|1|1|3|15
2.25|0|1|3|15
0|1|4|3|15
3.216|0|4|3|15
0|1|5|3|15
0.355|0|5|3|15
0|1|6|0|16
3.216|0|6|0|16
0|1|9|0|16
0.355|0|9|0|16
0|1|4|1|16
3.216|0|4|1|16
0|1|8|1|16
2.25|0|8|1|16
27.232|1|2|10|16
11.721|0|2|10|16
0|1|6|10|16
3.216|0|6|10|16
0|1|7|10|16
2.25|0|7|10|16
0|1|1|2|16
3.216|0|1|2|16
0|1|2|2|16
3.216|0|2|2|16
0|1|3|2|16
3.216|0|3|2|16
0|1|2|4|16
0.355|0|2|4|16
0|1|5|4|16
3.216|0|5|4|16
0|1|6|4|16
3.216|0|6|4|16
0|1|0|5|16
0.355|0|0|5|16
41.507|1|1|5|16
11.721|0|1|5|16
0|1|2|5|16
2.25|0|2|5|16
0|1|3|5|16
3.216|0|3|5|16
0|1|0|6|16
3.216|0|0|6|16
0|1|1|6|16
0.355|0|1|6|16
0|1|1|7|16
3.216|0|1|7|16
22.18|1|3|7|16
11.721|0|3|7|16
0|1|11|8|16
0.355|0|11|8|16
0|1|12|8|16
3.216|0|12|8|16
0|1|13|8|16
3.216|0|13|8|16
0|1|2|8|16
3.216|0|2|8|16
0|1|3|8|16
2.25|0|3|8|16
0|1|4|8|16
2.25|0|4|8|16
0|1|7|8|16
0.355|0|7|8|16
0|1|9|8|16
3.216|0|9|8|16
11.868|1|2|9|16
11.721|0|2|9|16
0|1|3|9|16
0.355|0|3|9|16
0|1|4|9|16
3.216|0|4|9|16
0|1|4|0|17
3.216|0|4|0|17
0|1|1|1|17
2.25|0|1|1|17
12.139|1|3|1|17
11.721|0|3|1|17
0|1|7|1|17
3.216|0|7|1|17
0|1|8|1|17
0.355|0|8|1|17
0|1|0|2|17
0.355|0|0|2|17
0|1|1|2|17
0.355|0|1|2|17
0|1|1|3|17
0.355|0|1|3|17
0|1|1|0|18
3.216|0|1|0|18
0|1|2|0|18
2.25|0|2|0|18
8.027|1|4|0|18
11.721|0|4|0|18
0|1|2|1|18
3.216|0|2|1|18
0|1|4|1|18
2.25|0|4|1|18
0|1|2|2|18
3.216|0|2|2|18
0|1|3|2|18
2.25|0|3|2|18
0|1|4|2|18
0.355|0|4|2|18
6.444|1|5|2|18
11.721|0|5|2|18
0|1|6|3|18
0.355|0|6|3|18
10.979|1|8|3|18
11.721|0|8|3|18
0|1|0|4|18
2.25|0|0|4|18
26.602|1|3|4|18
11.721|0|3|4|18
0|1|7|4|18
3.216|0|7|4|18
0|1|0|0|19
3.216|0|0|0|19
0|1|1|0|19
0.355|0|1|0|19
0|1|3|0|19
3.216|0|3|0|19
0|1|4|0|19
3.216|0|4|0|19
0|1|12|0|2
0.355|0|12|0|2
23.038|1|13|0|2
11.721|0|13|0|2
0|1|3|0|2
3.216|0|3|0|2
0|1|4|0|2
3.216|0|4|0|2
0|1|8|0|2
0.355|0|8|0|2
0|1|9|0|2
2.25|0|9|0|2
23.551|1|1|1|2
11.721|0|1|1|2
0|1|1|2|2
3.216|0|1|2|2
0|1|6|2|2
3.216|0|6|2|2
0|1|8|2|2
3.216|0|8|2|2
0|1|0|3|2
0.355|0|0|3|2
0|1|3|3|2
3.216|0|3|3|2
0|1|4|3|2
2.25|0|4|3|2
0|1|5|3|2
3.216|0|5|3|2
0|1|8|3|2
3.216|0|8|3|2
0|1|2|4|2
3.216|0|2|4|2
0|1|1|5|2
3.216|0|1|5|2
0|1|11|5|2
2.25|0|11|5|2
0|1|2|5|2
0.355|0|2|5|2
25.391|1|4|5|2
11.721|0|4|5|2
0|1|5|5|2
0.355|0|5|5|2
0|1|2|0|20
2.25|0|2|0|20
6.858|1|2|1|20
11.721|0|2|1|20
0|1|0|2|20
3.216|0|0|2|20
0|1|2|2|20
3.216|0|2|2|20
0|1|6|2|20
3.216|0|6|2|20
0|1|0|3|20
0.355|0|0|3|20
0|1|1|3|20
3.216|0|1|3|20
0|1|0|5|20
3.216|0|0|5|20
0|1|4|5|20
2.25|0|4|5|20
0|1|5|5|20
2.25|0|5|5|20
0|1|0|6|20
0.355|0|0|6|20
0|1|3|6|20
3.216|0|3|6|20
0|1|5|7|20
3.216|0|5|7|20
0|1|7|7|20
3.216|0|7|7|20
0|1|0|0|21
0.355|0|0|0|21
0|1|3|0|21
0.355|0|3|0|21
0|1|0|1|21
3.216|0|0|1|21
0|1|1|10|21
3.216|0|1|10|21
6.222|1|10|10|21
11.721|0|10|10|21
0|1|11|10|21
3.216|0|11|10|21
0|1|12|10|21
3.216|0|12|10|21
0|1|3|10|21
3.216|0|3|10|21
28.558|1|8|10|21
11.721|0|8|10|21
18.976|1|9|10|21
11.721|0|9|10|21
0|1|0|11|21
2.25|0|0|11|21
0|1|1|11|21
2.25|0|1|11|21
0|1|2|11|21
2.25|0|2|11|21
0|1|3|11|21
3.216|0|3|11|21
0|1|6|11|21
0.355|0|6|11|21
0|1|2|12|21
0.355|0|2|12|21
0|1|4|12|21
0.355|0|4|12|21
8.308|1|6|12|21
11.721|0|6|12|21
0|1|7|12|21
0.355|0|7|12|21
18.406|1|10|13|21
11.721|0|10|13|21
0|1|11|13|21
2.25|0|11|13|21
0|1|4|13|21
0.355|0|4|13|21
0|1|6|13|21
2.25|0|6|13|21
0|1|9|13|21
3.216|0|9|13|21
0|1|4|2|21
3.216|0|4|2|21
16.859|1|11|3|21
11.721|0|11|3|21
0|1|12|3|21
2.25|0|12|3|21
0|1|13|3|21
2.25|0|13|3|21
19.505|1|3|3|21
11.721|0|3|3|21
0|1|4|3|21
3.216|0|4|3|21
0|1|9|3|21
3.216|0|9|3|21
0|1|0|4|21
2.25|0|0|4|21
0|1|3|4|21
2.25|0|3|4|21
0|1|5|4|21
2.25|0|5|4|21
0|1|8|4|21
0.355|0|8|4|21
0|1|0|5|21
3.216|0|0|5|21
0|1|1|5|21
2.25|0|1|5|21
17.197|1|3|6|21
11.721|0|3|6|21
0|1|7|6|21
3.216|0|7|6|21
35.219|1|8|6|21
11.721|0|8|6|21
9.502|1|9|6|21
11.721|0|9|6|21
0|1|3|7|21
2.25|0|3|7|21
13.893|1|0|9|21
11.721|0|0|9|21
0|1|1|9|21
3.216|0|1|9|21
0|1|10|9|21
3.216|0|10|9|21
0|1|11|9|21
2.25|0|11|9|21
0|1|12|9|21
3.216|0|12|9|21
0|1|13|9|21
2.25|0|13|9|21
0|1|3|9|21
3.216|0|3|9|21
0|1|5|9|21
0.355|0|5|9|21
6.794|1|8|9|21
11.721|0|8|9|21
13.118|1|5|0|22
11.721|0|5|0|22
0|1|1|1|22
0.355|0|1|1|22
0|1|1|2|22
0.355|0|1|2|22
0|1|12|2|22
0.355|0|12|2|22
10.093|1|4|2|22
11.721|0|4|2|22
19.645|1|6|2|22
11.721|0|6|2|22
0|1|1|3|22
2.25|0|1|3|22
0|1|7|3|22
2.25|0|7|3|22
0|1|0|0|23
0.355|0|0|0|23
0|1|3|0|23
0.355|0|3|0|23
13.119|1|1|1|23
11.721|0|1|1|23
0|1|3|1|23
3.216|0|3|1|23
0|1|5|1|23
2.25|0|5|1|23
0|1|0|3|23
3.216|0|0|3|23
0|1|5|3|23
3.216|0|5|3|23
0|1|1|0|24
2.25|0|1|0|24
0|1|3|0|24
3.216|0|3|0|24
6.607|1|4|0|24
11.721|0|4|0|24
0|1|5|0|24
3.216|0|5|0|24
0|1|7|0|24
0.355|0|7|0|24
13.284|1|9|0|24
11.721|0|9|0|24
0|1|1|1|24
3.216|0|1|1|24
0|1|3|1|24
2.25|0|3|1|24
0|1|1|3|24
3.216|0|1|3|24
13.31|1|3|3|24
11.721|0|3|3|24
0|1|4|3|24
2.25|0|4|3|24
0|1|7|3|24
3.216|0|7|3|24
0|1|8|3|24
2.25|0|8|3|24
0|1|0|7|24
3.216|0|0|7|24
0|1|4|7|24
3.216|0|4|7|24
0|1|5|7|24
3.216|0|5|7|24
0|1|3|0|25
3.216|0|3|0|25
0|1|4|0|25
3.216|0|4|0|25
0|1|0|1|25
3.216|0|0|1|25
0|1|1|1|25
0.355|0|1|1|25
0|1|10|1|25
3.216|0|10|1|25
0|1|11|1|25
3.216|0|11|1|25
0|1|2|1|25
2.25|0|2|1|25
0|1|3|1|25
3.216|0|3|1|25
0|1|5|1|25
2.25|0|5|1|25
0|1|2|2|25
3.216|0|2|2|25
0|1|3|2|25
3.216|0|3|2|25
0|1|4|2|25
0.355|0|4|2|25
0|1|3|3|25
3.216|0|3|3|25
0|1|5|3|25
3.216|0|5|3|25
0|1|8|4|25
3.216|0|8|4|25
0|1|9|4|25
2.25|0|9|4|25
8.346|1|0|5|25
11.721|0|0|5|25
0|1|1|5|25
3.216|0|1|5|25
0|1|1|0|26
3.216|0|1|0|26
0|1|3|0|26
3.216|0|3|0|26
0|1|0|1|26
0.355|0|0|1|26
0|1|3|2|26
2.25|0|3|2|26
0|1|5|2|26
3.216|0|5|2|26
5.328|1|6|2|26
11.721|0|6|2|26
0|1|0|3|26
3.216|0|0|3|26
0|1|10|3|26
2.25|0|10|3|26
11.866|1|3|3|26
11.721|0|3|3|26
0|1|4|3|26
0.355|0|4|3|26
0|1|8|3|26
0.355|0|8|3|26
0|1|9|3|26
0.355|0|9|3|26
0|1|3|4|26
0.355|0|3|4|26
0|1|6|4|26
3.216|0|6|4|26
16.003|1|7|4|26
11.721|0|7|4|26
0|1|0|5|26
3.216|0|0|5|26
0|1|3|5|26
3.216|0|3|5|26
0|1|5|5|26
0.355|0|5|5|26
0|1|8|5|26
2.25|0|8|5|26
0|1|2|0|27
3.216|0|2|0|27
0|1|0|1|27
2.25|0|0|1|27
20.246|1|1|1|27
11.721|0|1|1|27
12.503|1|0|3|27
11.721|0|0|3|27
0|1|2|3|27
3.216|0|2|3|27
0|1|0|4|27
3.216|0|0|4|27
0|1|4|4|27
2.25|0|4|4|27
0|1|2|5|27
2.25|0|2|5|27
0|1|4|5|27
3.216|0|4|5|27
0|1|6|5|27
3.216|0|6|5|27
0|1|8|5|27
0.355|0|8|5|27
0|1|0|6|27
0.355|0|0|6|27
0|1|2|6|27
3.216|0|2|6|27
0|1|3|6|27
0.355|0|3|6|27
0|1|5|6|27
0.355|0|5|6|27
0|1|6|6|27
3.216|0|6|6|27
0|1|2|7|27
3.216|0|2|7|27
16.211|1|4|7|27
11.721|0|4|7|27
0|1|5|7|27
3.216|0|5|7|27
0|1|1|8|27
0.355|0|1|8|27
0|1|2|8|27
2.25|0|2|8|27
0|1|3|8|27
3.216|0|3|8|27
0|1|1|9|27
3.216|0|1|9|27
0|1|2|9|27
3.216|0|2|9|27
18.875|1|0|0|28
11.721|0|0|0|28
0|1|10|0|28
3.216|0|10|0|28
0|1|3|0|28
0.355|0|3|0|28
0|1|4|0|28
2.25|0|4|0|28
0|1|7|0|28
2.25|0|7|0|28
0|1|8|0|28
3.216|0|8|0|28
0|1|9|0|28
0.355|0|9|0|28
0|1|1|1|28
3.216|0|1|1|28
0|1|5|1|28
3.216|0|5|1|28
0|1|7|1|28
3.216|0|7|1|28
8.346|1|2|10|28
11.721|0|2|10|28
0|1|4|10|28
3.216|0|4|10|28
0|1|0|11|28
3.216|0|0|11|28
0|1|3|11|28
3.216|0|3|11|28
8.425|1|0|12|28
11.721|0|0|12|28
0|1|4|12|28
0.355|0|4|12|28
0|1|0|13|28
2.25|0|0|13|28
0|1|5|13|28
3.216|0|5|13|28
0|1|6|13|28
3.216|0|6|13|28
0|1|1|14|28
3.216|0|1|14|28
0|1|2|14|28
0.355|0|2|14|28
0|1|4|14|28
3.216|0|4|14|28
0|1|3|15|28
2.25|0|3|15|28
20.466|1|4|15|28
11.721|0|4|15|28
0|1|7|15|28
2.25|0|7|15|28
0|1|8|15|28
0.355|0|8|15|28
24.657|1|0|16|28
11.721|0|0|16|28
0|1|3|16|28
0.355|0|3|16|28
0|1|4|16|28
3.216|0|4|16|28
0|1|1|17|28
3.216|0|1|17|28
12.76|1|1|2|28
11.721|0|1|2|28
0|1|2|2|28
3.216|0|2|2|28
5.89|1|4|2|28
11.721|0|4|2|28
0|1|5|2|28
2.25|0|5|2|28
0|1|3|3|28
0.355|0|3|3|28
8.858|1|6|3|28
11.721|0|6|3|28
0|1|0|4|28
3.216|0|0|4|28
0|1|11|4|28
0.355|0|11|4|28
0|1|13|4|28
2.25|0|13|4|28
0|1|8|4|28
3.216|0|8|4|28
8.702|1|2|5|28
11.721|0|2|5|28
0|1|3|5|28
3.216|0|3|5|28
16.777|1|4|5|28
11.721|0|4|5|28
0|1|2|6|28
2.25|0|2|6|28
28.087|1|3|6|28
11.721|0|3|6|28
7.657|1|4|6|28
11.721|0|4|6|28
0|1|5|6|28
2.25|0|5|6|28
0|1|1|7|28
3.216|0|1|7|28
0|1|2|7|28
3.216|0|2|7|28
0|1|3|7|28
3.216|0|3|7|28
0|1|1|8|28
2.25|0|1|8|28
0|1|0|9|28
2.25|0|0|9|28
0|1|2|9|28
0.355|0|2|9|28
0|1|4|9|28
3.216|0|4|9|28
0|1|5|9|28
0.355|0|5|9|28
0|1|0|0|29
0.355|0|0|0|29
6.615|1|1|0|29
11.721|0|1|0|29
0|1|10|0|29
0.355|0|10|0|29
0|1|12|0|29
3.216|0|12|0|29
0|1|3|0|29
3.216|0|3|0|29
0|1|4|0|29
3.216|0|4|0|29
7.422|1|5|0|29
11.721|0|5|0|29
0|1|8|0|29
2.25|0|8|0|29
15.858|1|0|2|29
11.721|0|0|2|29
0|1|1|2|29
2.25|0|1|2|29
16.386|1|2|2|29
11.721|0|2|2|29
0|1|0|0|3
0.355|0|0|0|3
0|1|1|0|3
3.216|0|1|0|3
0|1|12|0|3
3.216|0|12|0|3
0|1|6|0|3
0.355|0|6|0|3
0|1|3|1|3
2.25|0|3|1|3
8.418|1|4|1|3
11.721|0|4|1|3
0|1|5|1|3
3.216|0|5|1|3
0|1|0|2|3
3.216|0|0|2|3
0|1|0|3|3
3.216|0|0|3|3
0|1|12|3|3
0.355|0|12|3|3
19.094|1|3|3|3
11.721|0|3|3|3
0|1|4|3|3
2.25|0|4|3|3
0|1|6|3|3
3.216|0|6|3|3
0|1|8|3|3
0.355|0|8|3|3
0|1|9|3|3
3.216|0|9|3|3
0|1|1|0|30
3.216|0|1|0|30
0|1|2|0|30
3.216|0|2|0|30
0|1|3|0|30
3.216|0|3|0|30
0|1|1|1|30
3.216|0|1|1|30
0|1|0|0|31
3.216|0|0|0|31
0|1|3|0|31
3.216|0|3|0|31
24.843|1|0|0|32
11.721|0|0|0|32
0|1|1|0|32
3.216|0|1|0|32
0|1|5|0|32
3.216|0|5|0|32
0|1|8|0|32
0.355|0|8|0|32
30.929|1|0|10|32
11.721|0|0|10|32
0|1|2|11|32
3.216|0|2|11|32
0|1|5|11|32
0.355|0|5|11|32
0|1|6|11|32
3.216|0|6|11|32
0|1|0|12|32
2.25|0|0|12|32
0|1|2|12|32
0.355|0|2|12|32
6.974|1|3|12|32
11.721|0|3|12|32
0|1|4|12|32
3.216|0|4|12|32
0|1|5|12|32
3.216|0|5|12|32
0|1|7|12|32
3.216|0|7|12|32
0|1|1|13|32
2.25|0|1|13|32
0|1|12|13|32
3.216|0|12|13|32
0|1|4|13|32
3.216|0|4|13|32
0|1|5|13|32
3.216|0|5|13|32
0|1|3|2|32
0.355|0|3|2|32
0|1|5|2|32
2.25|0|5|2|32
0|1|0|3|32
2.25|0|0|3|32
0|1|11|4|32
3.216|0|11|4|32
0|1|12|4|32
3.216|0|12|4|32
0|1|13|4|32
3.216|0|13|4|32
0|1|2|4|32
0.355|0|2|4|32
0|1|5|4|32
2.25|0|5|4|32
0|1|9|4|32
3.216|0|9|4|32
0|1|0|5|32
3.216|0|0|5|32
0|1|1|5|32
2.25|0|1|5|32
0|1|10|5|32
0.355|0|10|5|32
0|1|3|5|32
3.216|0|3|5|32
0|1|7|5|32
0.355|0|7|5|32
0|1|8|5|32
3.216|0|8|5|32
0|1|1|6|32
3.216|0|1|6|32
0|1|3|6|32
0.355|0|3|6|32
0|1|4|6|32
2.25|0|4|6|32
8.855|1|6|6|32
11.721|0|6|6|32
0|1|7|6|32
0.355|0|7|6|32
0|1|8|6|32
3.216|0|8|6|32
0|1|1|7|32
0.355|0|1|7|32
0|1|2|7|32
3.216|0|2|7|32
21.808|1|4|7|32
11.721|0|4|7|32
0|1|6|7|32
0.355|0|6|7|32
0|1|7|7|32
3.216|0|7|7|32
0|1|0|9|32
0.355|0|0|9|32
0|1|1|9|32
0.355|0|1|9|32
0|1|1|0|33
3.216|0|1|0|33
0|1|0|1|33
3.216|0|0|1|33
15.635|1|1|1|33
11.721|0|1|1|33
11.778|1|5|1|33
11.721|0|5|1|33
0|1|7|1|33
2.25|0|7|1|33
0|1|0|10|33
3.216|0|0|10|33
9.496|1|1|11|33
11.721|0|1|11|33
0|1|2|11|33
3.216|0|2|11|33
19.464|1|3|11|33
11.721|0|3|11|33
0|1|4|11|33
2.25|0|4|11|33
0|1|6|11|33
3.216|0|6|11|33
0|1|0|2|33
2.25|0|0|2|33
0|1|2|2|33
3.216|0|2|2|33
0|1|3|2|33
0.355|0|3|2|33
11.823|1|3|3|33
11.721|0|3|3|33
0|1|4|3|33
2.25|0|4|3|33
0|1|10|4|33
2.25|0|10|4|33
13.195|1|3|4|33
11.721|0|3|4|33
0|1|4|4|33
3.216|0|4|4|33
0|1|5|4|33
0.355|0|5|4|33
0|1|6|4|33
0.355|0|6|4|33
0|1|7|4|33
3.216|0|7|4|33
0|1|0|6|33
3.216|0|0|6|33
9.095|1|3|7|33
11.721|0|3|7|33
0|1|6|7|33
3.216|0|6|7|33
0|1|3|8|33
2.25|0|3|8|33
0|1|4|8|33
3.216|0|4|8|33
15.404|1|0|9|33
11.721|0|0|9|33
11.636|1|7|9|33
11.721|0|7|9|33
0|1|8|9|33
3.216|0|8|9|33
22.672|1|9|9|33
11.721|0|9|9|33
0|1|0|1|34
3.216|0|0|1|34
28.95|1|1|2|34
11.721|0|1|2|34
11.112|1|3|2|34
11.721|0|3|2|34
0|1|5|2|34
0.355|0|5|2|34
0|1|2|4|34
0.355|0|2|4|34
0|1|0|5|34
0.355|0|0|5|34
0|1|2|5|34
3.216|0|2|5|34
9.74|1|1|0|35
11.721|0|1|0|35
0|1|12|0|35
2.25|0|12|0|35
0|1|3|0|35
2.25|0|3|0|35
0|1|7|0|35
0.355|0|7|0|35
0|1|1|1|35
0.355|0|1|1|35
0|1|3|1|35
2.25|0|3|1|35
0|1|10|2|35
2.25|0|10|2|35
0|1|11|2|35
2.25|0|11|2|35
14.837|1|4|2|35
11.721|0|4|2|35
0|1|7|2|35
2.25|0|7|2|35
10.104|1|0|3|35
11.721|0|0|3|35
0|1|2|3|35
3.216|0|2|3|35
0|1|3|0|36
0.355|0|3|0|36
0|1|9|0|36
3.216|0|9|0|36
0|1|0|1|36
3.216|0|0|1|36
0|1|4|1|36
0.355|0|4|1|36
0|1|8|1|36
0.355|0|8|1|36
0|1|0|2|36
0.355|0|0|2|36
0|1|5|2|36
0.355|0|5|2|36
0|1|1|3|36
3.216|0|1|3|36
0|1|3|3|36
2.25|0|3|3|36
0|1|0|4|36
3.216|0|0|4|36
0|1|0|5|36
3.216|0|0|5|36
19.721|1|2|5|36
11.721|0|2|5|36
0|1|3|5|36
0.355|0|3|5|36
0|1|6|5|36
0.355|0|6|5|36
0|1|0|6|36
2.25|0|0|6|36
7.553|1|1|6|36
11.721|0|1|6|36
0|1|5|6|36
0.355|0|5|6|36
0|1|6|6|36
2.25|0|6|6|36
0|1|0|0|37
0.355|0|0|0|37
0|1|2|1|37
0.355|0|2|1|37
0|1|1|2|37
2.25|0|1|2|37
14.147|1|11|2|37
11.721|0|11|2|37
0|1|12|2|37
0.355|0|12|2|37
0|1|13|2|37
3.216|0|13|2|37
0|1|3|2|37
2.25|0|3|2|37
0|1|4|2|37
3.216|0|4|2|37
0|1|0|3|37
0.355|0|0|3|37
0|1|1|3|37
2.25|0|1|3|37
0|1|0|4|37
2.25|0|0|4|37
0|1|8|4|37
3.216|0|8|4|37
0|1|1|5|37
0.355|0|1|5|37
0|1|11|5|37
3.216|0|11|5|37
0|1|12|5|37
3.216|0|12|5|37
11.282|1|13|5|37
11.721|0|13|5|37
0|1|6|5|37
3.216|0|6|5|37
17.864|1|7|5|37
11.721|0|7|5|37
0|1|8|5|37
3.216|0|8|5|37
0|1|6|6|37
3.216|0|6|6|37
0|1|0|7|37
0.355|0|0|7|37
0|1|10|7|37
2.25|0|10|7|37
0|1|11|7|37
0.355|0|11|7|37
0|1|4|7|37
2.25|0|4|7|37
0|1|5|7|37
3.216|0|5|7|37
9.559|1|0|8|37
11.721|0|0|8|37
10.644|1|1|8|37
11.721|0|1|8|37
10.421|1|2|8|37
11.721|0|2|8|37
0|1|0|1|38
3.216|0|0|1|38
0|1|1|1|38
3.216|0|1|1|38
0|1|3|1|38
0.355|0|3|1|38
0|1|0|10|38
3.216|0|0|10|38
0|1|2|10|38
2.25|0|2|10|38
0|1|3|10|38
2.25|0|3|10|38
0|1|0|2|38
2.25|0|0|2|38
0|1|2|2|38
3.216|0|2|2|38
0|1|3|2|38
0.355|0|3|2|38
0|1|1|4|38
2.25|0|1|4|38
9.241|1|0|6|38
11.721|0|0|6|38
0|1|2|6|38
3.216|0|2|6|38
0|1|1|7|38
3.216|0|1|7|38
0|1|2|8|38
0.355|0|2|8|38
0|1|1|9|38
3.216|0|1|9|38
0|1|5|9|38
3.216|0|5|9|38
0|1|2|0|39
3.216|0|2|0|39
0|1|3|0|39
0.355|0|3|0|39
0|1|0|1|39
2.25|0|0|1|39
0|1|2|1|39
2.25|0|2|1|39
0|1|7|1|39
2.25|0|7|1|39
8.829|1|3|11|39
11.721|0|3|11|39
12.372|1|4|11|39
11.721|0|4|11|39
0|1|6|11|39
3.216|0|6|11|39
0|1|7|11|39
3.216|0|7|11|39
0|1|0|12|39
3.216|0|0|12|39
0|1|3|12|39
3.216|0|3|12|39
13.045|1|4|12|39
11.721|0|4|12|39
0|1|0|13|39
3.216|0|0|13|39
0|1|10|13|39
2.25|0|10|13|39
0|1|11|13|39
2.25|0|11|13|39
0|1|8|13|39
0.355|0|8|13|39
0|1|9|13|39
3.216|0|9|13|39
0|1|0|14|39
3.216|0|0|14|39
0|1|3|14|39
3.216|0|3|14|39
0|1|4|14|39
2.25|0|4|14|39
0|1|6|14|39
2.25|0|6|14|39
14.819|1|0|2|39
11.721|0|0|2|39
0|1|7|2|39
3.216|0|7|2|39
9.292|1|9|2|39
11.721|0|9|2|39
0|1|1|3|39
2.25|0|1|3|39
0|1|2|3|39
3.216|0|2|3|39
0|1|0|4|39
3.216|0|0|4|39
0|1|2|4|39
2.25|0|2|4|39
0|1|0|5|39
3.216|0|0|5|39
0|1|3|5|39
3.216|0|3|5|39
0|1|5|5|39
3.216|0|5|5|39
0|1|6|5|39
0.355|0|6|5|39
0|1|7|5|39
3.216|0|7|5|39
0|1|4|6|39
3.216|0|4|6|39
0|1|5|6|39
0.355|0|5|6|39
0|1|8|6|39
3.216|0|8|6|39
0|1|3|7|39
0.355|0|3|7|39
0|1|4|7|39
3.216|0|4|7|39
0|1|7|7|39
2.25|0|7|7|39
0|1|0|8|39
2.25|0|0|8|39
0|1|1|8|39
0.355|0|1|8|39
0|1|2|8|39
3.216|0|2|8|39
0|1|8|8|39
2.25|0|8|8|39
0|1|9|8|39
2.25|0|9|8|39
0|1|2|9|39
0.355|0|2|9|39
0|1|1|0|4
0.355|0|1|0|4
0|1|10|0|4
3.216|0|10|0|4
0|1|3|1|4
3.216|0|3|1|4
0|1|0|10|4
3.216|0|0|10|4
0|1|4|10|4
3.216|0|4|10|4
0|1|3|12|4
0.355|0|3|12|4
18.934|1|4|12|4
11.721|0|4|12|4
21.811|1|7|12|4
11.721|0|7|12|4
0|1|8|12|4
3.216|0|8|12|4
0|1|9|12|4
3.216|0|9|12|4
0|1|1|13|4
3.216|0|1|13|4
0|1|6|13|4
2.25|0|6|13|4
15.366|1|9|13|4
11.721|0|9|13|4
0|1|1|2|4
0.355|0|1|2|4
19.451|1|2|2|4
11.721|0|2|2|4
29.406|1|1|3|4
11.721|0|1|3|4
23.524|1|1|4|4
11.721|0|1|4|4
0|1|12|4|4
2.25|0|12|4|4
0|1|2|4|4
2.25|0|2|4|4
0|1|4|4|4
3.216|0|4|4|4
0|1|7|4|4
3.216|0|7|4|4
0|1|8|4|4
0.355|0|8|4|4
0|1|11|7|4
2.25|0|11|7|4
0|1|13|7|4
3.216|0|13|7|4
0|1|2|7|4
3.216|0|2|7|4
0|1|6|7|4
3.216|0|6|7|4
0|1|7|7|4
3.216|0|7|7|4
0|1|9|7|4
0.355|0|9|7|4
0|1|3|8|4
0.355|0|3|8|4
0|1|4|8|4
3.216|0|4|8|4
0|1|1|9|4
2.25|0|1|9|4
31.134|1|3|9|4
11.721|0|3|9|4
0|1|4|9|4
3.216|0|4|9|4
13.508|1|5|9|4
11.721|0|5|9|4
0|1|0|0|5
3.216|0|0|0|5
0|1|1|0|5
2.25|0|1|0|5
0|1|2|0|5
2.25|0|2|0|5
14.24|1|3|0|5
11.721|0|3|0|5
0|1|4|0|5
2.25|0|4|0|5
0|1|0|1|5
2.25|0|0|1|5
0|1|1|1|5
2.25|0|1|1|5
0|1|3|1|5
3.216|0|3|1|5
0|1|4|1|5
0.355|0|4|1|5
0|1|0|0|6
0.355|0|0|0|6
0|1|0|1|6
2.25|0|0|1|6
0|1|4|1|6
2.25|0|4|1|6
0|1|7|1|6
0.355|0|7|1|6
0|1|0|2|6
3.216|0|0|2|6
19.737|1|2|2|6
11.721|0|2|2|6
0|1|3|3|6
3.216|0|3|3|6
0|1|5|3|6
3.216|0|5|3|6
0|1|7|3|6
3.216|0|7|3|6
0|1|1|0|7
2.25|0|1|0|7
0|1|2|0|7
3.216|0|2|0|7
0|1|3|0|7
3.216|0|3|0|7
0|1|0|10|7
3.216|0|0|10|7
0|1|10|10|7
3.216|0|10|10|7
0|1|5|10|7
3.216|0|5|10|7
0|1|6|10|7
3.216|0|6|10|7
0|1|8|10|7
2.25|0|8|10|7
0|1|9|10|7
2.25|0|9|10|7
12.031|1|1|2|7
11.721|0|1|2|7
7.207|1|10|2|7
11.721|0|10|2|7
0|1|2|2|7
3.216|0|2|2|7
0|1|5|2|7
0.355|0|5|2|7
0|1|7|2|7
3.216|0|7|2|7
0|1|4|3|7
0.355|0|4|3|7
0|1|6|3|7
3.216|0|6|3|7
0|1|2|4|7
0.355|0|2|4|7
0|1|1|5|7
0.355|0|1|5|7
12.181|1|2|7|7
11.721|0|2|7|7
15.446|1|4|8|7
11.721|0|4|8|7
0|1|3|9|7
3.216|0|3|9|7
0|1|4|9|7
3.216|0|4|9|7
0|1|5|9|7
3.216|0|5|9|7
0|1|7|9|7
0.355|0|7|9|7
13.852|1|0|0|8
11.721|0|0|0|8
0|1|6|0|8
2.25|0|6|0|8
0|1|0|1|8
0.355|0|0|1|8
0|1|1|1|8
2.25|0|1|1|8
11.57|1|6|1|8
11.721|0|6|1|8
0|1|8|1|8
2.25|0|8|1|8
0|1|1|2|8
2.25|0|1|2|8
0|1|2|2|8
3.216|0|2|2|8
0|1|5|2|8
3.216|0|5|2|8
0|1|6|2|8
3.216|0|6|2|8
19.154|1|0|3|8
11.721|0|0|3|8
0|1|1|3|8
3.216|0|1|3|8
0|1|0|4|8
3.216|0|0|4|8
0|1|1|0|9
3.216|0|1|0|9
0|1|4|0|9
2.25|0|4|0|9
0|1|5|0|9
0.355|0|5|0|9
0|1|8|0|9
3.216|0|8|0|9
13.685|1|9|0|9
11.721|0|9|0|9
0|1|0|1|9
2.25|0|0|1|9
7.816|1|3|1|9
11.721|0|3|1|9
0|1|8|1|9
2.25|0|8|1|9
0|1|0|2|9
0.355|0|0|2|9
0|1|2|2|9
3.216|0|2|2|9
0|1|3|2|9
2.25|0|3|2|9
0|1|5|2|9
2.25|0|5|2|9
13.282|1|0|3|9
11.721|0|0|3|9
29.525|1|2|3|9
11.721|0|2|3|9
15.289|1|5|3|9
11.721|0|5|3|9
20.778|1|11|0|0
68.451|0|11|0|0
19.069|1|11|0|0
68.451|0|11|0|0
9.256|1|2|0|0
11.721|0|2|0|0
0|1|4|0|0
0.962|0|4|0|0
26.36|1|7|0|0
68.451|0|7|0|0
21.844|1|7|0|0
68.451|0|7|0|0
21.619|1|0|1|0
11.721|0|0|1|0
0|1|10|1|0
0.788|0|10|1|0
0|1|12|1|0
0.788|0|12|1|0
45.464|1|2|1|0
68.451|0|2|1|0
43.137|1|2|1|0
68.451|0|2|1|0
175.869|1|3|1|0
173.861|0|3|1|0
18.661|1|4|1|0
11.721|0|4|1|0
0|1|7|1|0
0.962|0|7|1|0
284.761|1|1|10|0
173.861|0|1|10|0
0|1|0|11|0
0.788|0|0|11|0
0|1|1|11|0
0.962|0|1|11|0
23.308|1|2|11|0
68.451|0|2|11|0
19.099|1|2|11|0
68.451|0|2|11|0
0|1|3|11|0
0.962|0|3|11|0
0|1|4|12|0
0.788|0|4|12|0
169.018|1|0|13|0
173.861|0|0|13|0
178.12|1|1|13|0
173.861|0|1|13|0
0|1|10|13|0
0.161|0|10|13|0
15.638|1|11|13|0
11.721|0|11|13|0
362.699|1|3|13|0
173.862|0|3|13|0
20.013|1|5|13|0
11.721|0|5|13|0
0|1|0|2|0
0.161|0|0|2|0
268.898|1|2|2|0
173.861|0|2|2|0
0|1|3|2|0
0.161|0|3|2|0
44.972|1|0|3|0
68.451|0|0|3|0
45.315|1|0|3|0
68.451|0|0|3|0
200.44|1|1|3|0
173.861|0|1|3|0
0|1|2|3|0
0.962|0|2|3|0
15.989|1|3|3|0
11.721|0|3|3|0
0|1|0|4|0
0.788|0|0|4|0
0|1|2|4|0
0.788|0|2|4|0
0|1|2|5|0
0.788|0|2|5|0
274.364|1|0|6|0
173.861|0|0|6|0
31.362|1|11|6|0
11.721|0|11|6|0
0|1|13|6|0
0.962|0|13|6|0
11.058|1|2|6|0
11.721|0|2|6|0
83.81|1|4|6|0
68.451|0|4|6|0
85.244|1|4|6|0
68.451|0|4|6|0
5.312|1|5|6|0
11.721|0|5|6|0
0|1|7|6|0
0.962|0|7|6|0
0|1|9|6|0
0.788|0|9|6|0
350.732|1|0|7|0
173.862|0|0|7|0
0|1|3|7|0
0.962|0|3|7|0
0|1|5|7|0
0.962|0|5|7|0
15.868|1|6|7|0
68.451|0|6|7|0
19.533|1|6|7|0
68.451|0|6|7|0
29.798|1|7|7|0
11.721|0|7|7|0
9.232|1|0|8|0
11.721|0|0|8|0
0|1|1|8|0
0.962|0|1|8|0
0|1|3|8|0
0.788|0|3|8|0
0|1|7|8|0
0.962|0|7|8|0
0|1|8|8|0
0.161|0|8|8|0
46.721|1|9|8|0
68.451|0|9|8|0
49.934|1|9|8|0
68.451|0|9|8|0
0|1|0|9|0
0.161|0|0|9|0
0|1|11|9|0
0.962|0|11|9|0
0|1|12|9|0
0.161|0|12|9|0
0|1|3|9|0
0.161|0|3|9|0
0|1|4|9|0
0.788|0|4|9|0
0|1|5|9|0
0.161|0|5|9|0
0|1|6|9|0
0.161|0|6|9|0
174.405|1|7|9|0
173.861|0|7|9|0
392.619|1|8|9|0
173.862|0|8|9|0
432.355|1|0|2|1
173.862|0|0|2|1
0|1|2|2|1
0.962|0|2|2|1
17.513|1|4|2|1
11.721|0|4|2|1
256.196|1|5|2|1
173.861|0|5|2|1
0|1|6|2|1
0.962|0|6|2|1
0|1|0|0|10
0.161|0|0|0|10
0|1|3|0|10
0.161|0|3|0|10
28.283|1|5|0|10
11.721|0|5|0|10
0|1|6|0|10
0.161|0|6|0|10
17.916|1|7|0|10
11.721|0|7|0|10
0|1|8|0|10
0.788|0|8|0|10
0|1|1|2|10
0.962|0|1|2|10
62.469|1|2|2|10
68.451|0|2|2|10
59.826|1|2|2|10
68.451|0|2|2|10
322.72|1|3|2|10
173.861|0|3|2|10
0|1|1|4|10
0.788|0|1|4|10
224.815|1|4|4|10
173.861|0|4|4|10
13.687|1|2|0|11
11.721|0|2|0|11
20.232|1|5|0|11
11.721|0|5|0|11
31.24|1|7|0|11
68.451|0|7|0|11
26.82|1|7|0|11
68.451|0|7|0|11
0|1|8|0|11
0.788|0|8|0|11
15.472|1|3|1|11
11.721|0|3|1|11
17.362|1|4|2|11
11.721|0|4|2|11
53.149|1|6|2|11
68.451|0|6|2|11
53.149|1|6|2|11
68.451|0|6|2|11
186.524|1|7|2|11
173.861|0|7|2|11
179.566|1|9|2|11
173.861|0|9|2|11
13.532|1|0|5|11
11.721|0|0|5|11
0|1|2|5|11
0.962|0|2|5|11
0|1|4|5|11
0.788|0|4|5|11
10.327|1|0|0|12
11.721|0|0|0|12
27.796|1|1|0|12
11.721|0|1|0|12
223.14|1|2|0|12
173.861|0|2|0|12
0|1|3|1|12
0.161|0|3|1|12
0|1|3|2|12
0.161|0|3|2|12
56.338|1|4|2|12
68.451|0|4|2|12
52.918|1|4|2|12
68.451|0|4|2|12
0|1|7|2|12
0.962|0|7|2|12
19.212|1|4|3|12
11.721|0|4|3|12
0|1|6|3|12
0.788|0|6|3|12
0|1|0|0|13
0.788|0|0|0|13
52.563|1|1|0|13
68.451|0|1|0|13
51.199|1|1|0|13
68.451|0|1|0|13
0|1|11|1|13
0.161|0|11|1|13
0|1|13|1|13
0.161|0|13|1|13
227.147|1|2|1|13
173.861|0|2|1|13
0|1|5|1|13
0.788|0|5|1|13
541.962|1|7|1|13
173.862|0|7|1|13
0|1|8|1|13
0.788|0|8|1|13
108.327|1|3|10|14
173.86|0|3|10|14
0|1|4|10|14
0.788|0|4|10|14
29.421|1|5|10|14
11.721|0|5|10|14
0|1|9|10|14
0.161|0|9|10|14
9.313|1|0|11|14
11.721|0|0|11|14
0|1|3|11|14
0.962|0|3|11|14
12.359|1|10|12|14
11.721|0|10|12|14
11.692|1|11|12|14
11.721|0|11|12|14
324.724|1|4|12|14
173.861|0|4|12|14
196.987|1|7|12|14
173.861|0|7|12|14
0|1|9|12|14
0.788|0|9|12|14
0|1|0|13|14
0.788|0|0|13|14
466.817|1|1|13|14
173.862|0|1|13|14
18.307|1|3|13|14
11.721|0|3|13|14
0|1|0|14|14
0.962|0|0|14|14
7.751|1|10|14|14
11.721|0|10|14|14
0|1|11|14|14
0.161|0|11|14|14
85.746|1|3|14|14
68.451|0|3|14|14
88.327|1|3|14|14
68.451|0|3|14|14
78.608|1|4|14|14
68.451|0|4|14|14
81.014|1|4|14|14
68.451|0|4|14|14
0|1|7|14|14
0.962|0|7|14|14
0|1|9|14|14
0.161|0|9|14|14
172.03|1|1|15|14
173.861|0|1|15|14
32.719|1|5|15|14
68.451|0|5|15|14
38.248|1|5|15|14
68.451|0|5|15|14
25.03|1|6|15|14
68.451|0|6|15|14
28.922|1|6|15|14
68.451|0|6|15|14
12.449|1|9|15|14
11.721|0|9|15|14
0|1|1|16|14
0.161|0|1|16|14
13.886|1|3|16|14
11.721|0|3|16|14
0|1|0|17|14
0.161|0|0|17|14
0|1|2|2|14
0.962|0|2|2|14
0|1|3|2|14
0.161|0|3|2|14
0|1|4|2|14
0.788|0|4|2|14
65.493|1|4|3|14
68.451|0|4|3|14
71.227|1|4|3|14
68.451|0|4|3|14
313.302|1|5|3|14
173.861|0|5|3|14
111.358|1|1|4|14
173.861|0|1|4|14
25.149|1|1|5|14
68.451|0|1|5|14
24.435|1|1|5|14
68.451|0|1|5|14
0|1|3|5|14
0.161|0|3|5|14
201.117|1|5|5|14
173.861|0|5|5|14
0|1|0|6|14
0.962|0|0|6|14
45.424|1|12|6|14
68.451|0|12|6|14
41.415|1|12|6|14
68.451|0|12|6|14
46.261|1|3|6|14
68.451|0|3|6|14
52.101|1|3|6|14
68.451|0|3|6|14
0|1|5|6|14
0.788|0|5|6|14
22.35|1|9|6|14
11.721|0|9|6|14
0|1|2|7|14
0.788|0|2|7|14
31.798|1|3|7|14
11.721|0|3|7|14
123.559|1|1|8|14
173.861|0|1|8|14
0|1|2|8|14
0.161|0|2|8|14
78.602|1|3|8|14
68.451|0|3|8|14
79.591|1|3|8|14
68.451|0|3|8|14
56.977|1|0|9|14
68.451|0|0|9|14
56.977|1|0|9|14
68.451|0|0|9|14
31.926|1|11|9|14
68.451|0|11|9|14
34.078|1|11|9|14
68.451|0|11|9|14
24.902|1|12|9|14
11.721|0|12|9|14
22.646|1|3|9|14
11.721|0|3|9|14
26.349|1|4|9|14
11.721|0|4|9|14
284.083|1|0|0|15
173.861|0|0|0|15
0|1|11|0|15
0.161|0|11|0|15
0|1|2|0|15
0.161|0|2|0|15
70.487|1|7|0|15
68.451|0|7|0|15
68.269|1|7|0|15
68.451|0|7|0|15
0|1|9|0|15
0.788|0|9|0|15
124.363|1|11|2|15
173.861|0|11|2|15
0|1|12|2|15
0.962|0|12|2|15
0|1|2|3|15
0.161|0|2|3|15
51.832|1|3|3|15
68.451|0|3|3|15
54.391|1|3|3|15
68.451|0|3|3|15
0|1|6|3|15
0.788|0|6|3|15
0|1|12|0|16
0.788|0|12|0|16
71.701|1|13|0|16
68.451|0|13|0|16
72.856|1|13|0|16
68.451|0|13|0|16
0|1|4|0|16
0.962|0|4|0|16
40.154|1|7|0|16
68.451|0|7|0|16
41.677|1|7|0|16
68.451|0|7|0|16
0|1|0|1|16
0.788|0|0|1|16
0|1|1|1|16
0.161|0|1|1|16
0|1|3|1|16
0.788|0|3|1|16
0|1|5|1|16
0.962|0|5|1|16
0|1|6|1|16
0.962|0|6|1|16
0|1|1|10|16
0.962|0|1|10|16
27.526|1|2|10|16
11.721|0|2|10|16
339.163|1|3|10|16
173.862|0|3|10|16
0|1|5|10|16
0.962|0|5|10|16
64.804|1|8|10|16
68.451|0|8|10|16
66.345|1|8|10|16
68.451|0|8|10|16
68.034|1|9|10|16
68.451|0|9|10|16
68.524|1|9|10|16
68.451|0|9|10|16
0|1|0|2|16
0.788|0|0|2|16
44.832|1|0|3|16
68.451|0|0|3|16
45.502|1|0|3|16
68.451|0|0|3|16
0|1|3|3|16
0.962|0|3|3|16
0|1|0|4|16
0.788|0|0|4|16
401.261|1|1|4|16
173.862|0|1|4|16
127.191|1|3|4|16
173.861|0|3|4|16
0|1|4|4|16
0.161|0|4|4|16
41.724|1|1|5|16
11.721|0|1|5|16
31.182|1|3|6|16
68.451|0|3|6|16
24.515|1|3|6|16
68.451|0|3|6|16
219.258|1|4|6|16
173.861|0|4|6|16
22.082|1|2|7|16
68.451|0|2|7|16
24.434|1|2|7|16
68.451|0|2|7|16
21.288|1|3|7|16
11.721|0|3|7|16
0|1|0|8|16
0.161|0|0|8|16
346.898|1|5|8|16
173.861|0|5|8|16
0|1|6|8|16
0.161|0|6|8|16
135.977|1|1|9|16
173.861|0|1|9|16
12.653|1|2|9|16
11.721|0|2|9|16
0|1|5|9|16
0.788|0|5|9|16
0|1|0|0|17
0.788|0|0|0|17
0|1|1|0|17
0.788|0|1|0|17
43.155|1|0|1|17
68.451|0|0|1|17
44.927|1|0|1|17
68.451|0|0|1|17
12.44|1|3|1|17
11.721|0|3|1|17
249.19|1|4|1|17
173.861|0|4|1|17
235.052|1|0|3|17
173.861|0|0|3|17
501.299|1|0|0|18
173.862|0|0|0|18
8.26|1|4|0|18
11.721|0|4|0|18
0|1|0|1|18
0.788|0|0|1|18
70.637|1|3|1|18
68.451|0|3|1|18
65.034|1|3|1|18
68.451|0|3|1|18
42.139|1|0|2|18
68.451|0|0|2|18
42.488|1|0|2|18
68.451|0|0|2|18
0|1|1|2|18
0.788|0|1|2|18
6.978|1|5|2|18
11.721|0|5|2|18
0|1|0|3|18
0.962|0|0|3|18
0|1|1|3|18
0.962|0|1|3|18
31.83|1|5|3|18
68.451|0|5|3|18
35.365|1|5|3|18
68.451|0|5|3|18
0|1|7|3|18
0.962|0|7|3|18
11.195|1|8|3|18
11.721|0|8|3|18
0|1|9|3|18
0.788|0|9|3|18
53.14|1|2|4|18
68.451|0|2|4|18
50.99|1|2|4|18
68.451|0|2|4|18
26.602|1|3|4|18
11.721|0|3|4|18
0|1|4|4|18
0.962|0|4|4|18
361.558|1|8|4|18
173.862|0|8|4|18
0|1|2|0|19
0.161|0|2|0|19
0|1|6|0|19
0.788|0|6|0|19
0|1|0|0|2
0.788|0|0|0|2
0|1|11|0|2
0.962|0|11|0|2
21.917|1|13|0|2
11.721|0|13|0|2
0|1|2|0|2
0.161|0|2|0|2
0|1|7|0|2
0.161|0|7|0|2
24.449|1|1|1|2
11.721|0|1|1|2
58.248|1|0|2|2
68.451|0|0|2|2
56.21|1|0|2|2
68.451|0|0|2|2
0|1|2|2|2
0.161|0|2|2|2
187.763|1|3|2|2
173.861|0|3|2|2
238.45|1|4|2|2
173.861|0|4|2|2
157.959|1|5|2|2
173.861|0|5|2|2
39.802|1|7|2|2
68.451|0|7|2|2
40.985|1|7|2|2
68.451|0|7|2|2
24.62|1|1|3|2
68.451|0|1|3|2
29.277|1|1|3|2
68.451|0|1|3|2
0|1|6|3|2
0.788|0|6|3|2
0|1|7|3|2
0.962|0|7|3|2
0|1|9|3|2
0.788|0|9|3|2
0|1|0|4|2
0.161|0|0|4|2
78.467|1|1|4|2
68.451|0|1|4|2
80.436|1|1|4|2
68.451|0|1|4|2
155.652|1|3|5|2
173.861|0|3|5|2
24.415|1|4|5|2
11.721|0|4|5|2
0|1|6|5|2
0.788|0|6|5|2
0|1|9|5|2
0.962|0|9|5|2
0|1|0|0|20
0.161|0|0|0|20
0|1|1|0|20
0.788|0|1|0|20
435.766|1|3|0|20
173.862|0|3|0|20
0|1|4|0|20
0.788|0|4|0|20
106.79|1|7|0|20
173.86|0|7|0|20
0|1|0|1|20
0.161|0|0|1|20
0|1|1|1|20
0.788|0|1|1|20
7.169|1|2|1|20
11.721|0|2|1|20
22.507|1|3|1|20
68.451|0|3|1|20
24.675|1|3|1|20
68.451|0|3|1|20
0|1|4|1|20
0.962|0|4|1|20
0|1|5|1|20
0.788|0|5|1|20
0|1|1|2|20
0.962|0|1|2|20
263.227|1|3|2|20
173.861|0|3|2|20
0|1|4|2|20
0.788|0|4|2|20
0|1|5|2|20
0.788|0|5|2|20
297.777|1|0|4|20
173.861|0|0|4|20
0|1|1|4|20
0.962|0|1|4|20
29.251|1|10|4|20
68.451|0|10|4|20
27.137|1|10|4|20
68.451|0|10|4|20
239.299|1|3|4|20
173.861|0|3|4|20
348.246|1|4|4|20
173.862|0|4|4|20
0|1|5|4|20
0.161|0|5|4|20
199.062|1|7|4|20
173.861|0|7|4|20
0|1|8|4|20
0.788|0|8|4|20
300.601|1|9|4|20
173.861|0|9|4|20
114.506|1|1|5|20
173.86|0|1|5|20
0|1|2|5|20
0.788|0|2|5|20
157.832|1|6|5|20
68.452|0|6|5|20
159.644|1|6|5|20
68.452|0|6|5|20
0|1|7|5|20
0.788|0|7|5|20
72.208|1|1|6|20
68.451|0|1|6|20
73.862|1|1|6|20
68.451|0|1|6|20
85.045|1|4|6|20
68.451|0|4|6|20
84.226|1|4|6|20
68.451|0|4|6|20
0|1|5|6|20
0.161|0|5|6|20
33.49|1|6|6|20
68.451|0|6|6|20
37.092|1|6|6|20
68.451|0|6|6|20
0|1|8|6|20
0.962|0|8|6|20
0|1|0|7|20
0.788|0|0|7|20
0|1|1|7|20
0.962|0|1|7|20
31.534|1|3|7|20
68.451|0|3|7|20
31.94|1|3|7|20
68.451|0|3|7|20
0|1|4|7|20
0.962|0|4|7|20
0|1|6|7|20
0.161|0|6|7|20
0|1|8|7|20
0.788|0|8|7|20
22.095|1|1|0|21
68.451|0|1|0|21
23.857|1|1|0|21
68.451|0|1|0|21
29.881|1|2|0|21
68.451|0|2|0|21
29.401|1|2|0|21
68.451|0|2|0|21
0|1|0|10|21
0.161|0|0|10|21
7.727|1|10|10|21
11.721|0|10|10|21
0|1|2|10|21
0.962|0|2|10|21
35.731|1|4|10|21
68.451|0|4|10|21
37.264|1|4|10|21
68.451|0|4|10|21
0|1|7|10|21
0.161|0|7|10|21
28.911|1|8|10|21
11.721|0|8|10|21
18.345|1|9|10|21
11.721|0|9|10|21
351.521|1|4|11|21
173.862|0|4|11|21
0|1|7|11|21
0.788|0|7|11|21
237.966|1|8|11|21
173.861|0|8|11|21
7.622|1|6|12|21
11.721|0|6|12|21
0|1|0|13|21
0.962|0|0|13|21
0|1|1|13|21
0.962|0|1|13|21
18.406|1|10|13|21
11.721|0|10|13|21
0|1|3|13|21
0.962|0|3|13|21
0|1|7|13|21
0.962|0|7|13|21
0|1|8|13|21
0.161|0|8|13|21
191.639|1|3|2|21
173.861|0|3|2|21
0|1|1|3|21
0.962|0|1|3|21
17.384|1|11|3|21
11.721|0|11|3|21
0|1|2|3|21
0.161|0|2|3|21
19.419|1|3|3|21
11.721|0|3|3|21
35.297|1|7|3|21
68.451|0|7|3|21
35.472|1|7|3|21
68.451|0|7|3|21
62.089|1|1|4|21
68.451|0|1|4|21
59.977|1|1|4|21
68.451|0|1|4|21
0|1|10|4|21
0.161|0|10|4|21
0|1|11|4|21
0.161|0|11|4|21
0|1|13|4|21
0.962|0|13|4|21
0|1|2|4|21
0.161|0|2|4|21
0|1|4|4|21
0.788|0|4|4|21
39.122|1|9|4|21
68.451|0|9|4|21
39.406|1|9|4|21
68.451|0|9|4|21
0|1|2|5|21
0.788|0|2|5|21
0|1|3|5|21
0.161|0|3|5|21
74.475|1|12|6|21
68.451|0|12|6|21
76.327|1|12|6|21
68.451|0|12|6|21
72.315|1|13|6|21
68.451|0|13|6|21
73.182|1|13|6|21
68.451|0|13|6|21
0|1|2|6|21
0.161|0|2|6|21
16.849|1|3|6|21
11.721|0|3|6|21
0|1|4|6|21
0.788|0|4|6|21
37.68|1|5|6|21
68.451|0|5|6|21
37.993|1|5|6|21
68.451|0|5|6|21
36.089|1|8|6|21
11.721|0|8|6|21
11.055|1|9|6|21
11.721|0|9|6|21
0|1|0|7|21
0.962|0|0|7|21
0|1|2|7|21
0.962|0|2|7|21
0|1|4|7|21
0.161|0|4|7|21
62.882|1|0|8|21
68.451|0|0|8|21
66.942|1|0|8|21
68.451|0|0|8|21
0|1|10|8|21
0.788|0|10|8|21
0|1|11|8|21
0.788|0|11|8|21
0|1|3|8|21
0.962|0|3|8|21
0|1|5|8|21
0.161|0|5|8|21
0|1|6|8|21
0.788|0|6|8|21
0|1|9|8|21
0.788|0|9|8|21
12.99|1|0|9|21
11.721|0|0|9|21
51.33|1|4|9|21
68.451|0|4|9|21
50.915|1|4|9|21
68.451|0|4|9|21
0|1|7|9|21
0.788|0|7|9|21
6.794|1|8|9|21
11.721|0|8|9|21
0|1|9|9|21
0.962|0|9|9|21
0|1|0|0|22
0.788|0|0|0|22
0|1|1|0|22
0.962|0|1|0|22
41.558|1|2|0|22
68.451|0|2|0|22
38.156|1|2|0|22
68.451|0|2|0|22
0|1|4|0|22
0.962|0|4|0|22
13.002|1|5|0|22
11.721|0|5|0|22
0|1|6|0|22
0.788|0|6|0|22
0|1|11|2|22
0.788|0|11|2|22
62.459|1|13|2|22
68.451|0|13|2|22
64.214|1|13|2|22
68.451|0|13|2|22
9.416|1|4|2|22
11.721|0|4|2|22
0|1|5|2|22
0.788|0|5|2|22
20.544|1|6|2|22
11.721|0|6|2|22
0|1|8|2|22
0.788|0|8|2|22
20.336|1|0|3|22
68.451|0|0|3|22
20.336|1|0|3|22
68.451|0|0|3|22
0|1|2|3|22
0.161|0|2|3|22
22.055|1|3|3|22
68.451|0|3|3|22
24.018|1|3|3|22
68.451|0|3|3|22
0|1|5|3|22
0.962|0|5|3|22
0|1|1|0|23
0.788|0|1|0|23
0|1|0|1|23
0.788|0|0|1|23
11.994|1|1|1|23
11.721|0|1|1|23
0|1|4|1|23
0.161|0|4|1|23
218.883|1|2|2|23
173.861|0|2|2|23
281.519|1|3|2|23
173.861|0|3|2|23
0|1|1|3|23
0.788|0|1|3|23
0|1|3|3|23
0.962|0|3|3|23
0|1|6|3|23
0.788|0|6|3|23
71.788|1|11|0|24
68.451|0|11|0|24
68.64|1|11|0|24
68.451|0|11|0|24
0|1|12|0|24
0.962|0|12|0|24
6.607|1|4|0|24
11.721|0|4|0|24
30.51|1|8|0|24
68.451|0|8|0|24
27.755|1|8|0|24
68.451|0|8|0|24
11.784|1|9|0|24
11.721|0|9|0|24
0|1|0|2|24
0.788|0|0|2|24
0|1|1|2|24
0.962|0|1|2|24
0|1|2|2|24
0.962|0|2|2|24
177.513|1|10|3|24
173.861|0|10|3|24
193.984|1|11|3|24
173.861|0|11|3|24
12.882|1|3|3|24
11.721|0|3|3|24
47.679|1|5|3|24
68.451|0|5|3|24
51.519|1|5|3|24
68.451|0|5|3|24
32.98|1|1|4|24
68.451|0|1|4|24
34.186|1|1|4|24
68.451|0|1|4|24
218.287|1|2|4|24
173.861|0|2|4|24
0|1|3|4|24
0.788|0|3|4|24
0|1|0|5|24
0.962|0|0|5|24
0|1|2|5|24
0.161|0|2|5|24
0|1|0|6|24
0.161|0|0|6|24
40.874|1|1|6|24
68.451|0|1|6|24
41.563|1|1|6|24
68.451|0|1|6|24
40.438|1|2|6|24
68.451|0|2|6|24
39.12|1|2|6|24
68.451|0|2|6|24
0|1|4|6|24
0.788|0|4|6|24
51.293|1|1|7|24
68.451|0|1|7|24
51.45|1|1|7|24
68.451|0|1|7|24
188.948|1|2|7|24
173.861|0|2|7|24
0|1|0|0|25
0.962|0|0|0|25
428.942|1|5|0|25
173.862|0|5|0|25
0|1|6|0|25
0.962|0|6|0|25
46.339|1|7|0|25
68.451|0|7|0|25
46.339|1|7|0|25
68.451|0|7|0|25
0|1|4|1|25
0.788|0|4|1|25
0|1|9|1|25
0.962|0|9|1|25
0|1|0|2|25
0.962|0|0|2|25
0|1|2|3|25
0.962|0|2|3|25
0|1|4|3|25
0.161|0|4|3|25
317.549|1|0|4|25
173.861|0|0|4|25
0|1|1|4|25
0.962|0|1|4|25
0|1|10|4|25
0.962|0|10|4|25
0|1|2|4|25
0.962|0|2|4|25
0|1|3|4|25
0.161|0|3|4|25
262.823|1|4|4|25
173.861|0|4|4|25
42.23|1|5|4|25
68.451|0|5|4|25
42.933|1|5|4|25
68.451|0|5|4|25
0|1|6|4|25
0.962|0|6|4|25
8.586|1|0|5|25
11.721|0|0|5|25
0|1|0|0|26
0.161|0|0|0|26
0|1|2|1|26
0.962|0|2|1|26
228.752|1|3|1|26
173.861|0|3|1|26
0|1|1|2|26
0.161|0|1|2|26
6.065|1|6|2|26
11.721|0|6|2|26
158.748|1|1|3|26
173.861|0|1|3|26
0|1|2|3|26
0.788|0|2|3|26
11.866|1|3|3|26
11.721|0|3|3|26
279.722|1|6|3|26
173.861|0|6|3|26
0|1|0|4|26
0.788|0|0|4|26
0|1|1|4|26
0.962|0|1|4|26
34.291|1|11|4|26
68.451|0|11|4|26
39.597|1|11|4|26
68.451|0|11|4|26
121.771|1|12|4|26
68.452|0|12|4|26
126.905|1|12|4|26
68.452|0|12|4|26
0|1|13|4|26
0.962|0|13|4|26
0|1|2|4|26
0.161|0|2|4|26
0|1|4|4|26
0.161|0|4|4|26
0|1|5|4|26
0.788|0|5|4|26
15.862|1|7|4|26
11.721|0|7|4|26
0|1|8|4|26
0.788|0|8|4|26
118.681|1|9|4|26
173.86|0|9|4|26
0|1|1|5|26
0.161|0|1|5|26
0|1|6|5|26
0.788|0|6|5|26
41.944|1|7|5|26
68.451|0|7|5|26
43.392|1|7|5|26
68.451|0|7|5|26
0|1|1|0|27
0.161|0|1|0|27
20.933|1|1|1|27
11.721|0|1|1|27
0|1|2|1|27
0.161|0|2|1|27
0|1|3|1|27
0.962|0|3|1|27
54.872|1|4|1|27
68.451|0|4|1|27
58.505|1|4|1|27
68.451|0|4|1|27
0|1|5|1|27
0.161|0|5|1|27
0|1|6|1|27
0.962|0|6|1|27
0|1|0|2|27
0.788|0|0|2|27
0|1|1|2|27
0.962|0|1|2|27
0|1|2|2|27
0.161|0|2|2|27
12.013|1|0|3|27
11.721|0|0|3|27
0|1|1|4|27
0.788|0|1|4|27
0|1|2|4|27
0.161|0|2|4|27
0|1|3|4|27
0.788|0|3|4|27
0|1|0|5|27
0.788|0|0|5|27
0|1|1|5|27
0.788|0|1|5|27
0|1|3|5|27
0.161|0|3|5|27
464.505|1|5|5|27
173.862|0|5|5|27
0|1|7|5|27
0.788|0|7|5|27
0|1|4|6|27
0.161|0|4|6|27
0|1|0|7|27
0.788|0|0|7|27
37.459|1|1|7|27
68.451|0|1|7|27
38.797|1|1|7|27
68.451|0|1|7|27
0|1|3|7|27
0.788|0|3|7|27
16.535|1|4|7|27
11.721|0|4|7|27
0|1|0|8|27
0.161|0|0|8|27
180.633|1|0|9|27
173.861|0|0|9|27
18.013|1|0|0|28
11.721|0|0|0|28
220.367|1|6|0|28
173.861|0|6|0|28
0|1|0|1|28
0.788|0|0|1|28
0|1|4|1|28
0.161|0|4|1|28
0|1|6|1|28
0.788|0|6|1|28
0|1|0|10|28
0.962|0|0|10|28
217.709|1|1|10|28
173.861|0|1|10|28
9.123|1|2|10|28
11.721|0|2|10|28
0|1|3|10|28
0.788|0|3|10|28
0|1|5|10|28
0.962|0|5|10|28
294.837|1|6|10|28
173.861|0|6|10|28
0|1|1|11|28
0.962|0|1|11|28
0|1|4|11|28
0.962|0|4|11|28
7.713|1|0|12|28
11.721|0|0|12|28
30.29|1|2|12|28
68.451|0|2|12|28
33.921|1|2|12|28
68.451|0|2|12|28
293.359|1|5|12|28
173.861|0|5|12|28
0|1|2|13|28
0.788|0|2|13|28
43.056|1|4|13|28
68.451|0|4|13|28
42.8|1|4|13|28
68.451|0|4|13|28
197.359|1|3|14|28
173.861|0|3|14|28
0|1|6|14|28
0.161|0|6|14|28
0|1|7|14|28
0.962|0|7|14|28
30.757|1|0|15|28
68.451|0|0|15|28
28.111|1|0|15|28
68.451|0|0|15|28
192.159|1|2|15|28
173.861|0|2|15|28
19.476|1|4|15|28
11.721|0|4|15|28
0|1|6|15|28
0.962|0|6|15|28
0|1|9|15|28
0.788|0|9|15|28
25.626|1|0|16|28
11.721|0|0|16|28
0|1|5|16|28
0.161|0|5|16|28
38.931|1|0|17|28
68.451|0|0|17|28
43.067|1|0|17|28
68.451|0|0|17|28
51.555|1|3|17|28
68.451|0|3|17|28
48.151|1|3|17|28
68.451|0|3|17|28
12.126|1|1|2|28
11.721|0|1|2|28
6.256|1|4|2|28
11.721|0|4|2|28
399.934|1|6|2|28
173.862|0|6|2|28
0|1|4|3|28
0.788|0|4|3|28
22.108|1|5|3|28
68.451|0|5|3|28
23.97|1|5|3|28
68.451|0|5|3|28
9.891|1|6|3|28
11.721|0|6|3|28
479.491|1|1|4|28
173.862|0|1|4|28
37.503|1|10|4|28
68.451|0|10|4|28
37.978|1|10|4|28
68.451|0|10|4|28
469.768|1|12|4|28
173.862|0|12|4|28
0|1|2|4|28
0.962|0|2|4|28
59.763|1|5|4|28
68.451|0|5|4|28
57.464|1|5|4|28
68.451|0|5|4|28
0|1|9|4|28
0.962|0|9|4|28
0|1|0|5|28
0.161|0|0|5|28
0|1|1|5|28
0.788|0|1|5|28
9.857|1|2|5|28
11.721|0|2|5|28
16.221|1|4|5|28
11.721|0|4|5|28
0|1|0|6|28
0.788|0|0|6|28
0|1|1|6|28
0.161|0|1|6|28
0|1|10|6|28
0.962|0|10|6|28
27.224|1|3|6|28
11.721|0|3|6|28
7.686|1|4|6|28
11.721|0|4|6|28
135.256|1|9|6|28
173.861|0|9|6|28
0|1|0|7|28
0.962|0|0|7|28
47.335|1|4|7|28
68.451|0|4|7|28
48.335|1|4|7|28
68.451|0|4|7|28
0|1|2|8|28
0.962|0|2|8|28
510.391|1|10|9|28
173.862|0|10|9|28
0|1|11|9|28
0.161|0|11|9|28
0|1|12|9|28
0.161|0|12|9|28
0|1|13|9|28
0.788|0|13|9|28
0|1|6|9|28
0.788|0|6|9|28
0|1|8|9|28
0.788|0|8|9|28
229.237|1|9|9|28
173.861|0|9|9|28
5.765|1|1|0|29
11.721|0|1|0|29
8.078|1|5|0|29
11.721|0|5|0|29
0|1|7|0|29
0.962|0|7|0|29
229.744|1|0|1|29
173.861|0|0|1|29
124.061|1|2|1|29
173.861|0|2|1|29
15.542|1|0|2|29
11.721|0|0|2|29
16.07|1|2|2|29
11.721|0|2|2|29
0|1|11|0|3
0.161|0|11|0|3
34.815|1|4|0|3
68.451|0|4|0|3
35.519|1|4|0|3
68.451|0|4|0|3
0|1|7|0|3
0.161|0|7|0|3
0|1|8|0|3
0.161|0|8|0|3
507.991|1|9|0|3
173.862|0|9|0|3
376.892|1|0|1|3
173.862|0|0|1|3
8.86|1|4|1|3
11.721|0|4|1|3
0|1|1|2|3
0.962|0|1|2|3
0|1|2|2|3
0.962|0|2|2|3
33.727|1|3|2|3
68.451|0|3|2|3
33.117|1|3|2|3
68.451|0|3|2|3
34.251|1|10|3|3
68.451|0|10|3|3
37.696|1|10|3|3
68.451|0|10|3|3
35.08|1|11|3|3
68.451|0|11|3|3
34.284|1|11|3|3
68.451|0|11|3|3
0|1|13|3|3
0.161|0|13|3|3
18.37|1|3|3|3
11.721|0|3|3|3
100.132|1|0|0|30
68.451|0|0|0|30
98.064|1|0|0|30
68.451|0|0|0|30
0|1|2|1|30
0.788|0|2|1|30
0|1|3|1|30
0.788|0|3|1|30
0|1|1|0|31
0.788|0|1|0|31
44.657|1|2|0|31
68.451|0|2|0|31
49.315|1|2|0|31
68.451|0|2|0|31
0|1|4|0|31
0.161|0|4|0|31
0|1|5|0|31
0.962|0|5|0|31
0|1|6|0|31
0.788|0|6|0|31
25.56|1|0|0|32
11.721|0|0|0|32
0|1|4|0|32
0.161|0|4|0|32
416.863|1|6|0|32
173.862|0|6|0|32
46.45|1|7|0|32
68.451|0|7|0|32
48.963|1|7|0|32
68.451|0|7|0|32
0|1|9|0|32
0.788|0|9|0|32
29.909|1|0|10|32
11.721|0|0|10|32
0|1|1|10|32
0.161|0|1|10|32
0|1|3|11|32
0.788|0|3|11|32
0|1|4|11|32
0.788|0|4|11|32
0|1|7|11|32
0.962|0|7|11|32
0|1|1|12|32
0.962|0|1|12|32
5.824|1|3|12|32
11.721|0|3|12|32
0|1|6|12|32
0.788|0|6|12|32
0|1|8|12|32
0.161|0|8|12|32
0|1|0|13|32
0.788|0|0|13|32
0|1|2|13|32
0.161|0|2|13|32
85.188|1|3|13|32
68.451|0|3|13|32
85.759|1|3|13|32
68.451|0|3|13|32
22.906|1|7|13|32
68.451|0|7|13|32
22.645|1|7|13|32
68.451|0|7|13|32
0|1|9|13|32
0.962|0|9|13|32
0|1|0|2|32
0.788|0|0|2|32
25.078|1|1|2|32
68.451|0|1|2|32
19.162|1|1|2|32
68.451|0|1|2|32
572.817|1|2|2|32
173.863|0|2|2|32
0|1|4|2|32
0.788|0|4|2|32
0|1|6|2|32
0.788|0|6|2|32
94.97|1|2|3|32
173.861|0|2|3|32
0|1|1|4|32
0.788|0|1|4|32
0|1|4|4|32
0.788|0|4|4|32
310.511|1|7|4|32
173.861|0|7|4|32
40.755|1|11|5|32
68.451|0|11|5|32
40.755|1|11|5|32
68.451|0|11|5|32
0|1|12|5|32
0.788|0|12|5|32
0|1|2|5|32
0.962|0|2|5|32
0|1|5|5|32
0.161|0|5|5|32
8.848|1|6|6|32
11.721|0|6|6|32
91.337|1|9|6|32
68.451|0|9|6|32
96.849|1|9|6|32
68.451|0|9|6|32
506.471|1|0|7|32
173.862|0|0|7|32
68.585|1|3|7|32
68.451|0|3|7|32
64.963|1|3|7|32
68.451|0|3|7|32
21.716|1|4|7|32
11.721|0|4|7|32
608.135|1|1|8|32
173.863|0|1|8|32
22.87|1|0|0|33
68.451|0|0|0|33
21.104|1|0|0|33
68.451|0|0|0|33
15.014|1|1|1|33
11.721|0|1|1|33
515.612|1|10|1|33
173.862|0|10|1|33
57.146|1|12|1|33
68.451|0|12|1|33
55.292|1|12|1|33
68.451|0|12|1|33
0|1|2|1|33
0.962|0|2|1|33
100.395|1|3|1|33
68.451|0|3|1|33
100.395|1|3|1|33
68.451|0|3|1|33
11.778|1|5|1|33
11.721|0|5|1|33
227.535|1|6|1|33
173.861|0|6|1|33
24.925|1|8|1|33
68.451|0|8|1|33
25.633|1|8|1|33
68.451|0|8|1|33
0|1|9|1|33
0.788|0|9|1|33
211.911|1|1|10|33
173.861|0|1|10|33
0|1|4|10|33
0.788|0|4|10|33
19.193|1|6|10|33
68.451|0|6|10|33
19.409|1|6|10|33
68.451|0|6|10|33
164.471|1|0|11|33
173.861|0|0|11|33
9.627|1|1|11|33
11.721|0|1|11|33
20.53|1|3|11|33
11.721|0|3|11|33
432.31|1|5|11|33
173.862|0|5|11|33
0|1|1|2|33
0.788|0|1|2|33
0|1|4|2|33
0.788|0|4|2|33
33.176|1|1|3|33
68.451|0|1|3|33
34.516|1|1|3|33
68.451|0|1|3|33
12.74|1|3|3|33
11.721|0|3|3|33
191.232|1|5|3|33
173.861|0|5|3|33
0|1|1|4|33
0.962|0|1|4|33
0|1|12|4|33
0.962|0|12|4|33
0|1|2|4|33
0.161|0|2|4|33
12.882|1|3|4|33
11.721|0|3|4|33
0|1|8|4|33
0.788|0|8|4|33
0|1|9|4|33
0.962|0|9|4|33
0|1|0|5|33
0.788|0|0|5|33
43.692|1|2|5|33
68.451|0|2|5|33
43.086|1|2|5|33
68.451|0|2|5|33
0|1|3|5|33
0.962|0|3|5|33
0|1|7|5|33
0.788|0|7|5|33
0|1|1|7|33
0.962|0|1|7|33
9.854|1|3|7|33
11.721|0|3|7|33
0|1|4|7|33
0.962|0|4|7|33
0|1|5|7|33
0.962|0|5|7|33
0|1|1|8|33
0.788|0|1|8|33
0|1|2|8|33
0.962|0|2|8|33
40.206|1|5|8|33
68.451|0|5|8|33
37.621|1|5|8|33
68.451|0|5|8|33
0|1|7|8|33
0.161|0|7|8|33
15.713|1|0|9|33
11.721|0|0|9|33
98.157|1|2|9|33
68.451|0|2|9|33
99.585|1|2|9|33
68.451|0|2|9|33
0|1|4|9|33
0.962|0|4|9|33
409.985|1|5|9|33
173.862|0|5|9|33
0|1|6|9|33
0.962|0|6|9|33
10.74|1|7|9|33
11.721|0|7|9|33
21.937|1|9|9|33
11.721|0|9|9|33
0|1|1|0|34
0.962|0|1|0|34
34.969|1|2|0|34
68.451|0|2|0|34
37.423|1|2|0|34
68.451|0|2|0|34
28.411|1|1|2|34
11.721|0|1|2|34
109.914|1|2|2|34
68.452|0|2|2|34
106.505|1|2|2|34
68.452|0|2|2|34
10.864|1|3|2|34
11.721|0|3|2|34
23.895|1|4|2|34
68.451|0|4|2|34
26.38|1|4|2|34
68.451|0|4|2|34
0|1|0|4|34
0.962|0|0|4|34
37.192|1|3|5|34
68.451|0|3|5|34
37.377|1|3|5|34
68.451|0|3|5|34
0|1|4|5|34
0.161|0|4|5|34
9.954|1|1|0|35
11.721|0|1|0|35
0|1|10|0|35
0.788|0|10|0|35
27.606|1|11|0|35
68.451|0|11|0|35
25.13|1|11|0|35
68.451|0|11|0|35
0|1|4|0|35
0.788|0|4|0|35
0|1|5|0|35
0.788|0|5|0|35
0|1|8|0|35
0.161|0|8|0|35
0|1|9|0|35
0.962|0|9|0|35
0|1|0|1|35
0.788|0|0|1|35
0|1|2|1|35
0.962|0|2|1|35
0|1|0|2|35
0.962|0|0|2|35
0|1|1|2|35
0.788|0|1|2|35
0|1|2|2|35
0.788|0|2|2|35
15.866|1|4|2|35
11.721|0|4|2|35
165.086|1|9|2|35
173.861|0|9|2|35
10.873|1|0|3|35
11.721|0|0|3|35
0|1|10|0|36
0.161|0|10|0|36
0|1|4|0|36
0.161|0|4|0|36
0|1|5|0|36
0.788|0|5|0|36
0|1|6|0|36
0.962|0|6|0|36
0|1|7|0|36
0.161|0|7|0|36
0|1|10|1|36
0.788|0|10|1|36
0|1|12|1|36
0.962|0|12|1|36
0|1|3|1|36
0.788|0|3|1|36
81.479|1|5|1|36
68.451|0|5|1|36
83.155|1|5|1|36
68.451|0|5|1|36
0|1|6|1|36
0.962|0|6|1|36
0|1|9|1|36
0.161|0|9|1|36
0|1|2|2|36
0.161|0|2|2|36
0|1|3|2|36
0.788|0|3|2|36
0|1|0|3|36
0.962|0|0|3|36
129.827|1|1|4|36
173.861|0|1|4|36
18.722|1|2|5|36
11.721|0|2|5|36
0|1|4|5|36
0.962|0|4|5|36
0|1|7|5|36
0.788|0|7|5|36
0|1|8|5|36
0.788|0|8|5|36
0|1|9|5|36
0.161|0|9|5|36
8.149|1|1|6|36
11.721|0|1|6|36
0|1|3|6|36
0.788|0|3|6|36
0|1|4|6|36
0.161|0|4|6|36
0|1|8|6|36
0.788|0|8|6|36
0|1|1|0|37
0.962|0|1|0|37
0|1|3|1|37
0.788|0|3|1|37
0|1|4|1|37
0.962|0|4|1|37
0|1|0|2|37
0.962|0|0|2|37
33.418|1|10|2|37
68.451|0|10|2|37
32.873|1|10|2|37
68.451|0|10|2|37
15.607|1|11|2|37
11.721|0|11|2|37
0|1|2|2|37
0.962|0|2|2|37
0|1|5|2|37
0.161|0|5|2|37
0|1|7|2|37
0.788|0|7|2|37
0|1|9|2|37
0.161|0|9|2|37
0|1|2|3|37
0.161|0|2|3|37
42.514|1|1|4|37
68.451|0|1|4|37
44.698|1|1|4|37
68.451|0|1|4|37
0|1|2|4|37
0.788|0|2|4|37
0|1|3|4|37
0.962|0|3|4|37
132.208|1|4|4|37
173.861|0|4|4|37
22.233|1|5|4|37
68.451|0|5|4|37
19.139|1|5|4|37
68.451|0|5|4|37
286.924|1|9|4|37
173.861|0|9|4|37
211.203|1|10|5|37
173.861|0|10|5|37
11.209|1|13|5|37
11.721|0|13|5|37
0|1|4|5|37
0.788|0|4|5|37
0|1|5|5|37
0.161|0|5|5|37
18.61|1|7|5|37
11.721|0|7|5|37
19.623|1|2|6|37
68.451|0|2|6|37
20.785|1|2|6|37
68.451|0|2|6|37
278.858|1|1|7|37
173.861|0|1|7|37
0|1|12|7|37
0.962|0|12|7|37
0|1|2|7|37
0.788|0|2|7|37
163.306|1|8|7|37
173.861|0|8|7|37
49.118|1|9|7|37
68.451|0|9|7|37
49.085|1|9|7|37
68.451|0|9|7|37
10.128|1|0|8|37
11.721|0|0|8|37
10.665|1|1|8|37
11.721|0|1|8|37
9.879|1|2|8|37
11.721|0|2|8|37
45.795|1|0|0|38
68.451|0|0|0|38
38.893|1|0|0|38
68.451|0|0|0|38
0|1|4|1|38
0.962|0|4|1|38
26.318|1|1|10|38
68.451|0|1|10|38
26.318|1|1|10|38
68.451|0|1|10|38
88.046|1|4|2|38
68.451|0|4|2|38
86.491|1|4|2|38
68.451|0|4|2|38
0|1|5|2|38
0.161|0|5|2|38
0|1|0|3|38
0.161|0|0|3|38
56.79|1|1|3|38
68.451|0|1|3|38
55.211|1|1|3|38
68.451|0|1|3|38
0|1|4|3|38
0.161|0|4|3|38
0|1|0|4|38
0.161|0|0|4|38
0|1|3|4|38
0.161|0|3|4|38
0|1|0|5|38
0.161|0|0|5|38
0|1|1|5|38
0.788|0|1|5|38
9.558|1|0|6|38
11.721|0|0|6|38
0|1|3|6|38
0.962|0|3|6|38
0|1|0|7|38
0.962|0|0|7|38
25.7|1|0|9|38
68.451|0|0|9|38
29.116|1|0|9|38
68.451|0|0|9|38
299.444|1|2|9|38
173.861|0|2|9|38
0|1|4|9|38
0.788|0|4|9|38
0|1|0|0|39
0.962|0|0|0|39
25.688|1|1|1|39
68.451|0|1|1|39
24.913|1|1|1|39
68.451|0|1|1|39
0|1|4|1|39
0.788|0|4|1|39
57.883|1|1|11|39
68.451|0|1|11|39
57.079|1|1|11|39
68.451|0|1|11|39
17.46|1|11|11|39
68.451|0|11|11|39
19.795|1|11|11|39
68.451|0|11|11|39
0|1|12|11|39
0.962|0|12|11|39
48.625|1|13|11|39
68.451|0|13|11|39
49.176|1|13|11|39
68.451|0|13|11|39
0|1|2|11|39
0.161|0|2|11|39
8.622|1|3|11|39
11.721|0|3|11|39
12.106|1|4|11|39
11.721|0|4|11|39
0|1|5|11|39
0.962|0|5|11|39
0|1|8|11|39
0.788|0|8|11|39
23.92|1|1|12|39
68.451|0|1|12|39
20.41|1|1|12|39
68.451|0|1|12|39
0|1|2|12|39
0.962|0|2|12|39
12.322|1|4|12|39
11.721|0|4|12|39
422.765|1|1|13|39
173.862|0|1|13|39
0|1|13|13|39
0.788|0|13|13|39
0|1|7|13|39
0.962|0|7|13|39
0|1|1|14|39
0.962|0|1|14|39
0|1|5|14|39
0.788|0|5|14|39
14.21|1|0|2|39
11.721|0|0|2|39
26.155|1|5|2|39
68.451|0|5|2|39
28.488|1|5|2|39
68.451|0|5|2|39
324.704|1|6|2|39
173.861|0|6|2|39
8.22|1|9|2|39
11.721|0|9|2|39
0|1|0|3|39
0.788|0|0|3|39
0|1|1|4|39
0.962|0|1|4|39
48.908|1|3|4|39
68.451|0|3|4|39
46.212|1|3|4|39
68.451|0|3|4|39
0|1|1|5|39
0.788|0|1|5|39
26.658|1|2|5|39
68.451|0|2|5|39
26.68|1|2|5|39
68.451|0|2|5|39
0|1|4|5|39
0.788|0|4|5|39
0|1|0|6|39
0.788|0|0|6|39
0|1|1|6|39
0.788|0|1|6|39
43.075|1|3|6|39
68.451|0|3|6|39
45.434|1|3|6|39
68.451|0|3|6|39
426.777|1|6|6|39
173.862|0|6|6|39
0|1|0|7|39
0.962|0|0|7|39
77.407|1|1|7|39
68.451|0|1|7|39
76.126|1|1|7|39
68.451|0|1|7|39
0|1|2|7|39
0.962|0|2|7|39
0|1|5|7|39
0.161|0|5|7|39
0|1|6|7|39
0.161|0|6|7|39
0|1|11|8|39
0.788|0|11|8|39
0|1|12|8|39
0.788|0|12|8|39
0|1|3|8|39
0.788|0|3|8|39
0|1|5|8|39
0.788|0|5|8|39
0|1|6|8|39
0.161|0|6|8|39
0|1|7|8|39
0.788|0|7|8|39
0|1|1|9|39
0.161|0|1|9|39
0|1|0|0|4
0.788|0|0|0|4
0|1|5|0|4
0.161|0|5|0|4
0|1|9|0|4
0.962|0|9|0|4
82.122|1|0|1|4
68.451|0|0|1|4
85.576|1|0|1|4
68.451|0|0|1|4
46.887|1|1|1|4
68.451|0|1|1|4
52.452|1|1|1|4
68.451|0|1|1|4
0|1|2|1|4
0.788|0|2|1|4
0|1|2|10|4
0.161|0|2|10|4
0|1|3|10|4
0.161|0|3|10|4
0|1|5|10|4
0.788|0|5|10|4
179.7|1|0|11|4
173.861|0|0|11|4
0|1|1|11|4
0.161|0|1|11|4
52.475|1|2|11|4
68.451|0|2|11|4
49.684|1|2|11|4
68.451|0|2|11|4
27.665|1|0|12|4
68.451|0|0|12|4
27.665|1|0|12|4
68.451|0|0|12|4
0|1|1|12|4
0.788|0|1|12|4
0|1|10|12|4
0.962|0|10|12|4
0|1|11|12|4
0.788|0|11|12|4
41.494|1|12|12|4
68.451|0|12|12|4
43.708|1|12|12|4
68.451|0|12|12|4
0|1|2|12|4
0.788|0|2|12|4
20.663|1|4|12|4
11.721|0|4|12|4
0|1|6|12|4
0.788|0|6|12|4
21.7|1|7|12|4
11.721|0|7|12|4
213.214|1|10|13|4
173.861|0|10|13|4
94.719|1|13|13|4
173.86|0|13|13|4
0|1|2|13|4
0.788|0|2|13|4
0|1|3|13|4
0.161|0|3|13|4
0|1|4|13|4
0.788|0|4|13|4
19.822|1|5|13|4
68.451|0|5|13|4
17.784|1|5|13|4
68.451|0|5|13|4
0|1|7|13|4
0.962|0|7|13|4
15.817|1|9|13|4
11.721|0|9|13|4
0|1|0|2|4
0.161|0|0|2|4
19.495|1|2|2|4
11.721|0|2|2|4
30.311|1|1|3|4
11.721|0|1|3|4
33.946|1|2|3|4
68.451|0|2|3|4
35.773|1|2|3|4
68.451|0|2|3|4
66.454|1|4|3|4
68.451|0|4|3|4
65.661|1|4|3|4
68.451|0|4|3|4
0|1|5|3|4
0.161|0|5|3|4
0|1|0|4|4
0.161|0|0|4|4
22.81|1|1|4|4
11.721|0|1|4|4
55.049|1|10|4|4
68.451|0|10|4|4
58.105|1|10|4|4
68.451|0|10|4|4
173.355|1|3|4|4
173.861|0|3|4|4
61.915|1|9|4|4
68.451|0|9|4|4
62.186|1|9|4|4
68.451|0|9|4|4
0|1|0|5|4
0.788|0|0|5|4
0|1|1|5|4
0.161|0|1|5|4
0|1|2|5|4
0.962|0|2|5|4
91.855|1|4|5|4
68.451|0|4|5|4
88.794|1|4|5|4
68.451|0|4|5|4
0|1|1|6|4
0.962|0|1|6|4
57.854|1|0|7|4
68.451|0|0|7|4
61.667|1|0|7|4
68.451|0|0|7|4
454.008|1|1|7|4
173.862|0|1|7|4
0|1|10|7|4
0.788|0|10|7|4
0|1|12|7|4
0.788|0|12|7|4
21.795|1|3|7|4
68.451|0|3|7|4
25.558|1|3|7|4
68.451|0|3|7|4
45.41|1|5|7|4
68.451|0|5|7|4
48.093|1|5|7|4
68.451|0|5|7|4
0|1|2|8|4
0.161|0|2|8|4
0|1|0|9|4
0.962|0|0|9|4
31.284|1|3|9|4
11.721|0|3|9|4
12.75|1|5|9|4
11.721|0|5|9|4
13.316|1|3|0|5
11.721|0|3|0|5
42.956|1|5|1|5
68.451|0|5|1|5
44.673|1|5|1|5
68.451|0|5|1|5
0|1|1|0|6
0.962|0|1|0|6
0|1|2|0|6
0.962|0|2|0|6
196.705|1|4|0|6
173.861|0|4|0|6
33.595|1|2|1|6
68.451|0|2|1|6
35.458|1|2|1|6
68.451|0|2|1|6
0|1|5|1|6
0.962|0|5|1|6
20.463|1|2|2|6
11.721|0|2|2|6
641.005|1|1|3|6
173.863|0|1|3|6
0|1|2|3|6
0.161|0|2|3|6
0|1|6|3|6
0.788|0|6|3|6
0|1|8|3|6
0.161|0|8|3|6
0|1|4|0|7
0.962|0|4|0|7
29.901|1|5|0|7
68.451|0|5|0|7
27.365|1|5|0|7
68.451|0|5|0|7
0|1|6|0|7
0.161|0|6|0|7
0|1|1|1|7
0.161|0|1|1|7
122.955|1|1|10|7
173.861|0|1|10|7
0|1|2|10|7
0.962|0|2|10|7
0|1|4|10|7
0.788|0|4|10|7
0|1|0|2|7
0.788|0|0|2|7
11.166|1|1|2|7
11.721|0|1|2|7
6.959|1|10|2|7
11.721|0|10|2|7
0|1|3|2|7
0.962|0|3|2|7
0|1|0|3|7
0.161|0|0|3|7
0|1|1|3|7
0.962|0|1|3|7
0|1|2|3|7
0.161|0|2|3|7
68.545|1|3|3|7
68.451|0|3|3|7
69.825|1|3|3|7
68.451|0|3|3|7
37.42|1|5|3|7
68.451|0|5|3|7
38.63|1|5|3|7
68.451|0|5|3|7
138.813|1|3|4|7
173.861|0|3|4|7
274.994|1|4|4|7
173.861|0|4|4|7
0|1|0|5|7
0.788|0|0|5|7
356.552|1|1|6|7
173.862|0|1|6|7
0|1|0|7|7
0.962|0|0|7|7
373.267|1|10|7|7
173.862|0|10|7|7
0|1|11|7|7
0.962|0|11|7|7
12.47|1|2|7|7
11.721|0|2|7|7
61.134|1|4|7|7
68.451|0|4|7|7
64.621|1|4|7|7
68.451|0|4|7|7
0|1|5|7|7
0.161|0|5|7|7
0|1|8|7|7
0.788|0|8|7|7
47.827|1|1|8|7
68.451|0|1|8|7
50.9|1|1|8|7
68.451|0|1|8|7
18.976|1|2|8|7
68.451|0|2|8|7
22.211|1|2|8|7
68.451|0|2|8|7
15.476|1|4|8|7
11.721|0|4|8|7
0|1|0|9|7
0.161|0|0|9|7
0|1|1|9|7
0.161|0|1|9|7
14.5|1|0|0|8
11.721|0|0|0|8
47.273|1|3|0|8
68.451|0|3|0|8
46.475|1|3|0|8
68.451|0|3|0|8
0|1|5|0|8
0.962|0|5|0|8
0|1|7|0|8
0.788|0|7|0|8
35.474|1|3|1|8
68.451|0|3|1|8
39.299|1|3|1|8
68.451|0|3|1|8
0|1|4|1|8
0.161|0|4|1|8
54.336|1|5|1|8
68.451|0|5|1|8
51.075|1|5|1|8
68.451|0|5|1|8
10.545|1|6|1|8
11.721|0|6|1|8
0|1|0|2|8
0.962|0|0|2|8
222.51|1|3|2|8
173.861|0|3|2|8
18.664|1|0|3|8
11.721|0|0|3|8
67.019|1|1|4|8
68.451|0|1|4|8
69.094|1|1|4|8
68.451|0|1|4|8
0|1|0|0|9
0.161|0|0|0|9
0|1|12|0|9
0.962|0|12|0|9
0|1|2|0|9
0.161|0|2|0|9
0|1|3|0|9
0.788|0|3|0|9
0|1|6|0|9
0.788|0|6|0|9
0|1|7|0|9
0.788|0|7|0|9
12.346|1|9|0|9
11.721|0|9|0|9
0|1|1|1|9
0.962|0|1|1|9
0|1|2|1|9
0.788|0|2|1|9
6.245|1|3|1|9
11.721|0|3|1|9
30.452|1|4|1|9
68.451|0|4|1|9
28.918|1|4|1|9
68.451|0|4|1|9
0|1|5|1|9
0.962|0|5|1|9
0|1|6|1|9
0.161|0|6|1|9
0|1|7|1|9
0.788|0|7|1|9
171.968|1|9|1|9
173.861|0|9|1|9
12.755|1|0|3|9
11.721|0|0|3|9
29.777|1|2|3|9
11.721|0|2|3|9
15.527|1|5|3|9
11.721|0|5|3|9
0|1|9|0|0
3.701|0|9|0|0
0|1|1|1|0
3.216|0|1|1|0
0|1|11|1|0
2.25|0|11|1|0
0|1|6|1|0
3.216|0|6|1|0
0|1|0|10|0
3.216|0|0|10|0
0|1|1|12|0
3.216|0|1|12|0
0|1|2|13|0
3.701|0|2|13|0
0|1|6|13|0
2.25|0|6|13|0
0|1|8|13|0
2.25|0|8|13|0
0|1|9|13|0
3.216|0|9|13|0
0|1|1|2|0
3.216|0|1|2|0
0|1|4|2|0
3.701|0|4|2|0
0|1|6|2|0
3.216|0|6|2|0
0|1|1|4|0
2.25|0|1|4|0
0|1|0|5|0
3.701|0|0|5|0
0|1|1|5|0
3.701|0|1|5|0
0|1|12|6|0
3.216|0|12|6|0
0|1|3|6|0
2.25|0|3|6|0
0|1|1|7|0
3.701|0|1|7|0
0|1|2|7|0
3.701|0|2|7|0
0|1|4|7|0
3.701|0|4|7|0
0|1|8|7|0
3.216|0|8|7|0
0|1|10|9|0
3.216|0|10|9|0
0|1|9|9|0
3.216|0|9|9|0
0|1|2|1|1
3.216|0|2|1|1
0|1|1|0|10
3.216|0|1|0|10
0|1|4|0|10
3.216|0|4|0|10
0|1|1|1|10
3.701|0|1|1|10
0|1|2|1|10
3.216|0|2|1|10
0|1|0|2|10
3.216|0|0|2|10
0|1|3|3|10
3.216|0|3|3|10
0|1|5|4|10
3.216|0|5|4|10
0|1|6|4|10
2.25|0|6|4|10
0|1|0|0|11
2.25|0|0|0|11
0|1|10|0|11
3.216|0|10|0|11
0|1|11|0|11
3.216|0|11|0|11
0|1|13|0|11
3.216|0|13|0|11
0|1|3|0|11
3.216|0|3|0|11
0|1|4|0|11
3.216|0|4|0|11
0|1|6|0|11
3.216|0|6|0|11
0|1|9|0|11
2.25|0|9|0|11
0|1|1|1|11
2.25|0|1|1|11
0|1|2|1|11
3.216|0|2|1|11
0|1|0|2|11
2.25|0|0|2|11
0|1|8|2|11
3.216|0|8|2|11
0|1|1|4|11
2.25|0|1|4|11
0|1|3|0|12
3.701|0|3|0|12
0|1|0|1|12
3.216|0|0|1|12
0|1|2|1|12
3.216|0|2|1|12
0|1|1|2|12
3.216|0|1|2|12
0|1|13|2|12
3.216|0|13|2|12
0|1|5|2|12
3.216|0|5|2|12
0|1|9|2|12
3.701|0|9|2|12
0|1|5|3|12
3.701|0|5|3|12
0|1|0|1|13
3.216|0|0|1|13
0|1|10|1|13
2.25|0|10|1|13
0|1|3|1|13
3.701|0|3|1|13
0|1|0|0|14
2.25|0|0|0|14
0|1|1|0|14
3.701|0|1|0|14
0|1|0|1|14
3.701|0|0|1|14
0|1|1|1|14
2.25|0|1|1|14
0|1|2|1|14
3.216|0|2|1|14
0|1|0|10|14
3.216|0|0|10|14
0|1|2|10|14
3.701|0|2|10|14
0|1|6|10|14
2.25|0|6|10|14
0|1|7|10|14
3.701|0|7|10|14
0|1|2|11|14
3.216|0|2|11|14
0|1|1|12|14
3.216|0|1|12|14
0|1|2|12|14
3.701|0|2|12|14
0|1|3|12|14
3.216|0|3|12|14
0|1|8|12|14
3.701|0|8|12|14
0|1|2|13|14
2.25|0|2|13|14
0|1|4|13|14
3.216|0|4|13|14
0|1|2|14|14
2.25|0|2|14|14
0|1|5|14|14
3.216|0|5|14|14
0|1|2|15|14
3.216|0|2|15|14
0|1|8|15|14
2.25|0|8|15|14
0|1|0|16|14
2.25|0|0|16|14
0|1|2|16|14
2.25|0|2|16|14
0|1|2|3|14
3.701|0|2|3|14
0|1|3|3|14
2.25|0|3|3|14
0|1|0|4|14
3.216|0|0|4|14
0|1|0|5|14
3.216|0|0|5|14
0|1|2|5|14
2.25|0|2|5|14
0|1|4|5|14
2.25|0|4|5|14
0|1|1|6|14
3.216|0|1|6|14
0|1|2|6|14
3.216|0|2|6|14
0|1|4|6|14
3.216|0|4|6|14
0|1|6|6|14
3.216|0|6|6|14
0|1|4|7|14
3.216|0|4|7|14
0|1|0|8|14
3.216|0|0|8|14
0|1|1|9|14
3.216|0|1|9|14
0|1|10|9|14
2.25|0|10|9|14
0|1|2|9|14
3.216|0|2|9|14
0|1|5|9|14
3.701|0|5|9|14
0|1|9|9|14
3.216|0|9|9|14
0|1|12|0|15
3.216|0|12|0|15
0|1|13|0|15
3.701|0|13|0|15
0|1|4|0|15
3.216|0|4|0|15
0|1|8|0|15
3.216|0|8|0|15
0|1|0|1|15
3.216|0|0|1|15
0|1|1|2|15
2.25|0|1|2|15
0|1|13|2|15
3.216|0|13|2|15
0|1|2|2|15
2.25|0|2|2|15
0|1|3|2|15
2.25|0|3|2|15
0|1|4|2|15
3.701|0|4|2|15
0|1|6|2|15
3.701|0|6|2|15
0|1|7|2|15
2.25|0|7|2|15
0|1|8|2|15
3.216|0|8|2|15
0|1|1|3|15
2.25|0|1|3|15
0|1|4|3|15
3.216|0|4|3|15
0|1|11|0|16
3.701|0|11|0|16
0|1|6|0|16
3.216|0|6|0|16
0|1|4|1|16
3.216|0|4|1|16
0|1|8|1|16
2.25|0|8|1|16
0|1|9|1|16
3.701|0|9|1|16
0|1|0|10|16
3.701|0|0|10|16
0|1|6|10|16
3.216|0|6|10|16
0|1|7|10|16
2.25|0|7|10|16
0|1|1|2|16
3.216|0|1|2|16
0|1|2|2|16
3.216|0|2|2|16
0|1|3|2|16
3.216|0|3|2|16
0|1|5|4|16
3.216|0|5|4|16
0|1|6|4|16
3.216|0|6|4|16
0|1|2|5|16
2.25|0|2|5|16
0|1|3|5|16
3.216|0|3|5|16
0|1|4|5|16
3.701|0|4|5|16
0|1|6|5|16
3.701|0|6|5|16
0|1|0|6|16
3.216|0|0|6|16
0|1|2|6|16
3.701|0|2|6|16
0|1|0|7|16
3.701|0|0|7|16
0|1|1|7|16
3.216|0|1|7|16
0|1|12|8|16
3.216|0|12|8|16
0|1|13|8|16
3.216|0|13|8|16
0|1|2|8|16
3.216|0|2|8|16
0|1|3|8|16
2.25|0|3|8|16
0|1|4|8|16
2.25|0|4|8|16
0|1|8|8|16
3.701|0|8|8|16
0|1|9|8|16
3.216|0|9|8|16
0|1|4|9|16
3.216|0|4|9|16
0|1|4|0|17
3.216|0|4|0|17
0|1|1|1|17
2.25|0|1|1|17
0|1|6|1|17
3.701|0|6|1|17
0|1|7|1|17
3.216|0|7|1|17
0|1|1|0|18
3.216|0|1|0|18
0|1|2|0|18
2.25|0|2|0|18
0|1|2|1|18
3.216|0|2|1|18
0|1|4|1|18
2.25|0|4|1|18
0|1|2|2|18
3.216|0|2|2|18
0|1|3|2|18
2.25|0|3|2|18
0|1|2|3|18
3.701|0|2|3|18
0|1|3|3|18
3.701|0|3|3|18
0|1|0|4|18
2.25|0|0|4|18
0|1|7|4|18
3.216|0|7|4|18
0|1|0|0|19
3.216|0|0|0|19
0|1|3|0|19
3.216|0|3|0|19
0|1|4|0|19
3.216|0|4|0|19
0|1|5|0|19
3.701|0|5|0|19
0|1|3|0|2
3.216|0|3|0|2
0|1|4|0|2
3.216|0|4|0|2
0|1|5|0|2
3.701|0|5|0|2
0|1|9|0|2
2.25|0|9|0|2
0|1|1|2|2
3.216|0|1|2|2
0|1|6|2|2
3.216|0|6|2|2
0|1|8|2|2
3.216|0|8|2|2
0|1|3|3|2
3.216|0|3|3|2
0|1|4|3|2
2.25|0|4|3|2
0|1|5|3|2
3.216|0|5|3|2
0|1|8|3|2
3.216|0|8|3|2
0|1|2|4|2
3.216|0|2|4|2
0|1|4|4|2
3.701|0|4|4|2
0|1|1|5|2
3.216|0|1|5|2
0|1|11|5|2
2.25|0|11|5|2
0|1|2|0|20
2.25|0|2|0|20
0|1|0|2|20
3.216|0|0|2|20
0|1|2|2|20
3.216|0|2|2|20
0|1|6|2|20
3.216|0|6|2|20
0|1|1|3|20
3.216|0|1|3|20
0|1|0|5|20
3.216|0|0|5|20
0|1|3|5|20
3.701|0|3|5|20
0|1|4|5|20
2.25|0|4|5|20
0|1|5|5|20
2.25|0|5|5|20
0|1|3|6|20
3.216|0|3|6|20
0|1|2|7|20
3.701|0|2|7|20
0|1|5|7|20
3.216|0|5|7|20
0|1|7|7|20
3.216|0|7|7|20
0|1|0|1|21
3.216|0|0|1|21
0|1|1|1|21
3.701|0|1|1|21
0|1|1|10|21
3.216|0|1|10|21
0|1|11|10|21
3.216|0|11|10|21
0|1|12|10|21
3.216|0|12|10|21
0|1|3|10|21
3.216|0|3|10|21
0|1|5|10|21
3.701|0|5|10|21
0|1|0|11|21
2.25|0|0|11|21
0|1|1|11|21
2.25|0|1|11|21
0|1|2|11|21
2.25|0|2|11|21
0|1|3|11|21
3.216|0|3|11|21
0|1|5|11|21
3.701|0|5|11|21
0|1|11|13|21
2.25|0|11|13|21
0|1|12|13|21
3.701|0|12|13|21
0|1|5|13|21
3.701|0|5|13|21
0|1|6|13|21
2.25|0|6|13|21
0|1|9|13|21
3.216|0|9|13|21
0|1|4|2|21
3.216|0|4|2|21
0|1|12|3|21
2.25|0|12|3|21
0|1|13|3|21
2.25|0|13|3|21
0|1|4|3|21
3.216|0|4|3|21
0|1|9|3|21
3.216|0|9|3|21
0|1|0|4|21
2.25|0|0|4|21
0|1|3|4|21
2.25|0|3|4|21
0|1|5|4|21
2.25|0|5|4|21
0|1|0|5|21
3.216|0|0|5|21
0|1|1|5|21
2.25|0|1|5|21
0|1|7|6|21
3.216|0|7|6|21
0|1|3|7|21
2.25|0|3|7|21
0|1|1|9|21
3.216|0|1|9|21
0|1|10|9|21
3.216|0|10|9|21
0|1|11|9|21
2.25|0|11|9|21
0|1|12|9|21
3.216|0|12|9|21
0|1|13|9|21
2.25|0|13|9|21
0|1|2|9|21
3.701|0|2|9|21
0|1|3|9|21
3.216|0|3|9|21
0|1|3|0|22
3.701|0|3|0|22
0|1|0|1|22
3.701|0|0|1|22
0|1|2|1|22
3.701|0|2|1|22
0|1|9|2|22
3.701|0|9|2|22
0|1|1|3|22
2.25|0|1|3|22
0|1|6|3|22
3.701|0|6|3|22
0|1|7|3|22
2.25|0|7|3|22
0|1|2|0|23
3.701|0|2|0|23
0|1|3|1|23
3.216|0|3|1|23
0|1|5|1|23
2.25|0|5|1|23
0|1|0|3|23
3.216|0|0|3|23
0|1|5|3|23
3.216|0|5|3|23
0|1|1|0|24
2.25|0|1|0|24
0|1|3|0|24
3.216|0|3|0|24
0|1|5|0|24
3.216|0|5|0|24
0|1|1|1|24
3.216|0|1|1|24
0|1|3|1|24
2.25|0|3|1|24
0|1|1|3|24
3.216|0|1|3|24
0|1|4|3|24
2.25|0|4|3|24
0|1|7|3|24
3.216|0|7|3|24
0|1|8|3|24
2.25|0|8|3|24
0|1|0|4|24
3.701|0|0|4|24
0|1|0|7|24
3.216|0|0|7|24
0|1|4|7|24
3.216|0|4|7|24
0|1|5|7|24
3.216|0|5|7|24
0|1|1|0|25
3.701|0|1|0|25
0|1|2|0|25
3.701|0|2|0|25
0|1|3|0|25
3.216|0|3|0|25
0|1|4|0|25
3.216|0|4|0|25
0|1|0|1|25
3.216|0|0|1|25
0|1|10|1|25
3.216|0|10|1|25
0|1|11|1|25
3.216|0|11|1|25
0|1|2|1|25
2.25|0|2|1|25
0|1|3|1|25
3.216|0|3|1|25
0|1|5|1|25
2.25|0|5|1|25
0|1|2|2|25
3.216|0|2|2|25
0|1|3|2|25
3.216|0|3|2|25
0|1|3|3|25
3.216|0|3|3|25
0|1|5|3|25
3.216|0|5|3|25
0|1|8|4|25
3.216|0|8|4|25
0|1|9|4|25
2.25|0|9|4|25
0|1|1|5|25
3.216|0|1|5|25
0|1|1|0|26
3.216|0|1|0|26
0|1|3|0|26
3.216|0|3|0|26
0|1|3|2|26
2.25|0|3|2|26
0|1|5|2|26
3.216|0|5|2|26
0|1|0|3|26
3.216|0|0|3|26
0|1|10|3|26
2.25|0|10|3|26
0|1|10|4|26
3.701|0|10|4|26
0|1|6|4|26
3.216|0|6|4|26
0|1|0|5|26
3.216|0|0|5|26
0|1|3|5|26
3.216|0|3|5|26
0|1|4|5|26
3.701|0|4|5|26
0|1|8|5|26
2.25|0|8|5|26
0|1|2|0|27
3.216|0|2|0|27
0|1|0|1|27
2.25|0|0|1|27
0|1|2|3|27
3.216|0|2|3|27
0|1|0|4|27
3.216|0|0|4|27
0|1|4|4|27
2.25|0|4|4|27
0|1|2|5|27
2.25|0|2|5|27
0|1|4|5|27
3.216|0|4|5|27
0|1|6|5|27
3.216|0|6|5|27
0|1|9|5|27
3.701|0|9|5|27
0|1|1|6|27
3.701|0|1|6|27
0|1|2|6|27
3.216|0|2|6|27
0|1|6|6|27
3.216|0|6|6|27
0|1|2|7|27
3.216|0|2|7|27
0|1|5|7|27
3.216|0|5|7|27
0|1|2|8|27
2.25|0|2|8|27
0|1|3|8|27
3.216|0|3|8|27
0|1|1|9|27
3.216|0|1|9|27
0|1|2|9|27
3.216|0|2|9|27
0|1|6|9|27
3.701|0|6|9|27
0|1|10|0|28
3.216|0|10|0|28
0|1|2|0|28
3.701|0|2|0|28
0|1|4|0|28
2.25|0|4|0|28
0|1|5|0|28
3.701|0|5|0|28
0|1|7|0|28
2.25|0|7|0|28
0|1|8|0|28
3.216|0|8|0|28
0|1|1|1|28
3.216|0|1|1|28
0|1|2|1|28
3.701|0|2|1|28
0|1|5|1|28
3.216|0|5|1|28
0|1|7|1|28
3.216|0|7|1|28
0|1|4|10|28
3.216|0|4|10|28
0|1|0|11|28
3.216|0|0|11|28
0|1|3|11|28
3.216|0|3|11|28
0|1|6|12|28
3.701|0|6|12|28
0|1|0|13|28
2.25|0|0|13|28
0|1|5|13|28
3.216|0|5|13|28
0|1|6|13|28
3.216|0|6|13|28
0|1|1|14|28
3.216|0|1|14|28
0|1|4|14|28
3.216|0|4|14|28
0|1|3|15|28
2.25|0|3|15|28
0|1|7|15|28
2.25|0|7|15|28
0|1|4|16|28
3.216|0|4|16|28
0|1|1|17|28
3.216|0|1|17|28
0|1|2|17|28
3.701|0|2|17|28
0|1|2|2|28
3.216|0|2|2|28
0|1|3|2|28
3.701|0|3|2|28
0|1|5|2|28
2.25|0|5|2|28
0|1|0|4|28
3.216|0|0|4|28
0|1|13|4|28
2.25|0|13|4|28
0|1|8|4|28
3.216|0|8|4|28
0|1|3|5|28
3.216|0|3|5|28
0|1|2|6|28
2.25|0|2|6|28
0|1|5|6|28
2.25|0|5|6|28
0|1|7|6|28
3.701|0|7|6|28
0|1|1|7|28
3.216|0|1|7|28
0|1|2|7|28
3.216|0|2|7|28
0|1|3|7|28
3.216|0|3|7|28
0|1|1|8|28
2.25|0|1|8|28
0|1|0|9|28
2.25|0|0|9|28
0|1|4|9|28
3.216|0|4|9|28
0|1|11|0|29
3.701|0|11|0|29
0|1|12|0|29
3.216|0|12|0|29
0|1|3|0|29
3.216|0|3|0|29
0|1|4|0|29
3.216|0|4|0|29
0|1|8|0|29
2.25|0|8|0|29
0|1|9|0|29
3.701|0|9|0|29
0|1|1|2|29
2.25|0|1|2|29
0|1|1|0|3
3.216|0|1|0|3
0|1|12|0|3
3.216|0|12|0|3
0|1|1|1|3
3.701|0|1|1|3
0|1|2|1|3
3.701|0|2|1|3
0|1|3|1|3
2.25|0|3|1|3
0|1|5|1|3
3.216|0|5|1|3
0|1|0|2|3
3.216|0|0|2|3
0|1|4|2|3
3.701|0|4|2|3
0|1|5|2|3
3.701|0|5|2|3
0|1|0|3|3
3.216|0|0|3|3
0|1|4|3|3
2.25|0|4|3|3
0|1|6|3|3
3.216|0|6|3|3
0|1|7|3|3
3.701|0|7|3|3
0|1|9|3|3
3.216|0|9|3|3
0|1|1|0|30
3.216|0|1|0|30
0|1|2|0|30
3.216|0|2|0|30
0|1|3|0|30
3.216|0|3|0|30
0|1|1|1|30
3.216|0|1|1|30
0|1|0|0|31
3.216|0|0|0|31
0|1|3|0|31
3.216|0|3|0|31
0|1|1|0|32
3.216|0|1|0|32
0|1|5|0|32
3.216|0|5|0|32
0|1|2|11|32
3.216|0|2|11|32
0|1|6|11|32
3.216|0|6|11|32
0|1|0|12|32
2.25|0|0|12|32
0|1|4|12|32
3.216|0|4|12|32
0|1|5|12|32
3.216|0|5|12|32
0|1|7|12|32
3.216|0|7|12|32
0|1|1|13|32
2.25|0|1|13|32
0|1|10|13|32
3.701|0|10|13|32
0|1|12|13|32
3.216|0|12|13|32
0|1|4|13|32
3.216|0|4|13|32
0|1|5|13|32
3.216|0|5|13|32
0|1|5|2|32
2.25|0|5|2|32
0|1|0|3|32
2.25|0|0|3|32
0|1|11|4|32
3.216|0|11|4|32
0|1|12|4|32
3.216|0|12|4|32
0|1|13|4|32
3.216|0|13|4|32
0|1|5|4|32
2.25|0|5|4|32
0|1|8|4|32
3.701|0|8|4|32
0|1|9|4|32
3.216|0|9|4|32
0|1|0|5|32
3.216|0|0|5|32
0|1|1|5|32
2.25|0|1|5|32
0|1|3|5|32
3.216|0|3|5|32
0|1|4|5|32
3.701|0|4|5|32
0|1|8|5|32
3.216|0|8|5|32
0|1|9|5|32
3.701|0|9|5|32
0|1|0|6|32
3.701|0|0|6|32
0|1|1|6|32
3.216|0|1|6|32
0|1|2|6|32
3.701|0|2|6|32
0|1|4|6|32
2.25|0|4|6|32
0|1|8|6|32
3.216|0|8|6|32
0|1|2|7|32
3.216|0|2|7|32
0|1|7|7|32
3.216|0|7|7|32
0|1|5|9|32
3.701|0|5|9|32
0|1|1|0|33
3.216|0|1|0|33
0|1|0|1|33
3.216|0|0|1|33
0|1|13|1|33
3.701|0|13|1|33
0|1|7|1|33
2.25|0|7|1|33
0|1|0|10|33
3.216|0|0|10|33
0|1|2|10|33
3.701|0|2|10|33
0|1|2|11|33
3.216|0|2|11|33
0|1|4|11|33
2.25|0|4|11|33
0|1|6|11|33
3.216|0|6|11|33
0|1|0|2|33
2.25|0|0|2|33
0|1|2|2|33
3.216|0|2|2|33
0|1|5|2|33
3.701|0|5|2|33
0|1|4|3|33
2.25|0|4|3|33
0|1|10|4|33
2.25|0|10|4|33
0|1|4|4|33
3.216|0|4|4|33
0|1|7|4|33
3.216|0|7|4|33
0|1|0|6|33
3.216|0|0|6|33
0|1|6|7|33
3.216|0|6|7|33
0|1|3|8|33
2.25|0|3|8|33
0|1|4|8|33
3.216|0|4|8|33
0|1|6|8|33
3.701|0|6|8|33
0|1|8|9|33
3.216|0|8|9|33
0|1|0|0|34
3.701|0|0|0|34
0|1|0|1|34
3.216|0|0|1|34
0|1|1|3|34
3.701|0|1|3|34
0|1|2|5|34
3.216|0|2|5|34
0|1|12|0|35
2.25|0|12|0|35
0|1|3|0|35
2.25|0|3|0|35
0|1|3|1|35
2.25|0|3|1|35
0|1|10|2|35
2.25|0|10|2|35
0|1|11|2|35
2.25|0|11|2|35
0|1|3|2|35
3.701|0|3|2|35
0|1|7|2|35
2.25|0|7|2|35
0|1|1|3|35
3.701|0|1|3|35
0|1|2|3|35
3.216|0|2|3|35
0|1|2|0|36
3.701|0|2|0|36
0|1|9|0|36
3.216|0|9|0|36
0|1|0|1|36
3.216|0|0|1|36
0|1|11|1|36
3.701|0|11|1|36
0|1|1|3|36
3.216|0|1|3|36
0|1|2|3|36
3.701|0|2|3|36
0|1|3|3|36
2.25|0|3|3|36
0|1|0|4|36
3.216|0|0|4|36
0|1|0|5|36
3.216|0|0|5|36
0|1|0|6|36
2.25|0|0|6|36
0|1|2|6|36
3.701|0|2|6|36
0|1|6|6|36
2.25|0|6|6|36
0|1|2|0|37
3.701|0|2|0|37
0|1|1|2|37
2.25|0|1|2|37
0|1|13|2|37
3.216|0|13|2|37
0|1|3|2|37
2.25|0|3|2|37
0|1|4|2|37
3.216|0|4|2|37
0|1|6|2|37
3.701|0|6|2|37
0|1|1|3|37
2.25|0|1|3|37
0|1|0|4|37
2.25|0|0|4|37
0|1|7|4|37
3.701|0|7|4|37
0|1|8|4|37
3.216|0|8|4|37
0|1|11|5|37
3.216|0|11|5|37
0|1|12|5|37
3.216|0|12|5|37
0|1|3|5|37
3.701|0|3|5|37
0|1|6|5|37
3.216|0|6|5|37
0|1|8|5|37
3.216|0|8|5|37
0|1|9|5|37
3.701|0|9|5|37
0|1|0|6|37
3.701|0|0|6|37
0|1|5|6|37
3.701|0|5|6|37
0|1|6|6|37
3.216|0|6|6|37
0|1|10|7|37
2.25|0|10|7|37
0|1|4|7|37
2.25|0|4|7|37
0|1|5|7|37
3.216|0|5|7|37
0|1|7|7|37
3.701|0|7|7|37
0|1|0|1|38
3.216|0|0|1|38
0|1|1|1|38
3.216|0|1|1|38
0|1|0|10|38
3.216|0|0|10|38
0|1|2|10|38
2.25|0|2|10|38
0|1|3|10|38
2.25|0|3|10|38
0|1|0|2|38
2.25|0|0|2|38
0|1|1|2|38
3.701|0|1|2|38
0|1|2|2|38
3.216|0|2|2|38
0|1|1|4|38
2.25|0|1|4|38
0|1|1|6|38
3.701|0|1|6|38
0|1|2|6|38
3.216|0|2|6|38
0|1|1|7|38
3.216|0|1|7|38
0|1|0|8|38
3.701|0|0|8|38
0|1|1|9|38
3.216|0|1|9|38
0|1|3|9|38
3.701|0|3|9|38
0|1|5|9|38
3.216|0|5|9|38
0|1|1|0|39
3.701|0|1|0|39
0|1|2|0|39
3.216|0|2|0|39
0|1|0|1|39
2.25|0|0|1|39
0|1|2|1|39
2.25|0|2|1|39
0|1|6|1|39
3.701|0|6|1|39
0|1|7|1|39
2.25|0|7|1|39
0|1|0|11|39
3.701|0|0|11|39
0|1|6|11|39
3.216|0|6|11|39
0|1|7|11|39
3.216|0|7|11|39
0|1|9|11|39
3.701|0|9|11|39
0|1|0|12|39
3.216|0|0|12|39
0|1|3|12|39
3.216|0|3|12|39
0|1|0|13|39
3.216|0|0|13|39
0|1|10|13|39
2.25|0|10|13|39
0|1|11|13|39
2.25|0|11|13|39
0|1|12|13|39
3.701|0|12|13|39
0|1|2|13|39
3.701|0|2|13|39
0|1|5|13|39
3.701|0|5|13|39
0|1|6|13|39
3.701|0|6|13|39
0|1|9|13|39
3.216|0|9|13|39
0|1|0|14|39
3.216|0|0|14|39
0|1|3|14|39
3.216|0|3|14|39
0|1|4|14|39
2.25|0|4|14|39
0|1|6|14|39
2.25|0|6|14|39
0|1|7|2|39
3.216|0|7|2|39
0|1|1|3|39
2.25|0|1|3|39
0|1|2|3|39
3.216|0|2|3|39
0|1|0|4|39
3.216|0|0|4|39
0|1|2|4|39
2.25|0|2|4|39
0|1|0|5|39
3.216|0|0|5|39
0|1|3|5|39
3.216|0|3|5|39
0|1|5|5|39
3.216|0|5|5|39
0|1|7|5|39
3.216|0|7|5|39
0|1|4|6|39
3.216|0|4|6|39
0|1|8|6|39
3.216|0|8|6|39
0|1|4|7|39
3.216|0|4|7|39
0|1|7|7|39
2.25|0|7|7|39
0|1|0|8|39
2.25|0|0|8|39
0|1|2|8|39
3.216|0|2|8|39
0|1|8|8|39
2.25|0|8|8|39
0|1|9|8|39
2.25|0|9|8|39
0|1|10|0|4
3.216|0|10|0|4
0|1|4|0|4
3.701|0|4|0|4
0|1|3|1|4
3.216|0|3|1|4
0|1|0|10|4
3.216|0|0|10|4
0|1|4|10|4
3.216|0|4|10|4
0|1|8|12|4
3.216|0|8|12|4
0|1|9|12|4
3.216|0|9|12|4
0|1|1|13|4
3.216|0|1|13|4
0|1|6|13|4
2.25|0|6|13|4
0|1|12|4|4
2.25|0|12|4|4
0|1|2|4|4
2.25|0|2|4|4
0|1|4|4|4
3.216|0|4|4|4
0|1|5|4|4
3.701|0|5|4|4
0|1|7|4|4
3.216|0|7|4|4
0|1|7|5|4
3.701|0|7|5|4
0|1|8|5|4
3.701|0|8|5|4
0|1|11|7|4
2.25|0|11|7|4
0|1|13|7|4
3.216|0|13|7|4
0|1|2|7|4
3.216|0|2|7|4
0|1|6|7|4
3.216|0|6|7|4
0|1|7|7|4
3.216|0|7|7|4
0|1|8|7|4
3.701|0|8|7|4
0|1|1|8|4
3.701|0|1|8|4
0|1|4|8|4
3.216|0|4|8|4
0|1|1|9|4
2.25|0|1|9|4
0|1|2|9|4
3.701|0|2|9|4
0|1|4|9|4
3.216|0|4|9|4
0|1|0|0|5
3.216|0|0|0|5
0|1|1|0|5
2.25|0|1|0|5
0|1|2|0|5
2.25|0|2|0|5
0|1|4|0|5
2.25|0|4|0|5
0|1|0|1|5
2.25|0|0|1|5
0|1|1|1|5
2.25|0|1|1|5
0|1|3|1|5
3.216|0|3|1|5
0|1|3|0|6
3.701|0|3|0|6
0|1|0|1|6
2.25|0|0|1|6
0|1|1|1|6
3.701|0|1|1|6
0|1|3|1|6
3.701|0|3|1|6
0|1|4|1|6
2.25|0|4|1|6
0|1|0|2|6
3.216|0|0|2|6
0|1|3|3|6
3.216|0|3|3|6
0|1|5|3|6
3.216|0|5|3|6
0|1|7|3|6
3.216|0|7|3|6
0|1|1|0|7
2.25|0|1|0|7
0|1|2|0|7
3.216|0|2|0|7
0|1|3|0|7
3.216|0|3|0|7
0|1|0|10|7
3.216|0|0|10|7
0|1|10|10|7
3.216|0|10|10|7
0|1|5|10|7
3.216|0|5|10|7
0|1|6|10|7
3.216|0|6|10|7
0|1|8|10|7
2.25|0|8|10|7
0|1|9|10|7
2.25|0|9|10|7
0|1|2|2|7
3.216|0|2|2|7
0|1|4|2|7
3.701|0|4|2|7
0|1|6|2|7
3.701|0|6|2|7
0|1|7|2|7
3.216|0|7|2|7
0|1|8|2|7
3.701|0|8|2|7
0|1|6|3|7
3.216|0|6|3|7
0|1|9|3|7
3.701|0|9|3|7
0|1|1|7|7
3.701|0|1|7|7
0|1|7|7|7
3.701|0|7|7|7
0|1|3|9|7
3.216|0|3|9|7
0|1|4|9|7
3.216|0|4|9|7
0|1|5|9|7
3.216|0|5|9|7
0|1|6|0|8
2.25|0|6|0|8
0|1|1|1|8
2.25|0|1|1|8
0|1|8|1|8
2.25|0|8|1|8
0|1|1|2|8
2.25|0|1|2|8
0|1|2|2|8
3.216|0|2|2|8
0|1|5|2|8
3.216|0|5|2|8
0|1|6|2|8
3.216|0|6|2|8
0|1|1|3|8
3.216|0|1|3|8
0|1|0|4|8
3.216|0|0|4|8
0|1|1|0|9
3.216|0|1|0|9
0|1|10|0|9
3.701|0|10|0|9
0|1|11|0|9
3.701|0|11|0|9
0|1|4|0|9
2.25|0|4|0|9
0|1|8|0|9
3.216|0|8|0|9
0|1|0|1|9
2.25|0|0|1|9
0|1|8|1|9
2.25|0|8|1|9
0|1|2|2|9
3.216|0|2|2|9
0|1|3|2|9
2.25|0|3|2|9
0|1|5|2|9
2.25|0|5|2|9
0|1|0|0|0
0.982|0|0|0|0
17.212|1|11|0|0
68.451|0|11|0|0
9.434|1|2|0|0
11.721|0|2|0|0
3.509|1|5|0|0
35.086|0|5|0|0
2.729|1|6|0|0
35.086|0|6|0|0
18.783|1|7|0|0
68.451|0|7|0|0
0|1|8|0|0
0.982|0|8|0|0
22.163|1|0|1|0
11.721|0|0|1|0
0|1|10|1|0
0.788|0|10|1|0
0|1|12|1|0
0.788|0|12|1|0
33.507|1|2|1|0
68.451|0|2|1|0
173.861|0|3|1|0
167.974|1|3|1|0
173.861|0|3|1|0
167.167|1|3|1|0
18.99|1|4|1|0
11.721|0|4|1|0
16.225|1|5|1|0
35.086|0|5|1|0
0|1|9|1|0
0.982|0|9|1|0
173.861|0|1|10|0
295.684|1|1|10|0
173.861|0|1|10|0
300.461|1|1|10|0
9.95|1|2|10|0
35.086|0|2|10|0
0|1|0|11|0
0.788|0|0|11|0
17.162|1|2|11|0
68.451|0|2|11|0
7.981|1|0|12|0
35.086|0|0|12|0
0|1|2|12|0
0.982|0|2|12|0
0|1|4|12|0
0.788|0|4|12|0
173.861|0|0|13|0
158.468|1|0|13|0
173.861|0|0|13|0
182.895|1|0|13|0
173.861|0|1|13|0
156.293|1|1|13|0
173.861|0|1|13|0
159.934|1|1|13|0
0|1|10|13|0
0.161|0|10|13|0
15.115|1|11|13|0
11.721|0|11|13|0
173.862|0|3|13|0
393.107|1|3|13|0
173.862|0|3|13|0
357.731|1|3|13|0
19.769|1|5|13|0
11.721|0|5|13|0
4.584|1|7|13|0
35.086|0|7|13|0
0|1|0|2|0
0.161|0|0|2|0
173.861|0|2|2|0
263.496|1|2|2|0
173.861|0|2|2|0
263.364|1|2|2|0
0|1|3|2|0
0.161|0|3|2|0
6.076|1|5|2|0
35.086|0|5|2|0
36.143|1|0|3|0
68.451|0|0|3|0
173.861|0|1|3|0
182.238|1|1|3|0
173.861|0|1|3|0
202.11|1|1|3|0
15.738|1|3|3|0
11.721|0|3|3|0
0|1|0|4|0
0.788|0|0|4|0
0|1|2|4|0
0.788|0|2|4|0
0|1|2|5|0
0.788|0|2|5|0
173.861|0|0|6|0
294.953|1|0|6|0
173.861|0|0|6|0
309.181|1|0|6|0
3.876|1|10|6|0
35.086|0|10|6|0
32.162|1|11|6|0
11.721|0|11|6|0
10.486|1|2|6|0
11.721|0|2|6|0
62.549|1|4|6|0
68.451|0|4|6|0
6.147|1|5|6|0
11.721|0|5|6|0
0|1|9|6|0
0.788|0|9|6|0
173.862|0|0|7|0
353.171|1|0|7|0
173.862|0|0|7|0
339.73|1|0|7|0
16.338|1|6|7|0
68.451|0|6|7|0
29.627|1|7|7|0
11.721|0|7|7|0
8.211|1|0|8|0
11.721|0|0|8|0
0|1|3|8|0
0.788|0|3|8|0
7.5|1|4|8|0
35.086|0|4|8|0
0|1|8|8|0
0.161|0|8|8|0
38.83|1|9|8|0
68.451|0|9|8|0
0|1|0|9|0
0.161|0|0|9|0
9.963|1|1|9|0
35.086|0|1|9|0
0|1|12|9|0
0.161|0|12|9|0
0|1|13|9|0
0.982|0|13|9|0
0|1|3|9|0
0.161|0|3|9|0
0|1|4|9|0
0.788|0|4|9|0
0|1|5|9|0
0.161|0|5|9|0
0|1|6|9|0
0.161|0|6|9|0
173.861|0|7|9|0
163.186|1|7|9|0
173.861|0|7|9|0
167.628|1|7|9|0
173.862|0|8|9|0
363.937|1|8|9|0
173.862|0|8|9|0
391.175|1|8|9|0
3.805|1|1|0|1
35.086|0|1|0|1
173.862|0|0|2|1
426.873|1|0|2|1
173.862|0|0|2|1
424.56|1|0|2|1
9.658|1|3|2|1
35.086|0|3|2|1
17.513|1|4|2|1
11.721|0|4|2|1
173.861|0|5|2|1
244.862|1|5|2|1
173.861|0|5|2|1
240.893|1|5|2|1
0|1|0|0|10
0.161|0|0|0|10
0|1|3|0|10
0.161|0|3|0|10
28.833|1|5|0|10
11.721|0|5|0|10
0|1|6|0|10
0.161|0|6|0|10
16.895|1|7|0|10
11.721|0|7|0|10
0|1|8|0|10
0.788|0|8|0|10
47.231|1|2|2|10
68.451|0|2|2|10
173.862|0|3|2|10
321.128|1|3|2|10
173.862|0|3|2|10
324.89|1|3|2|10
0|1|0|3|10
0.982|0|0|3|10
0|1|0|4|10
0.982|0|0|4|10
0|1|1|4|10
0.788|0|1|4|10
0|1|3|4|10
0.982|0|3|4|10
173.861|0|4|4|10
249.924|1|4|4|10
173.861|0|4|4|10
232.924|1|4|4|10
3.173|1|7|4|10
35.086|0|7|4|10
12.102|1|2|0|11
11.721|0|2|0|11
18.686|1|5|0|11
11.721|0|5|0|11
21.446|1|7|0|11
68.451|0|7|0|11
0|1|8|0|11
0.788|0|8|0|11
15.472|1|3|1|11
11.721|0|3|1|11
0|1|4|1|11
0.982|0|4|1|11
6.882|1|1|2|11
35.086|0|1|2|11
0|1|2|2|11
0.982|0|2|2|11
19.084|1|4|2|11
11.721|0|4|2|11
0|1|5|2|11
0.982|0|5|2|11
40.689|1|6|2|11
68.451|0|6|2|11
173.861|0|7|2|11
173.916|1|7|2|11
173.861|0|7|2|11
169.018|1|7|2|11
173.861|0|9|2|11
194.654|1|9|2|11
173.861|0|9|2|11
183.654|1|9|2|11
2.796|1|0|3|11
35.086|0|0|3|11
16.156|1|0|4|11
35.086|0|0|4|11
14.331|1|0|5|11
11.721|0|0|5|11
7.28|1|1|5|11
35.086|0|1|5|11
0|1|4|5|11
0.788|0|4|5|11
10.531|1|0|0|12
11.721|0|0|0|12
28.194|1|1|0|12
11.721|0|1|0|12
173.861|0|2|0|12
231.166|1|2|0|12
173.861|0|2|0|12
197.674|1|2|0|12
0|1|3|1|12
0.161|0|3|1|12
6.255|1|11|2|12
35.086|0|11|2|12
0|1|12|2|12
0.982|0|12|2|12
4.956|1|2|2|12
35.086|0|2|2|12
0|1|3|2|12
0.161|0|3|2|12
44.222|1|4|2|12
68.451|0|4|2|12
3.214|1|6|2|12
35.086|0|6|2|12
10.705|1|0|3|12
35.086|0|0|3|12
3.706|1|1|3|12
35.086|0|1|3|12
19.212|1|4|3|12
11.721|0|4|3|12
0|1|6|3|12
0.788|0|6|3|12
0|1|0|0|13
0.788|0|0|0|13
42.944|1|1|0|13
68.451|0|1|0|13
0|1|11|1|13
0.161|0|11|1|13
0|1|12|1|13
0.982|0|12|1|13
0|1|13|1|13
0.161|0|13|1|13
173.861|0|2|1|13
237.234|1|2|1|13
173.861|0|2|1|13
218.573|1|2|1|13
0|1|4|1|13
0.982|0|4|1|13
0|1|5|1|13
0.788|0|5|1|13
173.863|0|7|1|13
538.856|1|7|1|13
173.863|0|7|1|13
531.59|1|7|1|13
0|1|8|1|13
0.788|0|8|1|13
6.423|1|1|10|14
35.086|0|1|10|14
173.861|0|3|10|14
98.73|1|3|10|14
173.861|0|3|10|14
119.856|1|3|10|14
0|1|4|10|14
0.788|0|4|10|14
28.913|1|5|10|14
11.721|0|5|10|14
4.986|1|8|10|14
35.086|0|8|10|14
0|1|9|10|14
0.161|0|9|10|14
8.736|1|0|11|14
11.721|0|0|11|14
0|1|1|11|14
0.982|0|1|11|14
4.022|1|0|12|14
35.086|0|0|12|14
11.941|1|10|12|14
11.721|0|10|12|14
10.618|1|11|12|14
11.721|0|11|12|14
0|1|12|12|14
0.982|0|12|12|14
5.937|1|13|12|14
35.086|0|13|12|14
173.862|0|4|12|14
312.723|1|4|12|14
173.862|0|4|12|14
314.201|1|4|12|14
5.566|1|5|12|14
35.086|0|5|12|14
0|1|6|12|14
0.982|0|6|12|14
173.861|0|7|12|14
202.613|1|7|12|14
173.861|0|7|12|14
207.439|1|7|12|14
0|1|9|12|14
0.788|0|9|12|14
0|1|0|13|14
0.788|0|0|13|14
173.862|0|1|13|14
491.078|1|1|13|14
173.862|0|1|13|14
475.136|1|1|13|14
17.698|1|3|13|14
11.721|0|3|13|14
0|1|1|14|14
0.982|0|1|14|14
7.395|1|10|14|14
11.721|0|10|14|14
0|1|11|14|14
0.161|0|11|14|14
69.395|1|3|14|14
68.451|0|3|14|14
64.085|1|4|14|14
68.451|0|4|14|14
12.593|1|6|14|14
35.086|0|6|14|14
0|1|8|14|14
0.982|0|8|14|14
0|1|9|14|14
0.161|0|9|14|14
173.861|0|1|15|14
176.729|1|1|15|14
173.861|0|1|15|14
168.319|1|1|15|14
0|1|3|15|14
0.982|0|3|15|14
26.433|1|5|15|14
68.451|0|5|15|14
21.615|1|6|15|14
68.451|0|6|15|14
6.431|1|7|15|14
35.086|0|7|15|14
12.31|1|9|15|14
11.721|0|9|15|14
0|1|1|16|14
0.161|0|1|16|14
12.7|1|3|16|14
11.721|0|3|16|14
0|1|0|17|14
0.161|0|0|17|14
0|1|1|17|14
0.982|0|1|17|14
0|1|0|2|14
0.982|0|0|2|14
2.941|1|1|2|14
35.086|0|1|2|14
0|1|3|2|14
0.161|0|3|2|14
0|1|4|2|14
0.788|0|4|2|14
5.622|1|0|3|14
35.086|0|0|3|14
55.979|1|4|3|14
68.451|0|4|3|14
173.862|0|5|3|14
313.876|1|5|3|14
173.862|0|5|3|14
328.993|1|5|3|14
173.861|0|1|4|14
125.641|1|1|4|14
173.861|0|1|4|14
130.556|1|1|4|14
19.087|1|1|5|14
68.451|0|1|5|14
0|1|3|5|14
0.161|0|3|5|14
173.861|0|5|5|14
192.262|1|5|5|14
173.861|0|5|5|14
218.592|1|5|5|14
8.472|1|10|6|14
35.086|0|10|6|14
0|1|11|6|14
0.982|0|11|6|14
34.414|1|12|6|14
68.451|0|12|6|14
40.257|1|3|6|14
68.451|0|3|6|14
0|1|5|6|14
0.788|0|5|6|14
0|1|8|6|14
0.982|0|8|6|14
23.317|1|9|6|14
11.721|0|9|6|14
0|1|1|7|14
0.982|0|1|7|14
0|1|2|7|14
0.788|0|2|7|14
30.623|1|3|7|14
11.721|0|3|7|14
173.861|0|1|8|14
123.493|1|1|8|14
173.861|0|1|8|14
106.752|1|1|8|14
0|1|2|8|14
0.161|0|2|8|14
64.849|1|3|8|14
68.451|0|3|8|14
43.546|1|0|9|14
68.451|0|0|9|14
26.011|1|11|9|14
68.451|0|11|9|14
24.777|1|12|9|14
11.721|0|12|9|14
3.546|1|13|9|14
35.086|0|13|9|14
21.994|1|3|9|14
11.721|0|3|9|14
27.706|1|4|9|14
11.721|0|4|9|14
6.254|1|8|9|14
35.086|0|8|9|14
173.861|0|0|0|15
301.151|1|0|0|15
173.861|0|0|0|15
284.083|1|0|0|15
0|1|11|0|15
0.161|0|11|0|15
0|1|2|0|15
0.161|0|2|0|15
0|1|5|0|15
0.982|0|5|0|15
3.029|1|6|0|15
35.086|0|6|0|15
58.618|1|7|0|15
68.451|0|7|0|15
0|1|9|0|15
0.788|0|9|0|15
0|1|10|2|15
0.982|0|10|2|15
173.861|0|11|2|15
116.966|1|11|2|15
173.861|0|11|2|15
116.404|1|11|2|15
4.247|1|9|2|15
35.086|0|9|2|15
0|1|2|3|15
0.161|0|2|3|15
45.706|1|3|3|15
68.451|0|3|3|15
0|1|6|3|15
0.788|0|6|3|15
4.553|1|0|0|16
35.086|0|0|0|16
9.922|1|1|0|16
35.086|0|1|0|16
2.894|1|10|0|16
35.086|0|10|0|16
0|1|12|0|16
0.788|0|12|0|16
59.568|1|13|0|16
68.451|0|13|0|16
4.121|1|3|0|16
35.086|0|3|0|16
33.809|1|7|0|16
68.451|0|7|0|16
0|1|0|1|16
0.788|0|0|1|16
0|1|1|1|16
0.161|0|1|1|16
0|1|3|1|16
0.788|0|3|1|16
4.302|1|7|1|16
35.086|0|7|1|16
28.224|1|2|10|16
11.721|0|2|10|16
173.862|0|3|10|16
340.802|1|3|10|16
173.862|0|3|10|16
336.487|1|3|10|16
6.761|1|4|10|16
35.086|0|4|10|16
51.002|1|8|10|16
68.451|0|8|10|16
54.69|1|9|10|16
68.451|0|9|10|16
0|1|0|2|16
0.788|0|0|2|16
34.574|1|0|3|16
68.451|0|0|3|16
0|1|1|3|16
0.982|0|1|3|16
3.413|1|2|3|16
35.086|0|2|3|16
0|1|0|4|16
0.788|0|0|4|16
173.862|0|1|4|16
414.818|1|1|4|16
173.862|0|1|4|16
414.516|1|1|4|16
173.861|0|3|4|16
112.815|1|3|4|16
173.861|0|3|4|16
114.531|1|3|4|16
0|1|4|4|16
0.161|0|4|4|16
41.323|1|1|5|16
11.721|0|1|5|16
23.396|1|3|6|16
68.451|0|3|6|16
173.861|0|4|6|16
192.42|1|4|6|16
173.861|0|4|6|16
206.427|1|4|6|16
0|1|5|6|16
0.982|0|5|6|16
17.433|1|2|7|16
68.451|0|2|7|16
21.13|1|3|7|16
11.721|0|3|7|16
0|1|0|8|16
0.161|0|0|8|16
2.905|1|1|8|16
35.086|0|1|8|16
173.862|0|5|8|16
340.442|1|5|8|16
173.862|0|5|8|16
343.941|1|5|8|16
0|1|6|8|16
0.161|0|6|8|16
0|1|0|9|16
0.982|0|0|9|16
173.861|0|1|9|16
128.595|1|1|9|16
173.861|0|1|9|16
147.256|1|1|9|16
11.834|1|2|9|16
11.721|0|2|9|16
0|1|5|9|16
0.788|0|5|9|16
0|1|0|0|17
0.788|0|0|0|17
0|1|1|0|17
0.788|0|1|0|17
2.868|1|2|0|17
35.086|0|2|0|17
0|1|3|0|17
0.982|0|3|0|17
32.348|1|0|1|17
68.451|0|0|1|17
12.452|1|3|1|17
11.721|0|3|1|17
173.861|0|4|1|17
223.169|1|4|1|17
173.861|0|4|1|17
225.783|1|4|1|17
10.018|1|2|2|17
35.086|0|2|2|17
173.861|0|0|3|17
235.961|1|0|3|17
173.861|0|0|3|17
220.878|1|0|3|17
173.863|0|0|0|18
512.452|1|0|0|18
173.863|0|0|0|18
493.018|1|0|0|18
0|1|3|0|18
0.982|0|3|0|18
9.015|1|4|0|18
11.721|0|4|0|18
0|1|0|1|18
0.788|0|0|1|18
53.614|1|3|1|18
68.451|0|3|1|18
33.274|1|0|2|18
68.451|0|0|2|18
0|1|1|2|18
0.788|0|1|2|18
7.936|1|5|2|18
11.721|0|5|2|18
25.53|1|5|3|18
68.451|0|5|3|18
11.195|1|8|3|18
11.721|0|8|3|18
0|1|9|3|18
0.788|0|9|3|18
0|1|1|4|18
0.982|0|1|4|18
37.542|1|2|4|18
68.451|0|2|4|18
27.358|1|3|4|18
11.721|0|3|4|18
0|1|5|4|18
0.982|0|5|4|18
0|1|6|4|18
0.982|0|6|4|18
173.862|0|8|4|18
373.085|1|8|4|18
173.862|0|8|4|18
375.225|1|8|4|18
0|1|2|0|19
0.161|0|2|0|19
0|1|6|0|19
0.788|0|6|0|19
0|1|0|0|2
0.788|0|0|0|2
22.894|1|13|0|2
11.721|0|13|0|2
0|1|2|0|2
0.161|0|2|0|2
0|1|6|0|2
0.982|0|6|0|2
0|1|7|0|2
0.161|0|7|0|2
24.449|1|1|1|2
11.721|0|1|1|2
45.985|1|0|2|2
68.451|0|0|2|2
0|1|2|2|2
0.161|0|2|2|2
173.861|0|3|2|2
187.078|1|3|2|2
173.861|0|3|2|2
201.238|1|3|2|2
173.861|0|4|2|2
254.641|1|4|2|2
173.861|0|4|2|2
253.417|1|4|2|2
173.861|0|5|2|2
135.294|1|5|2|2
173.861|0|5|2|2
138.392|1|5|2|2
31.503|1|7|2|2
68.451|0|7|2|2
20.318|1|1|3|2
68.451|0|1|3|2
0|1|6|3|2
0.788|0|6|3|2
0|1|9|3|2
0.788|0|9|3|2
0|1|0|4|2
0.161|0|0|4|2
62.256|1|1|4|2
68.451|0|1|4|2
0|1|3|4|2
0.982|0|3|4|2
2.655|1|0|5|2
35.086|0|0|5|2
173.861|0|3|5|2
159.5|1|3|5|2
173.861|0|3|5|2
142.521|1|3|5|2
26.033|1|4|5|2
11.721|0|4|5|2
0|1|6|5|2
0.788|0|6|5|2
13.506|1|7|5|2
35.086|0|7|5|2
0|1|8|5|2
0.982|0|8|5|2
0|1|0|0|20
0.161|0|0|0|20
0|1|1|0|20
0.788|0|1|0|20
173.862|0|3|0|20
457.106|1|3|0|20
173.862|0|3|0|20
451.406|1|3|0|20
0|1|4|0|20
0.788|0|4|0|20
0|1|5|0|20
0.982|0|5|0|20
6.252|1|6|0|20
35.086|0|6|0|20
173.861|0|7|0|20
96.03|1|7|0|20
173.861|0|7|0|20
121.031|1|7|0|20
0|1|0|1|20
0.161|0|0|1|20
0|1|1|1|20
0.788|0|1|1|20
7.788|1|2|1|20
11.721|0|2|1|20
18.354|1|3|1|20
68.451|0|3|1|20
0|1|5|1|20
0.788|0|5|1|20
173.861|0|3|2|20
279.121|1|3|2|20
173.861|0|3|2|20
254.06|1|3|2|20
0|1|4|2|20
0.788|0|4|2|20
0|1|5|2|20
0.788|0|5|2|20
173.861|0|0|4|20
283.683|1|0|4|20
173.861|0|0|4|20
309.796|1|0|4|20
20.267|1|10|4|20
68.451|0|10|4|20
173.861|0|3|4|20
239.757|1|3|4|20
173.861|0|3|4|20
244.233|1|3|4|20
173.862|0|4|4|20
354.374|1|4|4|20
173.862|0|4|4|20
347.756|1|4|4|20
0|1|5|4|20
0.161|0|5|4|20
10.403|1|6|4|20
35.086|0|6|4|20
173.861|0|7|4|20
226.658|1|7|4|20
173.861|0|7|4|20
229.18|1|7|4|20
0|1|8|4|20
0.788|0|8|4|20
173.862|0|9|4|20
337.816|1|9|4|20
173.862|0|9|4|20
314.751|1|9|4|20
173.861|0|1|5|20
115.059|1|1|5|20
173.861|0|1|5|20
108.512|1|1|5|20
0|1|2|5|20
0.788|0|2|5|20
123.663|1|6|5|20
68.452|0|6|5|20
0|1|7|5|20
0.788|0|7|5|20
58.63|1|1|6|20
68.451|0|1|6|20
10.147|1|2|6|20
35.086|0|2|6|20
67.94|1|4|6|20
68.451|0|4|6|20
0|1|5|6|20
0.161|0|5|6|20
29.812|1|6|6|20
68.451|0|6|6|20
0|1|7|6|20
0.982|0|7|6|20
0|1|0|7|20
0.788|0|0|7|20
27.048|1|3|7|20
68.451|0|3|7|20
0|1|6|7|20
0.161|0|6|7|20
0|1|8|7|20
0.788|0|8|7|20
14.194|1|1|0|21
68.451|0|1|0|21
25.348|1|2|0|21
68.451|0|2|0|21
0|1|0|10|21
0.161|0|0|10|21
6.495|1|10|10|21
11.721|0|10|10|21
9.359|1|13|10|21
35.086|0|13|10|21
25.863|1|4|10|21
68.451|0|4|10|21
7.938|1|6|10|21
35.086|0|6|10|21
0|1|7|10|21
0.161|0|7|10|21
27.743|1|8|10|21
11.721|0|8|10|21
17.395|1|9|10|21
11.721|0|9|10|21
173.862|0|4|11|21
332.256|1|4|11|21
173.862|0|4|11|21
325.929|1|4|11|21
0|1|7|11|21
0.788|0|7|11|21
173.861|0|8|11|21
228.204|1|8|11|21
173.861|0|8|11|21
237.966|1|8|11|21
0|1|0|12|21
0.982|0|0|12|21
0|1|5|12|21
0.982|0|5|12|21
8.308|1|6|12|21
11.721|0|6|12|21
18.819|1|10|13|21
11.721|0|10|13|21
0|1|2|13|21
0.982|0|2|13|21
0|1|8|13|21
0.161|0|8|13|21
0|1|0|2|21
0.982|0|0|2|21
0|1|1|2|21
0.982|0|1|2|21
173.861|0|3|2|21
206.02|1|3|2|21
173.861|0|3|2|21
191.639|1|3|2|21
3.24|1|10|3|21
35.086|0|10|3|21
17.384|1|11|3|21
11.721|0|11|3|21
0|1|2|3|21
0.161|0|2|3|21
20.531|1|3|3|21
11.721|0|3|3|21
0|1|5|3|21
0.982|0|5|3|21
0|1|6|3|21
0.982|0|6|3|21
27.705|1|7|3|21
68.451|0|7|3|21
44.901|1|1|4|21
68.451|0|1|4|21
0|1|10|4|21
0.161|0|10|4|21
0|1|11|4|21
0.161|0|11|4|21
0|1|2|4|21
0.161|0|2|4|21
0|1|4|4|21
0.788|0|4|4|21
6.76|1|6|4|21
35.086|0|6|4|21
33.619|1|9|4|21
68.451|0|9|4|21
0|1|2|5|21
0.788|0|2|5|21
0|1|3|5|21
0.161|0|3|5|21
0|1|10|6|21
0.982|0|10|6|21
8.823|1|11|6|21
35.086|0|11|6|21
60.329|1|12|6|21
68.451|0|12|6|21
59.4|1|13|6|21
68.451|0|13|6|21
0|1|2|6|21
0.161|0|2|6|21
16.56|1|3|6|21
11.721|0|3|6|21
0|1|4|6|21
0.788|0|4|6|21
28.616|1|5|6|21
68.451|0|5|6|21
0|1|6|6|21
0.982|0|6|6|21
35.655|1|8|6|21
11.721|0|8|6|21
9.58|1|9|6|21
11.721|0|9|6|21
0|1|4|7|21
0.161|0|4|7|21
53.162|1|0|8|21
68.451|0|0|8|21
0|1|1|8|21
0.982|0|1|8|21
0|1|10|8|21
0.788|0|10|8|21
0|1|11|8|21
0.788|0|11|8|21
0|1|2|8|21
0.982|0|2|8|21
0|1|5|8|21
0.161|0|5|8|21
0|1|6|8|21
0.788|0|6|8|21
0|1|7|8|21
0.982|0|7|8|21
0|1|8|8|21
0.982|0|8|8|21
0|1|9|8|21
0.788|0|9|8|21
12.99|1|0|9|21
11.721|0|0|9|21
42.561|1|4|9|21
68.451|0|4|9|21
0|1|6|9|21
0.982|0|6|9|21
0|1|7|9|21
0.788|0|7|9|21
6.017|1|8|9|21
11.721|0|8|9|21
0|1|0|0|22
0.788|0|0|0|22
29.93|1|2|0|22
68.451|0|2|0|22
13.499|1|5|0|22
11.721|0|5|0|22
0|1|6|0|22
0.788|0|6|0|22
0|1|0|2|22
0.982|0|0|2|22
2.064|1|10|2|22
35.086|0|10|2|22
0|1|11|2|22
0.788|0|11|2|22
48.884|1|13|2|22
68.451|0|13|2|22
9.416|1|4|2|22
11.721|0|4|2|22
0|1|5|2|22
0.788|0|5|2|22
20.544|1|6|2|22
11.721|0|6|2|22
0|1|8|2|22
0.788|0|8|2|22
15.322|1|0|3|22
68.451|0|0|3|22
0|1|2|3|22
0.161|0|2|3|22
21.339|1|3|3|22
68.451|0|3|3|22
0|1|1|0|23
0.788|0|1|0|23
0|1|0|1|23
0.788|0|0|1|23
12.333|1|1|1|23
11.721|0|1|1|23
5.005|1|2|1|23
35.086|0|2|1|23
0|1|4|1|23
0.161|0|4|1|23
6.393|1|6|1|23
35.086|0|6|1|23
3.592|1|0|2|23
35.086|0|0|2|23
173.861|0|2|2|23
214.44|1|2|2|23
173.861|0|2|2|23
220.991|1|2|2|23
173.861|0|3|2|23
281.92|1|3|2|23
173.861|0|3|2|23
280.255|1|3|2|23
0|1|1|3|23
0.788|0|1|3|23
5.695|1|2|3|23
35.086|0|2|3|23
6.168|1|4|3|23
35.086|0|4|3|23
0|1|6|3|23
0.788|0|6|3|23
4.417|1|10|0|24
35.086|0|10|0|24
54.146|1|11|0|24
68.451|0|11|0|24
8.446|1|13|0|24
35.086|0|13|0|24
0|1|2|0|24
0.982|0|2|0|24
6.584|1|4|0|24
11.721|0|4|0|24
0|1|6|0|24
0.982|0|6|0|24
23.308|1|8|0|24
68.451|0|8|0|24
12.475|1|9|0|24
11.721|0|9|0|24
6.148|1|0|1|24
35.086|0|0|1|24
6.591|1|2|1|24
35.086|0|2|1|24
0|1|0|2|24
0.788|0|0|2|24
5.081|1|0|3|24
35.086|0|0|3|24
173.861|0|10|3|24
171.739|1|10|3|24
173.861|0|10|3|24
152.504|1|10|3|24
173.861|0|11|3|24
200.899|1|11|3|24
173.861|0|11|3|24
199.933|1|11|3|24
12.451|1|3|3|24
11.721|0|3|3|24
38.771|1|5|3|24
68.451|0|5|3|24
27.129|1|1|4|24
68.451|0|1|4|24
173.861|0|2|4|24
230.733|1|2|4|24
173.861|0|2|4|24
219.367|1|2|4|24
0|1|3|4|24
0.788|0|3|4|24
6.732|1|1|5|24
35.086|0|1|5|24
0|1|2|5|24
0.161|0|2|5|24
0|1|0|6|24
0.161|0|0|6|24
34.437|1|1|6|24
68.451|0|1|6|24
31.56|1|2|6|24
68.451|0|2|6|24
10.458|1|3|6|24
35.086|0|3|6|24
0|1|4|6|24
0.788|0|4|6|24
42.782|1|1|7|24
68.451|0|1|7|24
173.861|0|2|7|24
200.401|1|2|7|24
173.861|0|2|7|24
201.269|1|2|7|24
173.862|0|5|0|25
426.356|1|5|0|25
173.862|0|5|0|25
417.68|1|5|0|25
36.403|1|7|0|25
68.451|0|7|0|25
2.529|1|8|0|25
35.086|0|8|0|25
0|1|12|1|25
0.982|0|12|1|25
0|1|4|1|25
0.788|0|4|1|25
3.65|1|6|1|25
35.086|0|6|1|25
0|1|8|1|25
0.982|0|8|1|25
7.054|1|0|3|25
35.086|0|0|3|25
0|1|1|3|25
0.982|0|1|3|25
0|1|4|3|25
0.161|0|4|3|25
173.862|0|0|4|25
320.156|1|0|4|25
173.862|0|0|4|25
300.163|1|0|4|25
0|1|3|4|25
0.161|0|3|4|25
173.861|0|4|4|25
248.887|1|4|4|25
173.861|0|4|4|25
244.456|1|4|4|25
36.782|1|5|4|25
68.451|0|5|4|25
12.23|1|7|4|25
35.086|0|7|4|25
7.839|1|0|5|25
11.721|0|0|5|25
0|1|0|0|26
0.161|0|0|0|26
5.023|1|4|0|26
35.086|0|4|0|26
173.861|0|3|1|26
223.896|1|3|1|26
173.861|0|3|1|26
232.934|1|3|1|26
0|1|1|2|26
0.161|0|1|2|26
6.425|1|4|2|26
35.086|0|4|2|26
7.038|1|6|2|26
11.721|0|6|2|26
173.861|0|1|3|26
159.987|1|1|3|26
173.861|0|1|3|26
158.748|1|1|3|26
0|1|2|3|26
0.788|0|2|3|26
11.866|1|3|3|26
11.721|0|3|3|26
8.762|1|5|3|26
35.086|0|5|3|26
173.861|0|6|3|26
286.733|1|6|3|26
173.861|0|6|3|26
289.844|1|6|3|26
0|1|7|3|26
0.982|0|7|3|26
0|1|0|4|26
0.788|0|0|4|26
28.418|1|11|4|26
68.451|0|11|4|26
98.85|1|12|4|26
68.452|0|12|4|26
0|1|2|4|26
0.161|0|2|4|26
0|1|4|4|26
0.161|0|4|4|26
0|1|5|4|26
0.788|0|5|4|26
16.568|1|7|4|26
11.721|0|7|4|26
0|1|8|4|26
0.788|0|8|4|26
173.861|0|9|4|26
100.742|1|9|4|26
173.861|0|9|4|26
96.173|1|9|4|26
0|1|1|5|26
0.161|0|1|5|26
0|1|2|5|26
0.982|0|2|5|26
0|1|6|5|26
0.788|0|6|5|26
34.402|1|7|5|26
68.451|0|7|5|26
10.181|1|0|0|27
35.086|0|0|0|27
0|1|1|0|27
0.161|0|1|0|27
22.039|1|1|1|27
11.721|0|1|1|27
0|1|2|1|27
0.161|0|2|1|27
42.741|1|4|1|27
68.451|0|4|1|27
0|1|5|1|27
0.161|0|5|1|27
0|1|7|1|27
0.982|0|7|1|27
0|1|0|2|27
0.788|0|0|2|27
0|1|2|2|27
0.161|0|2|2|27
12.598|1|0|3|27
11.721|0|0|3|27
2.838|1|1|3|27
35.086|0|1|3|27
0|1|1|4|27
0.788|0|1|4|27
0|1|2|4|27
0.161|0|2|4|27
0|1|3|4|27
0.788|0|3|4|27
0|1|0|5|27
0.788|0|0|5|27
0|1|1|5|27
0.788|0|1|5|27
0|1|3|5|27
0.161|0|3|5|27
173.862|0|5|5|27
462.563|1|5|5|27
173.862|0|5|5|27
457.899|1|5|5|27
0|1|7|5|27
0.788|0|7|5|27
0|1|4|6|27
0.161|0|4|6|27
0|1|0|7|27
0.788|0|0|7|27
29.987|1|1|7|27
68.451|0|1|7|27
0|1|3|7|27
0.788|0|3|7|27
15.968|1|4|7|27
11.721|0|4|7|27
9.752|1|6|7|27
35.086|0|6|7|27
0|1|0|8|27
0.161|0|0|8|27
173.861|0|0|9|27
190.372|1|0|9|27
173.861|0|0|9|27
181.207|1|0|9|27
13.097|1|3|9|27
35.086|0|3|9|27
4.366|1|4|9|27
35.086|0|4|9|27
4.551|1|5|9|27
35.086|0|5|9|27
17.965|1|0|0|28
11.721|0|0|0|28
2.691|1|1|0|28
35.086|0|1|0|28
173.861|0|6|0|28
220.591|1|6|0|28
173.861|0|6|0|28
213.064|1|6|0|28
0|1|0|1|28
0.788|0|0|1|28
0|1|4|1|28
0.161|0|4|1|28
0|1|6|1|28
0.788|0|6|1|28
173.861|0|1|10|28
239.851|1|1|10|28
173.861|0|1|10|28
231.044|1|1|10|28
7.946|1|2|10|28
11.721|0|2|10|28
0|1|3|10|28
0.788|0|3|10|28
173.861|0|6|10|28
272.709|1|6|10|28
173.861|0|6|10|28
292.07|1|6|10|28
8.425|1|0|12|28
11.721|0|0|12|28
9.089|1|1|12|28
35.086|0|1|12|28
22.818|1|2|12|28
68.451|0|2|12|28
3.055|1|3|12|28
35.086|0|3|12|28
173.861|0|5|12|28
303.096|1|5|12|28
173.861|0|5|12|28
277.729|1|5|12|28
0|1|2|13|28
0.788|0|2|13|28
0|1|3|13|28
0.982|0|3|13|28
33.991|1|4|13|28
68.451|0|4|13|28
0|1|0|14|28
0.982|0|0|14|28
173.861|0|3|14|28
184.632|1|3|14|28
173.861|0|3|14|28
161.349|1|3|14|28
5.252|1|5|14|28
35.086|0|5|14|28
0|1|6|14|28
0.161|0|6|14|28
21.463|1|0|15|28
68.451|0|0|15|28
6.113|1|1|15|28
35.086|0|1|15|28
173.861|0|2|15|28
182.181|1|2|15|28
173.861|0|2|15|28
212.083|1|2|15|28
19.072|1|4|15|28
11.721|0|4|15|28
5.172|1|5|15|28
35.086|0|5|15|28
0|1|9|15|28
0.788|0|9|15|28
25.728|1|0|16|28
11.721|0|0|16|28
0|1|1|16|28
0.982|0|1|16|28
0|1|2|16|28
0.982|0|2|16|28
0|1|5|16|28
0.161|0|5|16|28
33.751|1|0|17|28
68.451|0|0|17|28
38.233|1|3|17|28
68.451|0|3|17|28
0|1|0|2|28
0.982|0|0|2|28
13.878|1|1|2|28
11.721|0|1|2|28
6.403|1|4|2|28
11.721|0|4|2|28
173.862|0|6|2|28
365.493|1|6|2|28
173.862|0|6|2|28
388.262|1|6|2|28
0|1|0|3|28
0.982|0|0|3|28
6.824|1|1|3|28
35.086|0|1|3|28
0|1|2|3|28
0.982|0|2|3|28
0|1|4|3|28
0.788|0|4|3|28
19.441|1|5|3|28
68.451|0|5|3|28
8.772|1|6|3|28
11.721|0|6|3|28
173.862|0|1|4|28
478.837|1|1|4|28
173.862|0|1|4|28
466.086|1|1|4|28
31.548|1|10|4|28
68.451|0|10|4|28
173.862|0|12|4|28
458.431|1|12|4|28
173.862|0|12|4|28
468.045|1|12|4|28
2.507|1|4|4|28
35.086|0|4|4|28
48.894|1|5|4|28
68.451|0|5|4|28
0|1|6|4|28
0.982|0|6|4|28
0|1|0|5|28
0.161|0|0|5|28
0|1|1|5|28
0.788|0|1|5|28
9.978|1|2|5|28
11.721|0|2|5|28
17.928|1|4|5|28
11.721|0|4|5|28
0|1|0|6|28
0.788|0|0|6|28
0|1|1|6|28
0.161|0|1|6|28
28.148|1|3|6|28
11.721|0|3|6|28
7.345|1|4|6|28
11.721|0|4|6|28
7.98|1|6|6|28
35.086|0|6|6|28
0|1|8|6|28
0.982|0|8|6|28
173.861|0|9|6|28
138.828|1|9|6|28
173.861|0|9|6|28
154.274|1|9|6|28
39.13|1|4|7|28
68.451|0|4|7|28
173.863|0|10|9|28
519.154|1|10|9|28
173.863|0|10|9|28
517.719|1|10|9|28
0|1|11|9|28
0.161|0|11|9|28
0|1|12|9|28
0.161|0|12|9|28
0|1|13|9|28
0.788|0|13|9|28
0|1|3|9|28
0.982|0|3|9|28
0|1|6|9|28
0.788|0|6|9|28
0|1|7|9|28
0.982|0|7|9|28
0|1|8|9|28
0.788|0|8|9|28
173.861|0|9|9|28
228.295|1|9|9|28
173.861|0|9|9|28
237.806|1|9|9|28
6.461|1|1|0|29
11.721|0|1|0|29
0|1|13|0|29
0.982|0|13|0|29
0|1|2|0|29
0.982|0|2|0|29
8.025|1|5|0|29
11.721|0|5|0|29
0|1|6|0|29
0.982|0|6|0|29
173.861|0|0|1|29
231.978|1|0|1|29
173.861|0|0|1|29
245.562|1|0|1|29
0|1|1|1|29
0.982|0|1|1|29
173.861|0|2|1|29
158.852|1|2|1|29
173.861|0|2|1|29
145.673|1|2|1|29
14.628|1|0|2|29
11.721|0|0|2|29
16.07|1|2|2|29
11.721|0|2|2|29
0|1|11|0|3
0.161|0|11|0|3
13.195|1|13|0|3
35.086|0|13|0|3
27.485|1|4|0|3
68.451|0|4|0|3
0|1|5|0|3
0.982|0|5|0|3
0|1|7|0|3
0.161|0|7|0|3
0|1|8|0|3
0.161|0|8|0|3
173.863|0|9|0|3
483.967|1|9|0|3
173.863|0|9|0|3
501.576|1|9|0|3
173.862|0|0|1|3
386.41|1|0|1|3
173.862|0|0|1|3
376.892|1|0|1|3
8.537|1|4|1|3
11.721|0|4|1|3
25.525|1|3|2|3
68.451|0|3|2|3
28.212|1|10|3|3
68.451|0|10|3|3
26.601|1|11|3|3
68.451|0|11|3|3
0|1|13|3|3
0.161|0|13|3|3
4.682|1|2|3|3
35.086|0|2|3|3
18.823|1|3|3|3
11.721|0|3|3|3
81.449|1|0|0|30
68.452|0|0|0|30
0|1|2|1|30
0.788|0|2|1|30
0|1|3|1|30
0.788|0|3|1|30
0|1|1|0|31
0.788|0|1|0|31
37.985|1|2|0|31
68.451|0|2|0|31
0|1|4|0|31
0.161|0|4|0|31
0|1|6|0|31
0.788|0|6|0|31
25.332|1|0|0|32
11.721|0|0|0|32
0|1|2|0|32
0.982|0|2|0|32
15.133|1|3|0|32
35.086|0|3|0|32
0|1|4|0|32
0.161|0|4|0|32
173.862|0|6|0|32
420.533|1|6|0|32
173.862|0|6|0|32
405.441|1|6|0|32
36.947|1|7|0|32
68.451|0|7|0|32
0|1|9|0|32
0.788|0|9|0|32
29.909|1|0|10|32
11.721|0|0|10|32
0|1|1|10|32
0.161|0|1|10|32
0|1|0|11|32
0.982|0|0|11|32
0|1|1|11|32
0.982|0|1|11|32
0|1|3|11|32
0.788|0|3|11|32
0|1|4|11|32
0.788|0|4|11|32
6.048|1|3|12|32
11.721|0|3|12|32
0|1|6|12|32
0.788|0|6|12|32
0|1|8|12|32
0.161|0|8|12|32
0|1|0|13|32
0.788|0|0|13|32
0|1|11|13|32
0.982|0|11|13|32
0|1|2|13|32
0.161|0|2|13|32
70.407|1|3|13|32
68.451|0|3|13|32
17.878|1|7|13|32
68.451|0|7|13|32
5.888|1|8|13|32
35.086|0|8|13|32
0|1|0|2|32
0.788|0|0|2|32
17.262|1|1|2|32
68.451|0|1|2|32
173.863|0|2|2|32
554.538|1|2|2|32
173.863|0|2|2|32
580.641|1|2|2|32
0|1|4|2|32
0.788|0|4|2|32
0|1|6|2|32
0.788|0|6|2|32
173.861|0|2|3|32
129.239|1|2|3|32
173.861|0|2|3|32
95.643|1|2|3|32
10.604|1|0|4|32
35.086|0|0|4|32
0|1|1|4|32
0.788|0|1|4|32
0|1|10|4|32
0.982|0|10|4|32
0|1|4|4|32
0.788|0|4|4|32
0|1|6|4|32
0.982|0|6|4|32
173.862|0|7|4|32
307.725|1|7|4|32
173.862|0|7|4|32
316.226|1|7|4|32
33.054|1|11|5|32
68.451|0|11|5|32
0|1|12|5|32
0.788|0|12|5|32
0|1|13|5|32
0.982|0|13|5|32
0|1|5|5|32
0.161|0|5|5|32
0|1|6|5|32
0.982|0|6|5|32
8.855|1|6|6|32
11.721|0|6|6|32
75.577|1|9|6|32
68.451|0|9|6|32
173.863|0|0|7|32
506.105|1|0|7|32
173.863|0|0|7|32
506.518|1|0|7|32
52.639|1|3|7|32
68.451|0|3|7|32
21.889|1|4|7|32
11.721|0|4|7|32
6.896|1|8|7|32
35.086|0|8|7|32
173.863|0|1|8|32
600.715|1|1|8|32
173.863|0|1|8|32
598.597|1|1|8|32
6.934|1|2|9|32
35.086|0|2|9|32
16.388|1|0|0|33
68.451|0|0|0|33
13.976|1|1|1|33
11.721|0|1|1|33
173.863|0|10|1|33
518.103|1|10|1|33
173.863|0|10|1|33
510.782|1|10|1|33
4.018|1|11|1|33
35.086|0|11|1|33
45.115|1|12|1|33
68.451|0|12|1|33
78.153|1|3|1|33
68.452|0|3|1|33
11.532|1|5|1|33
11.721|0|5|1|33
173.861|0|6|1|33
210.605|1|6|1|33
173.861|0|6|1|33
219.45|1|6|1|33
21.756|1|8|1|33
68.451|0|8|1|33
0|1|9|1|33
0.788|0|9|1|33
173.861|0|1|10|33
205.347|1|1|10|33
173.861|0|1|10|33
197.164|1|1|10|33
0|1|3|10|33
0.982|0|3|10|33
0|1|4|10|33
0.788|0|4|10|33
12.515|1|6|10|33
68.451|0|6|10|33
173.861|0|0|11|33
178.256|1|0|11|33
173.861|0|0|11|33
173.85|1|0|11|33
10.867|1|1|11|33
11.721|0|1|11|33
20.53|1|3|11|33
11.721|0|3|11|33
173.862|0|5|11|33
430.337|1|5|11|33
173.862|0|5|11|33
435.265|1|5|11|33
0|1|1|2|33
0.788|0|1|2|33
0|1|4|2|33
0.788|0|4|2|33
13.343|1|0|3|33
35.086|0|0|3|33
27.494|1|1|3|33
68.451|0|1|3|33
12.223|1|3|3|33
11.721|0|3|3|33
173.861|0|5|3|33
187.19|1|5|3|33
173.861|0|5|3|33
189.574|1|5|3|33
0|1|0|4|33
0.982|0|0|4|33
0|1|2|4|33
0.161|0|2|4|33
13.297|1|3|4|33
11.721|0|3|4|33
0|1|8|4|33
0.788|0|8|4|33
0|1|0|5|33
0.788|0|0|5|33
4.605|1|1|5|33
35.086|0|1|5|33
33.696|1|2|5|33
68.451|0|2|5|33
0|1|4|5|33
0.982|0|4|5|33
0|1|7|5|33
0.788|0|7|5|33
0|1|1|6|33
0.982|0|1|6|33
5.863|1|0|7|33
35.086|0|0|7|33
0|1|2|7|33
0.982|0|2|7|33
10.287|1|3|7|33
11.721|0|3|7|33
0|1|1|8|33
0.788|0|1|8|33
26.347|1|5|8|33
68.451|0|5|8|33
0|1|7|8|33
0.161|0|7|8|33
15.971|1|0|9|33
11.721|0|0|9|33
3.425|1|1|9|33
35.086|0|1|9|33
79.728|1|2|9|33
68.452|0|2|9|33
0|1|3|9|33
0.982|0|3|9|33
173.862|0|5|9|33
387.689|1|5|9|33
173.862|0|5|9|33
397.758|1|5|9|33
10.163|1|7|9|33
11.721|0|7|9|33
22.897|1|9|9|33
11.721|0|9|9|33
27.413|1|2|0|34
68.451|0|2|0|34
0|1|3|0|34
0.982|0|3|0|34
3.265|1|1|1|34
35.086|0|1|1|34
0|1|0|2|34
0.982|0|0|2|34
27.955|1|1|2|34
11.721|0|1|2|34
86.774|1|2|2|34
68.452|0|2|2|34
12.258|1|3|2|34
11.721|0|3|2|34
20.126|1|4|2|34
68.451|0|4|2|34
14.718|1|0|3|34
35.086|0|0|3|34
0|1|1|4|34
0.982|0|1|4|34
26.771|1|3|5|34
68.451|0|3|5|34
0|1|4|5|34
0.161|0|4|5|34
8.516|1|0|0|35
35.086|0|0|0|35
10.395|1|1|0|35
11.721|0|1|0|35
0|1|10|0|35
0.788|0|10|0|35
19.358|1|11|0|35
68.451|0|11|0|35
9.373|1|13|0|35
35.086|0|13|0|35
0|1|2|0|35
0.982|0|2|0|35
0|1|4|0|35
0.788|0|4|0|35
0|1|5|0|35
0.788|0|5|0|35
0|1|6|0|35
0.982|0|6|0|35
0|1|8|0|35
0.161|0|8|0|35
0|1|0|1|35
0.788|0|0|1|35
0|1|1|2|35
0.788|0|1|2|35
0|1|12|2|35
0.982|0|12|2|35
0|1|2|2|35
0.788|0|2|2|35
14.4|1|4|2|35
11.721|0|4|2|35
2.55|1|5|2|35
35.086|0|5|2|35
3.674|1|6|2|35
35.086|0|6|2|35
4.209|1|8|2|35
35.086|0|8|2|35
173.861|0|9|2|35
165.884|1|9|2|35
173.861|0|9|2|35
160.338|1|9|2|35
11.495|1|0|3|35
11.721|0|0|3|35
4.247|1|0|0|36
35.086|0|0|0|36
0|1|10|0|36
0.161|0|10|0|36
0|1|4|0|36
0.161|0|4|0|36
0|1|5|0|36
0.788|0|5|0|36
0|1|7|0|36
0.161|0|7|0|36
12.803|1|8|0|36
35.086|0|8|0|36
0|1|1|1|36
0.982|0|1|1|36
0|1|10|1|36
0.788|0|10|1|36
0|1|2|1|36
0.982|0|2|1|36
0|1|3|1|36
0.788|0|3|1|36
64.367|1|5|1|36
68.451|0|5|1|36
0|1|7|1|36
0.982|0|7|1|36
0|1|9|1|36
0.161|0|9|1|36
0|1|2|2|36
0.161|0|2|2|36
0|1|3|2|36
0.788|0|3|2|36
0|1|4|2|36
0.982|0|4|2|36
0|1|6|2|36
0.982|0|6|2|36
7.546|1|7|2|36
35.086|0|7|2|36
173.861|0|1|4|36
127.995|1|1|4|36
173.861|0|1|4|36
134.845|1|1|4|36
0|1|1|5|36
0.982|0|1|5|36
18.722|1|2|5|36
11.721|0|2|5|36
0|1|7|5|36
0.788|0|7|5|36
0|1|8|5|36
0.788|0|8|5|36
0|1|9|5|36
0.161|0|9|5|36
7.329|1|1|6|36
11.721|0|1|6|36
0|1|3|6|36
0.788|0|3|6|36
0|1|4|6|36
0.161|0|4|6|36
0|1|8|6|36
0.788|0|8|6|36
4.559|1|3|0|37
35.086|0|3|0|37
8.52|1|4|0|37
35.086|0|4|0|37
5.089|1|0|1|37
35.086|0|0|1|37
0|1|3|1|37
0.788|0|3|1|37
23.805|1|10|2|37
68.451|0|10|2|37
14.457|1|11|2|37
11.721|0|11|2|37
0|1|5|2|37
0.161|0|5|2|37
0|1|7|2|37
0.788|0|7|2|37
0|1|9|2|37
0.161|0|9|2|37
0|1|2|3|37
0.161|0|2|3|37
33.145|1|1|4|37
68.451|0|1|4|37
0|1|2|4|37
0.788|0|2|4|37
173.861|0|4|4|37
148.683|1|4|4|37
173.861|0|4|4|37
148.68|1|4|4|37
19.753|1|5|4|37
68.451|0|5|4|37
173.861|0|9|4|37
272.682|1|9|4|37
173.861|0|9|4|37
275.638|1|9|4|37
173.861|0|10|5|37
236.76|1|10|5|37
173.861|0|10|5|37
216.944|1|10|5|37
11.679|1|13|5|37
11.721|0|13|5|37
0|1|2|5|37
0.982|0|2|5|37
0|1|4|5|37
0.788|0|4|5|37
0|1|5|5|37
0.161|0|5|5|37
18.052|1|7|5|37
11.721|0|7|5|37
16.468|1|2|6|37
68.451|0|2|6|37
0|1|3|6|37
0.982|0|3|6|37
0|1|7|6|37
0.982|0|7|6|37
173.861|0|1|7|37
284.835|1|1|7|37
173.861|0|1|7|37
280.949|1|1|7|37
0|1|2|7|37
0.788|0|2|7|37
0|1|3|7|37
0.982|0|3|7|37
2.843|1|6|7|37
35.086|0|6|7|37
173.861|0|8|7|37
182.715|1|8|7|37
173.861|0|8|7|37
162.922|1|8|7|37
39.419|1|9|7|37
68.451|0|9|7|37
11.14|1|0|8|37
11.721|0|0|8|37
11.122|1|1|8|37
11.721|0|1|8|37
10.421|1|2|8|37
11.721|0|2|8|37
36.006|1|0|0|38
68.451|0|0|0|38
0|1|1|0|38
0.982|0|1|0|38
20.741|1|1|10|38
68.451|0|1|10|38
67.117|1|4|2|38
68.451|0|4|2|38
0|1|5|2|38
0.161|0|5|2|38
0|1|0|3|38
0.161|0|0|3|38
43.551|1|1|3|38
68.451|0|1|3|38
0|1|2|3|38
0.982|0|2|3|38
9.269|1|3|3|38
35.086|0|3|3|38
0|1|4|3|38
0.161|0|4|3|38
0|1|0|4|38
0.161|0|0|4|38
0|1|3|4|38
0.161|0|3|4|38
7.49|1|4|4|38
35.086|0|4|4|38
0|1|0|5|38
0.161|0|0|5|38
0|1|1|5|38
0.788|0|1|5|38
5.33|1|2|5|38
35.086|0|2|5|38
9.252|1|0|6|38
11.721|0|0|6|38
5.367|1|1|8|38
35.086|0|1|8|38
19.214|1|0|9|38
68.451|0|0|9|38
173.861|0|2|9|38
283.666|1|2|9|38
173.861|0|2|9|38
278.68|1|2|9|38
0|1|4|9|38
0.788|0|4|9|38
0|1|4|0|39
0.982|0|4|0|39
19.868|1|1|1|39
68.451|0|1|1|39
0|1|3|1|39
0.982|0|3|1|39
0|1|4|1|39
0.788|0|4|1|39
0|1|5|1|39
0.982|0|5|1|39
0|1|0|10|39
0.982|0|0|10|39
0|1|1|10|39
0.982|0|1|10|39
5.575|1|2|10|39
35.086|0|2|10|39
41.862|1|1|11|39
68.451|0|1|11|39
16.499|1|11|11|39
68.451|0|11|11|39
40.218|1|13|11|39
68.451|0|13|11|39
0|1|2|11|39
0.161|0|2|11|39
9.241|1|3|11|39
11.721|0|3|11|39
12.35|1|4|11|39
11.721|0|4|11|39
0|1|8|11|39
0.788|0|8|11|39
16.531|1|1|12|39
68.451|0|1|12|39
12.105|1|4|12|39
11.721|0|4|12|39
173.862|0|1|13|39
416.214|1|1|13|39
173.862|0|1|13|39
418.143|1|1|13|39
0|1|13|13|39
0.788|0|13|13|39
0|1|3|13|39
0.982|0|3|13|39
0|1|4|13|39
0.982|0|4|13|39
0|1|2|14|39
0.982|0|2|14|39
0|1|5|14|39
0.788|0|5|14|39
8.109|1|8|14|39
35.086|0|8|14|39
14.195|1|0|2|39
11.721|0|0|2|39
5.809|1|2|2|39
35.086|0|2|2|39
0|1|3|2|39
0.982|0|3|2|39
20.181|1|5|2|39
68.451|0|5|2|39
173.862|0|6|2|39
341.034|1|6|2|39
173.862|0|6|2|39
324.704|1|6|2|39
9.305|1|8|2|39
35.086|0|8|2|39
10.134|1|9|2|39
11.721|0|9|2|39
0|1|0|3|39
0.788|0|0|3|39
39.114|1|3|4|39
68.451|0|3|4|39
0|1|1|5|39
0.788|0|1|5|39
23.484|1|2|5|39
68.451|0|2|5|39
0|1|4|5|39
0.788|0|4|5|39
0|1|0|6|39
0.788|0|0|6|39
0|1|1|6|39
0.788|0|1|6|39
33.844|1|3|6|39
68.451|0|3|6|39
173.862|0|6|6|39
428.415|1|6|6|39
173.862|0|6|6|39
413.311|1|6|6|39
5.572|1|7|6|39
35.086|0|7|6|39
60.074|1|1|7|39
68.451|0|1|7|39
0|1|5|7|39
0.161|0|5|7|39
0|1|6|7|39
0.161|0|6|7|39
7.059|1|8|7|39
35.086|0|8|7|39
6.005|1|10|8|39
35.086|0|10|8|39
0|1|11|8|39
0.788|0|11|8|39
0|1|12|8|39
0.788|0|12|8|39
10.616|1|13|8|39
35.086|0|13|8|39
0|1|3|8|39
0.788|0|3|8|39
3.386|1|4|8|39
35.086|0|4|8|39
0|1|5|8|39
0.788|0|5|8|39
0|1|6|8|39
0.161|0|6|8|39
0|1|7|8|39
0.788|0|7|8|39
0|1|1|9|39
0.161|0|1|9|39
0|1|0|0|4
0.788|0|0|0|4
0|1|2|0|4
0.982|0|2|0|4
0|1|5|0|4
0.161|0|5|0|4
9.061|1|7|0|4
35.086|0|7|0|4
8.72|1|8|0|4
35.086|0|8|0|4
65.741|1|0|1|4
68.451|0|0|1|4
38.829|1|1|1|4
68.451|0|1|1|4
0|1|2|1|4
0.788|0|2|1|4
0|1|1|10|4
0.982|0|1|10|4
0|1|2|10|4
0.161|0|2|10|4
0|1|3|10|4
0.161|0|3|10|4
0|1|5|10|4
0.788|0|5|10|4
173.861|0|0|11|4
193.07|1|0|11|4
173.861|0|0|11|4
200.696|1|0|11|4
0|1|1|11|4
0.161|0|1|11|4
41.527|1|2|11|4
68.451|0|2|11|4
0|1|3|11|4
0.982|0|3|11|4
22.464|1|0|12|4
68.451|0|0|12|4
0|1|1|12|4
0.788|0|1|12|4
0|1|11|12|4
0.788|0|11|12|4
33.489|1|12|12|4
68.451|0|12|12|4
0|1|2|12|4
0.788|0|2|12|4
19.473|1|4|12|4
11.721|0|4|12|4
0|1|5|12|4
0.982|0|5|12|4
0|1|6|12|4
0.788|0|6|12|4
21.333|1|7|12|4
11.721|0|7|12|4
173.861|0|10|13|4
231.621|1|10|13|4
173.861|0|10|13|4
239.033|1|10|13|4
173.861|0|13|13|4
91.632|1|13|13|4
173.861|0|13|13|4
92.651|1|13|13|4
0|1|2|13|4
0.788|0|2|13|4
0|1|3|13|4
0.161|0|3|13|4
0|1|4|13|4
0.788|0|4|13|4
13.825|1|5|13|4
68.451|0|5|13|4
4.938|1|8|13|4
35.086|0|8|13|4
14.283|1|9|13|4
11.721|0|9|13|4
0|1|0|2|4
0.161|0|0|2|4
18.873|1|2|2|4
11.721|0|2|2|4
2.964|1|0|3|4
35.086|0|0|3|4
28.6|1|1|3|4
11.721|0|1|3|4
24.714|1|2|3|4
68.451|0|2|3|4
0|1|3|3|4
0.982|0|3|3|4
52.463|1|4|3|4
68.451|0|4|3|4
0|1|5|3|4
0.161|0|5|3|4
0|1|0|4|4
0.161|0|0|4|4
22.805|1|1|4|4
11.721|0|1|4|4
43.671|1|10|4|4
68.451|0|10|4|4
173.861|0|3|4|4
186.168|1|3|4|4
173.861|0|3|4|4
185.273|1|3|4|4
0|1|6|4|4
0.982|0|6|4|4
47.14|1|9|4|4
68.451|0|9|4|4
0|1|0|5|4
0.788|0|0|5|4
0|1|1|5|4
0.161|0|1|5|4
69.359|1|4|5|4
68.451|0|4|5|4
5.322|1|5|5|4
35.086|0|5|5|4
0|1|6|5|4
0.982|0|6|5|4
3.925|1|0|6|4
35.086|0|0|6|4
48.228|1|0|7|4
68.451|0|0|7|4
173.862|0|1|7|4
456.201|1|1|7|4
173.862|0|1|7|4
454.008|1|1|7|4
0|1|10|7|4
0.788|0|10|7|4
0|1|12|7|4
0.788|0|12|7|4
16.154|1|3|7|4
68.451|0|3|7|4
35.591|1|5|7|4
68.451|0|5|7|4
0|1|2|8|4
0.161|0|2|8|4
31.313|1|3|9|4
11.721|0|3|9|4
14.657|1|5|9|4
11.721|0|5|9|4
0|1|6|9|4
0.982|0|6|9|4
14.93|1|3|0|5
11.721|0|3|0|5
35.268|1|5|1|5
68.451|0|5|1|5
0|1|6|1|5
0.982|0|6|1|5
173.861|0|4|0|6
199.71|1|4|0|6
173.861|0|4|0|6
223.203|1|4|0|6
29.496|1|2|1|6
68.451|0|2|1|6
0|1|6|1|6
0.982|0|6|1|6
0|1|8|1|6
0.982|0|8|1|6
0|1|1|2|6
0.982|0|1|2|6
20.469|1|2|2|6
11.721|0|2|2|6
2.557|1|3|2|6
35.086|0|3|2|6
173.863|0|1|3|6
651.478|1|1|3|6
173.863|0|1|3|6
652.585|1|1|3|6
0|1|2|3|6
0.161|0|2|3|6
0|1|4|3|6
0.982|0|4|3|6
0|1|6|3|6
0.788|0|6|3|6
0|1|8|3|6
0.161|0|8|3|6
0|1|0|0|7
0.982|0|0|0|7
22.723|1|5|0|7
68.451|0|5|0|7
0|1|6|0|7
0.161|0|6|0|7
0|1|0|1|7
0.982|0|0|1|7
0|1|1|1|7
0.161|0|1|1|7
173.861|0|1|10|7
123.549|1|1|10|7
173.861|0|1|10|7
142.635|1|1|10|7
7.008|1|3|10|7
35.086|0|3|10|7
0|1|4|10|7
0.788|0|4|10|7
0|1|7|10|7
0.982|0|7|10|7
0|1|0|2|7
0.788|0|0|2|7
11.53|1|1|2|7
11.721|0|1|2|7
7.482|1|10|2|7
11.721|0|10|2|7
14.777|1|9|2|7
35.086|0|9|2|7
0|1|0|3|7
0.161|0|0|3|7
0|1|2|3|7
0.161|0|2|3|7
56.952|1|3|3|7
68.451|0|3|3|7
29.244|1|5|3|7
68.451|0|5|3|7
0|1|0|4|7
0.982|0|0|4|7
0|1|1|4|7
0.982|0|1|4|7
173.861|0|3|4|7
139.16|1|3|4|7
173.861|0|3|4|7
131.045|1|3|4|7
173.861|0|4|4|7
276.322|1|4|4|7
173.861|0|4|4|7
293.568|1|4|4|7
0|1|0|5|7
0.788|0|0|5|7
173.862|0|1|6|7
339.618|1|1|6|7
173.862|0|1|6|7
357.812|1|1|6|7
173.862|0|10|7|7
392.817|1|10|7|7
173.862|0|10|7|7
395.314|1|10|7|7
13.052|1|2|7|7
11.721|0|2|7|7
0|1|3|7|7
0.982|0|3|7|7
49.035|1|4|7|7
68.451|0|4|7|7
0|1|5|7|7
0.161|0|5|7|7
11.354|1|6|7|7
35.086|0|6|7|7
0|1|8|7|7
0.788|0|8|7|7
0|1|0|8|7
0.982|0|0|8|7
40.184|1|1|8|7
68.451|0|1|8|7
17.535|1|2|8|7
68.451|0|2|8|7
5.313|1|3|8|7
35.086|0|3|8|7
16.173|1|4|8|7
11.721|0|4|8|7
0|1|0|9|7
0.161|0|0|9|7
0|1|1|9|7
0.161|0|1|9|7
0|1|2|9|7
0.982|0|2|9|7
0|1|6|9|7
0.982|0|6|9|7
14.806|1|0|0|8
11.721|0|0|0|8
10.928|1|1|0|8
35.086|0|1|0|8
38.19|1|3|0|8
68.451|0|3|0|8
8.569|1|4|0|8
35.086|0|4|0|8
0|1|7|0|8
0.788|0|7|0|8
29.184|1|3|1|8
68.451|0|3|1|8
0|1|4|1|8
0.161|0|4|1|8
40.155|1|5|1|8
68.451|0|5|1|8
11.407|1|6|1|8
11.721|0|6|1|8
11.474|1|7|1|8
35.086|0|7|1|8
173.861|0|3|2|8
235.947|1|3|2|8
173.861|0|3|2|8
240.096|1|3|2|8
17.72|1|0|3|8
11.721|0|0|3|8
12.69|1|2|3|8
35.086|0|2|3|8
54.382|1|1|4|8
68.451|0|1|4|8
0|1|0|0|9
0.161|0|0|0|9
0|1|13|0|9
0.982|0|13|0|9
0|1|2|0|9
0.161|0|2|0|9
0|1|3|0|9
0.788|0|3|0|9
0|1|6|0|9
0.788|0|6|0|9
0|1|7|0|9
0.788|0|7|0|9
14.243|1|9|0|9
11.721|0|9|0|9
0|1|2|1|9
0.788|0|2|1|9
7.182|1|3|1|9
11.721|0|3|1|9
21.515|1|4|1|9
68.451|0|4|1|9
0|1|6|1|9
0.161|0|6|1|9
0|1|7|1|9
0.788|0|7|1|9
173.861|0|9|1|9
184.68|1|9|1|9
173.861|0|9|1|9
172.053|1|9|1|9
6.268|1|1|2|9
35.086|0|1|2|9
14.601|1|4|2|9
35.086|0|4|2|9
12.98|1|0|3|9
11.721|0|0|3|9
2.596|1|1|3|9
35.086|0|1|3|9
29.243|1|2|3|9
11.721|0|2|3|9
0|1|4|3|9
0.982|0|4|3|9
15.268|1|5|3|9
11.721|0|5|3|9
0|1|9|0|0
3.701|0|9|0|0
0|1|1|1|0
3.216|0|1|1|0
0|1|11|1|0
2.25|0|11|1|0
0|1|6|1|0
3.216|0|6|1|0
0|1|0|10|0
3.216|0|0|10|0
0|1|1|12|0
3.216|0|1|12|0
0|1|2|13|0
3.701|0|2|13|0
0|1|6|13|0
2.25|0|6|13|0
0|1|8|13|0
2.25|0|8|13|0
0|1|9|13|0
3.216|0|9|13|0
0|1|1|2|0
3.216|0|1|2|0
0|1|4|2|0
3.701|0|4|2|0
0|1|6|2|0
3.216|0|6|2|0
0|1|1|4|0
2.25|0|1|4|0
0|1|0|5|0
3.701|0|0|5|0
0|1|1|5|0
3.701|0|1|5|0
0|1|12|6|0
3.216|0|12|6|0
0|1|3|6|0
2.25|0|3|6|0
0|1|1|7|0
3.701|0|1|7|0
0|1|2|7|0
3.701|0|2|7|0
0|1|4|7|0
3.701|0|4|7|0
0|1|8|7|0
3.216|0|8|7|0
0|1|10|9|0
3.216|0|10|9|0
0|1|9|9|0
3.216|0|9|9|0
0|1|2|1|1
3.216|0|2|1|1
0|1|1|0|10
3.216|0|1|0|10
0|1|4|0|10
3.216|0|4|0|10
0|1|1|1|10
3.701|0|1|1|10
0|1|2|1|10
3.216|0|2|1|10
0|1|0|2|10
3.216|0|0|2|10
0|1|3|3|10
3.216|0|3|3|10
0|1|5|4|10
3.216|0|5|4|10
0|1|6|4|10
2.25|0|6|4|10
0|1|0|0|11
2.25|0|0|0|11
0|1|10|0|11
3.216|0|10|0|11
0|1|11|0|11
3.216|0|11|0|11
0|1|13|0|11
3.216|0|13|0|11
0|1|3|0|11
3.216|0|3|0|11
0|1|4|0|11
3.216|0|4|0|11
0|1|6|0|11
3.216|0|6|0|11
0|1|9|0|11
2.25|0|9|0|11
0|1|1|1|11
2.25|0|1|1|11
0|1|2|1|11
3.216|0|2|1|11
0|1|0|2|11
2.25|0|0|2|11
0|1|8|2|11
3.216|0|8|2|11
0|1|1|4|11
2.25|0|1|4|11
0|1|3|0|12
3.701|0|3|0|12
0|1|0|1|12
3.216|0|0|1|12
0|1|2|1|12
3.216|0|2|1|12
0|1|1|2|12
3.216|0|1|2|12
0|1|13|2|12
3.216|0|13|2|12
0|1|5|2|12
3.216|0|5|2|12
0|1|9|2|12
3.701|0|9|2|12
0|1|5|3|12
3.701|0|5|3|12
0|1|0|1|13
3.216|0|0|1|13
0|1|10|1|13
2.25|0|10|1|13
0|1|3|1|13
3.701|0|3|1|13
0|1|0|0|14
2.25|0|0|0|14
0|1|1|0|14
3.701|0|1|0|14
0|1|0|1|14
3.701|0|0|1|14
0|1|1|1|14
2.25|0|1|1|14
0|1|2|1|14
3.216|0|2|1|14
0|1|0|10|14
3.216|0|0|10|14
0|1|2|10|14
3.701|0|2|10|14
0|1|6|10|14
2.25|0|6|10|14
0|1|7|10|14
3.701|0|7|10|14
0|1|2|11|14
3.216|0|2|11|14
0|1|1|12|14
3.216|0|1|12|14
0|1|2|12|14
3.701|0|2|12|14
0|1|3|12|14
3.216|0|3|12|14
0|1|8|12|14
3.701|0|8|12|14
0|1|2|13|14
2.25|0|2|13|14
0|1|4|13|14
3.216|0|4|13|14
0|1|2|14|14
2.25|0|2|14|14
0|1|5|14|14
3.216|0|5|14|14
0|1|2|15|14
3.216|0|2|15|14
0|1|8|15|14
2.25|0|8|15|14
0|1|0|16|14
2.25|0|0|16|14
0|1|2|16|14
2.25|0|2|16|14
0|1|2|3|14
3.701|0|2|3|14
0|1|3|3|14
2.25|0|3|3|14
0|1|0|4|14
3.216|0|0|4|14
0|1|0|5|14
3.216|0|0|5|14
0|1|2|5|14
2.25|0|2|5|14
0|1|4|5|14
2.25|0|4|5|14
0|1|1|6|14
3.216|0|1|6|14
0|1|2|6|14
3.216|0|2|6|14
0|1|4|6|14
3.216|0|4|6|14
0|1|6|6|14
3.216|0|6|6|14
0|1|4|7|14
3.216|0|4|7|14
0|1|0|8|14
3.216|0|0|8|14
0|1|1|9|14
3.216|0|1|9|14
0|1|10|9|14
2.25|0|10|9|14
0|1|2|9|14
3.216|0|2|9|14
0|1|5|9|14
3.701|0|5|9|14
0|1|9|9|14
3.216|0|9|9|14
0|1|12|0|15
3.216|0|12|0|15
0|1|13|0|15
3.701|0|13|0|15
0|1|4|0|15
3.216|0|4|0|15
0|1|8|0|15
3.216|0|8|0|15
0|1|0|1|15
3.216|0|0|1|15
0|1|1|2|15
2.25|0|1|2|15
0|1|13|2|15
3.216|0|13|2|15
0|1|2|2|15
2.25|0|2|2|15
0|1|3|2|15
2.25|0|3|2|15
0|1|4|2|15
3.701|0|4|2|15
0|1|6|2|15
3.701|0|6|2|15
0|1|7|2|15
2.25|0|7|2|15
0|1|8|2|15
3.216|0|8|2|15
0|1|1|3|15
2.25|0|1|3|15
0|1|4|3|15
3.216|0|4|3|15
0|1|11|0|16
3.701|0|11|0|16
0|1|6|0|16
3.216|0|6|0|16
0|1|4|1|16
3.216|0|4|1|16
0|1|8|1|16
2.25|0|8|1|16
0|1|9|1|16
3.701|0|9|1|16
0|1|0|10|16
3.701|0|0|10|16
0|1|6|10|16
3.216|0|6|10|16
0|1|7|10|16
2.25|0|7|10|16
0|1|1|2|16
3.216|0|1|2|16
0|1|2|2|16
3.216|0|2|2|16
0|1|3|2|16
3.216|0|3|2|16
0|1|5|4|16
3.216|0|5|4|16
0|1|6|4|16
3.216|0|6|4|16
0|1|2|5|16
2.25|0|2|5|16
0|1|3|5|16
3.216|0|3|5|16
0|1|4|5|16
3.701|0|4|5|16
0|1|6|5|16
3.701|0|6|5|16
0|1|0|6|16
3.216|0|0|6|16
0|1|2|6|16
3.701|0|2|6|16
0|1|0|7|16
3.701|0|0|7|16
0|1|1|7|16
3.216|0|1|7|16
0|1|12|8|16
3.216|0|12|8|16
0|1|13|8|16
3.216|0|13|8|16
0|1|2|8|16
3.216|0|2|8|16
0|1|3|8|16
2.25|0|3|8|16
0|1|4|8|16
2.25|0|4|8|16
0|1|8|8|16
3.701|0|8|8|16
0|1|9|8|16
3.216|0|9|8|16
0|1|4|9|16
3.216|0|4|9|16
0|1|4|0|17
3.216|0|4|0|17
0|1|1|1|17
2.25|0|1|1|17
0|1|6|1|17
3.701|0|6|1|17
0|1|7|1|17
3.216|0|7|1|17
0|1|1|0|18
3.216|0|1|0|18
0|1|2|0|18
2.25|0|2|0|18
0|1|2|1|18
3.216|0|2|1|18
0|1|4|1|18
2.25|0|4|1|18
0|1|2|2|18
3.216|0|2|2|18
0|1|3|2|18
2.25|0|3|2|18
0|1|2|3|18
3.701|0|2|3|18
0|1|3|3|18
3.701|0|3|3|18
0|1|0|4|18
2.25|0|0|4|18
0|1|7|4|18
3.216|0|7|4|18
0|1|0|0|19
3.216|0|0|0|19
0|1|3|0|19
3.216|0|3|0|19
0|1|4|0|19
3.216|0|4|0|19
0|1|5|0|19
3.701|0|5|0|19
0|1|3|0|2
3.216|0|3|0|2
0|1|4|0|2
3.216|0|4|0|2
0|1|5|0|2
3.701|0|5|0|2
0|1|9|0|2
2.25|0|9|0|2
0|1|1|2|2
3.216|0|1|2|2
0|1|6|2|2
3.216|0|6|2|2
0|1|8|2|2
3.216|0|8|2|2
0|1|3|3|2
3.216|0|3|3|2
0|1|4|3|2
2.25|0|4|3|2
0|1|5|3|2
3.216|0|5|3|2
0|1|8|3|2
3.216|0|8|3|2
0|1|2|4|2
3.216|0|2|4|2
0|1|4|4|2
3.701|0|4|4|2
0|1|1|5|2
3.216|0|1|5|2
0|1|11|5|2
2.25|0|11|5|2
0|1|2|0|20
2.25|0|2|0|20
0|1|0|2|20
3.216|0|0|2|20
0|1|2|2|20
3.216|0|2|2|20
0|1|6|2|20
3.216|0|6|2|20
0|1|1|3|20
3.216|0|1|3|20
0|1|0|5|20
3.216|0|0|5|20
0|1|3|5|20
3.701|0|3|5|20
0|1|4|5|20
2.25|0|4|5|20
0|1|5|5|20
2.25|0|5|5|20
0|1|3|6|20
3.216|0|3|6|20
0|1|2|7|20
3.701|0|2|7|20
0|1|5|7|20
3.216|0|5|7|20
0|1|7|7|20
3.216|0|7|7|20
0|1|0|1|21
3.216|0|0|1|21
0|1|1|1|21
3.701|0|1|1|21
0|1|1|10|21
3.216|0|1|10|21
0|1|11|10|21
3.216|0|11|10|21
0|1|12|10|21
3.216|0|12|10|21
0|1|3|10|21
3.216|0|3|10|21
0|1|5|10|21
3.701|0|5|10|21
0|1|0|11|21
2.25|0|0|11|21
0|1|1|11|21
2.25|0|1|11|21
0|1|2|11|21
2.25|0|2|11|21
0|1|3|11|21
3.216|0|3|11|21
0|1|5|11|21
3.701|0|5|11|21
0|1|11|13|21
2.25|0|11|13|21
0|1|12|13|21
3.701|0|12|13|21
0|1|5|13|21
3.701|0|5|13|21
0|1|6|13|21
2.25|0|6|13|21
0|1|9|13|21
3.216|0|9|13|21
0|1|4|2|21
3.216|0|4|2|21
0|1|12|3|21
2.25|0|12|3|21
0|1|13|3|21
2.25|0|13|3|21
0|1|4|3|21
3.216|0|4|3|21
0|1|9|3|21
3.216|0|9|3|21
0|1|0|4|21
2.25|0|0|4|21
0|1|3|4|21
2.25|0|3|4|21
0|1|5|4|21
2.25|0|5|4|21
0|1|0|5|21
3.216|0|0|5|21
0|1|1|5|21
2.25|0|1|5|21
0|1|7|6|21
3.216|0|7|6|21
0|1|3|7|21
2.25|0|3|7|21
0|1|1|9|21
3.216|0|1|9|21
0|1|10|9|21
3.216|0|10|9|21
0|1|11|9|21
2.25|0|11|9|21
0|1|12|9|21
3.216|0|12|9|21
0|1|13|9|21
2.25|0|13|9|21
0|1|2|9|21
3.701|0|2|9|21
0|1|3|9|21
3.216|0|3|9|21
0|1|3|0|22
3.701|0|3|0|22
0|1|0|1|22
3.701|0|0|1|22
0|1|2|1|22
3.701|0|2|1|22
0|1|9|2|22
3.701|0|9|2|22
0|1|1|3|22
2.25|0|1|3|22
0|1|6|3|22
3.701|0|6|3|22
0|1|7|3|22
2.25|0|7|3|22
0|1|2|0|23
3.701|0|2|0|23
0|1|3|1|23
3.216|0|3|1|23
0|1|5|1|23
2.25|0|5|1|23
0|1|0|3|23
3.216|0|0|3|23
0|1|5|3|23
3.216|0|5|3|23
0|1|1|0|24
2.25|0|1|0|24
0|1|3|0|24
3.216|0|3|0|24
0|1|5|0|24
3.216|0|5|0|24
0|1|1|1|24
3.216|0|1|1|24
0|1|3|1|24
2.25|0|3|1|24
0|1|1|3|24
3.216|0|1|3|24
0|1|4|3|24
2.25|0|4|3|24
0|1|7|3|24
3.216|0|7|3|24
0|1|8|3|24
2.25|0|8|3|24
0|1|0|4|24
3.701|0|0|4|24
0|1|0|7|24
3.216|0|0|7|24
0|1|4|7|24
3.216|0|4|7|24
0|1|5|7|24
3.216|0|5|7|24
0|1|1|0|25
3.701|0|1|0|25
0|1|2|0|25
3.701|0|2|0|25
0|1|3|0|25
3.216|0|3|0|25
0|1|4|0|25
3.216|0|4|0|25
0|1|0|1|25
3.216|0|0|1|25
0|1|10|1|25
3.216|0|10|1|25
0|1|11|1|25
3.216|0|11|1|25
0|1|2|1|25
2.25|0|2|1|25
0|1|3|1|25
3.216|0|3|1|25
0|1|5|1|25
2.25|0|5|1|25
0|1|2|2|25
3.216|0|2|2|25
0|1|3|2|25
3.216|0|3|2|25
0|1|3|3|25
3.216|0|3|3|25
0|1|5|3|25
3.216|0|5|3|25
0|1|8|4|25
3.216|0|8|4|25
0|1|9|4|25
2.25|0|9|4|25
0|1|1|5|25
3.216|0|1|5|25
0|1|1|0|26
3.216|0|1|0|26
0|1|3|0|26
3.216|0|3|0|26
0|1|3|2|26
2.25|0|3|2|26
0|1|5|2|26
3.216|0|5|2|26
0|1|0|3|26
3.216|0|0|3|26
0|1|10|3|26
2.25|0|10|3|26
0|1|10|4|26
3.701|0|10|4|26
0|1|6|4|26
3.216|0|6|4|26
0|1|0|5|26
3.216|0|0|5|26
0|1|3|5|26
3.216|0|3|5|26
0|1|4|5|26
3.701|0|4|5|26
0|1|8|5|26
2.25|0|8|5|26
0|1|2|0|27
3.216|0|2|0|27
0|1|0|1|27
2.25|0|0|1|27
0|1|2|3|27
3.216|0|2|3|27
0|1|0|4|27
3.216|0|0|4|27
0|1|4|4|27
2.25|0|4|4|27
0|1|2|5|27
2.25|0|2|5|27
0|1|4|5|27
3.216|0|4|5|27
0|1|6|5|27
3.216|0|6|5|27
0|1|9|5|27
3.701|0|9|5|27
0|1|1|6|27
3.701|0|1|6|27
0|1|2|6|27
3.216|0|2|6|27
0|1|6|6|27
3.216|0|6|6|27
0|1|2|7|27
3.216|0|2|7|27
0|1|5|7|27
3.216|0|5|7|27
0|1|2|8|27
2.25|0|2|8|27
0|1|3|8|27
3.216|0|3|8|27
0|1|1|9|27
3.216|0|1|9|27
0|1|2|9|27
3.216|0|2|9|27
0|1|6|9|27
3.701|0|6|9|27
0|1|10|0|28
3.216|0|10|0|28
0|1|2|0|28
3.701|0|2|0|28
0|1|4|0|28
2.25|0|4|0|28
0|1|5|0|28
3.701|0|5|0|28
0|1|7|0|28
2.25|0|7|0|28
0|1|8|0|28
3.216|0|8|0|28
0|1|1|1|28
3.216|0|1|1|28
0|1|2|1|28
3.701|0|2|1|28
0|1|5|1|28
3.216|0|5|1|28
0|1|7|1|28
3.216|0|7|1|28
0|1|4|10|28
3.216|0|4|10|28
0|1|0|11|28
3.216|0|0|11|28
0|1|3|11|28
3.216|0|3|11|28
0|1|6|12|28
3.701|0|6|12|28
0|1|0|13|28
2.25|0|0|13|28
0|1|5|13|28
3.216|0|5|13|28
0|1|6|13|28
3.216|0|6|13|28
0|1|1|14|28
3.216|0|1|14|28
0|1|4|14|28
3.216|0|4|14|28
0|1|3|15|28
2.25|0|3|15|28
0|1|7|15|28
2.25|0|7|15|28
0|1|4|16|28
3.216|0|4|16|28
0|1|1|17|28
3.216|0|1|17|28
0|1|2|17|28
3.701|0|2|17|28
0|1|2|2|28
3.216|0|2|2|28
0|1|3|2|28
3.701|0|3|2|28
0|1|5|2|28
2.25|0|5|2|28
0|1|0|4|28
3.216|0|0|4|28
0|1|13|4|28
2.25|0|13|4|28
0|1|8|4|28
3.216|0|8|4|28
0|1|3|5|28
3.216|0|3|5|28
0|1|2|6|28
2.25|0|2|6|28
0|1|5|6|28
2.25|0|5|6|28
0|1|7|6|28
3.701|0|7|6|28
0|1|1|7|28
3.216|0|1|7|28
0|1|2|7|28
3.216|0|2|7|28
0|1|3|7|28
3.216|0|3|7|28
0|1|1|8|28
2.25|0|1|8|28
0|1|0|9|28
2.25|0|0|9|28
0|1|4|9|28
3.216|0|4|9|28
0|1|11|0|29
3.701|0|11|0|29
0|1|12|0|29
3.216|0|12|0|29
0|1|3|0|29
3.216|0|3|0|29
0|1|4|0|29
3.216|0|4|0|29
0|1|8|0|29
2.25|0|8|0|29
0|1|9|0|29
3.701|0|9|0|29
0|1|1|2|29
2.25|0|1|2|29
0|1|1|0|3
3.216|0|1|0|3
0|1|12|0|3
3.216|0|12|0|3
0|1|1|1|3
3.701|0|1|1|3
0|1|2|1|3
3.701|0|2|1|3
0|1|3|1|3
2.25|0|3|1|3
0|1|5|1|3
3.216|0|5|1|3
0|1|0|2|3
3.216|0|0|2|3
0|1|4|2|3
3.701|0|4|2|3
0|1|5|2|3
3.701|0|5|2|3
0|1|0|3|3
3.216|0|0|3|3
0|1|4|3|3
2.25|0|4|3|3
0|1|6|3|3
3.216|0|6|3|3
0|1|7|3|3
3.701|0|7|3|3
0|1|9|3|3
3.216|0|9|3|3
0|1|1|0|30
3.216|0|1|0|30
0|1|2|0|30
3.216|0|2|0|30
0|1|3|0|30
3.216|0|3|0|30
0|1|1|1|30
3.216|0|1|1|30
0|1|0|0|31
3.216|0|0|0|31
0|1|3|0|31
3.216|0|3|0|31
0|1|1|0|32
3.216|0|1|0|32
0|1|5|0|32
3.216|0|5|0|32
0|1|2|11|32
3.216|0|2|11|32
0|1|6|11|32
3.216|0|6|11|32
0|1|0|12|32
2.25|0|0|12|32
0|1|4|12|32
3.216|0|4|12|32
0|1|5|12|32
3.216|0|5|12|32
0|1|7|12|32
3.216|0|7|12|32
0|1|1|13|32
2.25|0|1|13|32
0|1|10|13|32
3.701|0|10|13|32
0|1|12|13|32
3.216|0|12|13|32
0|1|4|13|32
3.216|0|4|13|32
0|1|5|13|32
3.216|0|5|13|32
0|1|5|2|32
2.25|0|5|2|32
0|1|0|3|32
2.25|0|0|3|32
0|1|11|4|32
3.216|0|11|4|32
0|1|12|4|32
3.216|0|12|4|32
0|1|13|4|32
3.216|0|13|4|32
0|1|5|4|32
2.25|0|5|4|32
0|1|8|4|32
3.701|0|8|4|32
0|1|9|4|32
3.216|0|9|4|32
0|1|0|5|32
3.216|0|0|5|32
0|1|1|5|32
2.25|0|1|5|32
0|1|3|5|32
3.216|0|3|5|32
0|1|4|5|32
3.701|0|4|5|32
0|1|8|5|32
3.216|0|8|5|32
0|1|9|5|32
3.701|0|9|5|32
0|1|0|6|32
3.701|0|0|6|32
0|1|1|6|32
3.216|0|1|6|32
0|1|2|6|32
3.701|0|2|6|32
0|1|4|6|32
2.25|0|4|6|32
0|1|8|6|32
3.216|0|8|6|32
0|1|2|7|32
3.216|0|2|7|32
0|1|7|7|32
3.216|0|7|7|32
0|1|5|9|32
3.701|0|5|9|32
0|1|1|0|33
3.216|0|1|0|33
0|1|0|1|33
3.216|0|0|1|33
0|1|13|1|33
3.701|0|13|1|33
0|1|7|1|33
2.25|0|7|1|33
0|1|0|10|33
3.216|0|0|10|33
0|1|2|10|33
3.701|0|2|10|33
0|1|2|11|33
3.216|0|2|11|33
0|1|4|11|33
2.25|0|4|11|33
0|1|6|11|33
3.216|0|6|11|33
0|1|0|2|33
2.25|0|0|2|33
0|1|2|2|33
3.216|0|2|2|33
0|1|5|2|33
3.701|0|5|2|33
0|1|4|3|33
2.25|0|4|3|33
0|1|10|4|33
2.25|0|10|4|33
0|1|4|4|33
3.216|0|4|4|33
0|1|7|4|33
3.216|0|7|4|33
0|1|0|6|33
3.216|0|0|6|33
0|1|6|7|33
3.216|0|6|7|33
0|1|3|8|33
2.25|0|3|8|33
0|1|4|8|33
3.216|0|4|8|33
0|1|6|8|33
3.701|0|6|8|33
0|1|8|9|33
3.216|0|8|9|33
0|1|0|0|34
3.701|0|0|0|34
0|1|0|1|34
3.216|0|0|1|34
0|1|1|3|34
3.701|0|1|3|34
0|1|2|5|34
3.216|0|2|5|34
0|1|12|0|35
2.25|0|12|0|35
0|1|3|0|35
2.25|0|3|0|35
0|1|3|1|35
2.25|0|3|1|35
0|1|10|2|35
2.25|0|10|2|35
0|1|11|2|35
2.25|0|11|2|35
0|1|3|2|35
3.701|0|3|2|35
0|1|7|2|35
2.25|0|7|2|35
0|1|1|3|35
3.701|0|1|3|35
0|1|2|3|35
3.216|0|2|3|35
0|1|2|0|36
3.701|0|2|0|36
0|1|9|0|36
3.216|0|9|0|36
0|1|0|1|36
3.216|0|0|1|36
0|1|11|1|36
3.701|0|11|1|36
0|1|1|3|36
3.216|0|1|3|36
0|1|2|3|36
3.701|0|2|3|36
0|1|3|3|36
2.25|0|3|3|36
0|1|0|4|36
3.216|0|0|4|36
0|1|0|5|36
3.216|0|0|5|36
0|1|0|6|36
2.25|0|0|6|36
0|1|2|6|36
3.701|0|2|6|36
0|1|6|6|36
2.25|0|6|6|36
0|1|2|0|37
3.701|0|2|0|37
0|1|1|2|37
2.25|0|1|2|37
0|1|13|2|37
3.216|0|13|2|37
0|1|3|2|37
2.25|0|3|2|37
0|1|4|2|37
3.216|0|4|2|37
0|1|6|2|37
3.701|0|6|2|37
0|1|1|3|37
2.25|0|1|3|37
0|1|0|4|37
2.25|0|0|4|37
0|1|7|4|37
3.701|0|7|4|37
0|1|8|4|37
3.216|0|8|4|37
0|1|11|5|37
3.216|0|11|5|37
0|1|12|5|37
3.216|0|12|5|37
0|1|3|5|37
3.701|0|3|5|37
0|1|6|5|37
3.216|0|6|5|37
0|1|8|5|37
3.216|0|8|5|37
0|1|9|5|37
3.701|0|9|5|37
0|1|0|6|37
3.701|0|0|6|37
0|1|5|6|37
3.701|0|5|6|37
0|1|6|6|37
3.216|0|6|6|37
0|1|10|7|37
2.25|0|10|7|37
0|1|4|7|37
2.25|0|4|7|37
0|1|5|7|37
3.216|0|5|7|37
0|1|7|7|37
3.701|0|7|7|37
0|1|0|1|38
3.216|0|0|1|38
0|1|1|1|38
3.216|0|1|1|38
0|1|0|10|38
3.216|0|0|10|38
0|1|2|10|38
2.25|0|2|10|38
0|1|3|10|38
2.25|0|3|10|38
0|1|0|2|38
2.25|0|0|2|38
0|1|1|2|38
3.701|0|1|2|38
0|1|2|2|38
3.216|0|2|2|38
0|1|1|4|38
2.25|0|1|4|38
0|1|1|6|38
3.701|0|1|6|38
0|1|2|6|38
3.216|0|2|6|38
0|1|1|7|38
3.216|0|1|7|38
0|1|0|8|38
3.701|0|0|8|38
0|1|1|9|38
3.216|0|1|9|38
0|1|3|9|38
3.701|0|3|9|38
0|1|5|9|38
3.216|0|5|9|38
0|1|1|0|39
3.701|0|1|0|39
0|1|2|0|39
3.216|0|2|0|39
0|1|0|1|39
2.25|0|0|1|39
0|1|2|1|39
2.25|0|2|1|39
0|1|6|1|39
3.701|0|6|1|39
0|1|7|1|39
2.25|0|7|1|39
0|1|0|11|39
3.701|0|0|11|39
0|1|6|11|39
3.216|0|6|11|39
0|1|7|11|39
3.216|0|7|11|39
0|1|9|11|39
3.701|0|9|11|39
0|1|0|12|39
3.216|0|0|12|39
0|1|3|12|39
3.216|0|3|12|39
0|1|0|13|39
3.216|0|0|13|39
0|1|10|13|39
2.25|0|10|13|39
0|1|11|13|39
2.25|0|11|13|39
0|1|12|13|39
3.701|0|12|13|39
0|1|2|13|39
3.701|0|2|13|39
0|1|5|13|39
3.701|0|5|13|39
0|1|6|13|39
3.701|0|6|13|39
0|1|9|13|39
3.216|0|9|13|39
0|1|0|14|39
3.216|0|0|14|39
0|1|3|14|39
3.216|0|3|14|39
0|1|4|14|39
2.25|0|4|14|39
0|1|6|14|39
2.25|0|6|14|39
0|1|7|2|39
3.216|0|7|2|39
0|1|1|3|39
2.25|0|1|3|39
0|1|2|3|39
3.216|0|2|3|39
0|1|0|4|39
3.216|0|0|4|39
0|1|2|4|39
2.25|0|2|4|39
0|1|0|5|39
3.216|0|0|5|39
0|1|3|5|39
3.216|0|3|5|39
0|1|5|5|39
3.216|0|5|5|39
0|1|7|5|39
3.216|0|7|5|39
0|1|4|6|39
3.216|0|4|6|39
0|1|8|6|39
3.216|0|8|6|39
0|1|4|7|39
3.216|0|4|7|39
0|1|7|7|39
2.25|0|7|7|39
0|1|0|8|39
2.25|0|0|8|39
0|1|2|8|39
3.216|0|2|8|39
0|1|8|8|39
2.25|0|8|8|39
0|1|9|8|39
2.25|0|9|8|39
0|1|10|0|4
3.216|0|10|0|4
0|1|4|0|4
3.701|0|4|0|4
0|1|3|1|4
3.216|0|3|1|4
0|1|0|10|4
3.216|0|0|10|4
0|1|4|10|4
3.216|0|4|10|4
0|1|8|12|4
3.216|0|8|12|4
0|1|9|12|4
3.216|0|9|12|4
0|1|1|13|4
3.216|0|1|13|4
0|1|6|13|4
2.25|0|6|13|4
0|1|12|4|4
2.25|0|12|4|4
0|1|2|4|4
2.25|0|2|4|4
0|1|4|4|4
3.216|0|4|4|4
0|1|5|4|4
3.701|0|5|4|4
0|1|7|4|4
3.216|0|7|4|4
0|1|7|5|4
3.701|0|7|5|4
0|1|8|5|4
3.701|0|8|5|4
0|1|11|7|4
2.25|0|11|7|4
0|1|13|7|4
3.216|0|13|7|4
0|1|2|7|4
3.216|0|2|7|4
0|1|6|7|4
3.216|0|6|7|4
0|1|7|7|4
3.216|0|7|7|4
0|1|8|7|4
3.701|0|8|7|4
0|1|1|8|4
3.701|0|1|8|4
0|1|4|8|4
3.216|0|4|8|4
0|1|1|9|4
2.25|0|1|9|4
0|1|2|9|4
3.701|0|2|9|4
0|1|4|9|4
3.216|0|4|9|4
0|1|0|0|5
3.216|0|0|0|5
0|1|1|0|5
2.25|0|1|0|5
0|1|2|0|5
2.25|0|2|0|5
0|1|4|0|5
2.25|0|4|0|5
0|1|0|1|5
2.25|0|0|1|5
0|1|1|1|5
2.25|0|1|1|5
0|1|3|1|5
3.216|0|3|1|5
0|1|3|0|6
3.701|0|3|0|6
0|1|0|1|6
2.25|0|0|1|6
0|1|1|1|6
3.701|0|1|1|6
0|1|3|1|6
3.701|0|3|1|6
0|1|4|1|6
2.25|0|4|1|6
0|1|0|2|6
3.216|0|0|2|6
0|1|3|3|6
3.216|0|3|3|6
0|1|5|3|6
3.216|0|5|3|6
0|1|7|3|6
3.216|0|7|3|6
0|1|1|0|7
2.25|0|1|0|7
0|1|2|0|7
3.216|0|2|0|7
0|1|3|0|7
3.216|0|3|0|7
0|1|0|10|7
3.216|0|0|10|7
0|1|10|10|7
3.216|0|10|10|7
0|1|5|10|7
3.216|0|5|10|7
0|1|6|10|7
3.216|0|6|10|7
0|1|8|10|7
2.25|0|8|10|7
0|1|9|10|7
2.25|0|9|10|7
0|1|2|2|7
3.216|0|2|2|7
0|1|4|2|7
3.701|0|4|2|7
0|1|6|2|7
3.701|0|6|2|7
0|1|7|2|7
3.216|0|7|2|7
0|1|8|2|7
3.701|0|8|2|7
0|1|6|3|7
3.216|0|6|3|7
0|1|9|3|7
3.701|0|9|3|7
0|1|1|7|7
3.701|0|1|7|7
0|1|7|7|7
3.701|0|7|7|7
0|1|3|9|7
3.216|0|3|9|7
0|1|4|9|7
3.216|0|4|9|7
0|1|5|9|7
3.216|0|5|9|7
0|1|6|0|8
2.25|0|6|0|8
0|1|1|1|8
2.25|0|1|1|8
0|1|8|1|8
2.25|0|8|1|8
0|1|1|2|8
2.25|0|1|2|8
0|1|2|2|8
3.216|0|2|2|8
0|1|5|2|8
3.216|0|5|2|8
0|1|6|2|8
3.216|0|6|2|8
0|1|1|3|8
3.216|0|1|3|8
0|1|0|4|8
3.216|0|0|4|8
0|1|1|0|9
3.216|0|1|0|9
0|1|10|0|9
3.701|0|10|0|9
0|1|11|0|9
3.701|0|11|0|9
0|1|4|0|9
2.25|0|4|0|9
0|1|8|0|9
3.216|0|8|0|9
0|1|0|1|9
2.25|0|0|1|9
0|1|8|1|9
2.25|0|8|1|9
0|1|2|2|9
3.216|0|2|2|9
0|1|3|2|9
2.25|0|3|2|9
0|1|5|2|9
2.25|0|5|2|9
9.516|1|2|0|0
11.721|0|2|0|0
0|1|3|0|0
0.355|0|3|0|0
4.211|1|5|0|0
35.086|0|5|0|0
4.174|1|5|0|0
35.086|0|5|0|0
3.274|1|6|0|0
35.086|0|6|0|0
2.903|1|6|0|0
35.086|0|6|0|0
21.099|1|0|1|0
11.721|0|0|1|0
180.952|1|3|1|0
173.861|0|3|1|0
19.364|1|4|1|0
11.721|0|4|1|0
19.945|1|5|1|0
35.086|0|5|1|0
19.815|1|5|1|0
35.086|0|5|1|0
298.939|1|1|10|0
173.862|0|1|10|0
11.94|1|2|10|0
35.086|0|2|10|0
11.392|1|2|10|0
35.086|0|2|10|0
10.201|1|0|12|0
35.086|0|0|12|0
9.498|1|0|12|0
35.086|0|0|12|0
180.723|1|0|13|0
173.861|0|0|13|0
152.907|1|1|13|0
173.861|0|1|13|0
0|1|10|13|0
0.161|0|10|13|0
15.638|1|11|13|0
11.721|0|11|13|0
388.655|1|3|13|0
173.862|0|3|13|0
0|1|4|13|0
0.355|0|4|13|0
19.769|1|5|13|0
11.721|0|5|13|0
5.902|1|7|13|0
35.086|0|7|13|0
5.998|1|7|13|0
35.086|0|7|13|0
0|1|0|2|0
0.161|0|0|2|0
267.285|1|2|2|0
173.861|0|2|2|0
0|1|3|2|0
0.161|0|3|2|0
6.488|1|5|2|0
35.086|0|5|2|0
7.547|1|5|2|0
35.086|0|5|2|0
192.247|1|1|3|0
173.861|0|1|3|0
14.331|1|3|3|0
11.721|0|3|3|0
304.095|1|0|6|0
173.862|0|0|6|0
0|1|1|6|0
0.355|0|1|6|0
5.613|1|10|6|0
35.086|0|10|6|0
5.495|1|10|6|0
35.086|0|10|6|0
30.804|1|11|6|0
11.721|0|11|6|0
12.069|1|2|6|0
11.721|0|2|6|0
6.98|1|5|6|0
11.721|0|5|6|0
0|1|8|6|0
0.355|0|8|6|0
345.868|1|0|7|0
173.862|0|0|7|0
30.766|1|7|7|0
11.721|0|7|7|0
8.751|1|0|8|0
11.721|0|0|8|0
0|1|2|8|0
0.355|0|2|8|0
9.517|1|4|8|0
35.086|0|4|8|0
9.574|1|4|8|0
35.086|0|4|8|0
0|1|5|8|0
0.355|0|5|8|0
0|1|8|8|0
0.161|0|8|8|0
0|1|0|9|0
0.161|0|0|9|0
11.955|1|1|9|0
35.086|0|1|9|0
11.485|1|1|9|0
35.086|0|1|9|0
0|1|12|9|0
0.161|0|12|9|0
0|1|2|9|0
0.355|0|2|9|0
0|1|3|9|0
0.161|0|3|9|0
0|1|5|9|0
0.161|0|5|9|0
0|1|6|9|0
0.161|0|6|9|0
149.969|1|7|9|0
173.861|0|7|9|0
385.155|1|8|9|0
173.862|0|8|9|0
4.566|1|1|0|1
35.086|0|1|0|1
4.566|1|1|0|1
35.086|0|1|0|1
0|1|1|1|1
0.355|0|1|1|1
426.873|1|0|2|1
173.862|0|0|2|1
0|1|1|2|1
0.355|0|1|2|1
11.589|1|3|2|1
35.086|0|3|2|1
12.01|1|3|2|1
35.086|0|3|2|1
17.704|1|4|2|1
11.721|0|4|2|1
242.484|1|5|2|1
173.861|0|5|2|1
0|1|0|0|10
0.161|0|0|0|10
0|1|3|0|10
0.161|0|3|0|10
28.282|1|5|0|10
11.721|0|5|0|10
0|1|6|0|10
0.161|0|6|0|10
17.312|1|7|0|10
11.721|0|7|0|10
333.516|1|3|2|10
173.862|0|3|2|10
233.328|1|4|4|10
173.861|0|4|4|10
3.72|1|7|4|10
35.086|0|7|4|10
3.431|1|7|4|10
35.086|0|7|4|10
13.471|1|2|0|11
11.721|0|2|0|11
19.063|1|5|0|11
11.721|0|5|0|11
0|1|0|1|11
0.355|0|0|1|11
15.472|1|3|1|11
11.721|0|3|1|11
8.655|1|1|2|11
35.086|0|1|2|11
8.259|1|1|2|11
35.086|0|1|2|11
18.673|1|4|2|11
11.721|0|4|2|11
175.74|1|7|2|11
173.861|0|7|2|11
183.588|1|9|2|11
173.861|0|9|2|11
3.58|1|0|3|11
35.086|0|0|3|11
3.319|1|0|3|11
35.086|0|0|3|11
19.387|1|0|4|11
35.086|0|0|4|11
19.371|1|0|4|11
35.086|0|0|4|11
14.674|1|0|5|11
11.721|0|0|5|11
8.404|1|1|5|11
35.086|0|1|5|11
7.811|1|1|5|11
35.086|0|1|5|11
0|1|3|5|11
0.355|0|3|5|11
10.735|1|0|0|12
11.721|0|0|0|12
27.68|1|1|0|12
11.721|0|1|0|12
207.967|1|2|0|12
173.861|0|2|0|12
0|1|1|1|12
0.355|0|1|1|12
0|1|3|1|12
0.161|0|3|1|12
0|1|0|2|12
0.355|0|0|2|12
0|1|10|2|12
0.355|0|10|2|12
7.085|1|11|2|12
35.086|0|11|2|12
7.114|1|11|2|12
35.086|0|11|2|12
6.031|1|2|2|12
35.086|0|2|2|12
5.494|1|2|2|12
35.086|0|2|2|12
0|1|3|2|12
0.161|0|3|2|12
3.627|1|6|2|12
35.086|0|6|2|12
4.183|1|6|2|12
35.086|0|6|2|12
12.429|1|0|3|12
35.086|0|0|3|12
12.846|1|0|3|12
35.086|0|0|3|12
4.113|1|1|3|12
35.086|0|1|3|12
3.97|1|1|3|12
35.086|0|1|3|12
19.17|1|4|3|12
11.721|0|4|3|12
0|1|11|1|13
0.161|0|11|1|13
0|1|13|1|13
0.161|0|13|1|13
213.283|1|2|1|13
173.861|0|2|1|13
533.423|1|7|1|13
173.863|0|7|1|13
0|1|9|1|13
0.355|0|9|1|13
7.911|1|1|10|14
35.086|0|1|10|14
8.042|1|1|10|14
35.086|0|1|10|14
87.561|1|3|10|14
173.861|0|3|10|14
28.82|1|5|10|14
11.721|0|5|10|14
6.256|1|8|10|14
35.086|0|8|10|14
6.084|1|8|10|14
35.086|0|8|10|14
0|1|9|10|14
0.161|0|9|10|14
8.748|1|0|11|14
11.721|0|0|11|14
4.802|1|0|12|14
35.086|0|0|12|14
4.586|1|0|12|14
35.086|0|0|12|14
13.508|1|10|12|14
11.721|0|10|12|14
10.758|1|11|12|14
11.721|0|11|12|14
6.734|1|13|12|14
35.086|0|13|12|14
7.07|1|13|12|14
35.086|0|13|12|14
298.592|1|4|12|14
173.862|0|4|12|14
6.518|1|5|12|14
35.086|0|5|12|14
6.518|1|5|12|14
35.086|0|5|12|14
202.373|1|7|12|14
173.861|0|7|12|14
486.114|1|1|13|14
173.863|0|1|13|14
17.34|1|3|13|14
11.721|0|3|13|14
7.395|1|10|14|14
11.721|0|10|14|14
0|1|11|14|14
0.161|0|11|14|14
14.559|1|6|14|14
35.086|0|6|14|14
14.868|1|6|14|14
35.086|0|6|14|14
0|1|9|14|14
0.161|0|9|14|14
0|1|0|15|14
0.355|0|0|15|14
195.943|1|1|15|14
173.861|0|1|15|14
7.91|1|7|15|14
35.086|0|7|15|14
7.212|1|7|15|14
35.086|0|7|15|14
12.594|1|9|15|14
11.721|0|9|15|14
0|1|1|16|14
0.161|0|1|16|14
13.311|1|3|16|14
11.721|0|3|16|14
0|1|0|17|14
0.161|0|0|17|14
3.623|1|1|2|14
35.086|0|1|2|14
3.304|1|1|2|14
35.086|0|1|2|14
0|1|3|2|14
0.161|0|3|2|14
6.702|1|0|3|14
35.086|0|0|3|14
6.356|1|0|3|14
35.086|0|0|3|14
311.873|1|5|3|14
173.862|0|5|3|14
125.097|1|1|4|14
173.861|0|1|4|14
0|1|3|5|14
0.161|0|3|5|14
214.449|1|5|5|14
173.861|0|5|5|14
10.056|1|10|6|14
35.086|0|10|6|14
10.436|1|10|6|14
35.086|0|10|6|14
0|1|7|6|14
0.355|0|7|6|14
22.516|1|9|6|14
11.721|0|9|6|14
32.188|1|3|7|14
11.721|0|3|7|14
141.816|1|1|8|14
173.861|0|1|8|14
0|1|2|8|14
0.161|0|2|8|14
24.482|1|12|9|14
11.721|0|12|9|14
4.243|1|13|9|14
35.086|0|13|9|14
4.191|1|13|9|14
35.086|0|13|9|14
22.465|1|3|9|14
11.721|0|3|9|14
26.366|1|4|9|14
11.721|0|4|9|14
0|1|6|9|14
0.355|0|6|9|14
7.568|1|8|9|14
35.086|0|8|9|14
8.258|1|8|9|14
35.086|0|8|9|14
276.499|1|0|0|15
173.862|0|0|0|15
0|1|10|0|15
0.355|0|10|0|15
0|1|11|0|15
0.161|0|11|0|15
0|1|2|0|15
0.161|0|2|0|15
3.759|1|6|0|15
35.086|0|6|0|15
4.024|1|6|0|15
35.086|0|6|0|15
0|1|3|1|15
0.355|0|3|1|15
116.812|1|11|2|15
173.861|0|11|2|15
5.22|1|9|2|15
35.086|0|9|2|15
5.083|1|9|2|15
35.086|0|9|2|15
0|1|0|3|15
0.355|0|0|3|15
0|1|2|3|15
0.161|0|2|3|15
0|1|5|3|15
0.355|0|5|3|15
4.958|1|0|0|16
35.086|0|0|0|16
5.439|1|0|0|16
35.086|0|0|0|16
12.086|1|1|0|16
35.086|0|1|0|16
11.811|1|1|0|16
35.086|0|1|0|16
3.436|1|10|0|16
35.086|0|10|0|16
4.173|1|10|0|16
35.086|0|10|0|16
3.978|1|3|0|16
35.086|0|3|0|16
5.072|1|3|0|16
35.086|0|3|0|16
0|1|9|0|16
0.355|0|9|0|16
0|1|1|1|16
0.161|0|1|1|16
4.92|1|7|1|16
35.086|0|7|1|16
4.935|1|7|1|16
35.086|0|7|1|16
26.716|1|2|10|16
11.721|0|2|10|16
341.312|1|3|10|16
173.862|0|3|10|16
7.642|1|4|10|16
35.086|0|4|10|16
7.629|1|4|10|16
35.086|0|4|10|16
4.168|1|2|3|16
35.086|0|2|3|16
4.215|1|2|3|16
35.086|0|2|3|16
428.841|1|1|4|16
173.862|0|1|4|16
0|1|2|4|16
0.355|0|2|4|16
141.368|1|3|4|16
173.861|0|3|4|16
0|1|4|4|16
0.161|0|4|4|16
0|1|0|5|16
0.355|0|0|5|16
40.391|1|1|5|16
11.721|0|1|5|16
0|1|1|6|16
0.355|0|1|6|16
194.347|1|4|6|16
173.861|0|4|6|16
22.375|1|3|7|16
11.721|0|3|7|16
0|1|0|8|16
0.161|0|0|8|16
3.731|1|1|8|16
35.086|0|1|8|16
3.487|1|1|8|16
35.086|0|1|8|16
0|1|11|8|16
0.355|0|11|8|16
342.795|1|5|8|16
173.862|0|5|8|16
0|1|6|8|16
0.161|0|6|8|16
0|1|7|8|16
0.355|0|7|8|16
121.229|1|1|9|16
173.861|0|1|9|16
12.912|1|2|9|16
11.721|0|2|9|16
0|1|3|9|16
0.355|0|3|9|16
4.192|1|2|0|17
35.086|0|2|0|17
3.845|1|2|0|17
35.086|0|2|0|17
11.438|1|3|1|17
11.721|0|3|1|17
234.529|1|4|1|17
173.861|0|4|1|17
0|1|8|1|17
0.355|0|8|1|17
0|1|0|2|17
0.355|0|0|2|17
0|1|1|2|17
0.355|0|1|2|17
11.591|1|2|2|17
35.086|0|2|2|17
11.622|1|2|2|17
35.086|0|2|2|17
223.076|1|0|3|17
173.861|0|0|3|17
0|1|1|3|17
0.355|0|1|3|17
508.647|1|0|0|18
173.863|0|0|0|18
8.375|1|4|0|18
11.721|0|4|0|18
0|1|4|2|18
0.355|0|4|2|18
6.47|1|5|2|18
11.721|0|5|2|18
0|1|6|3|18
0.355|0|6|3|18
10.084|1|8|3|18
11.721|0|8|3|18
26.738|1|3|4|18
11.721|0|3|4|18
381.761|1|8|4|18
173.862|0|8|4|18
0|1|1|0|19
0.355|0|1|0|19
0|1|2|0|19
0.161|0|2|0|19
0|1|12|0|2
0.355|0|12|0|2
21.917|1|13|0|2
11.721|0|13|0|2
0|1|2|0|2
0.161|0|2|0|2
0|1|7|0|2
0.161|0|7|0|2
0|1|8|0|2
0.355|0|8|0|2
24.68|1|1|1|2
11.721|0|1|1|2
0|1|2|2|2
0.161|0|2|2|2
198.965|1|3|2|2
173.861|0|3|2|2
254.641|1|4|2|2
173.861|0|4|2|2
138.524|1|5|2|2
173.861|0|5|2|2
0|1|0|3|2
0.355|0|0|3|2
0|1|0|4|2
0.161|0|0|4|2
3.497|1|0|5|2
35.086|0|0|5|2
3.284|1|0|5|2
35.086|0|0|5|2
0|1|2|5|2
0.355|0|2|5|2
146.963|1|3|5|2
173.861|0|3|5|2
24.695|1|4|5|2
11.721|0|4|5|2
0|1|5|5|2
0.355|0|5|5|2
16.635|1|7|5|2
35.086|0|7|5|2
16.324|1|7|5|2
35.086|0|7|5|2
0|1|0|0|20
0.161|0|0|0|20
436.792|1|3|0|20
173.862|0|3|0|20
6.819|1|6|0|20
35.086|0|6|0|20
7.408|1|6|0|20
35.086|0|6|0|20
90.676|1|7|0|20
173.861|0|7|0|20
0|1|0|1|20
0.161|0|0|1|20
6.328|1|2|1|20
11.721|0|2|1|20
275.538|1|3|2|20
173.861|0|3|2|20
0|1|0|3|20
0.355|0|0|3|20
306.162|1|0|4|20
173.862|0|0|4|20
245.413|1|3|4|20
173.861|0|3|4|20
361.138|1|4|4|20
173.862|0|4|4|20
0|1|5|4|20
0.161|0|5|4|20
11.751|1|6|4|20
35.086|0|6|4|20
12.41|1|6|4|20
35.086|0|6|4|20
218.079|1|7|4|20
173.861|0|7|4|20
310.941|1|9|4|20
173.862|0|9|4|20
115.059|1|1|5|20
173.861|0|1|5|20
0|1|0|6|20
0.355|0|0|6|20
11.735|1|2|6|20
35.086|0|2|6|20
12.102|1|2|6|20
35.086|0|2|6|20
0|1|5|6|20
0.161|0|5|6|20
0|1|6|7|20
0.161|0|6|7|20
0|1|0|0|21
0.355|0|0|0|21
0|1|3|0|21
0.355|0|3|0|21
0|1|0|10|21
0.161|0|0|10|21
7.783|1|10|10|21
11.721|0|10|10|21
10.801|1|13|10|21
35.086|0|13|10|21
11.195|1|13|10|21
35.086|0|13|10|21
9.162|1|6|10|21
35.086|0|6|10|21
9.148|1|6|10|21
35.086|0|6|10|21
0|1|7|10|21
0.161|0|7|10|21
29.702|1|8|10|21
11.721|0|8|10|21
17.326|1|9|10|21
11.721|0|9|10|21
337.439|1|4|11|21
173.862|0|4|11|21
0|1|6|11|21
0.355|0|6|11|21
239.115|1|8|11|21
173.861|0|8|11|21
0|1|2|12|21
0.355|0|2|12|21
0|1|4|12|21
0.355|0|4|12|21
9.057|1|6|12|21
11.721|0|6|12|21
0|1|7|12|21
0.355|0|7|12|21
18.375|1|10|13|21
11.721|0|10|13|21
0|1|4|13|21
0.355|0|4|13|21
0|1|8|13|21
0.161|0|8|13|21
204.681|1|3|2|21
173.861|0|3|2|21
3.781|1|10|3|21
35.086|0|10|3|21
4.278|1|10|3|21
35.086|0|10|3|21
17.384|1|11|3|21
11.721|0|11|3|21
0|1|2|3|21
0.161|0|2|3|21
20.947|1|3|3|21
11.721|0|3|3|21
0|1|10|4|21
0.161|0|10|4|21
0|1|11|4|21
0.161|0|11|4|21
0|1|2|4|21
0.161|0|2|4|21
8.577|1|6|4|21
35.086|0|6|4|21
8.462|1|6|4|21
35.086|0|6|4|21
0|1|8|4|21
0.355|0|8|4|21
0|1|3|5|21
0.161|0|3|5|21
10.784|1|11|6|21
35.086|0|11|6|21
10.681|1|11|6|21
35.086|0|11|6|21
0|1|2|6|21
0.161|0|2|6|21
17.135|1|3|6|21
11.721|0|3|6|21
35.064|1|8|6|21
11.721|0|8|6|21
10.504|1|9|6|21
11.721|0|9|6|21
0|1|4|7|21
0.161|0|4|7|21
0|1|5|8|21
0.161|0|5|8|21
12.99|1|0|9|21
11.721|0|0|9|21
0|1|5|9|21
0.355|0|5|9|21
6.579|1|8|9|21
11.721|0|8|9|21
12.497|1|5|0|22
11.721|0|5|0|22
0|1|1|1|22
0.355|0|1|1|22
0|1|1|2|22
0.355|0|1|2|22
3.14|1|10|2|22
35.086|0|10|2|22
3.019|1|10|2|22
35.086|0|10|2|22
0|1|12|2|22
0.355|0|12|2|22
9.473|1|4|2|22
11.721|0|4|2|22
20.544|1|6|2|22
11.721|0|6|2|22
0|1|2|3|22
0.161|0|2|3|22
0|1|0|0|23
0.355|0|0|0|23
0|1|3|0|23
0.355|0|3|0|23
12.435|1|1|1|23
11.721|0|1|1|23
5.739|1|2|1|23
35.086|0|2|1|23
5.779|1|2|1|23
35.086|0|2|1|23
0|1|4|1|23
0.161|0|4|1|23
7.64|1|6|1|23
35.086|0|6|1|23
7.672|1|6|1|23
35.086|0|6|1|23
4.076|1|0|2|23
35.086|0|0|2|23
4.068|1|0|2|23
35.086|0|0|2|23
221.399|1|2|2|23
173.861|0|2|2|23
284.899|1|3|2|23
173.862|0|3|2|23
7.092|1|2|3|23
35.086|0|2|3|23
7.153|1|2|3|23
35.086|0|2|3|23
7.813|1|4|3|23
35.086|0|4|3|23
7.333|1|4|3|23
35.086|0|4|3|23
6.24|1|10|0|24
35.086|0|10|0|24
5.705|1|10|0|24
35.086|0|10|0|24
9.57|1|13|0|24
35.086|0|13|0|24
10.692|1|13|0|24
35.086|0|13|0|24
6.607|1|4|0|24
11.721|0|4|0|24
0|1|7|0|24
0.355|0|7|0|24
13.099|1|9|0|24
11.721|0|9|0|24
6.972|1|0|1|24
35.086|0|0|1|24
7.561|1|0|1|24
35.086|0|0|1|24
8.342|1|2|1|24
35.086|0|2|1|24
8.333|1|2|1|24
35.086|0|2|1|24
6.493|1|0|3|24
35.086|0|0|3|24
6.097|1|0|3|24
35.086|0|0|3|24
181.098|1|10|3|24
173.861|0|10|3|24
214.324|1|11|3|24
173.861|0|11|3|24
14.022|1|3|3|24
11.721|0|3|3|24
211.183|1|2|4|24
173.861|0|2|4|24
8.439|1|1|5|24
35.086|0|1|5|24
8.439|1|1|5|24
35.086|0|1|5|24
0|1|2|5|24
0.161|0|2|5|24
0|1|0|6|24
0.161|0|0|6|24
12.584|1|3|6|24
35.086|0|3|6|24
12.441|1|3|6|24
35.086|0|3|6|24
181.524|1|2|7|24
173.861|0|2|7|24
407.594|1|5|0|25
173.862|0|5|0|25
3.215|1|8|0|25
35.086|0|8|0|25
3.035|1|8|0|25
35.086|0|8|0|25
0|1|1|1|25
0.355|0|1|1|25
5.04|1|6|1|25
35.086|0|6|1|25
4.719|1|6|1|25
35.086|0|6|1|25
0|1|4|2|25
0.355|0|4|2|25
7.906|1|0|3|25
35.086|0|0|3|25
8.247|1|0|3|25
35.086|0|0|3|25
0|1|4|3|25
0.161|0|4|3|25
320.45|1|0|4|25
173.862|0|0|4|25
0|1|3|4|25
0.161|0|3|4|25
248.387|1|4|4|25
173.861|0|4|4|25
14.876|1|7|4|25
35.086|0|7|4|25
14.314|1|7|4|25
35.086|0|7|4|25
8.346|1|0|5|25
11.721|0|0|5|25
0|1|0|0|26
0.161|0|0|0|26
6.42|1|4|0|26
35.086|0|4|0|26
6.18|1|4|0|26
35.086|0|4|0|26
0|1|0|1|26
0.355|0|0|1|26
233.864|1|3|1|26
173.861|0|3|1|26
0|1|1|2|26
0.161|0|1|2|26
7.522|1|4|2|26
35.086|0|4|2|26
7.71|1|4|2|26
35.086|0|4|2|26
6.065|1|6|2|26
11.721|0|6|2|26
159.515|1|1|3|26
173.861|0|1|3|26
11.892|1|3|3|26
11.721|0|3|3|26
0|1|4|3|26
0.355|0|4|3|26
9.841|1|5|3|26
35.086|0|5|3|26
10.642|1|5|3|26
35.086|0|5|3|26
261.109|1|6|3|26
173.862|0|6|3|26
0|1|8|3|26
0.355|0|8|3|26
0|1|9|3|26
0.355|0|9|3|26
0|1|2|4|26
0.161|0|2|4|26
0|1|3|4|26
0.355|0|3|4|26
0|1|4|4|26
0.161|0|4|4|26
15.293|1|7|4|26
11.721|0|7|4|26
114.384|1|9|4|26
173.861|0|9|4|26
0|1|1|5|26
0.161|0|1|5|26
0|1|5|5|26
0.355|0|5|5|26
12.517|1|0|0|27
35.086|0|0|0|27
12.309|1|0|0|27
35.086|0|0|0|27
0|1|1|0|27
0.161|0|1|0|27
21.515|1|1|1|27
11.721|0|1|1|27
0|1|2|1|27
0.161|0|2|1|27
0|1|5|1|27
0.161|0|5|1|27
0|1|2|2|27
0.161|0|2|2|27
11.434|1|0|3|27
11.721|0|0|3|27
3.59|1|1|3|27
35.086|0|1|3|27
3.406|1|1|3|27
35.086|0|1|3|27
0|1|2|4|27
0.161|0|2|4|27
0|1|3|5|27
0.161|0|3|5|27
452.206|1|5|5|27
173.863|0|5|5|27
0|1|8|5|27
0.355|0|8|5|27
0|1|0|6|27
0.355|0|0|6|27
0|1|3|6|27
0.355|0|3|6|27
0|1|4|6|27
0.161|0|4|6|27
0|1|5|6|27
0.355|0|5|6|27
15.2|1|4|7|27
11.721|0|4|7|27
11.598|1|6|7|27
35.086|0|6|7|27
11.702|1|6|7|27
35.086|0|6|7|27
0|1|0|8|27
0.161|0|0|8|27
0|1|1|8|27
0.355|0|1|8|27
179.488|1|0|9|27
173.861|0|0|9|27
15.441|1|3|9|27
35.086|0|3|9|27
16.151|1|3|9|27
35.086|0|3|9|27
5.773|1|4|9|27
35.086|0|4|9|27
5.773|1|4|9|27
35.086|0|4|9|27
5.453|1|5|9|27
35.086|0|5|9|27
4.562|1|5|9|27
35.086|0|5|9|27
18.013|1|0|0|28
11.721|0|0|0|28
3.544|1|1|0|28
35.086|0|1|0|28
4.149|1|1|0|28
35.086|0|1|0|28
0|1|3|0|28
0.355|0|3|0|28
221.432|1|6|0|28
173.861|0|6|0|28
0|1|9|0|28
0.355|0|9|0|28
0|1|4|1|28
0.161|0|4|1|28
239.774|1|1|10|28
173.861|0|1|10|28
9.409|1|2|10|28
11.721|0|2|10|28
283.301|1|6|10|28
173.862|0|6|10|28
8.425|1|0|12|28
11.721|0|0|12|28
10.467|1|1|12|28
35.086|0|1|12|28
10.734|1|1|12|28
35.086|0|1|12|28
3.944|1|3|12|28
35.086|0|3|12|28
4.603|1|3|12|28
35.086|0|3|12|28
0|1|4|12|28
0.355|0|4|12|28
282.024|1|5|12|28
173.862|0|5|12|28
0|1|2|14|28
0.355|0|2|14|28
190.747|1|3|14|28
173.861|0|3|14|28
6.303|1|5|14|28
35.086|0|5|14|28
6.303|1|5|14|28
35.086|0|5|14|28
0|1|6|14|28
0.161|0|6|14|28
7.637|1|1|15|28
35.086|0|1|15|28
7.824|1|1|15|28
35.086|0|1|15|28
195.18|1|2|15|28
173.861|0|2|15|28
18.747|1|4|15|28
11.721|0|4|15|28
5.545|1|5|15|28
35.086|0|5|15|28
6.159|1|5|15|28
35.086|0|5|15|28
0|1|8|15|28
0.355|0|8|15|28
24.609|1|0|16|28
11.721|0|0|16|28
0|1|3|16|28
0.355|0|3|16|28
0|1|5|16|28
0.161|0|5|16|28
13.381|1|1|2|28
11.721|0|1|2|28
6.035|1|4|2|28
11.721|0|4|2|28
395.331|1|6|2|28
173.862|0|6|2|28
8.289|1|1|3|28
35.086|0|1|3|28
8.426|1|1|3|28
35.086|0|1|3|28
0|1|3|3|28
0.355|0|3|3|28
9.059|1|6|3|28
11.721|0|6|3|28
468.643|1|1|4|28
173.863|0|1|4|28
0|1|11|4|28
0.355|0|11|4|28
464.591|1|12|4|28
173.863|0|12|4|28
3.256|1|4|4|28
35.086|0|4|4|28
3.374|1|4|4|28
35.086|0|4|4|28
0|1|0|5|28
0.161|0|0|5|28
9.857|1|2|5|28
11.721|0|2|5|28
16.384|1|4|5|28
11.721|0|4|5|28
0|1|1|6|28
0.161|0|1|6|28
28.203|1|3|6|28
11.721|0|3|6|28
7.345|1|4|6|28
11.721|0|4|6|28
9.976|1|6|6|28
35.086|0|6|6|28
9.576|1|6|6|28
35.086|0|6|6|28
122.963|1|9|6|28
173.861|0|9|6|28
528.183|1|10|9|28
173.863|0|10|9|28
0|1|11|9|28
0.161|0|11|9|28
0|1|12|9|28
0.161|0|12|9|28
0|1|2|9|28
0.355|0|2|9|28
0|1|5|9|28
0.355|0|5|9|28
238.955|1|9|9|28
173.861|0|9|9|28
0|1|0|0|29
0.355|0|0|0|29
7.148|1|1|0|29
11.721|0|1|0|29
0|1|10|0|29
0.355|0|10|0|29
8.721|1|5|0|29
11.721|0|5|0|29
229.798|1|0|1|29
173.861|0|0|1|29
154.786|1|2|1|29
173.861|0|2|1|29
16.71|1|0|2|29
11.721|0|0|2|29
15.901|1|2|2|29
11.721|0|2|2|29
0|1|0|0|3
0.355|0|0|0|3
0|1|11|0|3
0.161|0|11|0|3
16.359|1|13|0|3
35.086|0|13|0|3
15.809|1|13|0|3
35.086|0|13|0|3
0|1|6|0|3
0.355|0|6|0|3
0|1|7|0|3
0.161|0|7|0|3
0|1|8|0|3
0.161|0|8|0|3
489.05|1|9|0|3
173.863|0|9|0|3
376.425|1|0|1|3
173.862|0|0|1|3
8.948|1|4|1|3
11.721|0|4|1|3
0|1|12|3|3
0.355|0|12|3|3
0|1|13|3|3
0.161|0|13|3|3
5.627|1|2|3|3
35.086|0|2|3|3
4.947|1|2|3|3
35.086|0|2|3|3
19.067|1|3|3|3
11.721|0|3|3|3
0|1|8|3|3
0.355|0|8|3|3
0|1|4|0|31
0.161|0|4|0|31
24.734|1|0|0|32
11.721|0|0|0|32
17.759|1|3|0|32
35.086|0|3|0|32
17.949|1|3|0|32
35.086|0|3|0|32
0|1|4|0|32
0.161|0|4|0|32
417.483|1|6|0|32
173.862|0|6|0|32
0|1|8|0|32
0.355|0|8|0|32
30.433|1|0|10|32
11.721|0|0|10|32
0|1|1|10|32
0.161|0|1|10|32
0|1|5|11|32
0.355|0|5|11|32
0|1|2|12|32
0.355|0|2|12|32
5.272|1|3|12|32
11.721|0|3|12|32
0|1|8|12|32
0.161|0|8|12|32
0|1|2|13|32
0.161|0|2|13|32
7.276|1|8|13|32
35.086|0|8|13|32
7.331|1|8|13|32
35.086|0|8|13|32
565.985|1|2|2|32
173.863|0|2|2|32
0|1|3|2|32
0.355|0|3|2|32
100.523|1|2|3|32
173.861|0|2|3|32
13.176|1|0|4|32
35.086|0|0|4|32
12.742|1|0|4|32
35.086|0|0|4|32
0|1|2|4|32
0.355|0|2|4|32
313.729|1|7|4|32
173.862|0|7|4|32
0|1|10|5|32
0.355|0|10|5|32
0|1|5|5|32
0.161|0|5|5|32
0|1|7|5|32
0.355|0|7|5|32
0|1|3|6|32
0.355|0|3|6|32
9.746|1|6|6|32
11.721|0|6|6|32
0|1|7|6|32
0.355|0|7|6|32
514.853|1|0|7|32
173.863|0|0|7|32
0|1|1|7|32
0.355|0|1|7|32
21.625|1|4|7|32
11.721|0|4|7|32
0|1|6|7|32
0.355|0|6|7|32
7.771|1|8|7|32
35.086|0|8|7|32
8.23|1|8|7|32
35.086|0|8|7|32
605.429|1|1|8|32
173.863|0|1|8|32
0|1|0|9|32
0.355|0|0|9|32
0|1|1|9|32
0.355|0|1|9|32
7.935|1|2|9|32
35.086|0|2|9|32
8.154|1|2|9|32
35.086|0|2|9|32
15.528|1|1|1|33
11.721|0|1|1|33
512.529|1|10|1|33
173.863|0|10|1|33
4.923|1|11|1|33
35.086|0|11|1|33
4.909|1|11|1|33
35.086|0|11|1|33
11.287|1|5|1|33
11.721|0|5|1|33
231.419|1|6|1|33
173.861|0|6|1|33
200.57|1|1|10|33
173.861|0|1|10|33
184.757|1|0|11|33
173.861|0|0|11|33
9.781|1|1|11|33
11.721|0|1|11|33
20.518|1|3|11|33
11.721|0|3|11|33
444.06|1|5|11|33
173.862|0|5|11|33
0|1|3|2|33
0.355|0|3|2|33
15.925|1|0|3|33
35.086|0|0|3|33
16.064|1|0|3|33
35.086|0|0|3|33
11.499|1|3|3|33
11.721|0|3|3|33
198.06|1|5|3|33
173.861|0|5|3|33
0|1|2|4|33
0.161|0|2|4|33
12.003|1|3|4|33
11.721|0|3|4|33
0|1|5|4|33
0.355|0|5|4|33
0|1|6|4|33
0.355|0|6|4|33
5.133|1|1|5|33
35.086|0|1|5|33
5.431|1|1|5|33
35.086|0|1|5|33
7.231|1|0|7|33
35.086|0|0|7|33
7.231|1|0|7|33
35.086|0|0|7|33
9.714|1|3|7|33
11.721|0|3|7|33
0|1|7|8|33
0.161|0|7|8|33
15.713|1|0|9|33
11.721|0|0|9|33
4.37|1|1|9|33
35.086|0|1|9|33
4.236|1|1|9|33
35.086|0|1|9|33
402.303|1|5|9|33
173.862|0|5|9|33
12.272|1|7|9|33
11.721|0|7|9|33
23.191|1|9|9|33
11.721|0|9|9|33
4.347|1|1|1|34
35.086|0|1|1|34
4.535|1|1|1|34
35.086|0|1|1|34
28.758|1|1|2|34
11.721|0|1|2|34
9.923|1|3|2|34
11.721|0|3|2|34
0|1|5|2|34
0.355|0|5|2|34
18.044|1|0|3|34
35.086|0|0|3|34
18.044|1|0|3|34
35.086|0|0|3|34
0|1|2|4|34
0.355|0|2|4|34
0|1|0|5|34
0.355|0|0|5|34
0|1|4|5|34
0.161|0|4|5|34
10.912|1|0|0|35
35.086|0|0|0|35
10.651|1|0|0|35
35.086|0|0|0|35
10.256|1|1|0|35
11.721|0|1|0|35
11.335|1|13|0|35
35.086|0|13|0|35
11.769|1|13|0|35
35.086|0|13|0|35
0|1|7|0|35
0.355|0|7|0|35
0|1|8|0|35
0.161|0|8|0|35
0|1|1|1|35
0.355|0|1|1|35
15.224|1|4|2|35
11.721|0|4|2|35
3.298|1|5|2|35
35.086|0|5|2|35
3.007|1|5|2|35
35.086|0|5|2|35
3.887|1|6|2|35
35.086|0|6|2|35
4.116|1|6|2|35
35.086|0|6|2|35
4.837|1|8|2|35
35.086|0|8|2|35
5.13|1|8|2|35
35.086|0|8|2|35
172.542|1|9|2|35
173.861|0|9|2|35
11.484|1|0|3|35
11.721|0|0|3|35
5.14|1|0|0|36
35.086|0|0|0|36
5.227|1|0|0|36
35.086|0|0|0|36
0|1|10|0|36
0.161|0|10|0|36
0|1|3|0|36
0.355|0|3|0|36
0|1|4|0|36
0.161|0|4|0|36
0|1|7|0|36
0.161|0|7|0|36
15.344|1|8|0|36
35.086|0|8|0|36
15.134|1|8|0|36
35.086|0|8|0|36
0|1|4|1|36
0.355|0|4|1|36
0|1|8|1|36
0.355|0|8|1|36
0|1|9|1|36
0.161|0|9|1|36
0|1|0|2|36
0.355|0|0|2|36
0|1|2|2|36
0.161|0|2|2|36
0|1|5|2|36
0.355|0|5|2|36
8.951|1|7|2|36
35.086|0|7|2|36
9.146|1|7|2|36
35.086|0|7|2|36
131.21|1|1|4|36
173.861|0|1|4|36
18.293|1|2|5|36
11.721|0|2|5|36
0|1|3|5|36
0.355|0|3|5|36
0|1|6|5|36
0.355|0|6|5|36
0|1|9|5|36
0.161|0|9|5|36
8.137|1|1|6|36
11.721|0|1|6|36
0|1|4|6|36
0.161|0|4|6|36
0|1|5|6|36
0.355|0|5|6|36
0|1|0|0|37
0.355|0|0|0|37
4.95|1|3|0|37
35.086|0|3|0|37
4.461|1|3|0|37
35.086|0|3|0|37
9.631|1|4|0|37
35.086|0|4|0|37
9.771|1|4|0|37
35.086|0|4|0|37
5.581|1|0|1|37
35.086|0|0|1|37
5.681|1|0|1|37
35.086|0|0|1|37
0|1|2|1|37
0.355|0|2|1|37
15.475|1|11|2|37
11.721|0|11|2|37
0|1|12|2|37
0.355|0|12|2|37
0|1|5|2|37
0.161|0|5|2|37
0|1|9|2|37
0.161|0|9|2|37
0|1|0|3|37
0.355|0|0|3|37
0|1|2|3|37
0.161|0|2|3|37
159.349|1|4|4|37
173.861|0|4|4|37
269.632|1|9|4|37
173.862|0|9|4|37
0|1|1|5|37
0.355|0|1|5|37
222.473|1|10|5|37
173.861|0|10|5|37
12.391|1|13|5|37
11.721|0|13|5|37
0|1|5|5|37
0.161|0|5|5|37
17.799|1|7|5|37
11.721|0|7|5|37
0|1|0|7|37
0.355|0|0|7|37
290.721|1|1|7|37
173.862|0|1|7|37
0|1|11|7|37
0.355|0|11|7|37
2.821|1|6|7|37
35.086|0|6|7|37
3.139|1|6|7|37
35.086|0|6|7|37
169.528|1|8|7|37
173.861|0|8|7|37
10.12|1|0|8|37
11.721|0|0|8|37
11.736|1|1|8|37
11.721|0|1|8|37
11.325|1|2|8|37
11.721|0|2|8|37
0|1|3|1|38
0.355|0|3|1|38
0|1|3|2|38
0.355|0|3|2|38
0|1|5|2|38
0.161|0|5|2|38
0|1|0|3|38
0.161|0|0|3|38
10.685|1|3|3|38
35.086|0|3|3|38
10.212|1|3|3|38
35.086|0|3|3|38
0|1|4|3|38
0.161|0|4|3|38
0|1|0|4|38
0.161|0|0|4|38
0|1|3|4|38
0.161|0|3|4|38
9.166|1|4|4|38
35.086|0|4|4|38
8.225|1|4|4|38
35.086|0|4|4|38
0|1|0|5|38
0.161|0|0|5|38
6.419|1|2|5|38
35.086|0|2|5|38
6.16|1|2|5|38
35.086|0|2|5|38
9.275|1|0|6|38
11.721|0|0|6|38
6.81|1|1|8|38
35.086|0|1|8|38
6.264|1|1|8|38
35.086|0|1|8|38
0|1|2|8|38
0.355|0|2|8|38
296.466|1|2|9|38
173.862|0|2|9|38
0|1|3|0|39
0.355|0|3|0|39
7.002|1|2|10|39
35.086|0|2|10|39
7.322|1|2|10|39
35.086|0|2|10|39
0|1|2|11|39
0.161|0|2|11|39
8.031|1|3|11|39
11.721|0|3|11|39
11.808|1|4|11|39
11.721|0|4|11|39
13.075|1|4|12|39
11.721|0|4|12|39
399.972|1|1|13|39
173.862|0|1|13|39
0|1|8|13|39
0.355|0|8|13|39
9.853|1|8|14|39
35.086|0|8|14|39
9.853|1|8|14|39
35.086|0|8|14|39
14.195|1|0|2|39
11.721|0|0|2|39
6.592|1|2|2|39
35.086|0|2|2|39
7|1|2|2|39
35.086|0|2|2|39
338.565|1|6|2|39
173.862|0|6|2|39
11.211|1|8|2|39
35.086|0|8|2|39
10.5|1|8|2|39
35.086|0|8|2|39
8.336|1|9|2|39
11.721|0|9|2|39
0|1|6|5|39
0.355|0|6|5|39
0|1|5|6|39
0.355|0|5|6|39
424.481|1|6|6|39
173.862|0|6|6|39
7.233|1|7|6|39
35.086|0|7|6|39
6.542|1|7|6|39
35.086|0|7|6|39
0|1|3|7|39
0.355|0|3|7|39
0|1|5|7|39
0.161|0|5|7|39
0|1|6|7|39
0.161|0|6|7|39
8.625|1|8|7|39
35.086|0|8|7|39
8.743|1|8|7|39
35.086|0|8|7|39
0|1|1|8|39
0.355|0|1|8|39
7.557|1|10|8|39
35.086|0|10|8|39
7.467|1|10|8|39
35.086|0|10|8|39
12.941|1|13|8|39
35.086|0|13|8|39
13.373|1|13|8|39
35.086|0|13|8|39
4.353|1|4|8|39
35.086|0|4|8|39
4.541|1|4|8|39
35.086|0|4|8|39
0|1|6|8|39
0.161|0|6|8|39
0|1|1|9|39
0.161|0|1|9|39
0|1|2|9|39
0.355|0|2|9|39
0|1|1|0|4
0.355|0|1|0|4
0|1|5|0|4
0.161|0|5|0|4
11.111|1|7|0|4
35.086|0|7|0|4
11.018|1|7|0|4
35.086|0|7|0|4
9.599|1|8|0|4
35.086|0|8|0|4
9.935|1|8|0|4
35.086|0|8|0|4
0|1|2|10|4
0.161|0|2|10|4
0|1|3|10|4
0.161|0|3|10|4
190.056|1|0|11|4
173.861|0|0|11|4
0|1|1|11|4
0.161|0|1|11|4
0|1|3|12|4
0.355|0|3|12|4
20.004|1|4|12|4
11.721|0|4|12|4
20.882|1|7|12|4
11.721|0|7|12|4
213.46|1|10|13|4
173.861|0|10|13|4
95.602|1|13|13|4
173.861|0|13|13|4
0|1|3|13|4
0.161|0|3|13|4
5.564|1|8|13|4
35.086|0|8|13|4
5.125|1|8|13|4
35.086|0|8|13|4
15.24|1|9|13|4
11.721|0|9|13|4
0|1|0|2|4
0.161|0|0|2|4
0|1|1|2|4
0.355|0|1|2|4
19.631|1|2|2|4
11.721|0|2|2|4
3.557|1|0|3|4
35.086|0|0|3|4
4.022|1|0|3|4
35.086|0|0|3|4
29.406|1|1|3|4
11.721|0|1|3|4
0|1|5|3|4
0.161|0|5|3|4
0|1|0|4|4
0.161|0|0|4|4
23.825|1|1|4|4
11.721|0|1|4|4
185.66|1|3|4|4
173.861|0|3|4|4
0|1|8|4|4
0.355|0|8|4|4
0|1|1|5|4
0.161|0|1|5|4
6.586|1|5|5|4
35.086|0|5|5|4
6.126|1|5|5|4
35.086|0|5|5|4
4.813|1|0|6|4
35.086|0|0|6|4
4.581|1|0|6|4
35.086|0|0|6|4
448.167|1|1|7|4
173.863|0|1|7|4
0|1|9|7|4
0.355|0|9|7|4
0|1|2|8|4
0.161|0|2|8|4
0|1|3|8|4
0.355|0|3|8|4
31.11|1|3|9|4
11.721|0|3|9|4
13.222|1|5|9|4
11.721|0|5|9|4
14.459|1|3|0|5
11.721|0|3|0|5
0|1|4|1|5
0.355|0|4|1|5
0|1|0|0|6
0.355|0|0|0|6
215.11|1|4|0|6
173.861|0|4|0|6
0|1|7|1|6
0.355|0|7|1|6
19.602|1|2|2|6
11.721|0|2|2|6
2.662|1|3|2|6
35.086|0|3|2|6
2.796|1|3|2|6
35.086|0|3|2|6
649.262|1|1|3|6
173.864|0|1|3|6
0|1|2|3|6
0.161|0|2|3|6
0|1|8|3|6
0.161|0|8|3|6
0|1|6|0|7
0.161|0|6|0|7
0|1|1|1|7
0.161|0|1|1|7
140.514|1|1|10|7
173.861|0|1|10|7
8.346|1|3|10|7
35.086|0|3|10|7
8.555|1|3|10|7
35.086|0|3|10|7
10.086|1|1|2|7
11.721|0|1|2|7
7.585|1|10|2|7
11.721|0|10|2|7
0|1|5|2|7
0.355|0|5|2|7
17.009|1|9|2|7
35.086|0|9|2|7
17.281|1|9|2|7
35.086|0|9|2|7
0|1|0|3|7
0.161|0|0|3|7
0|1|2|3|7
0.161|0|2|3|7
0|1|4|3|7
0.355|0|4|3|7
0|1|2|4|7
0.355|0|2|4|7
139.483|1|3|4|7
173.861|0|3|4|7
262.38|1|4|4|7
173.862|0|4|4|7
0|1|1|5|7
0.355|0|1|5|7
352.374|1|1|6|7
173.862|0|1|6|7
409.286|1|10|7|7
173.862|0|10|7|7
12.561|1|2|7|7
11.721|0|2|7|7
0|1|5|7|7
0.161|0|5|7|7
14.342|1|6|7|7
35.086|0|6|7|7
14.245|1|6|7|7
35.086|0|6|7|7
6.611|1|3|8|7
35.086|0|3|8|7
6.611|1|3|8|7
35.086|0|3|8|7
15.984|1|4|8|7
11.721|0|4|8|7
0|1|0|9|7
0.161|0|0|9|7
0|1|1|9|7
0.161|0|1|9|7
0|1|7|9|7
0.355|0|7|9|7
15.022|1|0|0|8
11.721|0|0|0|8
12.612|1|1|0|8
35.086|0|1|0|8
12.538|1|1|0|8
35.086|0|1|0|8
10.157|1|4|0|8
35.086|0|4|0|8
9.649|1|4|0|8
35.086|0|4|0|8
0|1|0|1|8
0.355|0|0|1|8
0|1|4|1|8
0.161|0|4|1|8
11.049|1|6|1|8
11.721|0|6|1|8
13.57|1|7|1|8
35.086|0|7|1|8
14.03|1|7|1|8
35.086|0|7|1|8
235.26|1|3|2|8
173.861|0|3|2|8
19.346|1|0|3|8
11.721|0|0|3|8
15.541|1|2|3|8
35.086|0|2|3|8
14.992|1|2|3|8
35.086|0|2|3|8
0|1|0|0|9
0.161|0|0|0|9
0|1|2|0|9
0.161|0|2|0|9
0|1|5|0|9
0.355|0|5|0|9
12.738|1|9|0|9
11.721|0|9|0|9
7.491|1|3|1|9
11.721|0|3|1|9
0|1|6|1|9
0.161|0|6|1|9
174.314|1|9|1|9
173.861|0|9|1|9
0|1|0|2|9
0.355|0|0|2|9
7.623|1|1|2|9
35.086|0|1|2|9
7.511|1|1|2|9
35.086|0|1|2|9
18.039|1|4|2|9
35.086|0|4|2|9
18.163|1|4|2|9
35.086|0|4|2|9
13.615|1|0|3|9
11.721|0|0|3|9
3.116|1|1|3|9
35.086|0|1|3|9
2.772|1|1|3|9
35.086|0|1|3|9
30.341|1|2|3|9
11.721|0|2|3|9
15.749|1|5|3|9
11.721|0|5|3|9
0|1|4|0|0
0.962|0|4|0|0
0|1|9|0|0
3.701|0|9|0|0
0|1|1|1|0
3.216|0|1|1|0
0|1|10|1|0
0.788|0|10|1|0
0|1|11|1|0
2.25|0|11|1|0
0|1|12|1|0
0.788|0|12|1|0
0|1|6|1|0
3.216|0|6|1|0
0|1|7|1|0
0.962|0|7|1|0
0|1|0|10|0
3.216|0|0|10|0
0|1|0|11|0
0.788|0|0|11|0
0|1|1|11|0
0.962|0|1|11|0
0|1|3|11|0
0.962|0|3|11|0
0|1|1|12|0
3.216|0|1|12|0
0|1|4|12|0
0.788|0|4|12|0
0|1|2|13|0
3.701|0|2|13|0
0|1|6|13|0
2.25|0|6|13|0
0|1|8|13|0
2.25|0|8|13|0
0|1|9|13|0
3.216|0|9|13|0
0|1|1|2|0
3.216|0|1|2|0
0|1|4|2|0
3.701|0|4|2|0
0|1|6|2|0
3.216|0|6|2|0
0|1|2|3|0
0.962|0|2|3|0
0|1|0|4|0
0.788|0|0|4|0
0|1|1|4|0
2.25|0|1|4|0
0|1|2|4|0
0.788|0|2|4|0
0|1|0|5|0
3.701|0|0|5|0
0|1|1|5|0
3.701|0|1|5|0
0|1|2|5|0
0.788|0|2|5|0
0|1|12|6|0
3.216|0|12|6|0
0|1|13|6|0
0.962|0|13|6|0
0|1|3|6|0
2.25|0|3|6|0
0|1|7|6|0
0.962|0|7|6|0
0|1|9|6|0
0.788|0|9|6|0
0|1|1|7|0
3.701|0|1|7|0
0|1|2|7|0
3.701|0|2|7|0
0|1|3|7|0
0.962|0|3|7|0
0|1|4|7|0
3.701|0|4|7|0
0|1|5|7|0
0.962|0|5|7|0
0|1|8|7|0
3.216|0|8|7|0
0|1|1|8|0
0.962|0|1|8|0
0|1|3|8|0
0.788|0|3|8|0
0|1|7|8|0
0.962|0|7|8|0
0|1|10|9|0
3.216|0|10|9|0
0|1|11|9|0
0.962|0|11|9|0
0|1|4|9|0
0.788|0|4|9|0
0|1|9|9|0
3.216|0|9|9|0
0|1|2|1|1
3.216|0|2|1|1
0|1|2|2|1
0.962|0|2|2|1
0|1|6|2|1
0.962|0|6|2|1
0|1|1|0|10
3.216|0|1|0|10
0|1|4|0|10
3.216|0|4|0|10
0|1|8|0|10
0.788|0|8|0|10
0|1|1|1|10
3.701|0|1|1|10
0|1|2|1|10
3.216|0|2|1|10
0|1|0|2|10
3.216|0|0|2|10
0|1|1|2|10
0.962|0|1|2|10
0|1|3|3|10
3.216|0|3|3|10
0|1|1|4|10
0.788|0|1|4|10
0|1|5|4|10
3.216|0|5|4|10
0|1|6|4|10
2.25|0|6|4|10
0|1|0|0|11
2.25|0|0|0|11
0|1|10|0|11
3.216|0|10|0|11
0|1|11|0|11
3.216|0|11|0|11
0|1|13|0|11
3.216|0|13|0|11
0|1|3|0|11
3.216|0|3|0|11
0|1|4|0|11
3.216|0|4|0|11
0|1|6|0|11
3.216|0|6|0|11
0|1|8|0|11
0.788|0|8|0|11
0|1|9|0|11
2.25|0|9|0|11
0|1|1|1|11
2.25|0|1|1|11
0|1|2|1|11
3.216|0|2|1|11
0|1|0|2|11
2.25|0|0|2|11
0|1|8|2|11
3.216|0|8|2|11
0|1|1|4|11
2.25|0|1|4|11
0|1|2|5|11
0.962|0|2|5|11
0|1|4|5|11
0.788|0|4|5|11
0|1|3|0|12
3.701|0|3|0|12
0|1|0|1|12
3.216|0|0|1|12
0|1|2|1|12
3.216|0|2|1|12
0|1|1|2|12
3.216|0|1|2|12
0|1|13|2|12
3.216|0|13|2|12
0|1|5|2|12
3.216|0|5|2|12
0|1|7|2|12
0.962|0|7|2|12
0|1|9|2|12
3.701|0|9|2|12
0|1|5|3|12
3.701|0|5|3|12
0|1|6|3|12
0.788|0|6|3|12
0|1|0|0|13
0.788|0|0|0|13
0|1|0|1|13
3.216|0|0|1|13
0|1|10|1|13
2.25|0|10|1|13
0|1|3|1|13
3.701|0|3|1|13
0|1|5|1|13
0.788|0|5|1|13
0|1|8|1|13
0.788|0|8|1|13
0|1|0|0|14
2.25|0|0|0|14
0|1|1|0|14
3.701|0|1|0|14
0|1|0|1|14
3.701|0|0|1|14
0|1|1|1|14
2.25|0|1|1|14
0|1|2|1|14
3.216|0|2|1|14
0|1|0|10|14
3.216|0|0|10|14
0|1|2|10|14
3.701|0|2|10|14
0|1|4|10|14
0.788|0|4|10|14
0|1|6|10|14
2.25|0|6|10|14
0|1|7|10|14
3.701|0|7|10|14
0|1|2|11|14
3.216|0|2|11|14
0|1|3|11|14
0.962|0|3|11|14
0|1|1|12|14
3.216|0|1|12|14
0|1|2|12|14
3.701|0|2|12|14
0|1|3|12|14
3.216|0|3|12|14
0|1|8|12|14
3.701|0|8|12|14
0|1|9|12|14
0.788|0|9|12|14
0|1|0|13|14
0.788|0|0|13|14
0|1|2|13|14
2.25|0|2|13|14
0|1|4|13|14
3.216|0|4|13|14
0|1|0|14|14
0.962|0|0|14|14
0|1|2|14|14
2.25|0|2|14|14
0|1|5|14|14
3.216|0|5|14|14
0|1|7|14|14
0.962|0|7|14|14
0|1|2|15|14
3.216|0|2|15|14
0|1|8|15|14
2.25|0|8|15|14
0|1|0|16|14
2.25|0|0|16|14
0|1|2|16|14
2.25|0|2|16|14
0|1|2|2|14
0.962|0|2|2|14
0|1|4|2|14
0.788|0|4|2|14
0|1|2|3|14
3.701|0|2|3|14
0|1|3|3|14
2.25|0|3|3|14
0|1|0|4|14
3.216|0|0|4|14
0|1|0|5|14
3.216|0|0|5|14
0|1|2|5|14
2.25|0|2|5|14
0|1|4|5|14
2.25|0|4|5|14
0|1|0|6|14
0.962|0|0|6|14
0|1|1|6|14
3.216|0|1|6|14
0|1|2|6|14
3.216|0|2|6|14
0|1|4|6|14
3.216|0|4|6|14
0|1|5|6|14
0.788|0|5|6|14
0|1|6|6|14
3.216|0|6|6|14
0|1|2|7|14
0.788|0|2|7|14
0|1|4|7|14
3.216|0|4|7|14
0|1|0|8|14
3.216|0|0|8|14
0|1|1|9|14
3.216|0|1|9|14
0|1|10|9|14
2.25|0|10|9|14
0|1|2|9|14
3.216|0|2|9|14
0|1|5|9|14
3.701|0|5|9|14
0|1|9|9|14
3.216|0|9|9|14
0|1|12|0|15
3.216|0|12|0|15
0|1|13|0|15
3.701|0|13|0|15
0|1|4|0|15
3.216|0|4|0|15
0|1|8|0|15
3.216|0|8|0|15
0|1|9|0|15
0.788|0|9|0|15
0|1|0|1|15
3.216|0|0|1|15
0|1|1|2|15
2.25|0|1|2|15
0|1|12|2|15
0.962|0|12|2|15
0|1|13|2|15
3.216|0|13|2|15
0|1|2|2|15
2.25|0|2|2|15
0|1|3|2|15
2.25|0|3|2|15
0|1|4|2|15
3.701|0|4|2|15
0|1|6|2|15
3.701|0|6|2|15
0|1|7|2|15
2.25|0|7|2|15
0|1|8|2|15
3.216|0|8|2|15
0|1|1|3|15
2.25|0|1|3|15
0|1|4|3|15
3.216|0|4|3|15
0|1|6|3|15
0.788|0|6|3|15
0|1|11|0|16
3.701|0|11|0|16
0|1|12|0|16
0.788|0|12|0|16
0|1|4|0|16
0.962|0|4|0|16
0|1|6|0|16
3.216|0|6|0|16
0|1|0|1|16
0.788|0|0|1|16
0|1|3|1|16
0.788|0|3|1|16
0|1|4|1|16
3.216|0|4|1|16
0|1|5|1|16
0.962|0|5|1|16
0|1|6|1|16
0.962|0|6|1|16
0|1|8|1|16
2.25|0|8|1|16
0|1|9|1|16
3.701|0|9|1|16
0|1|0|10|16
3.701|0|0|10|16
0|1|1|10|16
0.962|0|1|10|16
0|1|5|10|16
0.962|0|5|10|16
0|1|6|10|16
3.216|0|6|10|16
0|1|7|10|16
2.25|0|7|10|16
0|1|0|2|16
0.788|0|0|2|16
0|1|1|2|16
3.216|0|1|2|16
0|1|2|2|16
3.216|0|2|2|16
0|1|3|2|16
3.216|0|3|2|16
0|1|3|3|16
0.962|0|3|3|16
0|1|0|4|16
0.788|0|0|4|16
0|1|5|4|16
3.216|0|5|4|16
0|1|6|4|16
3.216|0|6|4|16
0|1|2|5|16
2.25|0|2|5|16
0|1|3|5|16
3.216|0|3|5|16
0|1|4|5|16
3.701|0|4|5|16
0|1|6|5|16
3.701|0|6|5|16
0|1|0|6|16
3.216|0|0|6|16
0|1|2|6|16
3.701|0|2|6|16
0|1|0|7|16
3.701|0|0|7|16
0|1|1|7|16
3.216|0|1|7|16
0|1|12|8|16
3.216|0|12|8|16
0|1|13|8|16
3.216|0|13|8|16
0|1|2|8|16
3.216|0|2|8|16
0|1|3|8|16
2.25|0|3|8|16
0|1|4|8|16
2.25|0|4|8|16
0|1|8|8|16
3.701|0|8|8|16
0|1|9|8|16
3.216|0|9|8|16
0|1|4|9|16
3.216|0|4|9|16
0|1|5|9|16
0.788|0|5|9|16
0|1|0|0|17
0.788|0|0|0|17
0|1|1|0|17
0.788|0|1|0|17
0|1|4|0|17
3.216|0|4|0|17
0|1|1|1|17
2.25|0|1|1|17
0|1|6|1|17
3.701|0|6|1|17
0|1|7|1|17
3.216|0|7|1|17
0|1|1|0|18
3.216|0|1|0|18
0|1|2|0|18
2.25|0|2|0|18
0|1|0|1|18
0.788|0|0|1|18
0|1|2|1|18
3.216|0|2|1|18
0|1|4|1|18
2.25|0|4|1|18
0|1|1|2|18
0.788|0|1|2|18
0|1|2|2|18
3.216|0|2|2|18
0|1|3|2|18
2.25|0|3|2|18
0|1|0|3|18
0.962|0|0|3|18
0|1|1|3|18
0.962|0|1|3|18
0|1|2|3|18
3.701|0|2|3|18
0|1|3|3|18
3.701|0|3|3|18
0|1|7|3|18
0.962|0|7|3|18
0|1|9|3|18
0.788|0|9|3|18
0|1|0|4|18
2.25|0|0|4|18
0|1|4|4|18
0.962|0|4|4|18
0|1|7|4|18
3.216|0|7|4|18
0|1|0|0|19
3.216|0|0|0|19
0|1|3|0|19
3.216|0|3|0|19
0|1|4|0|19
3.216|0|4|0|19
0|1|5|0|19
3.701|0|5|0|19
0|1|6|0|19
0.788|0|6|0|19
0|1|0|0|2
0.788|0|0|0|2
0|1|11|0|2
0.962|0|11|0|2
0|1|3|0|2
3.216|0|3|0|2
0|1|4|0|2
3.216|0|4|0|2
0|1|5|0|2
3.701|0|5|0|2
0|1|9|0|2
2.25|0|9|0|2
0|1|1|2|2
3.216|0|1|2|2
0|1|6|2|2
3.216|0|6|2|2
0|1|8|2|2
3.216|0|8|2|2
0|1|3|3|2
3.216|0|3|3|2
0|1|4|3|2
2.25|0|4|3|2
0|1|5|3|2
3.216|0|5|3|2
0|1|6|3|2
0.788|0|6|3|2
0|1|7|3|2
0.962|0|7|3|2
0|1|8|3|2
3.216|0|8|3|2
0|1|9|3|2
0.788|0|9|3|2
0|1|2|4|2
3.216|0|2|4|2
0|1|4|4|2
3.701|0|4|4|2
0|1|1|5|2
3.216|0|1|5|2
0|1|11|5|2
2.25|0|11|5|2
0|1|6|5|2
0.788|0|6|5|2
0|1|9|5|2
0.962|0|9|5|2
0|1|1|0|20
0.788|0|1|0|20
0|1|2|0|20
2.25|0|2|0|20
0|1|4|0|20
0.788|0|4|0|20
0|1|1|1|20
0.788|0|1|1|20
0|1|4|1|20
0.962|0|4|1|20
0|1|5|1|20
0.788|0|5|1|20
0|1|0|2|20
3.216|0|0|2|20
0|1|1|2|20
0.962|0|1|2|20
0|1|2|2|20
3.216|0|2|2|20
0|1|4|2|20
0.788|0|4|2|20
0|1|5|2|20
0.788|0|5|2|20
0|1|6|2|20
3.216|0|6|2|20
0|1|1|3|20
3.216|0|1|3|20
0|1|1|4|20
0.962|0|1|4|20
0|1|8|4|20
0.788|0|8|4|20
0|1|0|5|20
3.216|0|0|5|20
0|1|2|5|20
0.788|0|2|5|20
0|1|3|5|20
3.701|0|3|5|20
0|1|4|5|20
2.25|0|4|5|20
0|1|5|5|20
2.25|0|5|5|20
0|1|7|5|20
0.788|0|7|5|20
0|1|3|6|20
3.216|0|3|6|20
0|1|8|6|20
0.962|0|8|6|20
0|1|0|7|20
0.788|0|0|7|20
0|1|1|7|20
0.962|0|1|7|20
0|1|2|7|20
3.701|0|2|7|20
0|1|4|7|20
0.962|0|4|7|20
0|1|5|7|20
3.216|0|5|7|20
0|1|7|7|20
3.216|0|7|7|20
0|1|8|7|20
0.788|0|8|7|20
0|1|0|1|21
3.216|0|0|1|21
0|1|1|1|21
3.701|0|1|1|21
0|1|1|10|21
3.216|0|1|10|21
0|1|11|10|21
3.216|0|11|10|21
0|1|12|10|21
3.216|0|12|10|21
0|1|2|10|21
0.962|0|2|10|21
0|1|3|10|21
3.216|0|3|10|21
0|1|5|10|21
3.701|0|5|10|21
0|1|0|11|21
2.25|0|0|11|21
0|1|1|11|21
2.25|0|1|11|21
0|1|2|11|21
2.25|0|2|11|21
0|1|3|11|21
3.216|0|3|11|21
0|1|5|11|21
3.701|0|5|11|21
0|1|7|11|21
0.788|0|7|11|21
0|1|0|13|21
0.962|0|0|13|21
0|1|1|13|21
0.962|0|1|13|21
0|1|11|13|21
2.25|0|11|13|21
0|1|12|13|21
3.701|0|12|13|21
0|1|3|13|21
0.962|0|3|13|21
0|1|5|13|21
3.701|0|5|13|21
0|1|6|13|21
2.25|0|6|13|21
0|1|7|13|21
0.962|0|7|13|21
0|1|9|13|21
3.216|0|9|13|21
0|1|4|2|21
3.216|0|4|2|21
0|1|1|3|21
0.962|0|1|3|21
0|1|12|3|21
2.25|0|12|3|21
0|1|13|3|21
2.25|0|13|3|21
0|1|4|3|21
3.216|0|4|3|21
0|1|9|3|21
3.216|0|9|3|21
0|1|0|4|21
2.25|0|0|4|21
0|1|13|4|21
0.962|0|13|4|21
0|1|3|4|21
2.25|0|3|4|21
0|1|4|4|21
0.788|0|4|4|21
0|1|5|4|21
2.25|0|5|4|21
0|1|0|5|21
3.216|0|0|5|21
0|1|1|5|21
2.25|0|1|5|21
0|1|2|5|21
0.788|0|2|5|21
0|1|4|6|21
0.788|0|4|6|21
0|1|7|6|21
3.216|0|7|6|21
0|1|0|7|21
0.962|0|0|7|21
0|1|2|7|21
0.962|0|2|7|21
0|1|3|7|21
2.25|0|3|7|21
0|1|10|8|21
0.788|0|10|8|21
0|1|11|8|21
0.788|0|11|8|21
0|1|3|8|21
0.962|0|3|8|21
0|1|6|8|21
0.788|0|6|8|21
0|1|9|8|21
0.788|0|9|8|21
0|1|1|9|21
3.216|0|1|9|21
0|1|10|9|21
3.216|0|10|9|21
0|1|11|9|21
2.25|0|11|9|21
0|1|12|9|21
3.216|0|12|9|21
0|1|13|9|21
2.25|0|13|9|21
0|1|2|9|21
3.701|0|2|9|21
0|1|3|9|21
3.216|0|3|9|21
0|1|7|9|21
0.788|0|7|9|21
0|1|9|9|21
0.962|0|9|9|21
0|1|0|0|22
0.788|0|0|0|22
0|1|1|0|22
0.962|0|1|0|22
0|1|3|0|22
3.701|0|3|0|22
0|1|4|0|22
0.962|0|4|0|22
0|1|6|0|22
0.788|0|6|0|22
0|1|0|1|22
3.701|0|0|1|22
0|1|2|1|22
3.701|0|2|1|22
0|1|11|2|22
0.788|0|11|2|22
0|1|5|2|22
0.788|0|5|2|22
0|1|8|2|22
0.788|0|8|2|22
0|1|9|2|22
3.701|0|9|2|22
0|1|1|3|22
2.25|0|1|3|22
0|1|5|3|22
0.962|0|5|3|22
0|1|6|3|22
3.701|0|6|3|22
0|1|7|3|22
2.25|0|7|3|22
0|1|1|0|23
0.788|0|1|0|23
0|1|2|0|23
3.701|0|2|0|23
0|1|0|1|23
0.788|0|0|1|23
0|1|3|1|23
3.216|0|3|1|23
0|1|5|1|23
2.25|0|5|1|23
0|1|0|3|23
3.216|0|0|3|23
0|1|1|3|23
0.788|0|1|3|23
0|1|3|3|23
0.962|0|3|3|23
0|1|5|3|23
3.216|0|5|3|23
0|1|6|3|23
0.788|0|6|3|23
0|1|1|0|24
2.25|0|1|0|24
0|1|12|0|24
0.962|0|12|0|24
0|1|3|0|24
3.216|0|3|0|24
0|1|5|0|24
3.216|0|5|0|24
0|1|1|1|24
3.216|0|1|1|24
0|1|3|1|24
2.25|0|3|1|24
0|1|0|2|24
0.788|0|0|2|24
0|1|1|2|24
0.962|0|1|2|24
0|1|2|2|24
0.962|0|2|2|24
0|1|1|3|24
3.216|0|1|3|24
0|1|4|3|24
2.25|0|4|3|24
0|1|7|3|24
3.216|0|7|3|24
0|1|8|3|24
2.25|0|8|3|24
0|1|0|4|24
3.701|0|0|4|24
0|1|3|4|24
0.788|0|3|4|24
0|1|0|5|24
0.962|0|0|5|24
0|1|4|6|24
0.788|0|4|6|24
0|1|0|7|24
3.216|0|0|7|24
0|1|4|7|24
3.216|0|4|7|24
0|1|5|7|24
3.216|0|5|7|24
0|1|0|0|25
0.962|0|0|0|25
0|1|1|0|25
3.701|0|1|0|25
0|1|2|0|25
3.701|0|2|0|25
0|1|3|0|25
3.216|0|3|0|25
0|1|4|0|25
3.216|0|4|0|25
0|1|6|0|25
0.962|0|6|0|25
0|1|0|1|25
3.216|0|0|1|25
0|1|10|1|25
3.216|0|10|1|25
0|1|11|1|25
3.216|0|11|1|25
0|1|2|1|25
2.25|0|2|1|25
0|1|3|1|25
3.216|0|3|1|25
0|1|4|1|25
0.788|0|4|1|25
0|1|5|1|25
2.25|0|5|1|25
0|1|9|1|25
0.962|0|9|1|25
0|1|0|2|25
0.962|0|0|2|25
0|1|2|2|25
3.216|0|2|2|25
0|1|3|2|25
3.216|0|3|2|25
0|1|2|3|25
0.962|0|2|3|25
0|1|3|3|25
3.216|0|3|3|25
0|1|5|3|25
3.216|0|5|3|25
0|1|1|4|25
0.962|0|1|4|25
0|1|10|4|25
0.962|0|10|4|25
0|1|2|4|25
0.962|0|2|4|25
0|1|6|4|25
0.962|0|6|4|25
0|1|8|4|25
3.216|0|8|4|25
0|1|9|4|25
2.25|0|9|4|25
0|1|1|5|25
3.216|0|1|5|25
0|1|1|0|26
3.216|0|1|0|26
0|1|3|0|26
3.216|0|3|0|26
0|1|2|1|26
0.962|0|2|1|26
0|1|3|2|26
2.25|0|3|2|26
0|1|5|2|26
3.216|0|5|2|26
0|1|0|3|26
3.216|0|0|3|26
0|1|10|3|26
2.25|0|10|3|26
0|1|2|3|26
0.788|0|2|3|26
0|1|0|4|26
0.788|0|0|4|26
0|1|1|4|26
0.962|0|1|4|26
0|1|10|4|26
3.701|0|10|4|26
0|1|13|4|26
0.962|0|13|4|26
0|1|5|4|26
0.788|0|5|4|26
0|1|6|4|26
3.216|0|6|4|26
0|1|8|4|26
0.788|0|8|4|26
0|1|0|5|26
3.216|0|0|5|26
0|1|3|5|26
3.216|0|3|5|26
0|1|4|5|26
3.701|0|4|5|26
0|1|6|5|26
0.788|0|6|5|26
0|1|8|5|26
2.25|0|8|5|26
0|1|2|0|27
3.216|0|2|0|27
0|1|0|1|27
2.25|0|0|1|27
0|1|3|1|27
0.962|0|3|1|27
0|1|6|1|27
0.962|0|6|1|27
0|1|0|2|27
0.788|0|0|2|27
0|1|1|2|27
0.962|0|1|2|27
0|1|2|3|27
3.216|0|2|3|27
0|1|0|4|27
3.216|0|0|4|27
0|1|1|4|27
0.788|0|1|4|27
0|1|3|4|27
0.788|0|3|4|27
0|1|4|4|27
2.25|0|4|4|27
0|1|0|5|27
0.788|0|0|5|27
0|1|1|5|27
0.788|0|1|5|27
0|1|2|5|27
2.25|0|2|5|27
0|1|4|5|27
3.216|0|4|5|27
0|1|6|5|27
3.216|0|6|5|27
0|1|7|5|27
0.788|0|7|5|27
0|1|9|5|27
3.701|0|9|5|27
0|1|1|6|27
3.701|0|1|6|27
0|1|2|6|27
3.216|0|2|6|27
0|1|6|6|27
3.216|0|6|6|27
0|1|0|7|27
0.788|0|0|7|27
0|1|2|7|27
3.216|0|2|7|27
0|1|3|7|27
0.788|0|3|7|27
0|1|5|7|27
3.216|0|5|7|27
0|1|2|8|27
2.25|0|2|8|27
0|1|3|8|27
3.216|0|3|8|27
0|1|1|9|27
3.216|0|1|9|27
0|1|2|9|27
3.216|0|2|9|27
0|1|6|9|27
3.701|0|6|9|27
0|1|10|0|28
3.216|0|10|0|28
0|1|2|0|28
3.701|0|2|0|28
0|1|4|0|28
2.25|0|4|0|28
0|1|5|0|28
3.701|0|5|0|28
0|1|7|0|28
2.25|0|7|0|28
0|1|8|0|28
3.216|0|8|0|28
0|1|0|1|28
0.788|0|0|1|28
0|1|1|1|28
3.216|0|1|1|28
0|1|2|1|28
3.701|0|2|1|28
0|1|5|1|28
3.216|0|5|1|28
0|1|6|1|28
0.788|0|6|1|28
0|1|7|1|28
3.216|0|7|1|28
0|1|0|10|28
0.962|0|0|10|28
0|1|3|10|28
0.788|0|3|10|28
0|1|4|10|28
3.216|0|4|10|28
0|1|5|10|28
0.962|0|5|10|28
0|1|0|11|28
3.216|0|0|11|28
0|1|1|11|28
0.962|0|1|11|28
0|1|3|11|28
3.216|0|3|11|28
0|1|4|11|28
0.962|0|4|11|28
0|1|6|12|28
3.701|0|6|12|28
0|1|0|13|28
2.25|0|0|13|28
0|1|2|13|28
0.788|0|2|13|28
0|1|5|13|28
3.216|0|5|13|28
0|1|6|13|28
3.216|0|6|13|28
0|1|1|14|28
3.216|0|1|14|28
0|1|4|14|28
3.216|0|4|14|28
0|1|7|14|28
0.962|0|7|14|28
0|1|3|15|28
2.25|0|3|15|28
0|1|6|15|28
0.962|0|6|15|28
0|1|7|15|28
2.25|0|7|15|28
0|1|9|15|28
0.788|0|9|15|28
0|1|4|16|28
3.216|0|4|16|28
0|1|1|17|28
3.216|0|1|17|28
0|1|2|17|28
3.701|0|2|17|28
0|1|2|2|28
3.216|0|2|2|28
0|1|3|2|28
3.701|0|3|2|28
0|1|5|2|28
2.25|0|5|2|28
0|1|4|3|28
0.788|0|4|3|28
0|1|0|4|28
3.216|0|0|4|28
0|1|13|4|28
2.25|0|13|4|28
0|1|2|4|28
0.962|0|2|4|28
0|1|8|4|28
3.216|0|8|4|28
0|1|9|4|28
0.962|0|9|4|28
0|1|1|5|28
0.788|0|1|5|28
0|1|3|5|28
3.216|0|3|5|28
0|1|0|6|28
0.788|0|0|6|28
0|1|10|6|28
0.962|0|10|6|28
0|1|2|6|28
2.25|0|2|6|28
0|1|5|6|28
2.25|0|5|6|28
0|1|7|6|28
3.701|0|7|6|28
0|1|0|7|28
0.962|0|0|7|28
0|1|1|7|28
3.216|0|1|7|28
0|1|2|7|28
3.216|0|2|7|28
0|1|3|7|28
3.216|0|3|7|28
0|1|1|8|28
2.25|0|1|8|28
0|1|2|8|28
0.962|0|2|8|28
0|1|0|9|28
2.25|0|0|9|28
0|1|13|9|28
0.788|0|13|9|28
0|1|4|9|28
3.216|0|4|9|28
0|1|6|9|28
0.788|0|6|9|28
0|1|8|9|28
0.788|0|8|9|28
0|1|11|0|29
3.701|0|11|0|29
0|1|12|0|29
3.216|0|12|0|29
0|1|3|0|29
3.216|0|3|0|29
0|1|4|0|29
3.216|0|4|0|29
0|1|7|0|29
0.962|0|7|0|29
0|1|8|0|29
2.25|0|8|0|29
0|1|9|0|29
3.701|0|9|0|29
0|1|1|2|29
2.25|0|1|2|29
0|1|1|0|3
3.216|0|1|0|3
0|1|12|0|3
3.216|0|12|0|3
0|1|1|1|3
3.701|0|1|1|3
0|1|2|1|3
3.701|0|2|1|3
0|1|3|1|3
2.25|0|3|1|3
0|1|5|1|3
3.216|0|5|1|3
0|1|0|2|3
3.216|0|0|2|3
0|1|1|2|3
0.962|0|1|2|3
0|1|2|2|3
0.962|0|2|2|3
0|1|4|2|3
3.701|0|4|2|3
0|1|5|2|3
3.701|0|5|2|3
0|1|0|3|3
3.216|0|0|3|3
0|1|4|3|3
2.25|0|4|3|3
0|1|6|3|3
3.216|0|6|3|3
0|1|7|3|3
3.701|0|7|3|3
0|1|9|3|3
3.216|0|9|3|3
0|1|1|0|30
3.216|0|1|0|30
0|1|2|0|30
3.216|0|2|0|30
0|1|3|0|30
3.216|0|3|0|30
0|1|1|1|30
3.216|0|1|1|30
0|1|2|1|30
0.788|0|2|1|30
0|1|3|1|30
0.788|0|3|1|30
0|1|0|0|31
3.216|0|0|0|31
0|1|1|0|31
0.788|0|1|0|31
0|1|3|0|31
3.216|0|3|0|31
0|1|5|0|31
0.962|0|5|0|31
0|1|6|0|31
0.788|0|6|0|31
0|1|1|0|32
3.216|0|1|0|32
0|1|5|0|32
3.216|0|5|0|32
0|1|9|0|32
0.788|0|9|0|32
0|1|2|11|32
3.216|0|2|11|32
0|1|3|11|32
0.788|0|3|11|32
0|1|4|11|32
0.788|0|4|11|32
0|1|6|11|32
3.216|0|6|11|32
0|1|7|11|32
0.962|0|7|11|32
0|1|0|12|32
2.25|0|0|12|32
0|1|1|12|32
0.962|0|1|12|32
0|1|4|12|32
3.216|0|4|12|32
0|1|5|12|32
3.216|0|5|12|32
0|1|6|12|32
0.788|0|6|12|32
0|1|7|12|32
3.216|0|7|12|32
0|1|0|13|32
0.788|0|0|13|32
0|1|1|13|32
2.25|0|1|13|32
0|1|10|13|32
3.701|0|10|13|32
0|1|12|13|32
3.216|0|12|13|32
0|1|4|13|32
3.216|0|4|13|32
0|1|5|13|32
3.216|0|5|13|32
0|1|9|13|32
0.962|0|9|13|32
0|1|0|2|32
0.788|0|0|2|32
0|1|4|2|32
0.788|0|4|2|32
0|1|5|2|32
2.25|0|5|2|32
0|1|6|2|32
0.788|0|6|2|32
0|1|0|3|32
2.25|0|0|3|32
0|1|1|4|32
0.788|0|1|4|32
0|1|11|4|32
3.216|0|11|4|32
0|1|12|4|32
3.216|0|12|4|32
0|1|13|4|32
3.216|0|13|4|32
0|1|4|4|32
0.788|0|4|4|32
0|1|5|4|32
2.25|0|5|4|32
0|1|8|4|32
3.701|0|8|4|32
0|1|9|4|32
3.216|0|9|4|32
0|1|0|5|32
3.216|0|0|5|32
0|1|1|5|32
2.25|0|1|5|32
0|1|12|5|32
0.788|0|12|5|32
0|1|2|5|32
0.962|0|2|5|32
0|1|3|5|32
3.216|0|3|5|32
0|1|4|5|32
3.701|0|4|5|32
0|1|8|5|32
3.216|0|8|5|32
0|1|9|5|32
3.701|0|9|5|32
0|1|0|6|32
3.701|0|0|6|32
0|1|1|6|32
3.216|0|1|6|32
0|1|2|6|32
3.701|0|2|6|32
0|1|4|6|32
2.25|0|4|6|32
0|1|8|6|32
3.216|0|8|6|32
0|1|2|7|32
3.216|0|2|7|32
0|1|7|7|32
3.216|0|7|7|32
0|1|5|9|32
3.701|0|5|9|32
0|1|1|0|33
3.216|0|1|0|33
0|1|0|1|33
3.216|0|0|1|33
0|1|13|1|33
3.701|0|13|1|33
0|1|2|1|33
0.962|0|2|1|33
0|1|7|1|33
2.25|0|7|1|33
0|1|9|1|33
0.788|0|9|1|33
0|1|0|10|33
3.216|0|0|10|33
0|1|2|10|33
3.701|0|2|10|33
0|1|4|10|33
0.788|0|4|10|33
0|1|2|11|33
3.216|0|2|11|33
0|1|4|11|33
2.25|0|4|11|33
0|1|6|11|33
3.216|0|6|11|33
0|1|0|2|33
2.25|0|0|2|33
0|1|1|2|33
0.788|0|1|2|33
0|1|2|2|33
3.216|0|2|2|33
0|1|4|2|33
0.788|0|4|2|33
0|1|5|2|33
3.701|0|5|2|33
0|1|4|3|33
2.25|0|4|3|33
0|1|1|4|33
0.962|0|1|4|33
0|1|10|4|33
2.25|0|10|4|33
0|1|12|4|33
0.962|0|12|4|33
0|1|4|4|33
3.216|0|4|4|33
0|1|7|4|33
3.216|0|7|4|33
0|1|8|4|33
0.788|0|8|4|33
0|1|9|4|33
0.962|0|9|4|33
0|1|0|5|33
0.788|0|0|5|33
0|1|3|5|33
0.962|0|3|5|33
0|1|7|5|33
0.788|0|7|5|33
0|1|0|6|33
3.216|0|0|6|33
0|1|1|7|33
0.962|0|1|7|33
0|1|4|7|33
0.962|0|4|7|33
0|1|5|7|33
0.962|0|5|7|33
0|1|6|7|33
3.216|0|6|7|33
0|1|1|8|33
0.788|0|1|8|33
0|1|2|8|33
0.962|0|2|8|33
0|1|3|8|33
2.25|0|3|8|33
0|1|4|8|33
3.216|0|4|8|33
0|1|6|8|33
3.701|0|6|8|33
0|1|4|9|33
0.962|0|4|9|33
0|1|6|9|33
0.962|0|6|9|33
0|1|8|9|33
3.216|0|8|9|33
0|1|0|0|34
3.701|0|0|0|34
0|1|1|0|34
0.962|0|1|0|34
0|1|0|1|34
3.216|0|0|1|34
0|1|1|3|34
3.701|0|1|3|34
0|1|0|4|34
0.962|0|0|4|34
0|1|2|5|34
3.216|0|2|5|34
0|1|10|0|35
0.788|0|10|0|35
0|1|12|0|35
2.25|0|12|0|35
0|1|3|0|35
2.25|0|3|0|35
0|1|4|0|35
0.788|0|4|0|35
0|1|5|0|35
0.788|0|5|0|35
0|1|9|0|35
0.962|0|9|0|35
0|1|0|1|35
0.788|0|0|1|35
0|1|2|1|35
0.962|0|2|1|35
0|1|3|1|35
2.25|0|3|1|35
0|1|0|2|35
0.962|0|0|2|35
0|1|1|2|35
0.788|0|1|2|35
0|1|10|2|35
2.25|0|10|2|35
0|1|11|2|35
2.25|0|11|2|35
0|1|2|2|35
0.788|0|2|2|35
0|1|3|2|35
3.701|0|3|2|35
0|1|7|2|35
2.25|0|7|2|35
0|1|1|3|35
3.701|0|1|3|35
0|1|2|3|35
3.216|0|2|3|35
0|1|2|0|36
3.701|0|2|0|36
0|1|5|0|36
0.788|0|5|0|36
0|1|6|0|36
0.962|0|6|0|36
0|1|9|0|36
3.216|0|9|0|36
0|1|0|1|36
3.216|0|0|1|36
0|1|10|1|36
0.788|0|10|1|36
0|1|11|1|36
3.701|0|11|1|36
0|1|12|1|36
0.962|0|12|1|36
0|1|3|1|36
0.788|0|3|1|36
0|1|6|1|36
0.962|0|6|1|36
0|1|3|2|36
0.788|0|3|2|36
0|1|0|3|36
0.962|0|0|3|36
0|1|1|3|36
3.216|0|1|3|36
0|1|2|3|36
3.701|0|2|3|36
0|1|3|3|36
2.25|0|3|3|36
0|1|0|4|36
3.216|0|0|4|36
0|1|0|5|36
3.216|0|0|5|36
0|1|4|5|36
0.962|0|4|5|36
0|1|7|5|36
0.788|0|7|5|36
0|1|8|5|36
0.788|0|8|5|36
0|1|0|6|36
2.25|0|0|6|36
0|1|2|6|36
3.701|0|2|6|36
0|1|3|6|36
0.788|0|3|6|36
0|1|6|6|36
2.25|0|6|6|36
0|1|8|6|36
0.788|0|8|6|36
0|1|1|0|37
0.962|0|1|0|37
0|1|2|0|37
3.701|0|2|0|37
0|1|3|1|37
0.788|0|3|1|37
0|1|4|1|37
0.962|0|4|1|37
0|1|0|2|37
0.962|0|0|2|37
0|1|1|2|37
2.25|0|1|2|37
0|1|13|2|37
3.216|0|13|2|37
0|1|2|2|37
0.962|0|2|2|37
0|1|3|2|37
2.25|0|3|2|37
0|1|4|2|37
3.216|0|4|2|37
0|1|6|2|37
3.701|0|6|2|37
0|1|7|2|37
0.788|0|7|2|37
0|1|1|3|37
2.25|0|1|3|37
0|1|0|4|37
2.25|0|0|4|37
0|1|2|4|37
0.788|0|2|4|37
0|1|3|4|37
0.962|0|3|4|37
0|1|7|4|37
3.701|0|7|4|37
0|1|8|4|37
3.216|0|8|4|37
0|1|11|5|37
3.216|0|11|5|37
0|1|12|5|37
3.216|0|12|5|37
0|1|3|5|37
3.701|0|3|5|37
0|1|4|5|37
0.788|0|4|5|37
0|1|6|5|37
3.216|0|6|5|37
0|1|8|5|37
3.216|0|8|5|37
0|1|9|5|37
3.701|0|9|5|37
0|1|0|6|37
3.701|0|0|6|37
0|1|5|6|37
3.701|0|5|6|37
0|1|6|6|37
3.216|0|6|6|37
0|1|10|7|37
2.25|0|10|7|37
0|1|12|7|37
0.962|0|12|7|37
0|1|2|7|37
0.788|0|2|7|37
0|1|4|7|37
2.25|0|4|7|37
0|1|5|7|37
3.216|0|5|7|37
0|1|7|7|37
3.701|0|7|7|37
0|1|0|1|38
3.216|0|0|1|38
0|1|1|1|38
3.216|0|1|1|38
0|1|4|1|38
0.962|0|4|1|38
0|1|0|10|38
3.216|0|0|10|38
0|1|2|10|38
2.25|0|2|10|38
0|1|3|10|38
2.25|0|3|10|38
0|1|0|2|38
2.25|0|0|2|38
0|1|1|2|38
3.701|0|1|2|38
0|1|2|2|38
3.216|0|2|2|38
0|1|1|4|38
2.25|0|1|4|38
0|1|1|5|38
0.788|0|1|5|38
0|1|1|6|38
3.701|0|1|6|38
0|1|2|6|38
3.216|0|2|6|38
0|1|3|6|38
0.962|0|3|6|38
0|1|0|7|38
0.962|0|0|7|38
0|1|1|7|38
3.216|0|1|7|38
0|1|0|8|38
3.701|0|0|8|38
0|1|1|9|38
3.216|0|1|9|38
0|1|3|9|38
3.701|0|3|9|38
0|1|4|9|38
0.788|0|4|9|38
0|1|5|9|38
3.216|0|5|9|38
0|1|0|0|39
0.962|0|0|0|39
0|1|1|0|39
3.701|0|1|0|39
0|1|2|0|39
3.216|0|2|0|39
0|1|0|1|39
2.25|0|0|1|39
0|1|2|1|39
2.25|0|2|1|39
0|1|4|1|39
0.788|0|4|1|39
0|1|6|1|39
3.701|0|6|1|39
0|1|7|1|39
2.25|0|7|1|39
0|1|0|11|39
3.701|0|0|11|39
0|1|12|11|39
0.962|0|12|11|39
0|1|5|11|39
0.962|0|5|11|39
0|1|6|11|39
3.216|0|6|11|39
0|1|7|11|39
3.216|0|7|11|39
0|1|8|11|39
0.788|0|8|11|39
0|1|9|11|39
3.701|0|9|11|39
0|1|0|12|39
3.216|0|0|12|39
0|1|2|12|39
0.962|0|2|12|39
0|1|3|12|39
3.216|0|3|12|39
0|1|0|13|39
3.216|0|0|13|39
0|1|10|13|39
2.25|0|10|13|39
0|1|11|13|39
2.25|0|11|13|39
0|1|12|13|39
3.701|0|12|13|39
0|1|13|13|39
0.788|0|13|13|39
0|1|2|13|39
3.701|0|2|13|39
0|1|5|13|39
3.701|0|5|13|39
0|1|6|13|39
3.701|0|6|13|39
0|1|7|13|39
0.962|0|7|13|39
0|1|9|13|39
3.216|0|9|13|39
0|1|0|14|39
3.216|0|0|14|39
0|1|1|14|39
0.962|0|1|14|39
0|1|3|14|39
3.216|0|3|14|39
0|1|4|14|39
2.25|0|4|14|39
0|1|5|14|39
0.788|0|5|14|39
0|1|6|14|39
2.25|0|6|14|39
0|1|7|2|39
3.216|0|7|2|39
0|1|0|3|39
0.788|0|0|3|39
0|1|1|3|39
2.25|0|1|3|39
0|1|2|3|39
3.216|0|2|3|39
0|1|0|4|39
3.216|0|0|4|39
0|1|1|4|39
0.962|0|1|4|39
0|1|2|4|39
2.25|0|2|4|39
0|1|0|5|39
3.216|0|0|5|39
0|1|1|5|39
0.788|0|1|5|39
0|1|3|5|39
3.216|0|3|5|39
0|1|4|5|39
0.788|0|4|5|39
0|1|5|5|39
3.216|0|5|5|39
0|1|7|5|39
3.216|0|7|5|39
0|1|0|6|39
0.788|0|0|6|39
0|1|1|6|39
0.788|0|1|6|39
0|1|4|6|39
3.216|0|4|6|39
0|1|8|6|39
3.216|0|8|6|39
0|1|0|7|39
0.962|0|0|7|39
0|1|2|7|39
0.962|0|2|7|39
0|1|4|7|39
3.216|0|4|7|39
0|1|7|7|39
2.25|0|7|7|39
0|1|0|8|39
2.25|0|0|8|39
0|1|11|8|39
0.788|0|11|8|39
0|1|12|8|39
0.788|0|12|8|39
0|1|2|8|39
3.216|0|2|8|39
0|1|3|8|39
0.788|0|3|8|39
0|1|5|8|39
0.788|0|5|8|39
0|1|7|8|39
0.788|0|7|8|39
0|1|8|8|39
2.25|0|8|8|39
0|1|9|8|39
2.25|0|9|8|39
0|1|0|0|4
0.788|0|0|0|4
0|1|10|0|4
3.216|0|10|0|4
0|1|4|0|4
3.701|0|4|0|4
0|1|9|0|4
0.962|0|9|0|4
0|1|2|1|4
0.788|0|2|1|4
0|1|3|1|4
3.216|0|3|1|4
0|1|0|10|4
3.216|0|0|10|4
0|1|4|10|4
3.216|0|4|10|4
0|1|5|10|4
0.788|0|5|10|4
0|1|1|12|4
0.788|0|1|12|4
0|1|10|12|4
0.962|0|10|12|4
0|1|11|12|4
0.788|0|11|12|4
0|1|2|12|4
0.788|0|2|12|4
0|1|6|12|4
0.788|0|6|12|4
0|1|8|12|4
3.216|0|8|12|4
0|1|9|12|4
3.216|0|9|12|4
0|1|1|13|4
3.216|0|1|13|4
0|1|2|13|4
0.788|0|2|13|4
0|1|4|13|4
0.788|0|4|13|4
0|1|6|13|4
2.25|0|6|13|4
0|1|7|13|4
0.962|0|7|13|4
0|1|12|4|4
2.25|0|12|4|4
0|1|2|4|4
2.25|0|2|4|4
0|1|4|4|4
3.216|0|4|4|4
0|1|5|4|4
3.701|0|5|4|4
0|1|7|4|4
3.216|0|7|4|4
0|1|0|5|4
0.788|0|0|5|4
0|1|2|5|4
0.962|0|2|5|4
0|1|7|5|4
3.701|0|7|5|4
0|1|8|5|4
3.701|0|8|5|4
0|1|1|6|4
0.962|0|1|6|4
0|1|10|7|4
0.788|0|10|7|4
0|1|11|7|4
2.25|0|11|7|4
0|1|12|7|4
0.788|0|12|7|4
0|1|13|7|4
3.216|0|13|7|4
0|1|2|7|4
3.216|0|2|7|4
0|1|6|7|4
3.216|0|6|7|4
0|1|7|7|4
3.216|0|7|7|4
0|1|8|7|4
3.701|0|8|7|4
0|1|1|8|4
3.701|0|1|8|4
0|1|4|8|4
3.216|0|4|8|4
0|1|0|9|4
0.962|0|0|9|4
0|1|1|9|4
2.25|0|1|9|4
0|1|2|9|4
3.701|0|2|9|4
0|1|4|9|4
3.216|0|4|9|4
0|1|0|0|5
3.216|0|0|0|5
0|1|1|0|5
2.25|0|1|0|5
0|1|2|0|5
2.25|0|2|0|5
0|1|4|0|5
2.25|0|4|0|5
0|1|0|1|5
2.25|0|0|1|5
0|1|1|1|5
2.25|0|1|1|5
0|1|3|1|5
3.216|0|3|1|5
0|1|1|0|6
0.962|0|1|0|6
0|1|2|0|6
0.962|0|2|0|6
0|1|3|0|6
3.701|0|3|0|6
0|1|0|1|6
2.25|0|0|1|6
0|1|1|1|6
3.701|0|1|1|6
0|1|3|1|6
3.701|0|3|1|6
0|1|4|1|6
2.25|0|4|1|6
0|1|5|1|6
0.962|0|5|1|6
0|1|0|2|6
3.216|0|0|2|6
0|1|3|3|6
3.216|0|3|3|6
0|1|5|3|6
3.216|0|5|3|6
0|1|6|3|6
0.788|0|6|3|6
0|1|7|3|6
3.216|0|7|3|6
0|1|1|0|7
2.25|0|1|0|7
0|1|2|0|7
3.216|0|2|0|7
0|1|3|0|7
3.216|0|3|0|7
0|1|4|0|7
0.962|0|4|0|7
0|1|0|10|7
3.216|0|0|10|7
0|1|10|10|7
3.216|0|10|10|7
0|1|2|10|7
0.962|0|2|10|7
0|1|4|10|7
0.788|0|4|10|7
0|1|5|10|7
3.216|0|5|10|7
0|1|6|10|7
3.216|0|6|10|7
0|1|8|10|7
2.25|0|8|10|7
0|1|9|10|7
2.25|0|9|10|7
0|1|0|2|7
0.788|0|0|2|7
0|1|2|2|7
3.216|0|2|2|7
0|1|3|2|7
0.962|0|3|2|7
0|1|4|2|7
3.701|0|4|2|7
0|1|6|2|7
3.701|0|6|2|7
0|1|7|2|7
3.216|0|7|2|7
0|1|8|2|7
3.701|0|8|2|7
0|1|1|3|7
0.962|0|1|3|7
0|1|6|3|7
3.216|0|6|3|7
0|1|9|3|7
3.701|0|9|3|7
0|1|0|5|7
0.788|0|0|5|7
0|1|0|7|7
0.962|0|0|7|7
0|1|1|7|7
3.701|0|1|7|7
0|1|11|7|7
0.962|0|11|7|7
0|1|7|7|7
3.701|0|7|7|7
0|1|8|7|7
0.788|0|8|7|7
0|1|3|9|7
3.216|0|3|9|7
0|1|4|9|7
3.216|0|4|9|7
0|1|5|9|7
3.216|0|5|9|7
0|1|5|0|8
0.962|0|5|0|8
0|1|6|0|8
2.25|0|6|0|8
0|1|7|0|8
0.788|0|7|0|8
0|1|1|1|8
2.25|0|1|1|8
0|1|8|1|8
2.25|0|8|1|8
0|1|0|2|8
0.962|0|0|2|8
0|1|1|2|8
2.25|0|1|2|8
0|1|2|2|8
3.216|0|2|2|8
0|1|5|2|8
3.216|0|5|2|8
0|1|6|2|8
3.216|0|6|2|8
0|1|1|3|8
3.216|0|1|3|8
0|1|0|4|8
3.216|0|0|4|8
0|1|1|0|9
3.216|0|1|0|9
0|1|10|0|9
3.701|0|10|0|9
0|1|11|0|9
3.701|0|11|0|9
0|1|12|0|9
0.962|0|12|0|9
0|1|3|0|9
0.788|0|3|0|9
0|1|4|0|9
2.25|0|4|0|9
0|1|6|0|9
0.788|0|6|0|9
0|1|7|0|9
0.788|0|7|0|9
0|1|8|0|9
3.216|0|8|0|9
0|1|0|1|9
2.25|0|0|1|9
0|1|1|1|9
0.962|0|1|1|9
0|1|2|1|9
0.788|0|2|1|9
0|1|5|1|9
0.962|0|5|1|9
0|1|7|1|9
0.788|0|7|1|9
0|1|8|1|9
2.25|0|8|1|9
0|1|2|2|9
3.216|0|2|2|9
0|1|3|2|9
2.25|0|3|2|9
0|1|5|2|9
2.25|0|5|2|9
18.825|1|11|0|0
68.451|0|11|0|0
9.52|1|2|0|0
11.721|0|2|0|0
21.157|1|7|0|0
68.451|0|7|0|0
20.173|1|0|1|0
11.721|0|0|1|0
36.857|1|2|1|0
68.451|0|2|1|0
18.921|1|4|1|0
11.721|0|4|1|0
18.878|1|2|11|0
68.451|0|2|11|0
0.161|0|10|13|0
0|1|10|13|0
15.318|1|11|13|0
11.721|0|11|13|0
19.883|1|5|13|0
11.721|0|5|13|0
0.161|0|0|2|0
0|1|0|2|0
0.161|0|3|2|0
0|1|3|2|0
37.439|1|0|3|0
68.451|0|0|3|0
15.517|1|3|3|0
11.721|0|3|3|0
31.362|1|11|6|0
11.721|0|11|6|0
11.126|1|2|6|0
11.721|0|2|6|0
72.931|1|4|6|0
68.452|0|4|6|0
5.719|1|5|6|0
11.721|0|5|6|0
16.556|1|6|7|0
68.451|0|6|7|0
30.21|1|7|7|0
11.721|0|7|7|0
8.741|1|0|8|0
11.721|0|0|8|0
0.161|0|8|8|0
0|1|8|8|0
40.62|1|9|8|0
68.451|0|9|8|0
0.161|0|0|9|0
0|1|0|9|0
0.161|0|12|9|0
0|1|12|9|0
0.161|0|3|9|0
0|1|3|9|0
0.161|0|5|9|0
0|1|5|9|0
0.161|0|6|9|0
0|1|6|9|0
18.089|1|4|2|1
11.721|0|4|2|1
0.161|0|0|0|10
0|1|0|0|10
0.161|0|3|0|10
0|1|3|0|10
28.407|1|5|0|10
11.721|0|5|0|10
0.161|0|6|0|10
0|1|6|0|10
17.615|1|7|0|10
11.721|0|7|0|10
52.778|1|2|2|10
68.451|0|2|2|10
12.095|1|2|0|11
11.721|0|2|0|11
19.162|1|5|0|11
11.721|0|5|0|11
24.406|1|7|0|11
68.451|0|7|0|11
15.472|1|3|1|11
11.721|0|3|1|11
17.715|1|4|2|11
11.721|0|4|2|11
44.342|1|6|2|11
68.451|0|6|2|11
13.934|1|0|5|11
11.721|0|0|5|11
10.118|1|0|0|12
11.721|0|0|0|12
26.963|1|1|0|12
11.721|0|1|0|12
0.161|0|3|1|12
0|1|3|1|12
0.161|0|3|2|12
0|1|3|2|12
48.419|1|4|2|12
68.451|0|4|2|12
19.333|1|4|3|12
11.721|0|4|3|12
46.632|1|1|0|13
68.451|0|1|0|13
0.161|0|11|1|13
0|1|11|1|13
0.161|0|13|1|13
0|1|13|1|13
28.316|1|5|10|14
11.721|0|5|10|14
0.161|0|9|10|14
0|1|9|10|14
9.548|1|0|11|14
11.721|0|0|11|14
12.498|1|10|12|14
11.721|0|10|12|14
10.246|1|11|12|14
11.721|0|11|12|14
18.42|1|3|13|14
11.721|0|3|13|14
7.571|1|10|14|14
11.721|0|10|14|14
0.161|0|11|14|14
0|1|11|14|14
75.56|1|3|14|14
68.452|0|3|14|14
71.628|1|4|14|14
68.451|0|4|14|14
0.161|0|9|14|14
0|1|9|14|14
30.964|1|5|15|14
68.451|0|5|15|14
25.16|1|6|15|14
68.451|0|6|15|14
11.627|1|9|15|14
11.721|0|9|15|14
0.161|0|1|16|14
0|1|1|16|14
14.411|1|3|16|14
11.721|0|3|16|14
0.161|0|0|17|14
0|1|0|17|14
0.161|0|3|2|14
0|1|3|2|14
57.381|1|4|3|14
68.451|0|4|3|14
23.64|1|1|5|14
68.451|0|1|5|14
0.161|0|3|5|14
0|1|3|5|14
38.534|1|12|6|14
68.451|0|12|6|14
43.129|1|3|6|14
68.451|0|3|6|14
21.712|1|9|6|14
11.721|0|9|6|14
32.98|1|3|7|14
11.721|0|3|7|14
0.161|0|2|8|14
0|1|2|8|14
65.998|1|3|8|14
68.451|0|3|8|14
46.951|1|0|9|14
68.451|0|0|9|14
28.612|1|11|9|14
68.451|0|11|9|14
24.688|1|12|9|14
11.721|0|12|9|14
21.336|1|3|9|14
11.721|0|3|9|14
26.637|1|4|9|14
11.721|0|4|9|14
0.161|0|11|0|15
0|1|11|0|15
0.161|0|2|0|15
0|1|2|0|15
63.139|1|7|0|15
68.451|0|7|0|15
0.161|0|2|3|15
0|1|2|3|15
44.758|1|3|3|15
68.451|0|3|3|15
62.194|1|13|0|16
68.451|0|13|0|16
37.026|1|7|0|16
68.451|0|7|0|16
0.161|0|1|1|16
0|1|1|1|16
27.116|1|2|10|16
11.721|0|2|10|16
56.277|1|8|10|16
68.451|0|8|10|16
56.87|1|9|10|16
68.451|0|9|10|16
35.89|1|0|3|16
68.451|0|0|3|16
0.161|0|4|4|16
0|1|4|4|16
39.983|1|1|5|16
11.721|0|1|5|16
22.867|1|3|6|16
68.451|0|3|6|16
19.177|1|2|7|16
68.451|0|2|7|16
20.766|1|3|7|16
11.721|0|3|7|16
0.161|0|0|8|16
0|1|0|8|16
0.161|0|6|8|16
0|1|6|8|16
12.364|1|2|9|16
11.721|0|2|9|16
35.284|1|0|1|17
68.451|0|0|1|17
11.499|1|3|1|17
11.721|0|3|1|17
8.736|1|4|0|18
11.721|0|4|0|18
59.954|1|3|1|18
68.451|0|3|1|18
39.149|1|0|2|18
68.451|0|0|2|18
6.992|1|5|2|18
11.721|0|5|2|18
25.006|1|5|3|18
68.451|0|5|3|18
10.501|1|8|3|18
11.721|0|8|3|18
44.281|1|2|4|18
68.451|0|2|4|18
27.078|1|3|4|18
11.721|0|3|4|18
0.161|0|2|0|19
0|1|2|0|19
21.917|1|13|0|2
11.721|0|13|0|2
0.161|0|2|0|2
0|1|2|0|2
0.161|0|7|0|2
0|1|7|0|2
24.988|1|1|1|2
11.721|0|1|1|2
52.524|1|0|2|2
68.451|0|0|2|2
0.161|0|2|2|2
0|1|2|2|2
36.97|1|7|2|2
68.451|0|7|2|2
23.47|1|1|3|2
68.451|0|1|3|2
0.161|0|0|4|2
0|1|0|4|2
68.764|1|1|4|2
68.451|0|1|4|2
25.267|1|4|5|2
11.721|0|4|5|2
0.161|0|0|0|20
0|1|0|0|20
0.161|0|0|1|20
0|1|0|1|20
6.608|1|2|1|20
11.721|0|2|1|20
24.634|1|3|1|20
68.451|0|3|1|20
25.36|1|10|4|20
68.451|0|10|4|20
0.161|0|5|4|20
0|1|5|4|20
138.767|1|6|5|20
68.452|0|6|5|20
64.805|1|1|6|20
68.451|0|1|6|20
73.44|1|4|6|20
68.452|0|4|6|20
0.161|0|5|6|20
0|1|5|6|20
35.341|1|6|6|20
68.451|0|6|6|20
30.958|1|3|7|20
68.451|0|3|7|20
0.161|0|6|7|20
0|1|6|7|20
16.152|1|1|0|21
68.451|0|1|0|21
26.887|1|2|0|21
68.451|0|2|0|21
0.161|0|0|10|21
0|1|0|10|21
6.824|1|10|10|21
11.721|0|10|10|21
28.445|1|4|10|21
68.451|0|4|10|21
0.161|0|7|10|21
0|1|7|10|21
29.086|1|8|10|21
11.721|0|8|10|21
19.213|1|9|10|21
11.721|0|9|10|21
8.617|1|6|12|21
11.721|0|6|12|21
19.593|1|10|13|21
11.721|0|10|13|21
0.161|0|8|13|21
0|1|8|13|21
17.962|1|11|3|21
11.721|0|11|3|21
0.161|0|2|3|21
0|1|2|3|21
20.269|1|3|3|21
11.721|0|3|3|21
27.647|1|7|3|21
68.451|0|7|3|21
48.831|1|1|4|21
68.451|0|1|4|21
0.161|0|10|4|21
0|1|10|4|21
0.161|0|11|4|21
0|1|11|4|21
0.161|0|2|4|21
0|1|2|4|21
33.303|1|9|4|21
68.451|0|9|4|21
0.161|0|3|5|21
0|1|3|5|21
63.771|1|12|6|21
68.451|0|12|6|21
66.003|1|13|6|21
68.451|0|13|6|21
0.161|0|2|6|21
0|1|2|6|21
17.197|1|3|6|21
11.721|0|3|6|21
35.842|1|5|6|21
68.451|0|5|6|21
34.797|1|8|6|21
11.721|0|8|6|21
9.996|1|9|6|21
11.721|0|9|6|21
0.161|0|4|7|21
0|1|4|7|21
60.522|1|0|8|21
68.451|0|0|8|21
0.161|0|5|8|21
0|1|5|8|21
12.306|1|0|9|21
11.721|0|0|9|21
45.925|1|4|9|21
68.451|0|4|9|21
6.104|1|8|9|21
11.721|0|8|9|21
34.757|1|2|0|22
68.451|0|2|0|22
13.499|1|5|0|22
11.721|0|5|0|22
53.307|1|13|2|22
68.451|0|13|2|22
9.312|1|4|2|22
11.721|0|4|2|22
19.883|1|6|2|22
11.721|0|6|2|22
19.714|1|0|3|22
68.451|0|0|3|22
0.161|0|2|3|22
0|1|2|3|22
18.915|1|3|3|22
68.451|0|3|3|22
12.481|1|1|1|23
11.721|0|1|1|23
0.161|0|4|1|23
0|1|4|1|23
59.582|1|11|0|24
68.451|0|11|0|24
5.64|1|4|0|24
11.721|0|4|0|24
27.088|1|8|0|24
68.451|0|8|0|24
12.66|1|9|0|24
11.721|0|9|0|24
12.452|1|3|3|24
11.721|0|3|3|24
45.283|1|5|3|24
68.451|0|5|3|24
27.037|1|1|4|24
68.451|0|1|4|24
0.161|0|2|5|24
0|1|2|5|24
0.161|0|0|6|24
0|1|0|6|24
34.784|1|1|6|24
68.451|0|1|6|24
31.697|1|2|6|24
68.451|0|2|6|24
43.374|1|1|7|24
68.451|0|1|7|24
38.86|1|7|0|25
68.451|0|7|0|25
0.161|0|4|3|25
0|1|4|3|25
0.161|0|3|4|25
0|1|3|4|25
38.868|1|5|4|25
68.451|0|5|4|25
8.305|1|0|5|25
11.721|0|0|5|25
0.161|0|0|0|26
0|1|0|0|26
0.161|0|1|2|26
0|1|1|2|26
7.02|1|6|2|26
11.721|0|6|2|26
12.501|1|3|3|26
11.721|0|3|3|26
33.638|1|11|4|26
68.451|0|11|4|26
107.84|1|12|4|26
68.452|0|12|4|26
0.161|0|2|4|26
0|1|2|4|26
0.161|0|4|4|26
0|1|4|4|26
15.862|1|7|4|26
11.721|0|7|4|26
0.161|0|1|5|26
0|1|1|5|26
35.26|1|7|5|26
68.451|0|7|5|26
0.161|0|1|0|27
0|1|1|0|27
21.422|1|1|1|27
11.721|0|1|1|27
0.161|0|2|1|27
0|1|2|1|27
49.014|1|4|1|27
68.451|0|4|1|27
0.161|0|5|1|27
0|1|5|1|27
0.161|0|2|2|27
0|1|2|2|27
12.515|1|0|3|27
11.721|0|0|3|27
0.161|0|2|4|27
0|1|2|4|27
0.161|0|3|5|27
0|1|3|5|27
0.161|0|4|6|27
0|1|4|6|27
32.986|1|1|7|27
68.451|0|1|7|27
16.27|1|4|7|27
11.721|0|4|7|27
0.161|0|0|8|27
0|1|0|8|27
18.864|1|0|0|28
11.721|0|0|0|28
0.161|0|4|1|28
0|1|4|1|28
8.346|1|2|10|28
11.721|0|2|10|28
8.719|1|0|12|28
11.721|0|0|12|28
25.752|1|2|12|28
68.451|0|2|12|28
37.39|1|4|13|28
68.451|0|4|13|28
0.161|0|6|14|28
0|1|6|14|28
25.485|1|0|15|28
68.451|0|0|15|28
19.476|1|4|15|28
11.721|0|4|15|28
25.171|1|0|16|28
11.721|0|0|16|28
0.161|0|5|16|28
0|1|5|16|28
33.179|1|0|17|28
68.451|0|0|17|28
38.629|1|3|17|28
68.451|0|3|17|28
14.314|1|1|2|28
11.721|0|1|2|28
6.035|1|4|2|28
11.721|0|4|2|28
18.93|1|5|3|28
68.451|0|5|3|28
9.859|1|6|3|28
11.721|0|6|3|28
34.404|1|10|4|28
68.451|0|10|4|28
51.066|1|5|4|28
68.451|0|5|4|28
0.161|0|0|5|28
0|1|0|5|28
8.883|1|2|5|28
11.721|0|2|5|28
18.11|1|4|5|28
11.721|0|4|5|28
0.161|0|1|6|28
0|1|1|6|28
28.192|1|3|6|28
11.721|0|3|6|28
7.345|1|4|6|28
11.721|0|4|6|28
43.97|1|4|7|28
68.451|0|4|7|28
0.161|0|11|9|28
0|1|11|9|28
0.161|0|12|9|28
0|1|12|9|28
5.708|1|1|0|29
11.721|0|1|0|29
9.029|1|5|0|29
11.721|0|5|0|29
14.96|1|0|2|29
11.721|0|0|2|29
15.662|1|2|2|29
11.721|0|2|2|29
0.161|0|11|0|3
0|1|11|0|3
30.234|1|4|0|3
68.451|0|4|0|3
0.161|0|7|0|3
0|1|7|0|3
0.161|0|8|0|3
0|1|8|0|3
8.268|1|4|1|3
11.721|0|4|1|3
28.76|1|3|2|3
68.451|0|3|2|3
33.856|1|10|3|3
68.451|0|10|3|3
31.775|1|11|3|3
68.451|0|11|3|3
0.161|0|13|3|3
0|1|13|3|3
18.399|1|3|3|3
11.721|0|3|3|3
90.082|1|0|0|30
68.452|0|0|0|30
36.776|1|2|0|31
68.451|0|2|0|31
0.161|0|4|0|31
0|1|4|0|31
26.323|1|0|0|32
11.721|0|0|0|32
0.161|0|4|0|32
0|1|4|0|32
42.689|1|7|0|32
68.451|0|7|0|32
29.909|1|0|10|32
11.721|0|0|10|32
0.161|0|1|10|32
0|1|1|10|32
6.021|1|3|12|32
11.721|0|3|12|32
0.161|0|8|12|32
0|1|8|12|32
0.161|0|2|13|32
0|1|2|13|32
76.216|1|3|13|32
68.452|0|3|13|32
19.666|1|7|13|32
68.451|0|7|13|32
20.492|1|1|2|32
68.451|0|1|2|32
37.007|1|11|5|32
68.451|0|11|5|32
0.161|0|5|5|32
0|1|5|5|32
8.855|1|6|6|32
11.721|0|6|6|32
82.786|1|9|6|32
68.452|0|9|6|32
53.209|1|3|7|32
68.451|0|3|7|32
21.295|1|4|7|32
11.721|0|4|7|32
21.014|1|0|0|33
68.451|0|0|0|33
15.014|1|1|1|33
11.721|0|1|1|33
47.887|1|12|1|33
68.451|0|12|1|33
87.185|1|3|1|33
68.452|0|3|1|33
11.537|1|5|1|33
11.721|0|5|1|33
26.575|1|8|1|33
68.451|0|8|1|33
14.21|1|6|10|33
68.451|0|6|10|33
10.609|1|1|11|33
11.721|0|1|11|33
21.252|1|3|11|33
11.721|0|3|11|33
33.026|1|1|3|33
68.451|0|1|3|33
11.793|1|3|3|33
11.721|0|3|3|33
0.161|0|2|4|33
0|1|2|4|33
12.637|1|3|4|33
11.721|0|3|4|33
35.817|1|2|5|33
68.451|0|2|5|33
8.625|1|3|7|33
11.721|0|3|7|33
31.741|1|5|8|33
68.451|0|5|8|33
0.161|0|7|8|33
0|1|7|8|33
15.713|1|0|9|33
11.721|0|0|9|33
85.578|1|2|9|33
68.452|0|2|9|33
12.173|1|7|9|33
11.721|0|7|9|33
22.27|1|9|9|33
11.721|0|9|9|33
31.026|1|2|0|34
68.451|0|2|0|34
28.827|1|1|2|34
11.721|0|1|2|34
93.321|1|2|2|34
68.452|0|2|2|34
11.802|1|3|2|34
11.721|0|3|2|34
21.038|1|4|2|34
68.451|0|4|2|34
29.029|1|3|5|34
68.451|0|3|5|34
0.161|0|4|5|34
0|1|4|5|34
10.395|1|1|0|35
11.721|0|1|0|35
19.84|1|11|0|35
68.451|0|11|0|35
0.161|0|8|0|35
0|1|8|0|35
14.658|1|4|2|35
11.721|0|4|2|35
11.571|1|0|3|35
11.721|0|0|3|35
0.161|0|10|0|36
0|1|10|0|36
0.161|0|4|0|36
0|1|4|0|36
0.161|0|7|0|36
0|1|7|0|36
75.09|1|5|1|36
68.452|0|5|1|36
0.161|0|9|1|36
0|1|9|1|36
0.161|0|2|2|36
0|1|2|2|36
19.571|1|2|5|36
11.721|0|2|5|36
0.161|0|9|5|36
0|1|9|5|36
8.149|1|1|6|36
11.721|0|1|6|36
0.161|0|4|6|36
0|1|4|6|36
27.27|1|10|2|37
68.451|0|10|2|37
15.269|1|11|2|37
11.721|0|11|2|37
0.161|0|5|2|37
0|1|5|2|37
0.161|0|9|2|37
0|1|9|2|37
0.161|0|2|3|37
0|1|2|3|37
33.662|1|1|4|37
68.451|0|1|4|37
18.982|1|5|4|37
68.451|0|5|4|37
11.224|1|13|5|37
11.721|0|13|5|37
0.161|0|5|5|37
0|1|5|5|37
18.067|1|7|5|37
11.721|0|7|5|37
16.474|1|2|6|37
68.451|0|2|6|37
41.341|1|9|7|37
68.451|0|9|7|37
9.773|1|0|8|37
11.721|0|0|8|37
12.186|1|1|8|37
11.721|0|1|8|37
11.171|1|2|8|37
11.721|0|2|8|37
36.242|1|0|0|38
68.451|0|0|0|38
26.032|1|1|10|38
68.451|0|1|10|38
75.179|1|4|2|38
68.452|0|4|2|38
0.161|0|5|2|38
0|1|5|2|38
0.161|0|0|3|38
0|1|0|3|38
48.627|1|1|3|38
68.451|0|1|3|38
0.161|0|4|3|38
0|1|4|3|38
0.161|0|0|4|38
0|1|0|4|38
0.161|0|3|4|38
0|1|3|4|38
0.161|0|0|5|38
0|1|0|5|38
10.162|1|0|6|38
11.721|0|0|6|38
21.333|1|0|9|38
68.451|0|0|9|38
20.16|1|1|1|39
68.451|0|1|1|39
51.335|1|1|11|39
68.451|0|1|11|39
17.701|1|11|11|39
68.451|0|11|11|39
42.065|1|13|11|39
68.451|0|13|11|39
0.161|0|2|11|39
0|1|2|11|39
8.132|1|3|11|39
11.721|0|3|11|39
13.046|1|4|11|39
11.721|0|4|11|39
17.019|1|1|12|39
68.451|0|1|12|39
14.063|1|4|12|39
11.721|0|4|12|39
14.195|1|0|2|39
11.721|0|0|2|39
19.229|1|5|2|39
68.451|0|5|2|39
9.762|1|9|2|39
11.721|0|9|2|39
43.849|1|3|4|39
68.451|0|3|4|39
23.781|1|2|5|39
68.451|0|2|5|39
36.32|1|3|6|39
68.451|0|3|6|39
65.967|1|1|7|39
68.451|0|1|7|39
0.161|0|5|7|39
0|1|5|7|39
0.161|0|6|7|39
0|1|6|7|39
0.161|0|6|8|39
0|1|6|8|39
0.161|0|1|9|39
0|1|1|9|39
0.161|0|5|0|4
0|1|5|0|4
75.932|1|0|1|4
68.452|0|0|1|4
42.246|1|1|1|4
68.451|0|1|1|4
0.161|0|2|10|4
0|1|2|10|4
0.161|0|3|10|4
0|1|3|10|4
0.161|0|1|11|4
0|1|1|11|4
43.147|1|2|11|4
68.451|0|2|11|4
26.035|1|0|12|4
68.451|0|0|12|4
36.482|1|12|12|4
68.451|0|12|12|4
20.004|1|4|12|4
11.721|0|4|12|4
20.068|1|7|12|4
11.721|0|7|12|4
0.161|0|3|13|4
0|1|3|13|4
17.736|1|5|13|4
68.451|0|5|13|4
14.642|1|9|13|4
11.721|0|9|13|4
0.161|0|0|2|4
0|1|0|2|4
20.643|1|2|2|4
11.721|0|2|2|4
29.17|1|1|3|4
11.721|0|1|3|4
30.162|1|2|3|4
68.451|0|2|3|4
60.112|1|4|3|4
68.451|0|4|3|4
0.161|0|5|3|4
0|1|5|3|4
0.161|0|0|4|4
0|1|0|4|4
23.46|1|1|4|4
11.721|0|1|4|4
47.806|1|10|4|4
68.451|0|10|4|4
56.433|1|9|4|4
68.451|0|9|4|4
0.161|0|1|5|4
0|1|1|5|4
79.148|1|4|5|4
68.452|0|4|5|4
56.274|1|0|7|4
68.451|0|0|7|4
16.86|1|3|7|4
68.451|0|3|7|4
41.892|1|5|7|4
68.451|0|5|7|4
0.161|0|2|8|4
0|1|2|8|4
30.669|1|3|9|4
11.721|0|3|9|4
13.67|1|5|9|4
11.721|0|5|9|4
14.459|1|3|0|5
11.721|0|3|0|5
39.132|1|5|1|5
68.451|0|5|1|5
32.661|1|2|1|6
68.451|0|2|1|6
18.445|1|2|2|6
11.721|0|2|2|6
0.161|0|2|3|6
0|1|2|3|6
0.161|0|8|3|6
0|1|8|3|6
26.676|1|5|0|7
68.451|0|5|0|7
0.161|0|6|0|7
0|1|6|0|7
0.161|0|1|1|7
0|1|1|1|7
11.894|1|1|2|7
11.721|0|1|2|7
6.965|1|10|2|7
11.721|0|10|2|7
0.161|0|0|3|7
0|1|0|3|7
0.161|0|2|3|7
0|1|2|3|7
59.526|1|3|3|7
68.451|0|3|3|7
35.085|1|5|3|7
68.451|0|5|3|7
11.708|1|2|7|7
11.721|0|2|7|7
56.069|1|4|7|7
68.451|0|4|7|7
0.161|0|5|7|7
0|1|5|7|7
45.665|1|1|8|7
68.451|0|1|8|7
17.065|1|2|8|7
68.451|0|2|8|7
16.715|1|4|8|7
11.721|0|4|8|7
0.161|0|0|9|7
0|1|0|9|7
0.161|0|1|9|7
0|1|1|9|7
14.282|1|0|0|8
11.721|0|0|0|8
41.356|1|3|0|8
68.451|0|3|0|8
29.023|1|3|1|8
68.451|0|3|1|8
0.161|0|4|1|8
0|1|4|1|8
47.046|1|5|1|8
68.451|0|5|1|8
12.538|1|6|1|8
11.721|0|6|1|8
18.184|1|0|3|8
11.721|0|0|3|8
54.671|1|1|4|8
68.451|0|1|4|8
0.161|0|0|0|9
0|1|0|0|9
0.161|0|2|0|9
0|1|2|0|9
12.376|1|9|0|9
11.721|0|9|0|9
6.598|1|3|1|9
11.721|0|3|1|9
23.328|1|4|1|9
68.451|0|4|1|9
0.161|0|6|1|9
0|1|6|1|9
13.396|1|0|3|9
11.721|0|0|3|9
30.313|1|2|3|9
11.721|0|2|3|9
15.915|1|5|3|9
11.721|0|5|3|9
0|1|0|0|0
0.982|0|0|0|0
0|1|8|0|0
0.982|0|8|0|0
0|1|9|0|0
3.701|0|9|0|0
0|1|1|1|0
3.216|0|1|1|0
0|1|10|1|0
0.788|0|10|1|0
2.25|0|11|1|0
0|1|11|1|0
0|1|12|1|0
0.788|0|12|1|0
0|1|6|1|0
3.216|0|6|1|0
0|1|9|1|0
0.982|0|9|1|0
0|1|0|10|0
3.216|0|0|10|0
0|1|0|11|0
0.788|0|0|11|0
0|1|1|12|0
3.216|0|1|12|0
0|1|2|12|0
0.982|0|2|12|0
0|1|4|12|0
0.788|0|4|12|0
0|1|2|13|0
3.701|0|2|13|0
2.25|0|6|13|0
0|1|6|13|0
2.25|0|8|13|0
0|1|8|13|0
0|1|9|13|0
3.216|0|9|13|0
0|1|1|2|0
3.216|0|1|2|0
0|1|4|2|0
3.701|0|4|2|0
0|1|6|2|0
3.216|0|6|2|0
0|1|0|4|0
0.788|0|0|4|0
2.25|0|1|4|0
0|1|1|4|0
0|1|2|4|0
0.788|0|2|4|0
0|1|0|5|0
3.701|0|0|5|0
0|1|1|5|0
3.701|0|1|5|0
0|1|2|5|0
0.788|0|2|5|0
0|1|12|6|0
3.216|0|12|6|0
2.25|0|3|6|0
0|1|3|6|0
0|1|9|6|0
0.788|0|9|6|0
0|1|1|7|0
3.701|0|1|7|0
0|1|2|7|0
3.701|0|2|7|0
0|1|4|7|0
3.701|0|4|7|0
0|1|8|7|0
3.216|0|8|7|0
0|1|3|8|0
0.788|0|3|8|0
0|1|10|9|0
3.216|0|10|9|0
0|1|13|9|0
0.982|0|13|9|0
0|1|4|9|0
0.788|0|4|9|0
0|1|9|9|0
3.216|0|9|9|0
0|1|2|1|1
3.216|0|2|1|1
0|1|1|0|10
3.216|0|1|0|10
0|1|4|0|10
3.216|0|4|0|10
0|1|8|0|10
0.788|0|8|0|10
0|1|1|1|10
3.701|0|1|1|10
0|1|2|1|10
3.216|0|2|1|10
0|1|0|2|10
3.216|0|0|2|10
0|1|0|3|10
0.982|0|0|3|10
0|1|3|3|10
3.216|0|3|3|10
0|1|0|4|10
0.982|0|0|4|10
0|1|1|4|10
0.788|0|1|4|10
0|1|3|4|10
0.982|0|3|4|10
0|1|5|4|10
3.216|0|5|4|10
2.25|0|6|4|10
0|1|6|4|10
2.25|0|0|0|11
0|1|0|0|11
0|1|10|0|11
3.216|0|10|0|11
0|1|11|0|11
3.216|0|11|0|11
0|1|13|0|11
3.216|0|13|0|11
0|1|3|0|11
3.216|0|3|0|11
0|1|4|0|11
3.216|0|4|0|11
0|1|6|0|11
3.216|0|6|0|11
0|1|8|0|11
0.788|0|8|0|11
2.25|0|9|0|11
0|1|9|0|11
2.25|0|1|1|11
0|1|1|1|11
0|1|2|1|11
3.216|0|2|1|11
0|1|4|1|11
0.982|0|4|1|11
2.25|0|0|2|11
0|1|0|2|11
0|1|2|2|11
0.982|0|2|2|11
0|1|5|2|11
0.982|0|5|2|11
0|1|8|2|11
3.216|0|8|2|11
2.25|0|1|4|11
0|1|1|4|11
0|1|4|5|11
0.788|0|4|5|11
0|1|3|0|12
3.701|0|3|0|12
0|1|0|1|12
3.216|0|0|1|12
0|1|2|1|12
3.216|0|2|1|12
0|1|1|2|12
3.216|0|1|2|12
0|1|12|2|12
0.982|0|12|2|12
0|1|13|2|12
3.216|0|13|2|12
0|1|5|2|12
3.216|0|5|2|12
0|1|9|2|12
3.701|0|9|2|12
0|1|5|3|12
3.701|0|5|3|12
0|1|6|3|12
0.788|0|6|3|12
0|1|0|0|13
0.788|0|0|0|13
0|1|0|1|13
3.216|0|0|1|13
2.25|0|10|1|13
0|1|10|1|13
0|1|12|1|13
0.982|0|12|1|13
0|1|3|1|13
3.701|0|3|1|13
0|1|4|1|13
0.982|0|4|1|13
0|1|5|1|13
0.788|0|5|1|13
0|1|8|1|13
0.788|0|8|1|13
2.25|0|0|0|14
0|1|0|0|14
0|1|1|0|14
3.701|0|1|0|14
0|1|0|1|14
3.701|0|0|1|14
2.25|0|1|1|14
0|1|1|1|14
0|1|2|1|14
3.216|0|2|1|14
0|1|0|10|14
3.216|0|0|10|14
0|1|2|10|14
3.701|0|2|10|14
0|1|4|10|14
0.788|0|4|10|14
2.25|0|6|10|14
0|1|6|10|14
0|1|7|10|14
3.701|0|7|10|14
0|1|1|11|14
0.982|0|1|11|14
0|1|2|11|14
3.216|0|2|11|14
0|1|1|12|14
3.216|0|1|12|14
0|1|12|12|14
0.982|0|12|12|14
0|1|2|12|14
3.701|0|2|12|14
0|1|3|12|14
3.216|0|3|12|14
0|1|6|12|14
0.982|0|6|12|14
0|1|8|12|14
3.701|0|8|12|14
0|1|9|12|14
0.788|0|9|12|14
0|1|0|13|14
0.788|0|0|13|14
2.25|0|2|13|14
0|1|2|13|14
0|1|4|13|14
3.216|0|4|13|14
0|1|1|14|14
0.982|0|1|14|14
2.25|0|2|14|14
0|1|2|14|14
0|1|5|14|14
3.216|0|5|14|14
0|1|8|14|14
0.982|0|8|14|14
0|1|2|15|14
3.216|0|2|15|14
0|1|3|15|14
0.982|0|3|15|14
2.25|0|8|15|14
0|1|8|15|14
2.25|0|0|16|14
0|1|0|16|14
2.25|0|2|16|14
0|1|2|16|14
0|1|1|17|14
0.982|0|1|17|14
0|1|0|2|14
0.982|0|0|2|14
0|1|4|2|14
0.788|0|4|2|14
0|1|2|3|14
3.701|0|2|3|14
2.25|0|3|3|14
0|1|3|3|14
0|1|0|4|14
3.216|0|0|4|14
0|1|0|5|14
3.216|0|0|5|14
2.25|0|2|5|14
0|1|2|5|14
2.25|0|4|5|14
0|1|4|5|14
0|1|1|6|14
3.216|0|1|6|14
0|1|11|6|14
0.982|0|11|6|14
0|1|2|6|14
3.216|0|2|6|14
0|1|4|6|14
3.216|0|4|6|14
0|1|5|6|14
0.788|0|5|6|14
0|1|6|6|14
3.216|0|6|6|14
0|1|8|6|14
0.982|0|8|6|14
0|1|1|7|14
0.982|0|1|7|14
0|1|2|7|14
0.788|0|2|7|14
0|1|4|7|14
3.216|0|4|7|14
0|1|0|8|14
3.216|0|0|8|14
0|1|1|9|14
3.216|0|1|9|14
2.25|0|10|9|14
0|1|10|9|14
0|1|2|9|14
3.216|0|2|9|14
0|1|5|9|14
3.701|0|5|9|14
0|1|9|9|14
3.216|0|9|9|14
0|1|12|0|15
3.216|0|12|0|15
0|1|13|0|15
3.701|0|13|0|15
0|1|4|0|15
3.216|0|4|0|15
0|1|5|0|15
0.982|0|5|0|15
0|1|8|0|15
3.216|0|8|0|15
0|1|9|0|15
0.788|0|9|0|15
0|1|0|1|15
3.216|0|0|1|15
2.25|0|1|2|15
0|1|1|2|15
0|1|10|2|15
0.982|0|10|2|15
0|1|13|2|15
3.216|0|13|2|15
2.25|0|2|2|15
0|1|2|2|15
2.25|0|3|2|15
0|1|3|2|15
0|1|4|2|15
3.701|0|4|2|15
0|1|6|2|15
3.701|0|6|2|15
2.25|0|7|2|15
0|1|7|2|15
0|1|8|2|15
3.216|0|8|2|15
2.25|0|1|3|15
0|1|1|3|15
0|1|4|3|15
3.216|0|4|3|15
0|1|6|3|15
0.788|0|6|3|15
0|1|11|0|16
3.701|0|11|0|16
0|1|12|0|16
0.788|0|12|0|16
0|1|6|0|16
3.216|0|6|0|16
0|1|0|1|16
0.788|0|0|1|16
0|1|3|1|16
0.788|0|3|1|16
0|1|4|1|16
3.216|0|4|1|16
2.25|0|8|1|16
0|1|8|1|16
0|1|9|1|16
3.701|0|9|1|16
0|1|0|10|16
3.701|0|0|10|16
0|1|6|10|16
3.216|0|6|10|16
2.25|0|7|10|16
0|1|7|10|16
0|1|0|2|16
0.788|0|0|2|16
0|1|1|2|16
3.216|0|1|2|16
0|1|2|2|16
3.216|0|2|2|16
0|1|3|2|16
3.216|0|3|2|16
0|1|1|3|16
0.982|0|1|3|16
0|1|0|4|16
0.788|0|0|4|16
0|1|5|4|16
3.216|0|5|4|16
0|1|6|4|16
3.216|0|6|4|16
2.25|0|2|5|16
0|1|2|5|16
0|1|3|5|16
3.216|0|3|5|16
0|1|4|5|16
3.701|0|4|5|16
0|1|6|5|16
3.701|0|6|5|16
0|1|0|6|16
3.216|0|0|6|16
0|1|2|6|16
3.701|0|2|6|16
0|1|5|6|16
0.982|0|5|6|16
0|1|0|7|16
3.701|0|0|7|16
0|1|1|7|16
3.216|0|1|7|16
0|1|12|8|16
3.216|0|12|8|16
0|1|13|8|16
3.216|0|13|8|16
0|1|2|8|16
3.216|0|2|8|16
2.25|0|3|8|16
0|1|3|8|16
2.25|0|4|8|16
0|1|4|8|16
0|1|8|8|16
3.701|0|8|8|16
0|1|9|8|16
3.216|0|9|8|16
0|1|0|9|16
0.982|0|0|9|16
0|1|4|9|16
3.216|0|4|9|16
0|1|5|9|16
0.788|0|5|9|16
0|1|0|0|17
0.788|0|0|0|17
0|1|1|0|17
0.788|0|1|0|17
0|1|3|0|17
0.982|0|3|0|17
0|1|4|0|17
3.216|0|4|0|17
2.25|0|1|1|17
0|1|1|1|17
0|1|6|1|17
3.701|0|6|1|17
0|1|7|1|17
3.216|0|7|1|17
0|1|1|0|18
3.216|0|1|0|18
2.25|0|2|0|18
0|1|2|0|18
0|1|3|0|18
0.982|0|3|0|18
0|1|0|1|18
0.788|0|0|1|18
0|1|2|1|18
3.216|0|2|1|18
2.25|0|4|1|18
0|1|4|1|18
0|1|1|2|18
0.788|0|1|2|18
0|1|2|2|18
3.216|0|2|2|18
2.25|0|3|2|18
0|1|3|2|18
0|1|2|3|18
3.701|0|2|3|18
0|1|3|3|18
3.701|0|3|3|18
0|1|9|3|18
0.788|0|9|3|18
2.25|0|0|4|18
0|1|0|4|18
0|1|1|4|18
0.982|0|1|4|18
0|1|5|4|18
0.982|0|5|4|18
0|1|6|4|18
0.982|0|6|4|18
0|1|7|4|18
3.216|0|7|4|18
0|1|0|0|19
3.216|0|0|0|19
0|1|3|0|19
3.216|0|3|0|19
0|1|4|0|19
3.216|0|4|0|19
0|1|5|0|19
3.701|0|5|0|19
0|1|6|0|19
0.788|0|6|0|19
0|1|0|0|2
0.788|0|0|0|2
0|1|3|0|2
3.216|0|3|0|2
0|1|4|0|2
3.216|0|4|0|2
0|1|5|0|2
3.701|0|5|0|2
0|1|6|0|2
0.982|0|6|0|2
2.25|0|9|0|2
0|1|9|0|2
0|1|1|2|2
3.216|0|1|2|2
0|1|6|2|2
3.216|0|6|2|2
0|1|8|2|2
3.216|0|8|2|2
0|1|3|3|2
3.216|0|3|3|2
2.25|0|4|3|2
0|1|4|3|2
0|1|5|3|2
3.216|0|5|3|2
0|1|6|3|2
0.788|0|6|3|2
0|1|8|3|2
3.216|0|8|3|2
0|1|9|3|2
0.788|0|9|3|2
0|1|2|4|2
3.216|0|2|4|2
0|1|3|4|2
0.982|0|3|4|2
0|1|4|4|2
3.701|0|4|4|2
0|1|1|5|2
3.216|0|1|5|2
2.25|0|11|5|2
0|1|11|5|2
0|1|6|5|2
0.788|0|6|5|2
0|1|8|5|2
0.982|0|8|5|2
0|1|1|0|20
0.788|0|1|0|20
2.25|0|2|0|20
0|1|2|0|20
0|1|4|0|20
0.788|0|4|0|20
0|1|5|0|20
0.982|0|5|0|20
0|1|1|1|20
0.788|0|1|1|20
0|1|5|1|20
0.788|0|5|1|20
0|1|0|2|20
3.216|0|0|2|20
0|1|2|2|20
3.216|0|2|2|20
0|1|4|2|20
0.788|0|4|2|20
0|1|5|2|20
0.788|0|5|2|20
0|1|6|2|20
3.216|0|6|2|20
0|1|1|3|20
3.216|0|1|3|20
0|1|8|4|20
0.788|0|8|4|20
0|1|0|5|20
3.216|0|0|5|20
0|1|2|5|20
0.788|0|2|5|20
0|1|3|5|20
3.701|0|3|5|20
2.25|0|4|5|20
0|1|4|5|20
2.25|0|5|5|20
0|1|5|5|20
0|1|7|5|20
0.788|0|7|5|20
0|1|3|6|20
3.216|0|3|6|20
0|1|7|6|20
0.982|0|7|6|20
0|1|0|7|20
0.788|0|0|7|20
0|1|2|7|20
3.701|0|2|7|20
0|1|5|7|20
3.216|0|5|7|20
0|1|7|7|20
3.216|0|7|7|20
0|1|8|7|20
0.788|0|8|7|20
0|1|0|1|21
3.216|0|0|1|21
0|1|1|1|21
3.701|0|1|1|21
0|1|1|10|21
3.216|0|1|10|21
0|1|11|10|21
3.216|0|11|10|21
0|1|12|10|21
3.216|0|12|10|21
0|1|3|10|21
3.216|0|3|10|21
0|1|5|10|21
3.701|0|5|10|21
2.25|0|0|11|21
0|1|0|11|21
2.25|0|1|11|21
0|1|1|11|21
2.25|0|2|11|21
0|1|2|11|21
0|1|3|11|21
3.216|0|3|11|21
0|1|5|11|21
3.701|0|5|11|21
0|1|7|11|21
0.788|0|7|11|21
0|1|0|12|21
0.982|0|0|12|21
0|1|5|12|21
0.982|0|5|12|21
2.25|0|11|13|21
0|1|11|13|21
0|1|12|13|21
3.701|0|12|13|21
0|1|2|13|21
0.982|0|2|13|21
0|1|5|13|21
3.701|0|5|13|21
2.25|0|6|13|21
0|1|6|13|21
0|1|9|13|21
3.216|0|9|13|21
0|1|0|2|21
0.982|0|0|2|21
0|1|1|2|21
0.982|0|1|2|21
0|1|4|2|21
3.216|0|4|2|21
2.25|0|12|3|21
0|1|12|3|21
2.25|0|13|3|21
0|1|13|3|21
0|1|4|3|21
3.216|0|4|3|21
0|1|5|3|21
0.982|0|5|3|21
0|1|6|3|21
0.982|0|6|3|21
0|1|9|3|21
3.216|0|9|3|21
2.25|0|0|4|21
0|1|0|4|21
2.25|0|3|4|21
0|1|3|4|21
0|1|4|4|21
0.788|0|4|4|21
2.25|0|5|4|21
0|1|5|4|21
0|1|0|5|21
3.216|0|0|5|21
2.25|0|1|5|21
0|1|1|5|21
0|1|2|5|21
0.788|0|2|5|21
0|1|10|6|21
0.982|0|10|6|21
0|1|4|6|21
0.788|0|4|6|21
0|1|6|6|21
0.982|0|6|6|21
0|1|7|6|21
3.216|0|7|6|21
2.25|0|3|7|21
0|1|3|7|21
0|1|1|8|21
0.982|0|1|8|21
0|1|10|8|21
0.788|0|10|8|21
0|1|11|8|21
0.788|0|11|8|21
0|1|2|8|21
0.982|0|2|8|21
0|1|6|8|21
0.788|0|6|8|21
0|1|7|8|21
0.982|0|7|8|21
0|1|8|8|21
0.982|0|8|8|21
0|1|9|8|21
0.788|0|9|8|21
0|1|1|9|21
3.216|0|1|9|21
0|1|10|9|21
3.216|0|10|9|21
2.25|0|11|9|21
0|1|11|9|21
0|1|12|9|21
3.216|0|12|9|21
2.25|0|13|9|21
0|1|13|9|21
0|1|2|9|21
3.701|0|2|9|21
0|1|3|9|21
3.216|0|3|9|21
0|1|6|9|21
0.982|0|6|9|21
0|1|7|9|21
0.788|0|7|9|21
0|1|0|0|22
0.788|0|0|0|22
0|1|3|0|22
3.701|0|3|0|22
0|1|6|0|22
0.788|0|6|0|22
0|1|0|1|22
3.701|0|0|1|22
0|1|2|1|22
3.701|0|2|1|22
0|1|0|2|22
0.982|0|0|2|22
0|1|11|2|22
0.788|0|11|2|22
0|1|5|2|22
0.788|0|5|2|22
0|1|8|2|22
0.788|0|8|2|22
0|1|9|2|22
3.701|0|9|2|22
2.25|0|1|3|22
0|1|1|3|22
0|1|6|3|22
3.701|0|6|3|22
2.25|0|7|3|22
0|1|7|3|22
0|1|1|0|23
0.788|0|1|0|23
0|1|2|0|23
3.701|0|2|0|23
0|1|0|1|23
0.788|0|0|1|23
0|1|3|1|23
3.216|0|3|1|23
2.25|0|5|1|23
0|1|5|1|23
0|1|0|3|23
3.216|0|0|3|23
0|1|1|3|23
0.788|0|1|3|23
0|1|5|3|23
3.216|0|5|3|23
0|1|6|3|23
0.788|0|6|3|23
2.25|0|1|0|24
0|1|1|0|24
0|1|2|0|24
0.982|0|2|0|24
0|1|3|0|24
3.216|0|3|0|24
0|1|5|0|24
3.216|0|5|0|24
0|1|6|0|24
0.982|0|6|0|24
0|1|1|1|24
3.216|0|1|1|24
2.25|0|3|1|24
0|1|3|1|24
0|1|0|2|24
0.788|0|0|2|24
0|1|1|3|24
3.216|0|1|3|24
2.25|0|4|3|24
0|1|4|3|24
0|1|7|3|24
3.216|0|7|3|24
2.25|0|8|3|24
0|1|8|3|24
0|1|0|4|24
3.701|0|0|4|24
0|1|3|4|24
0.788|0|3|4|24
0|1|4|6|24
0.788|0|4|6|24
0|1|0|7|24
3.216|0|0|7|24
0|1|4|7|24
3.216|0|4|7|24
0|1|5|7|24
3.216|0|5|7|24
0|1|1|0|25
3.701|0|1|0|25
0|1|2|0|25
3.701|0|2|0|25
0|1|3|0|25
3.216|0|3|0|25
0|1|4|0|25
3.216|0|4|0|25
0|1|0|1|25
3.216|0|0|1|25
0|1|10|1|25
3.216|0|10|1|25
0|1|11|1|25
3.216|0|11|1|25
0|1|12|1|25
0.982|0|12|1|25
2.25|0|2|1|25
0|1|2|1|25
0|1|3|1|25
3.216|0|3|1|25
0|1|4|1|25
0.788|0|4|1|25
2.25|0|5|1|25
0|1|5|1|25
0|1|8|1|25
0.982|0|8|1|25
0|1|2|2|25
3.216|0|2|2|25
0|1|3|2|25
3.216|0|3|2|25
0|1|1|3|25
0.982|0|1|3|25
0|1|3|3|25
3.216|0|3|3|25
0|1|5|3|25
3.216|0|5|3|25
0|1|8|4|25
3.216|0|8|4|25
2.25|0|9|4|25
0|1|9|4|25
0|1|1|5|25
3.216|0|1|5|25
0|1|1|0|26
3.216|0|1|0|26
0|1|3|0|26
3.216|0|3|0|26
2.25|0|3|2|26
0|1|3|2|26
0|1|5|2|26
3.216|0|5|2|26
0|1|0|3|26
3.216|0|0|3|26
2.25|0|10|3|26
0|1|10|3|26
0|1|2|3|26
0.788|0|2|3|26
0|1|7|3|26
0.982|0|7|3|26
0|1|0|4|26
0.788|0|0|4|26
0|1|10|4|26
3.701|0|10|4|26
0|1|5|4|26
0.788|0|5|4|26
0|1|6|4|26
3.216|0|6|4|26
0|1|8|4|26
0.788|0|8|4|26
0|1|0|5|26
3.216|0|0|5|26
0|1|2|5|26
0.982|0|2|5|26
0|1|3|5|26
3.216|0|3|5|26
0|1|4|5|26
3.701|0|4|5|26
0|1|6|5|26
0.788|0|6|5|26
2.25|0|8|5|26
0|1|8|5|26
0|1|2|0|27
3.216|0|2|0|27
2.25|0|0|1|27
0|1|0|1|27
0|1|7|1|27
0.982|0|7|1|27
0|1|0|2|27
0.788|0|0|2|27
0|1|2|3|27
3.216|0|2|3|27
0|1|0|4|27
3.216|0|0|4|27
0|1|1|4|27
0.788|0|1|4|27
0|1|3|4|27
0.788|0|3|4|27
2.25|0|4|4|27
0|1|4|4|27
0|1|0|5|27
0.788|0|0|5|27
0|1|1|5|27
0.788|0|1|5|27
2.25|0|2|5|27
0|1|2|5|27
0|1|4|5|27
3.216|0|4|5|27
0|1|6|5|27
3.216|0|6|5|27
0|1|7|5|27
0.788|0|7|5|27
0|1|9|5|27
3.701|0|9|5|27
0|1|1|6|27
3.701|0|1|6|27
0|1|2|6|27
3.216|0|2|6|27
0|1|6|6|27
3.216|0|6|6|27
0|1|0|7|27
0.788|0|0|7|27
0|1|2|7|27
3.216|0|2|7|27
0|1|3|7|27
0.788|0|3|7|27
0|1|5|7|27
3.216|0|5|7|27
2.25|0|2|8|27
0|1|2|8|27
0|1|3|8|27
3.216|0|3|8|27
0|1|1|9|27
3.216|0|1|9|27
0|1|2|9|27
3.216|0|2|9|27
0|1|6|9|27
3.701|0|6|9|27
0|1|10|0|28
3.216|0|10|0|28
0|1|2|0|28
3.701|0|2|0|28
2.25|0|4|0|28
0|1|4|0|28
0|1|5|0|28
3.701|0|5|0|28
2.25|0|7|0|28
0|1|7|0|28
0|1|8|0|28
3.216|0|8|0|28
0|1|0|1|28
0.788|0|0|1|28
0|1|1|1|28
3.216|0|1|1|28
0|1|2|1|28
3.701|0|2|1|28
0|1|5|1|28
3.216|0|5|1|28
0|1|6|1|28
0.788|0|6|1|28
0|1|7|1|28
3.216|0|7|1|28
0|1|3|10|28
0.788|0|3|10|28
0|1|4|10|28
3.216|0|4|10|28
0|1|0|11|28
3.216|0|0|11|28
0|1|3|11|28
3.216|0|3|11|28
0|1|6|12|28
3.701|0|6|12|28
2.25|0|0|13|28
0|1|0|13|28
0|1|2|13|28
0.788|0|2|13|28
0|1|3|13|28
0.982|0|3|13|28
0|1|5|13|28
3.216|0|5|13|28
0|1|6|13|28
3.216|0|6|13|28
0|1|0|14|28
0.982|0|0|14|28
0|1|1|14|28
3.216|0|1|14|28
0|1|4|14|28
3.216|0|4|14|28
2.25|0|3|15|28
0|1|3|15|28
2.25|0|7|15|28
0|1|7|15|28
0|1|9|15|28
0.788|0|9|15|28
0|1|1|16|28
0.982|0|1|16|28
0|1|2|16|28
0.982|0|2|16|28
0|1|4|16|28
3.216|0|4|16|28
0|1|1|17|28
3.216|0|1|17|28
0|1|2|17|28
3.701|0|2|17|28
0|1|0|2|28
0.982|0|0|2|28
0|1|2|2|28
3.216|0|2|2|28
0|1|3|2|28
3.701|0|3|2|28
2.25|0|5|2|28
0|1|5|2|28
0|1|0|3|28
0.982|0|0|3|28
0|1|2|3|28
0.982|0|2|3|28
0|1|4|3|28
0.788|0|4|3|28
0|1|0|4|28
3.216|0|0|4|28
2.25|0|13|4|28
0|1|13|4|28
0|1|6|4|28
0.982|0|6|4|28
0|1|8|4|28
3.216|0|8|4|28
0|1|1|5|28
0.788|0|1|5|28
0|1|3|5|28
3.216|0|3|5|28
0|1|0|6|28
0.788|0|0|6|28
2.25|0|2|6|28
0|1|2|6|28
2.25|0|5|6|28
0|1|5|6|28
0|1|7|6|28
3.701|0|7|6|28
0|1|8|6|28
0.982|0|8|6|28
0|1|1|7|28
3.216|0|1|7|28
0|1|2|7|28
3.216|0|2|7|28
0|1|3|7|28
3.216|0|3|7|28
2.25|0|1|8|28
0|1|1|8|28
2.25|0|0|9|28
0|1|0|9|28
0|1|13|9|28
0.788|0|13|9|28
0|1|3|9|28
0.982|0|3|9|28
0|1|4|9|28
3.216|0|4|9|28
0|1|6|9|28
0.788|0|6|9|28
0|1|7|9|28
0.982|0|7|9|28
0|1|8|9|28
0.788|0|8|9|28
0|1|11|0|29
3.701|0|11|0|29
0|1|12|0|29
3.216|0|12|0|29
0|1|13|0|29
0.982|0|13|0|29
0|1|2|0|29
0.982|0|2|0|29
0|1|3|0|29
3.216|0|3|0|29
0|1|4|0|29
3.216|0|4|0|29
0|1|6|0|29
0.982|0|6|0|29
2.25|0|8|0|29
0|1|8|0|29
0|1|9|0|29
3.701|0|9|0|29
0|1|1|1|29
0.982|0|1|1|29
2.25|0|1|2|29
0|1|1|2|29
0|1|1|0|3
3.216|0|1|0|3
0|1|12|0|3
3.216|0|12|0|3
0|1|5|0|3
0.982|0|5|0|3
0|1|1|1|3
3.701|0|1|1|3
0|1|2|1|3
3.701|0|2|1|3
2.25|0|3|1|3
0|1|3|1|3
0|1|5|1|3
3.216|0|5|1|3
0|1|0|2|3
3.216|0|0|2|3
0|1|4|2|3
3.701|0|4|2|3
0|1|5|2|3
3.701|0|5|2|3
0|1|0|3|3
3.216|0|0|3|3
2.25|0|4|3|3
0|1|4|3|3
0|1|6|3|3
3.216|0|6|3|3
0|1|7|3|3
3.701|0|7|3|3
0|1|9|3|3
3.216|0|9|3|3
0|1|1|0|30
3.216|0|1|0|30
0|1|2|0|30
3.216|0|2|0|30
0|1|3|0|30
3.216|0|3|0|30
0|1|1|1|30
3.216|0|1|1|30
0|1|2|1|30
0.788|0|2|1|30
0|1|3|1|30
0.788|0|3|1|30
0|1|0|0|31
3.216|0|0|0|31
0|1|1|0|31
0.788|0|1|0|31
0|1|3|0|31
3.216|0|3|0|31
0|1|6|0|31
0.788|0|6|0|31
0|1|1|0|32
3.216|0|1|0|32
0|1|2|0|32
0.982|0|2|0|32
0|1|5|0|32
3.216|0|5|0|32
0|1|9|0|32
0.788|0|9|0|32
0|1|0|11|32
0.982|0|0|11|32
0|1|1|11|32
0.982|0|1|11|32
0|1|2|11|32
3.216|0|2|11|32
0|1|3|11|32
0.788|0|3|11|32
0|1|4|11|32
0.788|0|4|11|32
0|1|6|11|32
3.216|0|6|11|32
2.25|0|0|12|32
0|1|0|12|32
0|1|4|12|32
3.216|0|4|12|32
0|1|5|12|32
3.216|0|5|12|32
0|1|6|12|32
0.788|0|6|12|32
0|1|7|12|32
3.216|0|7|12|32
0|1|0|13|32
0.788|0|0|13|32
2.25|0|1|13|32
0|1|1|13|32
0|1|10|13|32
3.701|0|10|13|32
0|1|11|13|32
0.982|0|11|13|32
0|1|12|13|32
3.216|0|12|13|32
0|1|4|13|32
3.216|0|4|13|32
0|1|5|13|32
3.216|0|5|13|32
0|1|0|2|32
0.788|0|0|2|32
0|1|4|2|32
0.788|0|4|2|32
2.25|0|5|2|32
0|1|5|2|32
0|1|6|2|32
0.788|0|6|2|32
2.25|0|0|3|32
0|1|0|3|32
0|1|1|4|32
0.788|0|1|4|32
0|1|10|4|32
0.982|0|10|4|32
0|1|11|4|32
3.216|0|11|4|32
0|1|12|4|32
3.216|0|12|4|32
0|1|13|4|32
3.216|0|13|4|32
0|1|4|4|32
0.788|0|4|4|32
2.25|0|5|4|32
0|1|5|4|32
0|1|6|4|32
0.982|0|6|4|32
0|1|8|4|32
3.701|0|8|4|32
0|1|9|4|32
3.216|0|9|4|32
0|1|0|5|32
3.216|0|0|5|32
2.25|0|1|5|32
0|1|1|5|32
0|1|12|5|32
0.788|0|12|5|32
0|1|13|5|32
0.982|0|13|5|32
0|1|3|5|32
3.216|0|3|5|32
0|1|4|5|32
3.701|0|4|5|32
0|1|6|5|32
0.982|0|6|5|32
0|1|8|5|32
3.216|0|8|5|32
0|1|9|5|32
3.701|0|9|5|32
0|1|0|6|32
3.701|0|0|6|32
0|1|1|6|32
3.216|0|1|6|32
0|1|2|6|32
3.701|0|2|6|32
2.25|0|4|6|32
0|1|4|6|32
0|1|8|6|32
3.216|0|8|6|32
0|1|2|7|32
3.216|0|2|7|32
0|1|7|7|32
3.216|0|7|7|32
0|1|5|9|32
3.701|0|5|9|32
0|1|1|0|33
3.216|0|1|0|33
0|1|0|1|33
3.216|0|0|1|33
0|1|13|1|33
3.701|0|13|1|33
2.25|0|7|1|33
0|1|7|1|33
0|1|9|1|33
0.788|0|9|1|33
0|1|0|10|33
3.216|0|0|10|33
0|1|2|10|33
3.701|0|2|10|33
0|1|3|10|33
0.982|0|3|10|33
0|1|4|10|33
0.788|0|4|10|33
0|1|2|11|33
3.216|0|2|11|33
2.25|0|4|11|33
0|1|4|11|33
0|1|6|11|33
3.216|0|6|11|33
2.25|0|0|2|33
0|1|0|2|33
0|1|1|2|33
0.788|0|1|2|33
0|1|2|2|33
3.216|0|2|2|33
0|1|4|2|33
0.788|0|4|2|33
0|1|5|2|33
3.701|0|5|2|33
2.25|0|4|3|33
0|1|4|3|33
0|1|0|4|33
0.982|0|0|4|33
2.25|0|10|4|33
0|1|10|4|33
0|1|4|4|33
3.216|0|4|4|33
0|1|7|4|33
3.216|0|7|4|33
0|1|8|4|33
0.788|0|8|4|33
0|1|0|5|33
0.788|0|0|5|33
0|1|4|5|33
0.982|0|4|5|33
0|1|7|5|33
0.788|0|7|5|33
0|1|0|6|33
3.216|0|0|6|33
0|1|1|6|33
0.982|0|1|6|33
0|1|2|7|33
0.982|0|2|7|33
0|1|6|7|33
3.216|0|6|7|33
0|1|1|8|33
0.788|0|1|8|33
2.25|0|3|8|33
0|1|3|8|33
0|1|4|8|33
3.216|0|4|8|33
0|1|6|8|33
3.701|0|6|8|33
0|1|3|9|33
0.982|0|3|9|33
0|1|8|9|33
3.216|0|8|9|33
0|1|0|0|34
3.701|0|0|0|34
0|1|3|0|34
0.982|0|3|0|34
0|1|0|1|34
3.216|0|0|1|34
0|1|0|2|34
0.982|0|0|2|34
0|1|1|3|34
3.701|0|1|3|34
0|1|1|4|34
0.982|0|1|4|34
0|1|2|5|34
3.216|0|2|5|34
0|1|10|0|35
0.788|0|10|0|35
2.25|0|12|0|35
0|1|12|0|35
0|1|2|0|35
0.982|0|2|0|35
2.25|0|3|0|35
0|1|3|0|35
0|1|4|0|35
0.788|0|4|0|35
0|1|5|0|35
0.788|0|5|0|35
0|1|6|0|35
0.982|0|6|0|35
0|1|0|1|35
0.788|0|0|1|35
2.25|0|3|1|35
0|1|3|1|35
0|1|1|2|35
0.788|0|1|2|35
2.25|0|10|2|35
0|1|10|2|35
2.25|0|11|2|35
0|1|11|2|35
0|1|12|2|35
0.982|0|12|2|35
0|1|2|2|35
0.788|0|2|2|35
0|1|3|2|35
3.701|0|3|2|35
2.25|0|7|2|35
0|1|7|2|35
0|1|1|3|35
3.701|0|1|3|35
0|1|2|3|35
3.216|0|2|3|35
0|1|2|0|36
3.701|0|2|0|36
0|1|5|0|36
0.788|0|5|0|36
0|1|9|0|36
3.216|0|9|0|36
0|1|0|1|36
3.216|0|0|1|36
0|1|1|1|36
0.982|0|1|1|36
0|1|10|1|36
0.788|0|10|1|36
0|1|11|1|36
3.701|0|11|1|36
0|1|2|1|36
0.982|0|2|1|36
0|1|3|1|36
0.788|0|3|1|36
0|1|7|1|36
0.982|0|7|1|36
0|1|3|2|36
0.788|0|3|2|36
0|1|4|2|36
0.982|0|4|2|36
0|1|6|2|36
0.982|0|6|2|36
0|1|1|3|36
3.216|0|1|3|36
0|1|2|3|36
3.701|0|2|3|36
2.25|0|3|3|36
0|1|3|3|36
0|1|0|4|36
3.216|0|0|4|36
0|1|0|5|36
3.216|0|0|5|36
0|1|1|5|36
0.982|0|1|5|36
0|1|7|5|36
0.788|0|7|5|36
0|1|8|5|36
0.788|0|8|5|36
2.25|0|0|6|36
0|1|0|6|36
0|1|2|6|36
3.701|0|2|6|36
0|1|3|6|36
0.788|0|3|6|36
2.25|0|6|6|36
0|1|6|6|36
0|1|8|6|36
0.788|0|8|6|36
0|1|2|0|37
3.701|0|2|0|37
0|1|3|1|37
0.788|0|3|1|37
2.25|0|1|2|37
0|1|1|2|37
0|1|13|2|37
3.216|0|13|2|37
2.25|0|3|2|37
0|1|3|2|37
0|1|4|2|37
3.216|0|4|2|37
0|1|6|2|37
3.701|0|6|2|37
0|1|7|2|37
0.788|0|7|2|37
2.25|0|1|3|37
0|1|1|3|37
2.25|0|0|4|37
0|1|0|4|37
0|1|2|4|37
0.788|0|2|4|37
0|1|7|4|37
3.701|0|7|4|37
0|1|8|4|37
3.216|0|8|4|37
0|1|11|5|37
3.216|0|11|5|37
0|1|12|5|37
3.216|0|12|5|37
0|1|2|5|37
0.982|0|2|5|37
0|1|3|5|37
3.701|0|3|5|37
0|1|4|5|37
0.788|0|4|5|37
0|1|6|5|37
3.216|0|6|5|37
0|1|8|5|37
3.216|0|8|5|37
0|1|9|5|37
3.701|0|9|5|37
0|1|0|6|37
3.701|0|0|6|37
0|1|3|6|37
0.982|0|3|6|37
0|1|5|6|37
3.701|0|5|6|37
0|1|6|6|37
3.216|0|6|6|37
0|1|7|6|37
0.982|0|7|6|37
2.25|0|10|7|37
0|1|10|7|37
0|1|2|7|37
0.788|0|2|7|37
0|1|3|7|37
0.982|0|3|7|37
2.25|0|4|7|37
0|1|4|7|37
0|1|5|7|37
3.216|0|5|7|37
0|1|7|7|37
3.701|0|7|7|37
0|1|1|0|38
0.982|0|1|0|38
0|1|0|1|38
3.216|0|0|1|38
0|1|1|1|38
3.216|0|1|1|38
0|1|0|10|38
3.216|0|0|10|38
2.25|0|2|10|38
0|1|2|10|38
2.25|0|3|10|38
0|1|3|10|38
2.25|0|0|2|38
0|1|0|2|38
0|1|1|2|38
3.701|0|1|2|38
0|1|2|2|38
3.216|0|2|2|38
0|1|2|3|38
0.982|0|2|3|38
2.25|0|1|4|38
0|1|1|4|38
0|1|1|5|38
0.788|0|1|5|38
0|1|1|6|38
3.701|0|1|6|38
0|1|2|6|38
3.216|0|2|6|38
0|1|1|7|38
3.216|0|1|7|38
0|1|0|8|38
3.701|0|0|8|38
0|1|1|9|38
3.216|0|1|9|38
0|1|3|9|38
3.701|0|3|9|38
0|1|4|9|38
0.788|0|4|9|38
0|1|5|9|38
3.216|0|5|9|38
0|1|1|0|39
3.701|0|1|0|39
0|1|2|0|39
3.216|0|2|0|39
0|1|4|0|39
0.982|0|4|0|39
2.25|0|0|1|39
0|1|0|1|39
2.25|0|2|1|39
0|1|2|1|39
0|1|3|1|39
0.982|0|3|1|39
0|1|4|1|39
0.788|0|4|1|39
0|1|5|1|39
0.982|0|5|1|39
0|1|6|1|39
3.701|0|6|1|39
2.25|0|7|1|39
0|1|7|1|39
0|1|0|10|39
0.982|0|0|10|39
0|1|1|10|39
0.982|0|1|10|39
0|1|0|11|39
3.701|0|0|11|39
0|1|6|11|39
3.216|0|6|11|39
0|1|7|11|39
3.216|0|7|11|39
0|1|8|11|39
0.788|0|8|11|39
0|1|9|11|39
3.701|0|9|11|39
0|1|0|12|39
3.216|0|0|12|39
0|1|3|12|39
3.216|0|3|12|39
0|1|0|13|39
3.216|0|0|13|39
2.25|0|10|13|39
0|1|10|13|39
2.25|0|11|13|39
0|1|11|13|39
0|1|12|13|39
3.701|0|12|13|39
0|1|13|13|39
0.788|0|13|13|39
0|1|2|13|39
3.701|0|2|13|39
0|1|3|13|39
0.982|0|3|13|39
0|1|4|13|39
0.982|0|4|13|39
0|1|5|13|39
3.701|0|5|13|39
0|1|6|13|39
3.701|0|6|13|39
0|1|9|13|39
3.216|0|9|13|39
0|1|0|14|39
3.216|0|0|14|39
0|1|2|14|39
0.982|0|2|14|39
0|1|3|14|39
3.216|0|3|14|39
2.25|0|4|14|39
0|1|4|14|39
0|1|5|14|39
0.788|0|5|14|39
2.25|0|6|14|39
0|1|6|14|39
0|1|3|2|39
0.982|0|3|2|39
0|1|7|2|39
3.216|0|7|2|39
0|1|0|3|39
0.788|0|0|3|39
2.25|0|1|3|39
0|1|1|3|39
0|1|2|3|39
3.216|0|2|3|39
0|1|0|4|39
3.216|0|0|4|39
2.25|0|2|4|39
0|1|2|4|39
0|1|0|5|39
3.216|0|0|5|39
0|1|1|5|39
0.788|0|1|5|39
0|1|3|5|39
3.216|0|3|5|39
0|1|4|5|39
0.788|0|4|5|39
0|1|5|5|39
3.216|0|5|5|39
0|1|7|5|39
3.216|0|7|5|39
0|1|0|6|39
0.788|0|0|6|39
0|1|1|6|39
0.788|0|1|6|39
0|1|4|6|39
3.216|0|4|6|39
0|1|8|6|39
3.216|0|8|6|39
0|1|4|7|39
3.216|0|4|7|39
2.25|0|7|7|39
0|1|7|7|39
2.25|0|0|8|39
0|1|0|8|39
0|1|11|8|39
0.788|0|11|8|39
0|1|12|8|39
0.788|0|12|8|39
0|1|2|8|39
3.216|0|2|8|39
0|1|3|8|39
0.788|0|3|8|39
0|1|5|8|39
0.788|0|5|8|39
0|1|7|8|39
0.788|0|7|8|39
2.25|0|8|8|39
0|1|8|8|39
2.25|0|9|8|39
0|1|9|8|39
0|1|0|0|4
0.788|0|0|0|4
0|1|10|0|4
3.216|0|10|0|4
0|1|2|0|4
0.982|0|2|0|4
0|1|4|0|4
3.701|0|4|0|4
0|1|2|1|4
0.788|0|2|1|4
0|1|3|1|4
3.216|0|3|1|4
0|1|0|10|4
3.216|0|0|10|4
0|1|1|10|4
0.982|0|1|10|4
0|1|4|10|4
3.216|0|4|10|4
0|1|5|10|4
0.788|0|5|10|4
0|1|3|11|4
0.982|0|3|11|4
0|1|1|12|4
0.788|0|1|12|4
0|1|11|12|4
0.788|0|11|12|4
0|1|2|12|4
0.788|0|2|12|4
0|1|5|12|4
0.982|0|5|12|4
0|1|6|12|4
0.788|0|6|12|4
0|1|8|12|4
3.216|0|8|12|4
0|1|9|12|4
3.216|0|9|12|4
0|1|1|13|4
3.216|0|1|13|4
0|1|2|13|4
0.788|0|2|13|4
0|1|4|13|4
0.788|0|4|13|4
2.25|0|6|13|4
0|1|6|13|4
0|1|3|3|4
0.982|0|3|3|4
2.25|0|12|4|4
0|1|12|4|4
2.25|0|2|4|4
0|1|2|4|4
0|1|4|4|4
3.216|0|4|4|4
0|1|5|4|4
3.701|0|5|4|4
0|1|6|4|4
0.982|0|6|4|4
0|1|7|4|4
3.216|0|7|4|4
0|1|0|5|4
0.788|0|0|5|4
0|1|6|5|4
0.982|0|6|5|4
0|1|7|5|4
3.701|0|7|5|4
0|1|8|5|4
3.701|0|8|5|4
0|1|10|7|4
0.788|0|10|7|4
2.25|0|11|7|4
0|1|11|7|4
0|1|12|7|4
0.788|0|12|7|4
0|1|13|7|4
3.216|0|13|7|4
0|1|2|7|4
3.216|0|2|7|4
0|1|6|7|4
3.216|0|6|7|4
0|1|7|7|4
3.216|0|7|7|4
0|1|8|7|4
3.701|0|8|7|4
0|1|1|8|4
3.701|0|1|8|4
0|1|4|8|4
3.216|0|4|8|4
2.25|0|1|9|4
0|1|1|9|4
0|1|2|9|4
3.701|0|2|9|4
0|1|4|9|4
3.216|0|4|9|4
0|1|6|9|4
0.982|0|6|9|4
0|1|0|0|5
3.216|0|0|0|5
2.25|0|1|0|5
0|1|1|0|5
2.25|0|2|0|5
0|1|2|0|5
2.25|0|4|0|5
0|1|4|0|5
2.25|0|0|1|5
0|1|0|1|5
2.25|0|1|1|5
0|1|1|1|5
0|1|3|1|5
3.216|0|3|1|5
0|1|6|1|5
0.982|0|6|1|5
0|1|3|0|6
3.701|0|3|0|6
2.25|0|0|1|6
0|1|0|1|6
0|1|1|1|6
3.701|0|1|1|6
0|1|3|1|6
3.701|0|3|1|6
2.25|0|4|1|6
0|1|4|1|6
0|1|6|1|6
0.982|0|6|1|6
0|1|8|1|6
0.982|0|8|1|6
0|1|0|2|6
3.216|0|0|2|6
0|1|1|2|6
0.982|0|1|2|6
0|1|3|3|6
3.216|0|3|3|6
0|1|4|3|6
0.982|0|4|3|6
0|1|5|3|6
3.216|0|5|3|6
0|1|6|3|6
0.788|0|6|3|6
0|1|7|3|6
3.216|0|7|3|6
0|1|0|0|7
0.982|0|0|0|7
2.25|0|1|0|7
0|1|1|0|7
0|1|2|0|7
3.216|0|2|0|7
0|1|3|0|7
3.216|0|3|0|7
0|1|0|1|7
0.982|0|0|1|7
0|1|0|10|7
3.216|0|0|10|7
0|1|10|10|7
3.216|0|10|10|7
0|1|4|10|7
0.788|0|4|10|7
0|1|5|10|7
3.216|0|5|10|7
0|1|6|10|7
3.216|0|6|10|7
0|1|7|10|7
0.982|0|7|10|7
2.25|0|8|10|7
0|1|8|10|7
2.25|0|9|10|7
0|1|9|10|7
0|1|0|2|7
0.788|0|0|2|7
0|1|2|2|7
3.216|0|2|2|7
0|1|4|2|7
3.701|0|4|2|7
0|1|6|2|7
3.701|0|6|2|7
0|1|7|2|7
3.216|0|7|2|7
0|1|8|2|7
3.701|0|8|2|7
0|1|6|3|7
3.216|0|6|3|7
0|1|9|3|7
3.701|0|9|3|7
0|1|0|4|7
0.982|0|0|4|7
0|1|1|4|7
0.982|0|1|4|7
0|1|0|5|7
0.788|0|0|5|7
0|1|1|7|7
3.701|0|1|7|7
0|1|3|7|7
0.982|0|3|7|7
0|1|7|7|7
3.701|0|7|7|7
0|1|8|7|7
0.788|0|8|7|7
0|1|0|8|7
0.982|0|0|8|7
0|1|2|9|7
0.982|0|2|9|7
0|1|3|9|7
3.216|0|3|9|7
0|1|4|9|7
3.216|0|4|9|7
0|1|5|9|7
3.216|0|5|9|7
0|1|6|9|7
0.982|0|6|9|7
2.25|0|6|0|8
0|1|6|0|8
0|1|7|0|8
0.788|0|7|0|8
2.25|0|1|1|8
0|1|1|1|8
2.25|0|8|1|8
0|1|8|1|8
2.25|0|1|2|8
0|1|1|2|8
0|1|2|2|8
3.216|0|2|2|8
0|1|5|2|8
3.216|0|5|2|8
0|1|6|2|8
3.216|0|6|2|8
0|1|1|3|8
3.216|0|1|3|8
0|1|0|4|8
3.216|0|0|4|8
0|1|1|0|9
3.216|0|1|0|9
0|1|10|0|9
3.701|0|10|0|9
0|1|11|0|9
3.701|0|11|0|9
0|1|13|0|9
0.982|0|13|0|9
0|1|3|0|9
0.788|0|3|0|9
2.25|0|4|0|9
0|1|4|0|9
0|1|6|0|9
0.788|0|6|0|9
0|1|7|0|9
0.788|0|7|0|9
0|1|8|0|9
3.216|0|8|0|9
2.25|0|0|1|9
0|1|0|1|9
0|1|2|1|9
0.788|0|2|1|9
0|1|7|1|9
0.788|0|7|1|9
2.25|0|8|1|9
0|1|8|1|9
0|1|2|2|9
3.216|0|2|2|9
2.25|0|3|2|9
0|1|3|2|9
2.25|0|5|2|9
0|1|5|2|9
0|1|4|3|9
0.982|0|4|3|9
21.39|1|11|0|0
68.451|0|11|0|0
23.578|1|11|0|0
68.451|0|11|0|0
9.853|1|2|0|0
11.721|0|2|0|0
3.548|1|5|0|0
35.086|0|5|0|0
2.503|1|6|0|0
35.086|0|6|0|0
20.555|1|7|0|0
68.451|0|7|0|0
23.792|1|7|0|0
68.451|0|7|0|0
20.752|1|0|1|0
11.721|0|0|1|0
38.905|1|2|1|0
68.451|0|2|1|0
40.495|1|2|1|0
68.451|0|2|1|0
168.744|1|3|1|0
173.861|0|3|1|0
18.822|1|4|1|0
11.721|0|4|1|0
16.236|1|5|1|0
35.086|0|5|1|0
309.679|1|1|10|0
173.862|0|1|10|0
10.15|1|2|10|0
35.086|0|2|10|0
20.021|1|2|11|0
68.451|0|2|11|0
23.308|1|2|11|0
68.451|0|2|11|0
7.885|1|0|12|0
35.086|0|0|12|0
177.367|1|0|13|0
173.861|0|0|13|0
169.386|1|1|13|0
173.861|0|1|13|0
0|1|10|13|0
0.161|0|10|13|0
15.638|1|11|13|0
11.721|0|11|13|0
394.421|1|3|13|0
173.863|0|3|13|0
19.579|1|5|13|0
11.721|0|5|13|0
5.182|1|7|13|0
35.086|0|7|13|0
0|1|0|2|0
0.161|0|0|2|0
238.838|1|2|2|0
173.862|0|2|2|0
0|1|3|2|0
0.161|0|3|2|0
5.806|1|5|2|0
35.086|0|5|2|0
46.177|1|0|3|0
68.451|0|0|3|0
43.379|1|0|3|0
68.451|0|0|3|0
185.269|1|1|3|0
173.861|0|1|3|0
15.145|1|3|3|0
11.721|0|3|3|0
290.734|1|0|6|0
173.862|0|0|6|0
4.239|1|10|6|0
35.086|0|10|6|0
31.771|1|11|6|0
11.721|0|11|6|0
10.766|1|2|6|0
11.721|0|2|6|0
86.466|1|4|6|0
68.452|0|4|6|0
81.055|1|4|6|0
68.452|0|4|6|0
6.031|1|5|6|0
11.721|0|5|6|0
350.066|1|0|7|0
173.862|0|0|7|0
21.987|1|6|7|0
68.451|0|6|7|0
19.533|1|6|7|0
68.451|0|6|7|0
30.151|1|7|7|0
11.721|0|7|7|0
8.647|1|0|8|0
11.721|0|0|8|0
7.58|1|4|8|0
35.086|0|4|8|0
0|1|8|8|0
0.161|0|8|8|0
46.721|1|9|8|0
68.451|0|9|8|0
50.268|1|9|8|0
68.451|0|9|8|0
0|1|0|9|0
0.161|0|0|9|0
10.007|1|1|9|0
35.086|0|1|9|0
0|1|12|9|0
0.161|0|12|9|0
0|1|3|9|0
0.161|0|3|9|0
0|1|5|9|0
0.161|0|5|9|0
0|1|6|9|0
0.161|0|6|9|0
153.294|1|7|9|0
173.861|0|7|9|0
369.377|1|8|9|0
173.863|0|8|9|0
3.42|1|1|0|1
35.086|0|1|0|1
437.012|1|0|2|1
173.863|0|0|2|1
9.892|1|3|2|1
35.086|0|3|2|1
17.513|1|4|2|1
11.721|0|4|2|1
245.016|1|5|2|1
173.862|0|5|2|1
0|1|0|0|10
0.161|0|0|0|10
0|1|3|0|10
0.161|0|3|0|10
27.269|1|5|0|10
11.721|0|5|0|10
0|1|6|0|10
0.161|0|6|0|10
17.169|1|7|0|10
11.721|0|7|0|10
63.525|1|2|2|10
68.451|0|2|2|10
59.826|1|2|2|10
68.451|0|2|2|10
314.327|1|3|2|10
173.862|0|3|2|10
216.355|1|4|4|10
173.862|0|4|4|10
2.846|1|7|4|10
35.086|0|7|4|10
12.184|1|2|0|11
11.721|0|2|0|11
19.755|1|5|0|11
11.721|0|5|0|11
29.626|1|7|0|11
68.451|0|7|0|11
29.068|1|7|0|11
68.451|0|7|0|11
16.154|1|3|1|11
11.721|0|3|1|11
6.882|1|1|2|11
35.086|0|1|2|11
18.755|1|4|2|11
11.721|0|4|2|11
53.664|1|6|2|11
68.451|0|6|2|11
54.897|1|6|2|11
68.451|0|6|2|11
169.835|1|7|2|11
173.861|0|7|2|11
184.542|1|9|2|11
173.861|0|9|2|11
2.948|1|0|3|11
35.086|0|0|3|11
16.156|1|0|4|11
35.086|0|0|4|11
14.926|1|0|5|11
11.721|0|0|5|11
6.778|1|1|5|11
35.086|0|1|5|11
10.473|1|0|0|12
11.721|0|0|0|12
27.086|1|1|0|12
11.721|0|1|0|12
219.238|1|2|0|12
173.861|0|2|0|12
0|1|3|1|12
0.161|0|3|1|12
6.239|1|11|2|12
35.086|0|11|2|12
4.231|1|2|2|12
35.086|0|2|2|12
0|1|3|2|12
0.161|0|3|2|12
52.918|1|4|2|12
68.451|0|4|2|12
52.918|1|4|2|12
68.451|0|4|2|12
3.119|1|6|2|12
35.086|0|6|2|12
10.537|1|0|3|12
35.086|0|0|3|12
3.653|1|1|3|12
35.086|0|1|3|12
19.549|1|4|3|12
11.721|0|4|3|12
54.396|1|1|0|13
68.451|0|1|0|13
53.547|1|1|0|13
68.451|0|1|0|13
0|1|11|1|13
0.161|0|11|1|13
0|1|13|1|13
0.161|0|13|1|13
219.343|1|2|1|13
173.862|0|2|1|13
556.634|1|7|1|13
173.864|0|7|1|13
6.838|1|1|10|14
35.086|0|1|10|14
104.946|1|3|10|14
173.861|0|3|10|14
28.928|1|5|10|14
11.721|0|5|10|14
5.089|1|8|10|14
35.086|0|8|10|14
0|1|9|10|14
0.161|0|9|10|14
8.501|1|0|11|14
11.721|0|0|11|14
4.335|1|0|12|14
35.086|0|0|12|14
13.01|1|10|12|14
11.721|0|10|12|14
10.254|1|11|12|14
11.721|0|11|12|14
5.977|1|13|12|14
35.086|0|13|12|14
300.889|1|4|12|14
173.862|0|4|12|14
5.918|1|5|12|14
35.086|0|5|12|14
189.18|1|7|12|14
173.861|0|7|12|14
468.4|1|1|13|14
173.863|0|1|13|14
17.067|1|3|13|14
11.721|0|3|13|14
8.233|1|10|14|14
11.721|0|10|14|14
0|1|11|14|14
0.161|0|11|14|14
85.746|1|3|14|14
68.452|0|3|14|14
85.746|1|3|14|14
68.452|0|3|14|14
79.861|1|4|14|14
68.452|0|4|14|14
78.48|1|4|14|14
68.452|0|4|14|14
11.957|1|6|14|14
35.086|0|6|14|14
0|1|9|14|14
0.161|0|9|14|14
186.808|1|1|15|14
173.861|0|1|15|14
35.656|1|5|15|14
68.451|0|5|15|14
35.656|1|5|15|14
68.451|0|5|15|14
32.493|1|6|15|14
68.451|0|6|15|14
29.639|1|6|15|14
68.451|0|6|15|14
6.419|1|7|15|14
35.086|0|7|15|14
13.477|1|9|15|14
11.721|0|9|15|14
0|1|1|16|14
0.161|0|1|16|14
13.595|1|3|16|14
11.721|0|3|16|14
0|1|0|17|14
0.161|0|0|17|14
3.143|1|1|2|14
35.086|0|1|2|14
0|1|3|2|14
0.161|0|3|2|14
5.628|1|0|3|14
35.086|0|0|3|14
67.739|1|4|3|14
68.451|0|4|3|14
72.562|1|4|3|14
68.451|0|4|3|14
324.858|1|5|3|14
173.862|0|5|3|14
131.187|1|1|4|14
173.861|0|1|4|14
27.52|1|1|5|14
68.451|0|1|5|14
21.118|1|1|5|14
68.451|0|1|5|14
0|1|3|5|14
0.161|0|3|5|14
188.284|1|5|5|14
173.861|0|5|5|14
8.206|1|10|6|14
35.086|0|10|6|14
45.334|1|12|6|14
68.451|0|12|6|14
42.068|1|12|6|14
68.451|0|12|6|14
46.23|1|3|6|14
68.451|0|3|6|14
46.535|1|3|6|14
68.451|0|3|6|14
22.482|1|9|6|14
11.721|0|9|6|14
31.798|1|3|7|14
11.721|0|3|7|14
123.493|1|1|8|14
173.861|0|1|8|14
0|1|2|8|14
0.161|0|2|8|14
78.602|1|3|8|14
68.452|0|3|8|14
79.978|1|3|8|14
68.452|0|3|8|14
56.977|1|0|9|14
68.451|0|0|9|14
56.977|1|0|9|14
68.451|0|0|9|14
30.866|1|11|9|14
68.451|0|11|9|14
29.221|1|11|9|14
68.451|0|11|9|14
25.209|1|12|9|14
11.721|0|12|9|14
3.536|1|13|9|14
35.086|0|13|9|14
21.482|1|3|9|14
11.721|0|3|9|14
27.703|1|4|9|14
11.721|0|4|9|14
6.122|1|8|9|14
35.086|0|8|9|14
285.456|1|0|0|15
173.862|0|0|0|15
0|1|11|0|15
0.161|0|11|0|15
0|1|2|0|15
0.161|0|2|0|15
3.132|1|6|0|15
35.086|0|6|0|15
67.889|1|7|0|15
68.451|0|7|0|15
68.929|1|7|0|15
68.451|0|7|0|15
133.647|1|11|2|15
173.861|0|11|2|15
4.299|1|9|2|15
35.086|0|9|2|15
0|1|2|3|15
0.161|0|2|3|15
55.729|1|3|3|15
68.451|0|3|3|15
55.13|1|3|3|15
68.451|0|3|3|15
4.132|1|0|0|16
35.086|0|0|0|16
10.058|1|1|0|16
35.086|0|1|0|16
3.044|1|10|0|16
35.086|0|10|0|16
72.367|1|13|0|16
68.451|0|13|0|16
71.707|1|13|0|16
68.451|0|13|0|16
3.766|1|3|0|16
35.086|0|3|0|16
37.538|1|7|0|16
68.451|0|7|0|16
40.154|1|7|0|16
68.451|0|7|0|16
0|1|1|1|16
0.161|0|1|1|16
3.806|1|7|1|16
35.086|0|7|1|16
26.687|1|2|10|16
11.721|0|2|10|16
337.179|1|3|10|16
173.862|0|3|10|16
6.246|1|4|10|16
35.086|0|4|10|16
66.093|1|8|10|16
68.451|0|8|10|16
64.804|1|8|10|16
68.451|0|8|10|16
69.274|1|9|10|16
68.451|0|9|10|16
69.274|1|9|10|16
68.451|0|9|10|16
42.568|1|0|3|16
68.451|0|0|3|16
46.495|1|0|3|16
68.451|0|0|3|16
3.073|1|2|3|16
35.086|0|2|3|16
434.211|1|1|4|16
173.863|0|1|4|16
142.744|1|3|4|16
173.861|0|3|4|16
0|1|4|4|16
0.161|0|4|4|16
40.482|1|1|5|16
11.721|0|1|5|16
30.202|1|3|6|16
68.451|0|3|6|16
26.682|1|3|6|16
68.451|0|3|6|16
194.282|1|4|6|16
173.861|0|4|6|16
22.082|1|2|7|16
68.451|0|2|7|16
22.082|1|2|7|16
68.451|0|2|7|16
20.975|1|3|7|16
11.721|0|3|7|16
0|1|0|8|16
0.161|0|0|8|16
2.902|1|1|8|16
35.086|0|1|8|16
319.962|1|5|8|16
173.862|0|5|8|16
0|1|6|8|16
0.161|0|6|8|16
143.103|1|1|9|16
173.861|0|1|9|16
11.868|1|2|9|16
11.721|0|2|9|16
3.471|1|2|0|17
35.086|0|2|0|17
43.155|1|0|1|17
68.451|0|0|1|17
41.983|1|0|1|17
68.451|0|0|1|17
12.397|1|3|1|17
11.721|0|3|1|17
248.572|1|4|1|17
173.862|0|4|1|17
9.959|1|2|2|17
35.086|0|2|2|17
235.961|1|0|3|17
173.862|0|0|3|17
488.063|1|0|0|18
173.863|0|0|0|18
8.506|1|4|0|18
11.721|0|4|0|18
67.911|1|3|1|18
68.451|0|3|1|18
67.859|1|3|1|18
68.451|0|3|1|18
43.397|1|0|2|18
68.451|0|0|2|18
42.147|1|0|2|18
68.451|0|0|2|18
8.186|1|5|2|18
11.721|0|5|2|18
31.334|1|5|3|18
68.451|0|5|3|18
32.933|1|5|3|18
68.451|0|5|3|18
11.635|1|8|3|18
11.721|0|8|3|18
51.865|1|2|4|18
68.451|0|2|4|18
54.566|1|2|4|18
68.451|0|2|4|18
25.627|1|3|4|18
11.721|0|3|4|18
381.761|1|8|4|18
173.863|0|8|4|18
0|1|2|0|19
0.161|0|2|0|19
21.979|1|13|0|2
11.721|0|13|0|2
0|1|2|0|2
0.161|0|2|0|2
0|1|7|0|2
0.161|0|7|0|2
24.449|1|1|1|2
11.721|0|1|1|2
58.248|1|0|2|2
68.451|0|0|2|2
58.248|1|0|2|2
68.451|0|0|2|2
0|1|2|2|2
0.161|0|2|2|2
183.157|1|3|2|2
173.861|0|3|2|2
239.642|1|4|2|2
173.862|0|4|2|2
134.042|1|5|2|2
173.861|0|5|2|2
39.491|1|7|2|2
68.451|0|7|2|2
43.026|1|7|2|2
68.451|0|7|2|2
28.229|1|1|3|2
68.451|0|1|3|2
28.109|1|1|3|2
68.451|0|1|3|2
0|1|0|4|2
0.161|0|0|4|2
81.003|1|1|4|2
68.452|0|1|4|2
76.759|1|1|4|2
68.452|0|1|4|2
3.272|1|0|5|2
35.086|0|0|5|2
156.404|1|3|5|2
173.861|0|3|5|2
25.888|1|4|5|2
11.721|0|4|5|2
13.771|1|7|5|2
35.086|0|7|5|2
0|1|0|0|20
0.161|0|0|0|20
454.925|1|3|0|20
173.863|0|3|0|20
6.171|1|6|0|20
35.086|0|6|0|20
87.172|1|7|0|20
173.861|0|7|0|20
0|1|0|1|20
0.161|0|0|1|20
5.967|1|2|1|20
11.721|0|2|1|20
24.879|1|3|1|20
68.451|0|3|1|20
21.385|1|3|1|20
68.451|0|3|1|20
256.377|1|3|2|20
173.862|0|3|2|20
290.656|1|0|4|20
173.862|0|0|4|20
27.53|1|10|4|20
68.451|0|10|4|20
28.886|1|10|4|20
68.451|0|10|4|20
242.596|1|3|4|20
173.862|0|3|4|20
338.127|1|4|4|20
173.862|0|4|4|20
0|1|5|4|20
0.161|0|5|4|20
10.4|1|6|4|20
35.086|0|6|4|20
218.079|1|7|4|20
173.861|0|7|4|20
315.361|1|9|4|20
173.862|0|9|4|20
119.189|1|1|5|20
173.861|0|1|5|20
155.778|1|6|5|20
68.452|0|6|5|20
157.832|1|6|5|20
68.452|0|6|5|20
73.423|1|1|6|20
68.451|0|1|6|20
74.028|1|1|6|20
68.451|0|1|6|20
9.926|1|2|6|20
35.086|0|2|6|20
86.678|1|4|6|20
68.452|0|4|6|20
83.669|1|4|6|20
68.452|0|4|6|20
0|1|5|6|20
0.161|0|5|6|20
40.179|1|6|6|20
68.451|0|6|6|20
37.092|1|6|6|20
68.451|0|6|6|20
33.264|1|3|7|20
68.451|0|3|7|20
31.016|1|3|7|20
68.451|0|3|7|20
0|1|6|7|20
0.161|0|6|7|20
19.444|1|1|0|21
68.451|0|1|0|21
19.186|1|1|0|21
68.451|0|1|0|21
34.624|1|2|0|21
68.451|0|2|0|21
28.357|1|2|0|21
68.451|0|2|0|21
0|1|0|10|21
0.161|0|0|10|21
7.232|1|10|10|21
11.721|0|10|10|21
9|1|13|10|21
35.086|0|13|10|21
37.249|1|4|10|21
68.451|0|4|10|21
33.881|1|4|10|21
68.451|0|4|10|21
7.302|1|6|10|21
35.086|0|6|10|21
0|1|7|10|21
0.161|0|7|10|21
28.188|1|8|10|21
11.721|0|8|10|21
17.945|1|9|10|21
11.721|0|9|10|21
347.044|1|4|11|21
173.862|0|4|11|21
218.76|1|8|11|21
173.862|0|8|11|21
8.675|1|6|12|21
11.721|0|6|12|21
18.406|1|10|13|21
11.721|0|10|13|21
0|1|8|13|21
0.161|0|8|13|21
201.068|1|3|2|21
173.861|0|3|2|21
3.091|1|10|3|21
35.086|0|10|3|21
16.922|1|11|3|21
11.721|0|11|3|21
0|1|2|3|21
0.161|0|2|3|21
20.531|1|3|3|21
11.721|0|3|3|21
33.115|1|7|3|21
68.451|0|7|3|21
33.341|1|7|3|21
68.451|0|7|3|21
58.115|1|1|4|21
68.451|0|1|4|21
59.977|1|1|4|21
68.451|0|1|4|21
0|1|10|4|21
0.161|0|10|4|21
0|1|11|4|21
0.161|0|11|4|21
0|1|2|4|21
0.161|0|2|4|21
6.802|1|6|4|21
35.086|0|6|4|21
36.477|1|9|4|21
68.451|0|9|4|21
39.397|1|9|4|21
68.451|0|9|4|21
0|1|3|5|21
0.161|0|3|5|21
8.358|1|11|6|21
35.086|0|11|6|21
76.401|1|12|6|21
68.452|0|12|6|21
76.401|1|12|6|21
68.452|0|12|6|21
74.52|1|13|6|21
68.451|0|13|6|21
74.577|1|13|6|21
68.451|0|13|6|21
0|1|2|6|21
0.161|0|2|6|21
17.197|1|3|6|21
11.721|0|3|6|21
39.403|1|5|6|21
68.451|0|5|6|21
39.961|1|5|6|21
68.451|0|5|6|21
36.667|1|8|6|21
11.721|0|8|6|21
9.805|1|9|6|21
11.721|0|9|6|21
0|1|4|7|21
0.161|0|4|7|21
66.582|1|0|8|21
68.451|0|0|8|21
64.653|1|0|8|21
68.451|0|0|8|21
0|1|5|8|21
0.161|0|5|8|21
12.99|1|0|9|21
11.721|0|0|9|21
52.471|1|4|9|21
68.451|0|4|9|21
56.936|1|4|9|21
68.451|0|4|9|21
6.448|1|8|9|21
11.721|0|8|9|21
41.643|1|2|0|22
68.451|0|2|0|22
37.576|1|2|0|22
68.451|0|2|0|22
12.937|1|5|0|22
11.721|0|5|0|22
2.35|1|10|2|22
35.086|0|10|2|22
61.384|1|13|2|22
68.451|0|13|2|22
60.535|1|13|2|22
68.451|0|13|2|22
10.037|1|4|2|22
11.721|0|4|2|22
20.544|1|6|2|22
11.721|0|6|2|22
22.466|1|0|3|22
68.451|0|0|3|22
20.336|1|0|3|22
68.451|0|0|3|22
0|1|2|3|22
0.161|0|2|3|22
23.495|1|3|3|22
68.451|0|3|3|22
23.93|1|3|3|22
68.451|0|3|3|22
12.481|1|1|1|23
11.721|0|1|1|23
4.806|1|2|1|23
35.086|0|2|1|23
0|1|4|1|23
0.161|0|4|1|23
6.398|1|6|1|23
35.086|0|6|1|23
3.598|1|0|2|23
35.086|0|0|2|23
222.059|1|2|2|23
173.861|0|2|2|23
286.585|1|3|2|23
173.862|0|3|2|23
6.164|1|2|3|23
35.086|0|2|3|23
6.19|1|4|3|23
35.086|0|4|3|23
4.671|1|10|0|24
35.086|0|10|0|24
68.492|1|11|0|24
68.451|0|11|0|24
66.941|1|11|0|24
68.451|0|11|0|24
8.662|1|13|0|24
35.086|0|13|0|24
6.607|1|4|0|24
11.721|0|4|0|24
29.982|1|8|0|24
68.451|0|8|0|24
31.501|1|8|0|24
68.451|0|8|0|24
13.146|1|9|0|24
11.721|0|9|0|24
6.186|1|0|1|24
35.086|0|0|1|24
6.945|1|2|1|24
35.086|0|2|1|24
5.538|1|0|3|24
35.086|0|0|3|24
173.411|1|10|3|24
173.861|0|10|3|24
199.37|1|11|3|24
173.861|0|11|3|24
12.882|1|3|3|24
11.721|0|3|3|24
52.089|1|5|3|24
68.451|0|5|3|24
46.625|1|5|3|24
68.451|0|5|3|24
28.853|1|1|4|24
68.451|0|1|4|24
28.876|1|1|4|24
68.451|0|1|4|24
226.838|1|2|4|24
173.861|0|2|4|24
6.911|1|1|5|24
35.086|0|1|5|24
0|1|2|5|24
0.161|0|2|5|24
0|1|0|6|24
0.161|0|0|6|24
40.153|1|1|6|24
68.451|0|1|6|24
41.681|1|1|6|24
68.451|0|1|6|24
38.457|1|2|6|24
68.451|0|2|6|24
40.209|1|2|6|24
68.451|0|2|6|24
10.199|1|3|6|24
35.086|0|3|6|24
52.379|1|1|7|24
68.451|0|1|7|24
49.413|1|1|7|24
68.451|0|1|7|24
181.524|1|2|7|24
173.861|0|2|7|24
437.746|1|5|0|25
173.863|0|5|0|25
46.339|1|7|0|25
68.451|0|7|0|25
47.752|1|7|0|25
68.451|0|7|0|25
2.314|1|8|0|25
35.086|0|8|0|25
3.966|1|6|1|25
35.086|0|6|1|25
7.39|1|0|3|25
35.086|0|0|3|25
0|1|4|3|25
0.161|0|4|3|25
319.083|1|0|4|25
173.862|0|0|4|25
0|1|3|4|25
0.161|0|3|4|25
256.949|1|4|4|25
173.862|0|4|4|25
45.177|1|5|4|25
68.451|0|5|4|25
44.757|1|5|4|25
68.451|0|5|4|25
12.545|1|7|4|25
35.086|0|7|4|25
8.346|1|0|5|25
11.721|0|0|5|25
0|1|0|0|26
0.161|0|0|0|26
4.762|1|4|0|26
35.086|0|4|0|26
233.864|1|3|1|26
173.862|0|3|1|26
0|1|1|2|26
0.161|0|1|2|26
6.641|1|4|2|26
35.086|0|4|2|26
6.988|1|6|2|26
11.721|0|6|2|26
159.515|1|1|3|26
173.861|0|1|3|26
10.715|1|3|3|26
11.721|0|3|3|26
8.44|1|5|3|26
35.086|0|5|3|26
280.966|1|6|3|26
173.862|0|6|3|26
36.595|1|11|4|26
68.451|0|11|4|26
36.922|1|11|4|26
68.451|0|11|4|26
124.858|1|12|4|26
68.452|0|12|4|26
124.858|1|12|4|26
68.452|0|12|4|26
0|1|2|4|26
0.161|0|2|4|26
0|1|4|4|26
0.161|0|4|4|26
16.367|1|7|4|26
11.721|0|7|4|26
114.955|1|9|4|26
173.861|0|9|4|26
0|1|1|5|26
0.161|0|1|5|26
40.603|1|7|5|26
68.451|0|7|5|26
39.484|1|7|5|26
68.451|0|7|5|26
9.929|1|0|0|27
35.086|0|0|0|27
0|1|1|0|27
0.161|0|1|0|27
21.422|1|1|1|27
11.721|0|1|1|27
0|1|2|1|27
0.161|0|2|1|27
53.537|1|4|1|27
68.451|0|4|1|27
52.991|1|4|1|27
68.451|0|4|1|27
0|1|5|1|27
0.161|0|5|1|27
0|1|2|2|27
0.161|0|2|2|27
11.338|1|0|3|27
11.721|0|0|3|27
3.132|1|1|3|27
35.086|0|1|3|27
0|1|2|4|27
0.161|0|2|4|27
0|1|3|5|27
0.161|0|3|5|27
469.772|1|5|5|27
173.863|0|5|5|27
0|1|4|6|27
0.161|0|4|6|27
37.918|1|1|7|27
68.451|0|1|7|27
37.984|1|1|7|27
68.451|0|1|7|27
15.72|1|4|7|27
11.721|0|4|7|27
9.707|1|6|7|27
35.086|0|6|7|27
0|1|0|8|27
0.161|0|0|8|27
203.55|1|0|9|27
173.861|0|0|9|27
13.238|1|3|9|27
35.086|0|3|9|27
4.668|1|4|9|27
35.086|0|4|9|27
4.322|1|5|9|27
35.086|0|5|9|27
18|1|0|0|28
11.721|0|0|0|28
3.083|1|1|0|28
35.086|0|1|0|28
221.432|1|6|0|28
173.861|0|6|0|28
0|1|4|1|28
0.161|0|4|1|28
232.16|1|1|10|28
173.862|0|1|10|28
8.378|1|2|10|28
11.721|0|2|10|28
290.291|1|6|10|28
173.862|0|6|10|28
8.678|1|0|12|28
11.721|0|0|12|28
8.945|1|1|12|28
35.086|0|1|12|28
29.779|1|2|12|28
68.451|0|2|12|28
30.021|1|2|12|28
68.451|0|2|12|28
3.499|1|3|12|28
35.086|0|3|12|28
286.461|1|5|12|28
173.862|0|5|12|28
45.261|1|4|13|28
68.451|0|4|13|28
40.782|1|4|13|28
68.451|0|4|13|28
186.41|1|3|14|28
173.861|0|3|14|28
5.121|1|5|14|28
35.086|0|5|14|28
0|1|6|14|28
0.161|0|6|14|28
26.985|1|0|15|28
68.451|0|0|15|28
26.309|1|0|15|28
68.451|0|0|15|28
6.113|1|1|15|28
35.086|0|1|15|28
201.146|1|2|15|28
173.861|0|2|15|28
19.997|1|4|15|28
11.721|0|4|15|28
4.986|1|5|15|28
35.086|0|5|15|28
24.918|1|0|16|28
11.721|0|0|16|28
0|1|5|16|28
0.161|0|5|16|28
39.45|1|0|17|28
68.451|0|0|17|28
40.666|1|0|17|28
68.451|0|0|17|28
46.141|1|3|17|28
68.451|0|3|17|28
46.78|1|3|17|28
68.451|0|3|17|28
14.157|1|1|2|28
11.721|0|1|2|28
6.414|1|4|2|28
11.721|0|4|2|28
382.446|1|6|2|28
173.863|0|6|2|28
7.292|1|1|3|28
35.086|0|1|3|28
23.474|1|5|3|28
68.451|0|5|3|28
22.748|1|5|3|28
68.451|0|5|3|28
9.76|1|6|3|28
11.721|0|6|3|28
482.632|1|1|4|28
173.863|0|1|4|28
38.151|1|10|4|28
68.451|0|10|4|28
35.789|1|10|4|28
68.451|0|10|4|28
458.747|1|12|4|28
173.863|0|12|4|28
2.94|1|4|4|28
35.086|0|4|4|28
58.962|1|5|4|28
68.451|0|5|4|28
59.717|1|5|4|28
68.451|0|5|4|28
0|1|0|5|28
0.161|0|0|5|28
10.807|1|2|5|28
11.721|0|2|5|28
17.57|1|4|5|28
11.721|0|4|5|28
0|1|1|6|28
0.161|0|1|6|28
28.192|1|3|6|28
11.721|0|3|6|28
8.128|1|4|6|28
11.721|0|4|6|28
7.961|1|6|6|28
35.086|0|6|6|28
146.258|1|9|6|28
173.861|0|9|6|28
51.407|1|4|7|28
68.451|0|4|7|28
48.871|1|4|7|28
68.451|0|4|7|28
521.24|1|10|9|28
173.863|0|10|9|28
0|1|11|9|28
0.161|0|11|9|28
0|1|12|9|28
0.161|0|12|9|28
234.01|1|9|9|28
173.862|0|9|9|28
6.256|1|1|0|29
11.721|0|1|0|29
7.64|1|5|0|29
11.721|0|5|0|29
260.063|1|0|1|29
173.862|0|0|1|29
150.529|1|2|1|29
173.861|0|2|1|29
15.663|1|0|2|29
11.721|0|0|2|29
16.07|1|2|2|29
11.721|0|2|2|29
0|1|11|0|3
0.161|0|11|0|3
12.849|1|13|0|3
35.086|0|13|0|3
34.815|1|4|0|3
68.451|0|4|0|3
34.779|1|4|0|3
68.451|0|4|0|3
0|1|7|0|3
0.161|0|7|0|3
0|1|8|0|3
0.161|0|8|0|3
513.605|1|9|0|3
173.863|0|9|0|3
378.713|1|0|1|3
173.862|0|0|1|3
9.859|1|4|1|3
11.721|0|4|1|3
31.234|1|3|2|3
68.451|0|3|2|3
33.117|1|3|2|3
68.451|0|3|2|3
39.11|1|10|3|3
68.451|0|10|3|3
39.445|1|10|3|3
68.451|0|10|3|3
35.233|1|11|3|3
68.451|0|11|3|3
37.824|1|11|3|3
68.451|0|11|3|3
0|1|13|3|3
0.161|0|13|3|3
4.849|1|2|3|3
35.086|0|2|3|3
18.823|1|3|3|3
11.721|0|3|3|3
99.562|1|0|0|30
68.452|0|0|0|30
100.544|1|0|0|30
68.452|0|0|0|30
47.961|1|2|0|31
68.451|0|2|0|31
45.084|1|2|0|31
68.451|0|2|0|31
0|1|4|0|31
0.161|0|4|0|31
25.885|1|0|0|32
11.721|0|0|0|32
14.835|1|3|0|32
35.086|0|3|0|32
0|1|4|0|32
0.161|0|4|0|32
414.315|1|6|0|32
173.863|0|6|0|32
46.45|1|7|0|32
68.451|0|7|0|32
47.606|1|7|0|32
68.451|0|7|0|32
29.909|1|0|10|32
11.721|0|0|10|32
0|1|1|10|32
0.161|0|1|10|32
6.307|1|3|12|32
11.721|0|3|12|32
0|1|8|12|32
0.161|0|8|12|32
0|1|2|13|32
0.161|0|2|13|32
85.759|1|3|13|32
68.452|0|3|13|32
83.476|1|3|13|32
68.452|0|3|13|32
19.168|1|7|13|32
68.451|0|7|13|32
22.645|1|7|13|32
68.451|0|7|13|32
6.319|1|8|13|32
35.086|0|8|13|32
20.918|1|1|2|32
68.451|0|1|2|32
24.3|1|1|2|32
68.451|0|1|2|32
559.851|1|2|2|32
173.864|0|2|2|32
105.684|1|2|3|32
173.861|0|2|3|32
10.157|1|0|4|32
35.086|0|0|4|32
307.725|1|7|4|32
173.862|0|7|4|32
44.48|1|11|5|32
68.451|0|11|5|32
40.755|1|11|5|32
68.451|0|11|5|32
0|1|5|5|32
0.161|0|5|5|32
9.503|1|6|6|32
11.721|0|6|6|32
96.76|1|9|6|32
68.452|0|9|6|32
94.127|1|9|6|32
68.452|0|9|6|32
498.939|1|0|7|32
173.863|0|0|7|32
64.963|1|3|7|32
68.451|0|3|7|32
64.963|1|3|7|32
68.451|0|3|7|32
22.355|1|4|7|32
11.721|0|4|7|32
6.757|1|8|7|32
35.086|0|8|7|32
613.352|1|1|8|32
173.864|0|1|8|32
6.934|1|2|9|32
35.086|0|2|9|32
21.269|1|0|0|33
68.451|0|0|0|33
18.453|1|0|0|33
68.451|0|0|0|33
15.36|1|1|1|33
11.721|0|1|1|33
530.099|1|10|1|33
173.863|0|10|1|33
4.018|1|11|1|33
35.086|0|11|1|33
55.376|1|12|1|33
68.451|0|12|1|33
56.383|1|12|1|33
68.451|0|12|1|33
101.461|1|3|1|33
68.452|0|3|1|33
100.395|1|3|1|33
68.452|0|3|1|33
11.609|1|5|1|33
11.721|0|5|1|33
216.964|1|6|1|33
173.861|0|6|1|33
25.253|1|8|1|33
68.451|0|8|1|33
28.389|1|8|1|33
68.451|0|8|1|33
200.57|1|1|10|33
173.861|0|1|10|33
19.409|1|6|10|33
68.451|0|6|10|33
16.003|1|6|10|33
68.451|0|6|10|33
181.673|1|0|11|33
173.861|0|0|11|33
9.781|1|1|11|33
11.721|0|1|11|33
19.868|1|3|11|33
11.721|0|3|11|33
433.413|1|5|11|33
173.863|0|5|11|33
13.242|1|0|3|33
35.086|0|0|3|33
31.937|1|1|3|33
68.451|0|1|3|33
32.288|1|1|3|33
68.451|0|1|3|33
11.823|1|3|3|33
11.721|0|3|3|33
187.19|1|5|3|33
173.861|0|5|3|33
0|1|2|4|33
0.161|0|2|4|33
13.268|1|3|4|33
11.721|0|3|4|33
3.77|1|1|5|33
35.086|0|1|5|33
42.698|1|2|5|33
68.451|0|2|5|33
44.868|1|2|5|33
68.451|0|2|5|33
5.936|1|0|7|33
35.086|0|0|7|33
10.119|1|3|7|33
11.721|0|3|7|33
36.55|1|5|8|33
68.451|0|5|8|33
36.55|1|5|8|33
68.451|0|5|8|33
0|1|7|8|33
0.161|0|7|8|33
15.713|1|0|9|33
11.721|0|0|9|33
3.287|1|1|9|33
35.086|0|1|9|33
95.432|1|2|9|33
68.452|0|2|9|33
98.927|1|2|9|33
68.452|0|2|9|33
418.17|1|5|9|33
173.863|0|5|9|33
11.05|1|7|9|33
11.721|0|7|9|33
23.905|1|9|9|33
11.721|0|9|9|33
34.969|1|2|0|34
68.451|0|2|0|34
31.756|1|2|0|34
68.451|0|2|0|34
3.679|1|1|1|34
35.086|0|1|1|34
29.523|1|1|2|34
11.721|0|1|2|34
109.914|1|2|2|34
68.452|0|2|2|34
109.914|1|2|2|34
68.452|0|2|2|34
11.088|1|3|2|34
11.721|0|3|2|34
25.308|1|4|2|34
68.451|0|4|2|34
24.405|1|4|2|34
68.451|0|4|2|34
15.139|1|0|3|34
35.086|0|0|3|34
38.098|1|3|5|34
68.451|0|3|5|34
36.165|1|3|5|34
68.451|0|3|5|34
0|1|4|5|34
0.161|0|4|5|34
8.822|1|0|0|35
35.086|0|0|0|35
11.138|1|1|0|35
11.721|0|1|0|35
22.964|1|11|0|35
68.451|0|11|0|35
22.516|1|11|0|35
68.451|0|11|0|35
10.172|1|13|0|35
35.086|0|13|0|35
0|1|8|0|35
0.161|0|8|0|35
15.557|1|4|2|35
11.721|0|4|2|35
2.506|1|5|2|35
35.086|0|5|2|35
3.221|1|6|2|35
35.086|0|6|2|35
4.639|1|8|2|35
35.086|0|8|2|35
161.758|1|9|2|35
173.861|0|9|2|35
11.7|1|0|3|35
11.721|0|0|3|35
4.096|1|0|0|36
35.086|0|0|0|36
0|1|10|0|36
0.161|0|10|0|36
0|1|4|0|36
0.161|0|4|0|36
0|1|7|0|36
0.161|0|7|0|36
12.603|1|8|0|36
35.086|0|8|0|36
83.523|1|5|1|36
68.452|0|5|1|36
82.501|1|5|1|36
68.452|0|5|1|36
0|1|9|1|36
0.161|0|9|1|36
0|1|2|2|36
0.161|0|2|2|36
7.726|1|7|2|36
35.086|0|7|2|36
118.696|1|1|4|36
173.861|0|1|4|36
18.926|1|2|5|36
11.721|0|2|5|36
0|1|9|5|36
0.161|0|9|5|36
9.217|1|1|6|36
11.721|0|1|6|36
0|1|4|6|36
0.161|0|4|6|36
3.792|1|3|0|37
35.086|0|3|0|37
7.943|1|4|0|37
35.086|0|4|0|37
5.575|1|0|1|37
35.086|0|0|1|37
31.237|1|10|2|37
68.451|0|10|2|37
31.403|1|10|2|37
68.451|0|10|2|37
14.749|1|11|2|37
11.721|0|11|2|37
0|1|5|2|37
0.161|0|5|2|37
0|1|9|2|37
0.161|0|9|2|37
0|1|2|3|37
0.161|0|2|3|37
45.632|1|1|4|37
68.451|0|1|4|37
41.095|1|1|4|37
68.451|0|1|4|37
158.055|1|4|4|37
173.861|0|4|4|37
21.07|1|5|4|37
68.451|0|5|4|37
21.51|1|5|4|37
68.451|0|5|4|37
255.197|1|9|4|37
173.862|0|9|4|37
251.558|1|10|5|37
173.862|0|10|5|37
10.904|1|13|5|37
11.721|0|13|5|37
0|1|5|5|37
0.161|0|5|5|37
17.936|1|7|5|37
11.721|0|7|5|37
22.411|1|2|6|37
68.451|0|2|6|37
21.146|1|2|6|37
68.451|0|2|6|37
278.219|1|1|7|37
173.862|0|1|7|37
2.379|1|6|7|37
35.086|0|6|7|37
158.393|1|8|7|37
173.861|0|8|7|37
47.415|1|9|7|37
68.451|0|9|7|37
49.134|1|9|7|37
68.451|0|9|7|37
10.162|1|0|8|37
11.721|0|0|8|37
11.285|1|1|8|37
11.721|0|1|8|37
10.922|1|2|8|37
11.721|0|2|8|37
42.214|1|0|0|38
68.451|0|0|0|38
43.669|1|0|0|38
68.451|0|0|0|38
26.318|1|1|10|38
68.451|0|1|10|38
27.448|1|1|10|38
68.451|0|1|10|38
90.002|1|4|2|38
68.452|0|4|2|38
83.544|1|4|2|38
68.452|0|4|2|38
0|1|5|2|38
0.161|0|5|2|38
0|1|0|3|38
0.161|0|0|3|38
56.75|1|1|3|38
68.451|0|1|3|38
52.233|1|1|3|38
68.451|0|1|3|38
8.904|1|3|3|38
35.086|0|3|3|38
0|1|4|3|38
0.161|0|4|3|38
0|1|0|4|38
0.161|0|0|4|38
0|1|3|4|38
0.161|0|3|4|38
7.186|1|4|4|38
35.086|0|4|4|38
0|1|0|5|38
0.161|0|0|5|38
5.523|1|2|5|38
35.086|0|2|5|38
9.875|1|0|6|38
11.721|0|0|6|38
5.409|1|1|8|38
35.086|0|1|8|38
22.712|1|0|9|38
68.451|0|0|9|38
27.884|1|0|9|38
68.451|0|0|9|38
295.203|1|2|9|38
173.862|0|2|9|38
22.635|1|1|1|39
68.451|0|1|1|39
28.28|1|1|1|39
68.451|0|1|1|39
6.378|1|2|10|39
35.086|0|2|10|39
55.378|1|1|11|39
68.451|0|1|11|39
54.624|1|1|11|39
68.451|0|1|11|39
18.793|1|11|11|39
68.451|0|11|11|39
20.899|1|11|11|39
68.451|0|11|11|39
47.732|1|13|11|39
68.451|0|13|11|39
51.222|1|13|11|39
68.451|0|13|11|39
0|1|2|11|39
0.161|0|2|11|39
8.829|1|3|11|39
11.721|0|3|11|39
11.964|1|4|11|39
11.721|0|4|11|39
22.978|1|1|12|39
68.451|0|1|12|39
21.888|1|1|12|39
68.451|0|1|12|39
12.084|1|4|12|39
11.721|0|4|12|39
411.581|1|1|13|39
173.863|0|1|13|39
8.231|1|8|14|39
35.086|0|8|14|39
14.064|1|0|2|39
11.721|0|0|2|39
5.225|1|2|2|39
35.086|0|2|2|39
26.472|1|5|2|39
68.451|0|5|2|39
24.594|1|5|2|39
68.451|0|5|2|39
323.978|1|6|2|39
173.862|0|6|2|39
8.865|1|8|2|39
35.086|0|8|2|39
8.569|1|9|2|39
11.721|0|9|2|39
48.822|1|3|4|39
68.451|0|3|4|39
46.437|1|3|4|39
68.451|0|3|4|39
27.384|1|2|5|39
68.451|0|2|5|39
29.511|1|2|5|39
68.451|0|2|5|39
45.434|1|3|6|39
68.451|0|3|6|39
45.601|1|3|6|39
68.451|0|3|6|39
421.37|1|6|6|39
173.863|0|6|6|39
5.751|1|7|6|39
35.086|0|7|6|39
74.828|1|1|7|39
68.452|0|1|7|39
73.26|1|1|7|39
68.452|0|1|7|39
0|1|5|7|39
0.161|0|5|7|39
0|1|6|7|39
0.161|0|6|7|39
7.432|1|8|7|39
35.086|0|8|7|39
5.786|1|10|8|39
35.086|0|10|8|39
10.94|1|13|8|39
35.086|0|13|8|39
3.782|1|4|8|39
35.086|0|4|8|39
0|1|6|8|39
0.161|0|6|8|39
0|1|1|9|39
0.161|0|1|9|39
0|1|5|0|4
0.161|0|5|0|4
9.642|1|7|0|4
35.086|0|7|0|4
8.264|1|8|0|4
35.086|0|8|0|4
82.266|1|0|1|4
68.452|0|0|1|4
83.177|1|0|1|4
68.452|0|0|1|4
49.183|1|1|1|4
68.451|0|1|1|4
50.578|1|1|1|4
68.451|0|1|1|4
0|1|2|10|4
0.161|0|2|10|4
0|1|3|10|4
0.161|0|3|10|4
190.619|1|0|11|4
173.861|0|0|11|4
0|1|1|11|4
0.161|0|1|11|4
50.795|1|2|11|4
68.451|0|2|11|4
49.664|1|2|11|4
68.451|0|2|11|4
29.272|1|0|12|4
68.451|0|0|12|4
29.388|1|0|12|4
68.451|0|0|12|4
40.129|1|12|12|4
68.451|0|12|12|4
41.494|1|12|12|4
68.451|0|12|12|4
20.004|1|4|12|4
11.721|0|4|12|4
20.708|1|7|12|4
11.721|0|7|12|4
245.547|1|10|13|4
173.862|0|10|13|4
102.093|1|13|13|4
173.861|0|13|13|4
0|1|3|13|4
0.161|0|3|13|4
16.7|1|5|13|4
68.451|0|5|13|4
18.133|1|5|13|4
68.451|0|5|13|4
4.505|1|8|13|4
35.086|0|8|13|4
14.481|1|9|13|4
11.721|0|9|13|4
0|1|0|2|4
0.161|0|0|2|4
19.511|1|2|2|4
11.721|0|2|2|4
3.255|1|0|3|4
35.086|0|0|3|4
29.96|1|1|3|4
11.721|0|1|3|4
34.514|1|2|3|4
68.451|0|2|3|4
32.07|1|2|3|4
68.451|0|2|3|4
67.1|1|4|3|4
68.451|0|4|3|4
66.454|1|4|3|4
68.451|0|4|3|4
0|1|5|3|4
0.161|0|5|3|4
0|1|0|4|4
0.161|0|0|4|4
24.12|1|1|4|4
11.721|0|1|4|4
56.82|1|10|4|4
68.451|0|10|4|4
52.551|1|10|4|4
68.451|0|10|4|4
183.237|1|3|4|4
173.861|0|3|4|4
59.71|1|9|4|4
68.451|0|9|4|4
61.915|1|9|4|4
68.451|0|9|4|4
0|1|1|5|4
0.161|0|1|5|4
91.13|1|4|5|4
68.452|0|4|5|4
91.535|1|4|5|4
68.452|0|4|5|4
4.888|1|5|5|4
35.086|0|5|5|4
3.529|1|0|6|4
35.086|0|0|6|4
60.966|1|0|7|4
68.451|0|0|7|4
61.088|1|0|7|4
68.451|0|0|7|4
448.934|1|1|7|4
173.863|0|1|7|4
18.817|1|3|7|4
68.451|0|3|7|4
20.661|1|3|7|4
68.451|0|3|7|4
45.833|1|5|7|4
68.451|0|5|7|4
49.855|1|5|7|4
68.451|0|5|7|4
0|1|2|8|4
0.161|0|2|8|4
31.513|1|3|9|4
11.721|0|3|9|4
14.5|1|5|9|4
11.721|0|5|9|4
14.459|1|3|0|5
11.721|0|3|0|5
46.077|1|5|1|5
68.451|0|5|1|5
44.911|1|5|1|5
68.451|0|5|1|5
215.11|1|4|0|6
173.861|0|4|0|6
37.881|1|2|1|6
68.451|0|2|1|6
34.219|1|2|1|6
68.451|0|2|1|6
20.767|1|2|2|6
11.721|0|2|2|6
2.557|1|3|2|6
35.086|0|3|2|6
649.262|1|1|3|6
173.864|0|1|3|6
0|1|2|3|6
0.161|0|2|3|6
0|1|8|3|6
0.161|0|8|3|6
30.627|1|5|0|7
68.451|0|5|0|7
25.832|1|5|0|7
68.451|0|5|0|7
0|1|6|0|7
0.161|0|6|0|7
0|1|1|1|7
0.161|0|1|1|7
129.869|1|1|10|7
173.861|0|1|10|7
6.826|1|3|10|7
35.086|0|3|10|7
12.219|1|1|2|7
11.721|0|1|2|7
6.489|1|10|2|7
11.721|0|10|2|7
14.263|1|9|2|7
35.086|0|9|2|7
0|1|0|3|7
0.161|0|0|3|7
0|1|2|3|7
0.161|0|2|3|7
66.375|1|3|3|7
68.451|0|3|3|7
66.902|1|3|3|7
68.451|0|3|3|7
38.512|1|5|3|7
68.451|0|5|3|7
40.581|1|5|3|7
68.451|0|5|3|7
139.483|1|3|4|7
173.861|0|3|4|7
268.94|1|4|4|7
173.862|0|4|4|7
347.439|1|1|6|7
173.862|0|1|6|7
392.607|1|10|7|7
173.863|0|10|7|7
11.566|1|2|7|7
11.721|0|2|7|7
58.539|1|4|7|7
68.451|0|4|7|7
61.431|1|4|7|7
68.451|0|4|7|7
0|1|5|7|7
0.161|0|5|7|7
11.487|1|6|7|7
35.086|0|6|7|7
52.213|1|1|8|7
68.451|0|1|8|7
50.9|1|1|8|7
68.451|0|1|8|7
24.29|1|2|8|7
68.451|0|2|8|7
19.671|1|2|8|7
68.451|0|2|8|7
5.509|1|3|8|7
35.086|0|3|8|7
16.222|1|4|8|7
11.721|0|4|8|7
0|1|0|9|7
0.161|0|0|9|7
0|1|1|9|7
0.161|0|1|9|7
14.983|1|0|0|8
11.721|0|0|0|8
10.825|1|1|0|8
35.086|0|1|0|8
47.426|1|3|0|8
68.451|0|3|0|8
50.03|1|3|0|8
68.451|0|3|0|8
8.336|1|4|0|8
35.086|0|4|0|8
36.741|1|3|1|8
68.451|0|3|1|8
39.8|1|3|1|8
68.451|0|3|1|8
0|1|4|1|8
0.161|0|4|1|8
48.166|1|5|1|8
68.451|0|5|1|8
50.863|1|5|1|8
68.451|0|5|1|8
10.831|1|6|1|8
11.721|0|6|1|8
11.771|1|7|1|8
35.086|0|7|1|8
257.572|1|3|2|8
173.862|0|3|2|8
18.421|1|0|3|8
11.721|0|0|3|8
13.205|1|2|3|8
35.086|0|2|3|8
63.302|1|1|4|8
68.451|0|1|4|8
67.499|1|1|4|8
68.451|0|1|4|8
0|1|0|0|9
0.161|0|0|0|9
0|1|2|0|9
0.161|0|2|0|9
14.057|1|9|0|9
11.721|0|9|0|9
7.093|1|3|1|9
11.721|0|3|1|9
30.144|1|4|1|9
68.451|0|4|1|9
30.144|1|4|1|9
68.451|0|4|1|9
0|1|6|1|9
0.161|0|6|1|9
183.805|1|9|1|9
173.861|0|9|1|9
6.605|1|1|2|9
35.086|0|1|2|9
14.485|1|4|2|9
35.086|0|4|2|9
13.396|1|0|3|9
11.721|0|0|3|9
2.203|1|1|3|9
35.086|0|1|3|9
30.086|1|2|3|9
11.721|0|2|3|9
15.527|1|5|3|9
11.721|0|5|3|9
0|1|3|0|0
0.355|0|3|0|0
0|1|9|0|0
3.701|0|9|0|0
0|1|1|1|0
3.216|0|1|1|0
0|1|10|1|0
0.788|0|10|1|0
0|1|11|1|0
2.25|0|11|1|0
0|1|12|1|0
0.788|0|12|1|0
0|1|6|1|0
3.216|0|6|1|0
0|1|0|10|0
3.216|0|0|10|0
0|1|0|11|0
0.788|0|0|11|0
0|1|1|12|0
3.216|0|1|12|0
0|1|4|12|0
0.788|0|4|12|0
0|1|2|13|0
3.701|0|2|13|0
0|1|4|13|0
0.355|0|4|13|0
0|1|6|13|0
2.25|0|6|13|0
0|1|8|13|0
2.25|0|8|13|0
0|1|9|13|0
3.216|0|9|13|0
0|1|1|2|0
3.216|0|1|2|0
0|1|4|2|0
3.701|0|4|2|0
0|1|6|2|0
3.216|0|6|2|0
0|1|0|4|0
0.788|0|0|4|0
0|1|1|4|0
2.25|0|1|4|0
0|1|2|4|0
0.788|0|2|4|0
0|1|0|5|0
3.701|0|0|5|0
0|1|1|5|0
3.701|0|1|5|0
0|1|2|5|0
0.788|0|2|5|0
0|1|1|6|0
0.355|0|1|6|0
0|1|12|6|0
3.216|0|12|6|0
0|1|3|6|0
2.25|0|3|6|0
0|1|8|6|0
0.355|0|8|6|0
0|1|9|6|0
0.788|0|9|6|0
0|1|1|7|0
3.701|0|1|7|0
0|1|2|7|0
3.701|0|2|7|0
0|1|4|7|0
3.701|0|4|7|0
0|1|8|7|0
3.216|0|8|7|0
0|1|2|8|0
0.355|0|2|8|0
0|1|3|8|0
0.788|0|3|8|0
0|1|5|8|0
0.355|0|5|8|0
0|1|10|9|0
3.216|0|10|9|0
0|1|2|9|0
0.355|0|2|9|0
0|1|4|9|0
0.788|0|4|9|0
0|1|9|9|0
3.216|0|9|9|0
0|1|1|1|1
0.355|0|1|1|1
0|1|2|1|1
3.216|0|2|1|1
0|1|1|2|1
0.355|0|1|2|1
0|1|1|0|10
3.216|0|1|0|10
0|1|4|0|10
3.216|0|4|0|10
0|1|8|0|10
0.788|0|8|0|10
0|1|1|1|10
3.701|0|1|1|10
0|1|2|1|10
3.216|0|2|1|10
0|1|0|2|10
3.216|0|0|2|10
0|1|3|3|10
3.216|0|3|3|10
0|1|1|4|10
0.788|0|1|4|10
0|1|5|4|10
3.216|0|5|4|10
0|1|6|4|10
2.25|0|6|4|10
0|1|0|0|11
2.25|0|0|0|11
0|1|10|0|11
3.216|0|10|0|11
0|1|11|0|11
3.216|0|11|0|11
0|1|13|0|11
3.216|0|13|0|11
0|1|3|0|11
3.216|0|3|0|11
0|1|4|0|11
3.216|0|4|0|11
0|1|6|0|11
3.216|0|6|0|11
0|1|8|0|11
0.788|0|8|0|11
0|1|9|0|11
2.25|0|9|0|11
0|1|0|1|11
0.355|0|0|1|11
0|1|1|1|11
2.25|0|1|1|11
0|1|2|1|11
3.216|0|2|1|11
0|1|0|2|11
2.25|0|0|2|11
0|1|8|2|11
3.216|0|8|2|11
0|1|1|4|11
2.25|0|1|4|11
0|1|3|5|11
0.355|0|3|5|11
0|1|4|5|11
0.788|0|4|5|11
0|1|3|0|12
3.701|0|3|0|12
0|1|0|1|12
3.216|0|0|1|12
0|1|1|1|12
0.355|0|1|1|12
0|1|2|1|12
3.216|0|2|1|12
0|1|0|2|12
0.355|0|0|2|12
0|1|1|2|12
3.216|0|1|2|12
0|1|10|2|12
0.355|0|10|2|12
0|1|13|2|12
3.216|0|13|2|12
0|1|5|2|12
3.216|0|5|2|12
0|1|9|2|12
3.701|0|9|2|12
0|1|5|3|12
3.701|0|5|3|12
0|1|6|3|12
0.788|0|6|3|12
0|1|0|0|13
0.788|0|0|0|13
0|1|0|1|13
3.216|0|0|1|13
0|1|10|1|13
2.25|0|10|1|13
0|1|3|1|13
3.701|0|3|1|13
0|1|5|1|13
0.788|0|5|1|13
0|1|8|1|13
0.788|0|8|1|13
0|1|9|1|13
0.355|0|9|1|13
0|1|0|0|14
2.25|0|0|0|14
0|1|1|0|14
3.701|0|1|0|14
0|1|0|1|14
3.701|0|0|1|14
0|1|1|1|14
2.25|0|1|1|14
0|1|2|1|14
3.216|0|2|1|14
0|1|0|10|14
3.216|0|0|10|14
0|1|2|10|14
3.701|0|2|10|14
0|1|4|10|14
0.788|0|4|10|14
0|1|6|10|14
2.25|0|6|10|14
0|1|7|10|14
3.701|0|7|10|14
0|1|2|11|14
3.216|0|2|11|14
0|1|1|12|14
3.216|0|1|12|14
0|1|2|12|14
3.701|0|2|12|14
0|1|3|12|14
3.216|0|3|12|14
0|1|8|12|14
3.701|0|8|12|14
0|1|9|12|14
0.788|0|9|12|14
0|1|0|13|14
0.788|0|0|13|14
0|1|2|13|14
2.25|0|2|13|14
0|1|4|13|14
3.216|0|4|13|14
0|1|2|14|14
2.25|0|2|14|14
0|1|5|14|14
3.216|0|5|14|14
0|1|0|15|14
0.355|0|0|15|14
0|1|2|15|14
3.216|0|2|15|14
0|1|8|15|14
2.25|0|8|15|14
0|1|0|16|14
2.25|0|0|16|14
0|1|2|16|14
2.25|0|2|16|14
0|1|4|2|14
0.788|0|4|2|14
0|1|2|3|14
3.701|0|2|3|14
0|1|3|3|14
2.25|0|3|3|14
0|1|0|4|14
3.216|0|0|4|14
0|1|0|5|14
3.216|0|0|5|14
0|1|2|5|14
2.25|0|2|5|14
0|1|4|5|14
2.25|0|4|5|14
0|1|1|6|14
3.216|0|1|6|14
0|1|2|6|14
3.216|0|2|6|14
0|1|4|6|14
3.216|0|4|6|14
0|1|5|6|14
0.788|0|5|6|14
0|1|6|6|14
3.216|0|6|6|14
0|1|7|6|14
0.355|0|7|6|14
0|1|2|7|14
0.788|0|2|7|14
0|1|4|7|14
3.216|0|4|7|14
0|1|0|8|14
3.216|0|0|8|14
0|1|1|9|14
3.216|0|1|9|14
0|1|10|9|14
2.25|0|10|9|14
0|1|2|9|14
3.216|0|2|9|14
0|1|5|9|14
3.701|0|5|9|14
0|1|6|9|14
0.355|0|6|9|14
0|1|9|9|14
3.216|0|9|9|14
0|1|10|0|15
0.355|0|10|0|15
0|1|12|0|15
3.216|0|12|0|15
0|1|13|0|15
3.701|0|13|0|15
0|1|4|0|15
3.216|0|4|0|15
0|1|8|0|15
3.216|0|8|0|15
0|1|9|0|15
0.788|0|9|0|15
0|1|0|1|15
3.216|0|0|1|15
0|1|3|1|15
0.355|0|3|1|15
0|1|1|2|15
2.25|0|1|2|15
0|1|13|2|15
3.216|0|13|2|15
0|1|2|2|15
2.25|0|2|2|15
0|1|3|2|15
2.25|0|3|2|15
0|1|4|2|15
3.701|0|4|2|15
0|1|6|2|15
3.701|0|6|2|15
0|1|7|2|15
2.25|0|7|2|15
0|1|8|2|15
3.216|0|8|2|15
0|1|0|3|15
0.355|0|0|3|15
0|1|1|3|15
2.25|0|1|3|15
0|1|4|3|15
3.216|0|4|3|15
0|1|5|3|15
0.355|0|5|3|15
0|1|6|3|15
0.788|0|6|3|15
0|1|11|0|16
3.701|0|11|0|16
0|1|12|0|16
0.788|0|12|0|16
0|1|6|0|16
3.216|0|6|0|16
0|1|9|0|16
0.355|0|9|0|16
0|1|0|1|16
0.788|0|0|1|16
0|1|3|1|16
0.788|0|3|1|16
0|1|4|1|16
3.216|0|4|1|16
0|1|8|1|16
2.25|0|8|1|16
0|1|9|1|16
3.701|0|9|1|16
0|1|0|10|16
3.701|0|0|10|16
0|1|6|10|16
3.216|0|6|10|16
0|1|7|10|16
2.25|0|7|10|16
0|1|0|2|16
0.788|0|0|2|16
0|1|1|2|16
3.216|0|1|2|16
0|1|2|2|16
3.216|0|2|2|16
0|1|3|2|16
3.216|0|3|2|16
0|1|0|4|16
0.788|0|0|4|16
0|1|2|4|16
0.355|0|2|4|16
0|1|5|4|16
3.216|0|5|4|16
0|1|6|4|16
3.216|0|6|4|16
0|1|0|5|16
0.355|0|0|5|16
0|1|2|5|16
2.25|0|2|5|16
0|1|3|5|16
3.216|0|3|5|16
0|1|4|5|16
3.701|0|4|5|16
0|1|6|5|16
3.701|0|6|5|16
0|1|0|6|16
3.216|0|0|6|16
0|1|1|6|16
0.355|0|1|6|16
0|1|2|6|16
3.701|0|2|6|16
0|1|0|7|16
3.701|0|0|7|16
0|1|1|7|16
3.216|0|1|7|16
0|1|11|8|16
0.355|0|11|8|16
0|1|12|8|16
3.216|0|12|8|16
0|1|13|8|16
3.216|0|13|8|16
0|1|2|8|16
3.216|0|2|8|16
0|1|3|8|16
2.25|0|3|8|16
0|1|4|8|16
2.25|0|4|8|16
0|1|7|8|16
0.355|0|7|8|16
0|1|8|8|16
3.701|0|8|8|16
0|1|9|8|16
3.216|0|9|8|16
0|1|3|9|16
0.355|0|3|9|16
0|1|4|9|16
3.216|0|4|9|16
0|1|5|9|16
0.788|0|5|9|16
0|1|0|0|17
0.788|0|0|0|17
0|1|1|0|17
0.788|0|1|0|17
0|1|4|0|17
3.216|0|4|0|17
0|1|1|1|17
2.25|0|1|1|17
0|1|6|1|17
3.701|0|6|1|17
0|1|7|1|17
3.216|0|7|1|17
0|1|8|1|17
0.355|0|8|1|17
0|1|0|2|17
0.355|0|0|2|17
0|1|1|2|17
0.355|0|1|2|17
0|1|1|3|17
0.355|0|1|3|17
0|1|1|0|18
3.216|0|1|0|18
0|1|2|0|18
2.25|0|2|0|18
0|1|0|1|18
0.788|0|0|1|18
0|1|2|1|18
3.216|0|2|1|18
0|1|4|1|18
2.25|0|4|1|18
0|1|1|2|18
0.788|0|1|2|18
0|1|2|2|18
3.216|0|2|2|18
0|1|3|2|18
2.25|0|3|2|18
0|1|4|2|18
0.355|0|4|2|18
0|1|2|3|18
3.701|0|2|3|18
0|1|3|3|18
3.701|0|3|3|18
0|1|6|3|18
0.355|0|6|3|18
0|1|9|3|18
0.788|0|9|3|18
0|1|0|4|18
2.25|0|0|4|18
0|1|7|4|18
3.216|0|7|4|18
0|1|0|0|19
3.216|0|0|0|19
0|1|1|0|19
0.355|0|1|0|19
0|1|3|0|19
3.216|0|3|0|19
0|1|4|0|19
3.216|0|4|0|19
0|1|5|0|19
3.701|0|5|0|19
0|1|6|0|19
0.788|0|6|0|19
0|1|0|0|2
0.788|0|0|0|2
0|1|12|0|2
0.355|0|12|0|2
0|1|3|0|2
3.216|0|3|0|2
0|1|4|0|2
3.216|0|4|0|2
0|1|5|0|2
3.701|0|5|0|2
0|1|8|0|2
0.355|0|8|0|2
0|1|9|0|2
2.25|0|9|0|2
0|1|1|2|2
3.216|0|1|2|2
0|1|6|2|2
3.216|0|6|2|2
0|1|8|2|2
3.216|0|8|2|2
0|1|0|3|2
0.355|0|0|3|2
0|1|3|3|2
3.216|0|3|3|2
0|1|4|3|2
2.25|0|4|3|2
0|1|5|3|2
3.216|0|5|3|2
0|1|6|3|2
0.788|0|6|3|2
0|1|8|3|2
3.216|0|8|3|2
0|1|9|3|2
0.788|0|9|3|2
0|1|2|4|2
3.216|0|2|4|2
0|1|4|4|2
3.701|0|4|4|2
0|1|1|5|2
3.216|0|1|5|2
0|1|11|5|2
2.25|0|11|5|2
0|1|2|5|2
0.355|0|2|5|2
0|1|5|5|2
0.355|0|5|5|2
0|1|6|5|2
0.788|0|6|5|2
0|1|1|0|20
0.788|0|1|0|20
0|1|2|0|20
2.25|0|2|0|20
0|1|4|0|20
0.788|0|4|0|20
0|1|1|1|20
0.788|0|1|1|20
0|1|5|1|20
0.788|0|5|1|20
0|1|0|2|20
3.216|0|0|2|20
0|1|2|2|20
3.216|0|2|2|20
0|1|4|2|20
0.788|0|4|2|20
0|1|5|2|20
0.788|0|5|2|20
0|1|6|2|20
3.216|0|6|2|20
0|1|0|3|20
0.355|0|0|3|20
0|1|1|3|20
3.216|0|1|3|20
0|1|8|4|20
0.788|0|8|4|20
0|1|0|5|20
3.216|0|0|5|20
0|1|2|5|20
0.788|0|2|5|20
0|1|3|5|20
3.701|0|3|5|20
0|1|4|5|20
2.25|0|4|5|20
0|1|5|5|20
2.25|0|5|5|20
0|1|7|5|20
0.788|0|7|5|20
0|1|0|6|20
0.355|0|0|6|20
0|1|3|6|20
3.216|0|3|6|20
0|1|0|7|20
0.788|0|0|7|20
0|1|2|7|20
3.701|0|2|7|20
0|1|5|7|20
3.216|0|5|7|20
0|1|7|7|20
3.216|0|7|7|20
0|1|8|7|20
0.788|0|8|7|20
0|1|0|0|21
0.355|0|0|0|21
0|1|3|0|21
0.355|0|3|0|21
0|1|0|1|21
3.216|0|0|1|21
0|1|1|1|21
3.701|0|1|1|21
0|1|1|10|21
3.216|0|1|10|21
0|1|11|10|21
3.216|0|11|10|21
0|1|12|10|21
3.216|0|12|10|21
0|1|3|10|21
3.216|0|3|10|21
0|1|5|10|21
3.701|0|5|10|21
0|1|0|11|21
2.25|0|0|11|21
0|1|1|11|21
2.25|0|1|11|21
0|1|2|11|21
2.25|0|2|11|21
0|1|3|11|21
3.216|0|3|11|21
0|1|5|11|21
3.701|0|5|11|21
0|1|6|11|21
0.355|0|6|11|21
0|1|7|11|21
0.788|0|7|11|21
0|1|2|12|21
0.355|0|2|12|21
0|1|4|12|21
0.355|0|4|12|21
0|1|7|12|21
0.355|0|7|12|21
0|1|11|13|21
2.25|0|11|13|21
0|1|12|13|21
3.701|0|12|13|21
0|1|4|13|21
0.355|0|4|13|21
0|1|5|13|21
3.701|0|5|13|21
0|1|6|13|21
2.25|0|6|13|21
0|1|9|13|21
3.216|0|9|13|21
0|1|4|2|21
3.216|0|4|2|21
0|1|12|3|21
2.25|0|12|3|21
0|1|13|3|21
2.25|0|13|3|21
0|1|4|3|21
3.216|0|4|3|21
0|1|9|3|21
3.216|0|9|3|21
0|1|0|4|21
2.25|0|0|4|21
0|1|3|4|21
2.25|0|3|4|21
0|1|4|4|21
0.788|0|4|4|21
0|1|5|4|21
2.25|0|5|4|21
0|1|8|4|21
0.355|0|8|4|21
0|1|0|5|21
3.216|0|0|5|21
0|1|1|5|21
2.25|0|1|5|21
0|1|2|5|21
0.788|0|2|5|21
0|1|4|6|21
0.788|0|4|6|21
0|1|7|6|21
3.216|0|7|6|21
0|1|3|7|21
2.25|0|3|7|21
0|1|10|8|21
0.788|0|10|8|21
0|1|11|8|21
0.788|0|11|8|21
0|1|6|8|21
0.788|0|6|8|21
0|1|9|8|21
0.788|0|9|8|21
0|1|1|9|21
3.216|0|1|9|21
0|1|10|9|21
3.216|0|10|9|21
0|1|11|9|21
2.25|0|11|9|21
0|1|12|9|21
3.216|0|12|9|21
0|1|13|9|21
2.25|0|13|9|21
0|1|2|9|21
3.701|0|2|9|21
0|1|3|9|21
3.216|0|3|9|21
0|1|5|9|21
0.355|0|5|9|21
0|1|7|9|21
0.788|0|7|9|21
0|1|0|0|22
0.788|0|0|0|22
0|1|3|0|22
3.701|0|3|0|22
0|1|6|0|22
0.788|0|6|0|22
0|1|0|1|22
3.701|0|0|1|22
0|1|1|1|22
0.355|0|1|1|22
0|1|2|1|22
3.701|0|2|1|22
0|1|1|2|22
0.355|0|1|2|22
0|1|11|2|22
0.788|0|11|2|22
0|1|12|2|22
0.355|0|12|2|22
0|1|5|2|22
0.788|0|5|2|22
0|1|8|2|22
0.788|0|8|2|22
0|1|9|2|22
3.701|0|9|2|22
0|1|1|3|22
2.25|0|1|3|22
0|1|6|3|22
3.701|0|6|3|22
0|1|7|3|22
2.25|0|7|3|22
0|1|0|0|23
0.355|0|0|0|23
0|1|1|0|23
0.788|0|1|0|23
0|1|2|0|23
3.701|0|2|0|23
0|1|3|0|23
0.355|0|3|0|23
0|1|0|1|23
0.788|0|0|1|23
0|1|3|1|23
3.216|0|3|1|23
0|1|5|1|23
2.25|0|5|1|23
0|1|0|3|23
3.216|0|0|3|23
0|1|1|3|23
0.788|0|1|3|23
0|1|5|3|23
3.216|0|5|3|23
0|1|6|3|23
0.788|0|6|3|23
0|1|1|0|24
2.25|0|1|0|24
0|1|3|0|24
3.216|0|3|0|24
0|1|5|0|24
3.216|0|5|0|24
0|1|7|0|24
0.355|0|7|0|24
0|1|1|1|24
3.216|0|1|1|24
0|1|3|1|24
2.25|0|3|1|24
0|1|0|2|24
0.788|0|0|2|24
0|1|1|3|24
3.216|0|1|3|24
0|1|4|3|24
2.25|0|4|3|24
0|1|7|3|24
3.216|0|7|3|24
0|1|8|3|24
2.25|0|8|3|24
0|1|0|4|24
3.701|0|0|4|24
0|1|3|4|24
0.788|0|3|4|24
0|1|4|6|24
0.788|0|4|6|24
0|1|0|7|24
3.216|0|0|7|24
0|1|4|7|24
3.216|0|4|7|24
0|1|5|7|24
3.216|0|5|7|24
0|1|1|0|25
3.701|0|1|0|25
0|1|2|0|25
3.701|0|2|0|25
0|1|3|0|25
3.216|0|3|0|25
0|1|4|0|25
3.216|0|4|0|25
0|1|0|1|25
3.216|0|0|1|25
0|1|1|1|25
0.355|0|1|1|25
0|1|10|1|25
3.216|0|10|1|25
0|1|11|1|25
3.216|0|11|1|25
0|1|2|1|25
2.25|0|2|1|25
0|1|3|1|25
3.216|0|3|1|25
0|1|4|1|25
0.788|0|4|1|25
0|1|5|1|25
2.25|0|5|1|25
0|1|2|2|25
3.216|0|2|2|25
0|1|3|2|25
3.216|0|3|2|25
0|1|4|2|25
0.355|0|4|2|25
0|1|3|3|25
3.216|0|3|3|25
0|1|5|3|25
3.216|0|5|3|25
0|1|8|4|25
3.216|0|8|4|25
0|1|9|4|25
2.25|0|9|4|25
0|1|1|5|25
3.216|0|1|5|25
0|1|1|0|26
3.216|0|1|0|26
0|1|3|0|26
3.216|0|3|0|26
0|1|0|1|26
0.355|0|0|1|26
0|1|3|2|26
2.25|0|3|2|26
0|1|5|2|26
3.216|0|5|2|26
0|1|0|3|26
3.216|0|0|3|26
0|1|10|3|26
2.25|0|10|3|26
0|1|2|3|26
0.788|0|2|3|26
0|1|4|3|26
0.355|0|4|3|26
0|1|8|3|26
0.355|0|8|3|26
0|1|9|3|26
0.355|0|9|3|26
0|1|0|4|26
0.788|0|0|4|26
0|1|10|4|26
3.701|0|10|4|26
0|1|3|4|26
0.355|0|3|4|26
0|1|5|4|26
0.788|0|5|4|26
0|1|6|4|26
3.216|0|6|4|26
0|1|8|4|26
0.788|0|8|4|26
0|1|0|5|26
3.216|0|0|5|26
0|1|3|5|26
3.216|0|3|5|26
0|1|4|5|26
3.701|0|4|5|26
0|1|5|5|26
0.355|0|5|5|26
0|1|6|5|26
0.788|0|6|5|26
0|1|8|5|26
2.25|0|8|5|26
0|1|2|0|27
3.216|0|2|0|27
0|1|0|1|27
2.25|0|0|1|27
0|1|0|2|27
0.788|0|0|2|27
0|1|2|3|27
3.216|0|2|3|27
0|1|0|4|27
3.216|0|0|4|27
0|1|1|4|27
0.788|0|1|4|27
0|1|3|4|27
0.788|0|3|4|27
0|1|4|4|27
2.25|0|4|4|27
0|1|0|5|27
0.788|0|0|5|27
0|1|1|5|27
0.788|0|1|5|27
0|1|2|5|27
2.25|0|2|5|27
0|1|4|5|27
3.216|0|4|5|27
0|1|6|5|27
3.216|0|6|5|27
0|1|7|5|27
0.788|0|7|5|27
0|1|8|5|27
0.355|0|8|5|27
0|1|9|5|27
3.701|0|9|5|27
0|1|0|6|27
0.355|0|0|6|27
0|1|1|6|27
3.701|0|1|6|27
0|1|2|6|27
3.216|0|2|6|27
0|1|3|6|27
0.355|0|3|6|27
0|1|5|6|27
0.355|0|5|6|27
0|1|6|6|27
3.216|0|6|6|27
0|1|0|7|27
0.788|0|0|7|27
0|1|2|7|27
3.216|0|2|7|27
0|1|3|7|27
0.788|0|3|7|27
0|1|5|7|27
3.216|0|5|7|27
0|1|1|8|27
0.355|0|1|8|27
0|1|2|8|27
2.25|0|2|8|27
0|1|3|8|27
3.216|0|3|8|27
0|1|1|9|27
3.216|0|1|9|27
0|1|2|9|27
3.216|0|2|9|27
0|1|6|9|27
3.701|0|6|9|27
0|1|10|0|28
3.216|0|10|0|28
0|1|2|0|28
3.701|0|2|0|28
0|1|3|0|28
0.355|0|3|0|28
0|1|4|0|28
2.25|0|4|0|28
0|1|5|0|28
3.701|0|5|0|28
0|1|7|0|28
2.25|0|7|0|28
0|1|8|0|28
3.216|0|8|0|28
0|1|9|0|28
0.355|0|9|0|28
0|1|0|1|28
0.788|0|0|1|28
0|1|1|1|28
3.216|0|1|1|28
0|1|2|1|28
3.701|0|2|1|28
0|1|5|1|28
3.216|0|5|1|28
0|1|6|1|28
0.788|0|6|1|28
0|1|7|1|28
3.216|0|7|1|28
0|1|3|10|28
0.788|0|3|10|28
0|1|4|10|28
3.216|0|4|10|28
0|1|0|11|28
3.216|0|0|11|28
0|1|3|11|28
3.216|0|3|11|28
0|1|4|12|28
0.355|0|4|12|28
0|1|6|12|28
3.701|0|6|12|28
0|1|0|13|28
2.25|0|0|13|28
0|1|2|13|28
0.788|0|2|13|28
0|1|5|13|28
3.216|0|5|13|28
0|1|6|13|28
3.216|0|6|13|28
0|1|1|14|28
3.216|0|1|14|28
0|1|2|14|28
0.355|0|2|14|28
0|1|4|14|28
3.216|0|4|14|28
0|1|3|15|28
2.25|0|3|15|28
0|1|7|15|28
2.25|0|7|15|28
0|1|8|15|28
0.355|0|8|15|28
0|1|9|15|28
0.788|0|9|15|28
0|1|3|16|28
0.355|0|3|16|28
0|1|4|16|28
3.216|0|4|16|28
0|1|1|17|28
3.216|0|1|17|28
0|1|2|17|28
3.701|0|2|17|28
0|1|2|2|28
3.216|0|2|2|28
0|1|3|2|28
3.701|0|3|2|28
0|1|5|2|28
2.25|0|5|2|28
0|1|3|3|28
0.355|0|3|3|28
0|1|4|3|28
0.788|0|4|3|28
0|1|0|4|28
3.216|0|0|4|28
0|1|11|4|28
0.355|0|11|4|28
0|1|13|4|28
2.25|0|13|4|28
0|1|8|4|28
3.216|0|8|4|28
0|1|1|5|28
0.788|0|1|5|28
0|1|3|5|28
3.216|0|3|5|28
0|1|0|6|28
0.788|0|0|6|28
0|1|2|6|28
2.25|0|2|6|28
0|1|5|6|28
2.25|0|5|6|28
0|1|7|6|28
3.701|0|7|6|28
0|1|1|7|28
3.216|0|1|7|28
0|1|2|7|28
3.216|0|2|7|28
0|1|3|7|28
3.216|0|3|7|28
0|1|1|8|28
2.25|0|1|8|28
0|1|0|9|28
2.25|0|0|9|28
0|1|13|9|28
0.788|0|13|9|28
0|1|2|9|28
0.355|0|2|9|28
0|1|4|9|28
3.216|0|4|9|28
0|1|5|9|28
0.355|0|5|9|28
0|1|6|9|28
0.788|0|6|9|28
0|1|8|9|28
0.788|0|8|9|28
0|1|0|0|29
0.355|0|0|0|29
0|1|10|0|29
0.355|0|10|0|29
0|1|11|0|29
3.701|0|11|0|29
0|1|12|0|29
3.216|0|12|0|29
0|1|3|0|29
3.216|0|3|0|29
0|1|4|0|29
3.216|0|4|0|29
0|1|8|0|29
2.25|0|8|0|29
0|1|9|0|29
3.701|0|9|0|29
0|1|1|2|29
2.25|0|1|2|29
0|1|0|0|3
0.355|0|0|0|3
0|1|1|0|3
3.216|0|1|0|3
0|1|12|0|3
3.216|0|12|0|3
0|1|6|0|3
0.355|0|6|0|3
0|1|1|1|3
3.701|0|1|1|3
0|1|2|1|3
3.701|0|2|1|3
0|1|3|1|3
2.25|0|3|1|3
0|1|5|1|3
3.216|0|5|1|3
0|1|0|2|3
3.216|0|0|2|3
0|1|4|2|3
3.701|0|4|2|3
0|1|5|2|3
3.701|0|5|2|3
0|1|0|3|3
3.216|0|0|3|3
0|1|12|3|3
0.355|0|12|3|3
0|1|4|3|3
2.25|0|4|3|3
0|1|6|3|3
3.216|0|6|3|3
0|1|7|3|3
3.701|0|7|3|3
0|1|8|3|3
0.355|0|8|3|3
0|1|9|3|3
3.216|0|9|3|3
0|1|1|0|30
3.216|0|1|0|30
0|1|2|0|30
3.216|0|2|0|30
0|1|3|0|30
3.216|0|3|0|30
0|1|1|1|30
3.216|0|1|1|30
0|1|2|1|30
0.788|0|2|1|30
0|1|3|1|30
0.788|0|3|1|30
0|1|0|0|31
3.216|0|0|0|31
0|1|1|0|31
0.788|0|1|0|31
0|1|3|0|31
3.216|0|3|0|31
0|1|6|0|31
0.788|0|6|0|31
0|1|1|0|32
3.216|0|1|0|32
0|1|5|0|32
3.216|0|5|0|32
0|1|8|0|32
0.355|0|8|0|32
0|1|9|0|32
0.788|0|9|0|32
0|1|2|11|32
3.216|0|2|11|32
0|1|3|11|32
0.788|0|3|11|32
0|1|4|11|32
0.788|0|4|11|32
0|1|5|11|32
0.355|0|5|11|32
0|1|6|11|32
3.216|0|6|11|32
0|1|0|12|32
2.25|0|0|12|32
0|1|2|12|32
0.355|0|2|12|32
0|1|4|12|32
3.216|0|4|12|32
0|1|5|12|32
3.216|0|5|12|32
0|1|6|12|32
0.788|0|6|12|32
0|1|7|12|32
3.216|0|7|12|32
0|1|0|13|32
0.788|0|0|13|32
0|1|1|13|32
2.25|0|1|13|32
0|1|10|13|32
3.701|0|10|13|32
0|1|12|13|32
3.216|0|12|13|32
0|1|4|13|32
3.216|0|4|13|32
0|1|5|13|32
3.216|0|5|13|32
0|1|0|2|32
0.788|0|0|2|32
0|1|3|2|32
0.355|0|3|2|32
0|1|4|2|32
0.788|0|4|2|32
0|1|5|2|32
2.25|0|5|2|32
0|1|6|2|32
0.788|0|6|2|32
0|1|0|3|32
2.25|0|0|3|32
0|1|1|4|32
0.788|0|1|4|32
0|1|11|4|32
3.216|0|11|4|32
0|1|12|4|32
3.216|0|12|4|32
0|1|13|4|32
3.216|0|13|4|32
0|1|2|4|32
0.355|0|2|4|32
0|1|4|4|32
0.788|0|4|4|32
0|1|5|4|32
2.25|0|5|4|32
0|1|8|4|32
3.701|0|8|4|32
0|1|9|4|32
3.216|0|9|4|32
0|1|0|5|32
3.216|0|0|5|32
0|1|1|5|32
2.25|0|1|5|32
0|1|10|5|32
0.355|0|10|5|32
0|1|12|5|32
0.788|0|12|5|32
0|1|3|5|32
3.216|0|3|5|32
0|1|4|5|32
3.701|0|4|5|32
0|1|7|5|32
0.355|0|7|5|32
0|1|8|5|32
3.216|0|8|5|32
0|1|9|5|32
3.701|0|9|5|32
0|1|0|6|32
3.701|0|0|6|32
0|1|1|6|32
3.216|0|1|6|32
0|1|2|6|32
3.701|0|2|6|32
0|1|3|6|32
0.355|0|3|6|32
0|1|4|6|32
2.25|0|4|6|32
0|1|7|6|32
0.355|0|7|6|32
0|1|8|6|32
3.216|0|8|6|32
0|1|1|7|32
0.355|0|1|7|32
0|1|2|7|32
3.216|0|2|7|32
0|1|6|7|32
0.355|0|6|7|32
0|1|7|7|32
3.216|0|7|7|32
0|1|0|9|32
0.355|0|0|9|32
0|1|1|9|32
0.355|0|1|9|32
0|1|5|9|32
3.701|0|5|9|32
0|1|1|0|33
3.216|0|1|0|33
0|1|0|1|33
3.216|0|0|1|33
0|1|13|1|33
3.701|0|13|1|33
0|1|7|1|33
2.25|0|7|1|33
0|1|9|1|33
0.788|0|9|1|33
0|1|0|10|33
3.216|0|0|10|33
0|1|2|10|33
3.701|0|2|10|33
0|1|4|10|33
0.788|0|4|10|33
0|1|2|11|33
3.216|0|2|11|33
0|1|4|11|33
2.25|0|4|11|33
0|1|6|11|33
3.216|0|6|11|33
0|1|0|2|33
2.25|0|0|2|33
0|1|1|2|33
0.788|0|1|2|33
0|1|2|2|33
3.216|0|2|2|33
0|1|3|2|33
0.355|0|3|2|33
0|1|4|2|33
0.788|0|4|2|33
0|1|5|2|33
3.701|0|5|2|33
0|1|4|3|33
2.25|0|4|3|33
0|1|10|4|33
2.25|0|10|4|33
0|1|4|4|33
3.216|0|4|4|33
0|1|5|4|33
0.355|0|5|4|33
0|1|6|4|33
0.355|0|6|4|33
0|1|7|4|33
3.216|0|7|4|33
0|1|8|4|33
0.788|0|8|4|33
0|1|0|5|33
0.788|0|0|5|33
0|1|7|5|33
0.788|0|7|5|33
0|1|0|6|33
3.216|0|0|6|33
0|1|6|7|33
3.216|0|6|7|33
0|1|1|8|33
0.788|0|1|8|33
0|1|3|8|33
2.25|0|3|8|33
0|1|4|8|33
3.216|0|4|8|33
0|1|6|8|33
3.701|0|6|8|33
0|1|8|9|33
3.216|0|8|9|33
0|1|0|0|34
3.701|0|0|0|34
0|1|0|1|34
3.216|0|0|1|34
0|1|5|2|34
0.355|0|5|2|34
0|1|1|3|34
3.701|0|1|3|34
0|1|2|4|34
0.355|0|2|4|34
0|1|0|5|34
0.355|0|0|5|34
0|1|2|5|34
3.216|0|2|5|34
0|1|10|0|35
0.788|0|10|0|35
0|1|12|0|35
2.25|0|12|0|35
0|1|3|0|35
2.25|0|3|0|35
0|1|4|0|35
0.788|0|4|0|35
0|1|5|0|35
0.788|0|5|0|35
0|1|7|0|35
0.355|0|7|0|35
0|1|0|1|35
0.788|0|0|1|35
0|1|1|1|35
0.355|0|1|1|35
0|1|3|1|35
2.25|0|3|1|35
0|1|1|2|35
0.788|0|1|2|35
0|1|10|2|35
2.25|0|10|2|35
0|1|11|2|35
2.25|0|11|2|35
0|1|2|2|35
0.788|0|2|2|35
0|1|3|2|35
3.701|0|3|2|35
0|1|7|2|35
2.25|0|7|2|35
0|1|1|3|35
3.701|0|1|3|35
0|1|2|3|35
3.216|0|2|3|35
0|1|2|0|36
3.701|0|2|0|36
0|1|3|0|36
0.355|0|3|0|36
0|1|5|0|36
0.788|0|5|0|36
0|1|9|0|36
3.216|0|9|0|36
0|1|0|1|36
3.216|0|0|1|36
0|1|10|1|36
0.788|0|10|1|36
0|1|11|1|36
3.701|0|11|1|36
0|1|3|1|36
0.788|0|3|1|36
0|1|4|1|36
0.355|0|4|1|36
0|1|8|1|36
0.355|0|8|1|36
0|1|0|2|36
0.355|0|0|2|36
0|1|3|2|36
0.788|0|3|2|36
0|1|5|2|36
0.355|0|5|2|36
0|1|1|3|36
3.216|0|1|3|36
0|1|2|3|36
3.701|0|2|3|36
0|1|3|3|36
2.25|0|3|3|36
0|1|0|4|36
3.216|0|0|4|36
0|1|0|5|36
3.216|0|0|5|36
0|1|3|5|36
0.355|0|3|5|36
0|1|6|5|36
0.355|0|6|5|36
0|1|7|5|36
0.788|0|7|5|36
0|1|8|5|36
0.788|0|8|5|36
0|1|0|6|36
2.25|0|0|6|36
0|1|2|6|36
3.701|0|2|6|36
0|1|3|6|36
0.788|0|3|6|36
0|1|5|6|36
0.355|0|5|6|36
0|1|6|6|36
2.25|0|6|6|36
0|1|8|6|36
0.788|0|8|6|36
0|1|0|0|37
0.355|0|0|0|37
0|1|2|0|37
3.701|0|2|0|37
0|1|2|1|37
0.355|0|2|1|37
0|1|3|1|37
0.788|0|3|1|37
0|1|1|2|37
2.25|0|1|2|37
0|1|12|2|37
0.355|0|12|2|37
0|1|13|2|37
3.216|0|13|2|37
0|1|3|2|37
2.25|0|3|2|37
0|1|4|2|37
3.216|0|4|2|37
0|1|6|2|37
3.701|0|6|2|37
0|1|7|2|37
0.788|0|7|2|37
0|1|0|3|37
0.355|0|0|3|37
0|1|1|3|37
2.25|0|1|3|37
0|1|0|4|37
2.25|0|0|4|37
0|1|2|4|37
0.788|0|2|4|37
0|1|7|4|37
3.701|0|7|4|37
0|1|8|4|37
3.216|0|8|4|37
0|1|1|5|37
0.355|0|1|5|37
0|1|11|5|37
3.216|0|11|5|37
0|1|12|5|37
3.216|0|12|5|37
0|1|3|5|37
3.701|0|3|5|37
0|1|4|5|37
0.788|0|4|5|37
0|1|6|5|37
3.216|0|6|5|37
0|1|8|5|37
3.216|0|8|5|37
0|1|9|5|37
3.701|0|9|5|37
0|1|0|6|37
3.701|0|0|6|37
0|1|5|6|37
3.701|0|5|6|37
0|1|6|6|37
3.216|0|6|6|37
0|1|0|7|37
0.355|0|0|7|37
0|1|10|7|37
2.25|0|10|7|37
0|1|11|7|37
0.355|0|11|7|37
0|1|2|7|37
0.788|0|2|7|37
0|1|4|7|37
2.25|0|4|7|37
0|1|5|7|37
3.216|0|5|7|37
0|1|7|7|37
3.701|0|7|7|37
0|1|0|1|38
3.216|0|0|1|38
0|1|1|1|38
3.216|0|1|1|38
0|1|3|1|38
0.355|0|3|1|38
0|1|0|10|38
3.216|0|0|10|38
0|1|2|10|38
2.25|0|2|10|38
0|1|3|10|38
2.25|0|3|10|38
0|1|0|2|38
2.25|0|0|2|38
0|1|1|2|38
3.701|0|1|2|38
0|1|2|2|38
3.216|0|2|2|38
0|1|3|2|38
0.355|0|3|2|38
0|1|1|4|38
2.25|0|1|4|38
0|1|1|5|38
0.788|0|1|5|38
0|1|1|6|38
3.701|0|1|6|38
0|1|2|6|38
3.216|0|2|6|38
0|1|1|7|38
3.216|0|1|7|38
0|1|0|8|38
3.701|0|0|8|38
0|1|2|8|38
0.355|0|2|8|38
0|1|1|9|38
3.216|0|1|9|38
0|1|3|9|38
3.701|0|3|9|38
0|1|4|9|38
0.788|0|4|9|38
0|1|5|9|38
3.216|0|5|9|38
0|1|1|0|39
3.701|0|1|0|39
0|1|2|0|39
3.216|0|2|0|39
0|1|3|0|39
0.355|0|3|0|39
0|1|0|1|39
2.25|0|0|1|39
0|1|2|1|39
2.25|0|2|1|39
0|1|4|1|39
0.788|0|4|1|39
0|1|6|1|39
3.701|0|6|1|39
0|1|7|1|39
2.25|0|7|1|39
0|1|0|11|39
3.701|0|0|11|39
0|1|6|11|39
3.216|0|6|11|39
0|1|7|11|39
3.216|0|7|11|39
0|1|8|11|39
0.788|0|8|11|39
0|1|9|11|39
3.701|0|9|11|39
0|1|0|12|39
3.216|0|0|12|39
0|1|3|12|39
3.216|0|3|12|39
0|1|0|13|39
3.216|0|0|13|39
0|1|10|13|39
2.25|0|10|13|39
0|1|11|13|39
2.25|0|11|13|39
0|1|12|13|39
3.701|0|12|13|39
0|1|13|13|39
0.788|0|13|13|39
0|1|2|13|39
3.701|0|2|13|39
0|1|5|13|39
3.701|0|5|13|39
0|1|6|13|39
3.701|0|6|13|39
0|1|8|13|39
0.355|0|8|13|39
0|1|9|13|39
3.216|0|9|13|39
0|1|0|14|39
3.216|0|0|14|39
0|1|3|14|39
3.216|0|3|14|39
0|1|4|14|39
2.25|0|4|14|39
0|1|5|14|39
0.788|0|5|14|39
0|1|6|14|39
2.25|0|6|14|39
0|1|7|2|39
3.216|0|7|2|39
0|1|0|3|39
0.788|0|0|3|39
0|1|1|3|39
2.25|0|1|3|39
0|1|2|3|39
3.216|0|2|3|39
0|1|0|4|39
3.216|0|0|4|39
0|1|2|4|39
2.25|0|2|4|39
0|1|0|5|39
3.216|0|0|5|39
0|1|1|5|39
0.788|0|1|5|39
0|1|3|5|39
3.216|0|3|5|39
0|1|4|5|39
0.788|0|4|5|39
0|1|5|5|39
3.216|0|5|5|39
0|1|6|5|39
0.355|0|6|5|39
0|1|7|5|39
3.216|0|7|5|39
0|1|0|6|39
0.788|0|0|6|39
0|1|1|6|39
0.788|0|1|6|39
0|1|4|6|39
3.216|0|4|6|39
0|1|5|6|39
0.355|0|5|6|39
0|1|8|6|39
3.216|0|8|6|39
0|1|3|7|39
0.355|0|3|7|39
0|1|4|7|39
3.216|0|4|7|39
0|1|7|7|39
2.25|0|7|7|39
0|1|0|8|39
2.25|0|0|8|39
0|1|1|8|39
0.355|0|1|8|39
0|1|11|8|39
0.788|0|11|8|39
0|1|12|8|39
0.788|0|12|8|39
0|1|2|8|39
3.216|0|2|8|39
0|1|3|8|39
0.788|0|3|8|39
0|1|5|8|39
0.788|0|5|8|39
0|1|7|8|39
0.788|0|7|8|39
0|1|8|8|39
2.25|0|8|8|39
0|1|9|8|39
2.25|0|9|8|39
0|1|2|9|39
0.355|0|2|9|39
0|1|0|0|4
0.788|0|0|0|4
0|1|1|0|4
0.355|0|1|0|4
0|1|10|0|4
3.216|0|10|0|4
0|1|4|0|4
3.701|0|4|0|4
0|1|2|1|4
0.788|0|2|1|4
0|1|3|1|4
3.216|0|3|1|4
0|1|0|10|4
3.216|0|0|10|4
0|1|4|10|4
3.216|0|4|10|4
0|1|5|10|4
0.788|0|5|10|4
0|1|1|12|4
0.788|0|1|12|4
0|1|11|12|4
0.788|0|11|12|4
0|1|2|12|4
0.788|0|2|12|4
0|1|3|12|4
0.355|0|3|12|4
0|1|6|12|4
0.788|0|6|12|4
0|1|8|12|4
3.216|0|8|12|4
0|1|9|12|4
3.216|0|9|12|4
0|1|1|13|4
3.216|0|1|13|4
0|1|2|13|4
0.788|0|2|13|4
0|1|4|13|4
0.788|0|4|13|4
0|1|6|13|4
2.25|0|6|13|4
0|1|1|2|4
0.355|0|1|2|4
0|1|12|4|4
2.25|0|12|4|4
0|1|2|4|4
2.25|0|2|4|4
0|1|4|4|4
3.216|0|4|4|4
0|1|5|4|4
3.701|0|5|4|4
0|1|7|4|4
3.216|0|7|4|4
0|1|8|4|4
0.355|0|8|4|4
0|1|0|5|4
0.788|0|0|5|4
0|1|7|5|4
3.701|0|7|5|4
0|1|8|5|4
3.701|0|8|5|4
0|1|10|7|4
0.788|0|10|7|4
0|1|11|7|4
2.25|0|11|7|4
0|1|12|7|4
0.788|0|12|7|4
0|1|13|7|4
3.216|0|13|7|4
0|1|2|7|4
3.216|0|2|7|4
0|1|6|7|4
3.216|0|6|7|4
0|1|7|7|4
3.216|0|7|7|4
0|1|8|7|4
3.701|0|8|7|4
0|1|9|7|4
0.355|0|9|7|4
0|1|1|8|4
3.701|0|1|8|4
0|1|3|8|4
0.355|0|3|8|4
0|1|4|8|4
3.216|0|4|8|4
0|1|1|9|4
2.25|0|1|9|4
0|1|2|9|4
3.701|0|2|9|4
0|1|4|9|4
3.216|0|4|9|4
0|1|0|0|5
3.216|0|0|0|5
0|1|1|0|5
2.25|0|1|0|5
0|1|2|0|5
2.25|0|2|0|5
0|1|4|0|5
2.25|0|4|0|5
0|1|0|1|5
2.25|0|0|1|5
0|1|1|1|5
2.25|0|1|1|5
0|1|3|1|5
3.216|0|3|1|5
0|1|4|1|5
0.355|0|4|1|5
0|1|0|0|6
0.355|0|0|0|6
0|1|3|0|6
3.701|0|3|0|6
0|1|0|1|6
2.25|0|0|1|6
0|1|1|1|6
3.701|0|1|1|6
0|1|3|1|6
3.701|0|3|1|6
0|1|4|1|6
2.25|0|4|1|6
0|1|7|1|6
0.355|0|7|1|6
0|1|0|2|6
3.216|0|0|2|6
0|1|3|3|6
3.216|0|3|3|6
0|1|5|3|6
3.216|0|5|3|6
0|1|6|3|6
0.788|0|6|3|6
0|1|7|3|6
3.216|0|7|3|6
0|1|1|0|7
2.25|0|1|0|7
0|1|2|0|7
3.216|0|2|0|7
0|1|3|0|7
3.216|0|3|0|7
0|1|0|10|7
3.216|0|0|10|7
0|1|10|10|7
3.216|0|10|10|7
0|1|4|10|7
0.788|0|4|10|7
0|1|5|10|7
3.216|0|5|10|7
0|1|6|10|7
3.216|0|6|10|7
0|1|8|10|7
2.25|0|8|10|7
0|1|9|10|7
2.25|0|9|10|7
0|1|0|2|7
0.788|0|0|2|7
0|1|2|2|7
3.216|0|2|2|7
0|1|4|2|7
3.701|0|4|2|7
0|1|5|2|7
0.355|0|5|2|7
0|1|6|2|7
3.701|0|6|2|7
0|1|7|2|7
3.216|0|7|2|7
0|1|8|2|7
3.701|0|8|2|7
0|1|4|3|7
0.355|0|4|3|7
0|1|6|3|7
3.216|0|6|3|7
0|1|9|3|7
3.701|0|9|3|7
0|1|2|4|7
0.355|0|2|4|7
0|1|0|5|7
0.788|0|0|5|7
0|1|1|5|7
0.355|0|1|5|7
0|1|1|7|7
3.701|0|1|7|7
0|1|7|7|7
3.701|0|7|7|7
0|1|8|7|7
0.788|0|8|7|7
0|1|3|9|7
3.216|0|3|9|7
0|1|4|9|7
3.216|0|4|9|7
0|1|5|9|7
3.216|0|5|9|7
0|1|7|9|7
0.355|0|7|9|7
0|1|6|0|8
2.25|0|6|0|8
0|1|7|0|8
0.788|0|7|0|8
0|1|0|1|8
0.355|0|0|1|8
0|1|1|1|8
2.25|0|1|1|8
0|1|8|1|8
2.25|0|8|1|8
0|1|1|2|8
2.25|0|1|2|8
0|1|2|2|8
3.216|0|2|2|8
0|1|5|2|8
3.216|0|5|2|8
0|1|6|2|8
3.216|0|6|2|8
0|1|1|3|8
3.216|0|1|3|8
0|1|0|4|8
3.216|0|0|4|8
0|1|1|0|9
3.216|0|1|0|9
0|1|10|0|9
3.701|0|10|0|9
0|1|11|0|9
3.701|0|11|0|9
0|1|3|0|9
0.788|0|3|0|9
0|1|4|0|9
2.25|0|4|0|9
0|1|5|0|9
0.355|0|5|0|9
0|1|6|0|9
0.788|0|6|0|9
0|1|7|0|9
0.788|0|7|0|9
0|1|8|0|9
3.216|0|8|0|9
0|1|0|1|9
2.25|0|0|1|9
0|1|2|1|9
0.788|0|2|1|9
0|1|7|1|9
0.788|0|7|1|9
0|1|8|1|9
2.25|0|8|1|9
0|1|0|2|9
0.355|0|0|2|9
0|1|2|2|9
3.216|0|2|2|9
0|1|3|2|9
2.25|0|3|2|9
0|1|5|2|9
2.25|0|5|2|9
9.585|1|2|0|0
11.721|0|2|0|0
3.635|1|5|0|0
35.086|0|5|0|0
2.759|1|6|0|0
35.086|0|6|0|0
20.792|1|0|1|0
11.721|0|0|1|0
166.949|1|3|1|0
173.861|0|3|1|0
19.365|1|4|1|0
11.721|0|4|1|0
16.476|1|5|1|0
35.086|0|5|1|0
291.083|1|1|10|0
173.862|0|1|10|0
9.867|1|2|10|0
35.086|0|2|10|0
7.8|1|0|12|0
35.086|0|0|12|0
180.348|1|0|13|0
173.861|0|0|13|0
164.621|1|1|13|0
173.861|0|1|13|0
0|1|10|13|0
0.161|0|10|13|0
16.187|1|11|13|0
11.721|0|11|13|0
375.048|1|3|13|0
173.863|0|3|13|0
18.966|1|5|13|0
11.721|0|5|13|0
4.971|1|7|13|0
35.086|0|7|13|0
0|1|0|2|0
0.161|0|0|2|0
276.567|1|2|2|0
173.862|0|2|2|0
0|1|3|2|0
0.161|0|3|2|0
5.634|1|5|2|0
35.086|0|5|2|0
198.195|1|1|3|0
173.861|0|1|3|0
15.17|1|3|3|0
11.721|0|3|3|0
312.41|1|0|6|0
173.862|0|0|6|0
3.825|1|10|6|0
35.086|0|10|6|0
31.476|1|11|6|0
11.721|0|11|6|0
12.706|1|2|6|0
11.721|0|2|6|0
6.147|1|5|6|0
11.721|0|5|6|0
362.04|1|0|7|0
173.863|0|0|7|0
29.88|1|7|7|0
11.721|0|7|7|0
9.081|1|0|8|0
11.721|0|0|8|0
7.679|1|4|8|0
35.086|0|4|8|0
0|1|8|8|0
0.161|0|8|8|0
0|1|0|9|0
0.161|0|0|9|0
9.942|1|1|9|0
35.086|0|1|9|0
0|1|12|9|0
0.161|0|12|9|0
0|1|3|9|0
0.161|0|3|9|0
0|1|5|9|0
0.161|0|5|9|0
0|1|6|9|0
0.161|0|6|9|0
149.498|1|7|9|0
173.861|0|7|9|0
374.741|1|8|9|0
173.863|0|8|9|0
3.799|1|1|0|1
35.086|0|1|0|1
418.448|1|0|2|1
173.863|0|0|2|1
9.739|1|3|2|1
35.086|0|3|2|1
16.545|1|4|2|1
11.721|0|4|2|1
230.43|1|5|2|1
173.862|0|5|2|1
0|1|0|0|10
0.161|0|0|0|10
0|1|3|0|10
0.161|0|3|0|10
28.674|1|5|0|10
11.721|0|5|0|10
0|1|6|0|10
0.161|0|6|0|10
16.841|1|7|0|10
11.721|0|7|0|10
334.976|1|3|2|10
173.862|0|3|2|10
232.206|1|4|4|10
173.862|0|4|4|10
2.695|1|7|4|10
35.086|0|7|4|10
13.807|1|2|0|11
11.721|0|2|0|11
19.063|1|5|0|11
11.721|0|5|0|11
15.472|1|3|1|11
11.721|0|3|1|11
6.849|1|1|2|11
35.086|0|1|2|11
18.233|1|4|2|11
11.721|0|4|2|11
169.018|1|7|2|11
173.861|0|7|2|11
167.932|1|9|2|11
173.861|0|9|2|11
3.233|1|0|3|11
35.086|0|0|3|11
16.307|1|0|4|11
35.086|0|0|4|11
14.223|1|0|5|11
11.721|0|0|5|11
6.918|1|1|5|11
35.086|0|1|5|11
10.5|1|0|0|12
11.721|0|0|0|12
26.449|1|1|0|12
11.721|0|1|0|12
218.184|1|2|0|12
173.862|0|2|0|12
0|1|3|1|12
0.161|0|3|1|12
6.255|1|11|2|12
35.086|0|11|2|12
4.652|1|2|2|12
35.086|0|2|2|12
0|1|3|2|12
0.161|0|3|2|12
3.214|1|6|2|12
35.086|0|6|2|12
11.024|1|0|3|12
35.086|0|0|3|12
3.51|1|1|3|12
35.086|0|1|3|12
19.328|1|4|3|12
11.721|0|4|3|12
0|1|11|1|13
0.161|0|11|1|13
0|1|13|1|13
0.161|0|13|1|13
240.724|1|2|1|13
173.862|0|2|1|13
553.899|1|7|1|13
173.864|0|7|1|13
6.593|1|1|10|14
35.086|0|1|10|14
105.433|1|3|10|14
173.861|0|3|10|14
29.427|1|5|10|14
11.721|0|5|10|14
5.215|1|8|10|14
35.086|0|8|10|14
0|1|9|10|14
0.161|0|9|10|14
9.242|1|0|11|14
11.721|0|0|11|14
4.244|1|0|12|14
35.086|0|0|12|14
12.752|1|10|12|14
11.721|0|10|12|14
10.551|1|11|12|14
11.721|0|11|12|14
5.69|1|13|12|14
35.086|0|13|12|14
294.779|1|4|12|14
173.862|0|4|12|14
5.419|1|5|12|14
35.086|0|5|12|14
208.703|1|7|12|14
173.861|0|7|12|14
456.991|1|1|13|14
173.863|0|1|13|14
17.683|1|3|13|14
11.721|0|3|13|14
8.21|1|10|14|14
11.721|0|10|14|14
0|1|11|14|14
0.161|0|11|14|14
11.878|1|6|14|14
35.086|0|6|14|14
0|1|9|14|14
0.161|0|9|14|14
158.764|1|1|15|14
173.861|0|1|15|14
6.747|1|7|15|14
35.086|0|7|15|14
12.238|1|9|15|14
11.721|0|9|15|14
0|1|1|16|14
0.161|0|1|16|14
14.254|1|3|16|14
11.721|0|3|16|14
0|1|0|17|14
0.161|0|0|17|14
3.143|1|1|2|14
35.086|0|1|2|14
0|1|3|2|14
0.161|0|3|2|14
5.512|1|0|3|14
35.086|0|0|3|14
332.573|1|5|3|14
173.862|0|5|3|14
142.432|1|1|4|14
173.861|0|1|4|14
0|1|3|5|14
0.161|0|3|5|14
186.777|1|5|5|14
173.861|0|5|5|14
8.52|1|10|6|14
35.086|0|10|6|14
21.833|1|9|6|14
11.721|0|9|6|14
32.127|1|3|7|14
11.721|0|3|7|14
122.899|1|1|8|14
173.861|0|1|8|14
0|1|2|8|14
0.161|0|2|8|14
25.263|1|12|9|14
11.721|0|12|9|14
3.773|1|13|9|14
35.086|0|13|9|14
22.576|1|3|9|14
11.721|0|3|9|14
26.751|1|4|9|14
11.721|0|4|9|14
6.395|1|8|9|14
35.086|0|8|9|14
287.298|1|0|0|15
173.862|0|0|0|15
0|1|11|0|15
0.161|0|11|0|15
0|1|2|0|15
0.161|0|2|0|15
3.222|1|6|0|15
35.086|0|6|0|15
116.404|1|11|2|15
173.861|0|11|2|15
4.051|1|9|2|15
35.086|0|9|2|15
0|1|2|3|15
0.161|0|2|3|15
3.846|1|0|0|16
35.086|0|0|0|16
10.231|1|1|0|16
35.086|0|1|0|16
3.044|1|10|0|16
35.086|0|10|0|16
3.829|1|3|0|16
35.086|0|3|0|16
0|1|1|1|16
0.161|0|1|1|16
4.083|1|7|1|16
35.086|0|7|1|16
27.526|1|2|10|16
11.721|0|2|10|16
320.536|1|3|10|16
173.862|0|3|10|16
6.618|1|4|10|16
35.086|0|4|10|16
3.764|1|2|3|16
35.086|0|2|3|16
396.977|1|1|4|16
173.863|0|1|4|16
124.828|1|3|4|16
173.861|0|3|4|16
0|1|4|4|16
0.161|0|4|4|16
39.88|1|1|5|16
11.721|0|1|5|16
208.548|1|4|6|16
173.861|0|4|6|16
21.495|1|3|7|16
11.721|0|3|7|16
0|1|0|8|16
0.161|0|0|8|16
3.401|1|1|8|16
35.086|0|1|8|16
329.2|1|5|8|16
173.862|0|5|8|16
0|1|6|8|16
0.161|0|6|8|16
117.743|1|1|9|16
173.861|0|1|9|16
12.763|1|2|9|16
11.721|0|2|9|16
3.179|1|2|0|17
35.086|0|2|0|17
11.983|1|3|1|17
11.721|0|3|1|17
233.402|1|4|1|17
173.862|0|4|1|17
9.681|1|2|2|17
35.086|0|2|2|17
240.703|1|0|3|17
173.862|0|0|3|17
486.818|1|0|0|18
173.864|0|0|0|18
8.324|1|4|0|18
11.721|0|4|0|18
6.423|1|5|2|18
11.721|0|5|2|18
11.306|1|8|3|18
11.721|0|8|3|18
25.891|1|3|4|18
11.721|0|3|4|18
365.774|1|8|4|18
173.863|0|8|4|18
0|1|2|0|19
0.161|0|2|0|19
21.917|1|13|0|2
11.721|0|13|0|2
0|1|2|0|2
0.161|0|2|0|2
0|1|7|0|2
0.161|0|7|0|2
25.439|1|1|1|2
11.721|0|1|1|2
0|1|2|2|2
0.161|0|2|2|2
187.763|1|3|2|2
173.861|0|3|2|2
257.376|1|4|2|2
173.862|0|4|2|2
144.197|1|5|2|2
173.861|0|5|2|2
0|1|0|4|2
0.161|0|0|4|2
2.652|1|0|5|2
35.086|0|0|5|2
138.823|1|3|5|2
173.861|0|3|5|2
23.87|1|4|5|2
11.721|0|4|5|2
14.185|1|7|5|2
35.086|0|7|5|2
0|1|0|0|20
0.161|0|0|0|20
456.196|1|3|0|20
173.863|0|3|0|20
6.171|1|6|0|20
35.086|0|6|0|20
106.79|1|7|0|20
173.861|0|7|0|20
0|1|0|1|20
0.161|0|0|1|20
6.924|1|2|1|20
11.721|0|2|1|20
244.711|1|3|2|20
173.862|0|3|2|20
295.651|1|0|4|20
173.862|0|0|4|20
244.233|1|3|4|20
173.862|0|3|4|20
363.009|1|4|4|20
173.863|0|4|4|20
0|1|5|4|20
0.161|0|5|4|20
10.245|1|6|4|20
35.086|0|6|4|20
204.009|1|7|4|20
173.862|0|7|4|20
319.599|1|9|4|20
173.862|0|9|4|20
114.506|1|1|5|20
173.861|0|1|5|20
10.041|1|2|6|20
35.086|0|2|6|20
0|1|5|6|20
0.161|0|5|6|20
0|1|6|7|20
0.161|0|6|7|20
0|1|0|10|21
0.161|0|0|10|21
6.882|1|10|10|21
11.721|0|10|10|21
8.834|1|13|10|21
35.086|0|13|10|21
7.628|1|6|10|21
35.086|0|6|10|21
0|1|7|10|21
0.161|0|7|10|21
28.637|1|8|10|21
11.721|0|8|10|21
18.448|1|9|10|21
11.721|0|9|10|21
350.053|1|4|11|21
173.862|0|4|11|21
237.966|1|8|11|21
173.862|0|8|11|21
8.358|1|6|12|21
11.721|0|6|12|21
19.03|1|10|13|21
11.721|0|10|13|21
0|1|8|13|21
0.161|0|8|13|21
173.062|1|3|2|21
173.861|0|3|2|21
3.723|1|10|3|21
35.086|0|10|3|21
17.036|1|11|3|21
11.721|0|11|3|21
0|1|2|3|21
0.161|0|2|3|21
20.531|1|3|3|21
11.721|0|3|3|21
0|1|10|4|21
0.161|0|10|4|21
0|1|11|4|21
0.161|0|11|4|21
0|1|2|4|21
0.161|0|2|4|21
6.619|1|6|4|21
35.086|0|6|4|21
0|1|3|5|21
0.161|0|3|5|21
8.849|1|11|6|21
35.086|0|11|6|21
0|1|2|6|21
0.161|0|2|6|21
17.453|1|3|6|21
11.721|0|3|6|21
35.599|1|8|6|21
11.721|0|8|6|21
10.156|1|9|6|21
11.721|0|9|6|21
0|1|4|7|21
0.161|0|4|7|21
0|1|5|8|21
0.161|0|5|8|21
12.99|1|0|9|21
11.721|0|0|9|21
7.147|1|8|9|21
11.721|0|8|9|21
13.072|1|5|0|22
11.721|0|5|0|22
2.516|1|10|2|22
35.086|0|10|2|22
8.339|1|4|2|22
11.721|0|4|2|22
20.539|1|6|2|22
11.721|0|6|2|22
0|1|2|3|22
0.161|0|2|3|22
12.481|1|1|1|23
11.721|0|1|1|23
4.717|1|2|1|23
35.086|0|2|1|23
0|1|4|1|23
0.161|0|4|1|23
5.977|1|6|1|23
35.086|0|6|1|23
3.669|1|0|2|23
35.086|0|0|2|23
207.207|1|2|2|23
173.862|0|2|2|23
292.481|1|3|2|23
173.862|0|3|2|23
5.845|1|2|3|23
35.086|0|2|3|23
6.804|1|4|3|23
35.086|0|4|3|23
4.71|1|10|0|24
35.086|0|10|0|24
8.572|1|13|0|24
35.086|0|13|0|24
5.637|1|4|0|24
11.721|0|4|0|24
12.391|1|9|0|24
11.721|0|9|0|24
6.148|1|0|1|24
35.086|0|0|1|24
6.479|1|2|1|24
35.086|0|2|1|24
5.081|1|0|3|24
35.086|0|0|3|24
160.714|1|10|3|24
173.861|0|10|3|24
193.081|1|11|3|24
173.861|0|11|3|24
12.882|1|3|3|24
11.721|0|3|3|24
235.654|1|2|4|24
173.862|0|2|4|24
7.049|1|1|5|24
35.086|0|1|5|24
0|1|2|5|24
0.161|0|2|5|24
0|1|0|6|24
0.161|0|0|6|24
10.661|1|3|6|24
35.086|0|3|6|24
182.111|1|2|7|24
173.861|0|2|7|24
401.694|1|5|0|25
173.863|0|5|0|25
2.608|1|8|0|25
35.086|0|8|0|25
3.906|1|6|1|25
35.086|0|6|1|25
7.011|1|0|3|25
35.086|0|0|3|25
0|1|4|3|25
0.161|0|4|3|25
317.549|1|0|4|25
173.862|0|0|4|25
0|1|3|4|25
0.161|0|3|4|25
265.576|1|4|4|25
173.862|0|4|4|25
11.977|1|7|4|25
35.086|0|7|4|25
7.922|1|0|5|25
11.721|0|0|5|25
0|1|0|0|26
0.161|0|0|0|26
5.003|1|4|0|26
35.086|0|4|0|26
249.993|1|3|1|26
173.862|0|3|1|26
0|1|1|2|26
0.161|0|1|2|26
5.965|1|4|2|26
35.086|0|4|2|26
6.922|1|6|2|26
11.721|0|6|2|26
158.748|1|1|3|26
173.861|0|1|3|26
10.937|1|3|3|26
11.721|0|3|3|26
8.678|1|5|3|26
35.086|0|5|3|26
296.275|1|6|3|26
173.862|0|6|3|26
0|1|2|4|26
0.161|0|2|4|26
0|1|4|4|26
0.161|0|4|4|26
15.862|1|7|4|26
11.721|0|7|4|26
102.521|1|9|4|26
173.861|0|9|4|26
0|1|1|5|26
0.161|0|1|5|26
10.189|1|0|0|27
35.086|0|0|0|27
0|1|1|0|27
0.161|0|1|0|27
21.21|1|1|1|27
11.721|0|1|1|27
0|1|2|1|27
0.161|0|2|1|27
0|1|5|1|27
0.161|0|5|1|27
0|1|2|2|27
0.161|0|2|2|27
12.515|1|0|3|27
11.721|0|0|3|27
3.048|1|1|3|27
35.086|0|1|3|27
0|1|2|4|27
0.161|0|2|4|27
0|1|3|5|27
0.161|0|3|5|27
464.505|1|5|5|27
173.863|0|5|5|27
0|1|4|6|27
0.161|0|4|6|27
16.109|1|4|7|27
11.721|0|4|7|27
9.593|1|6|7|27
35.086|0|6|7|27
0|1|0|8|27
0.161|0|0|8|27
203.288|1|0|9|27
173.861|0|0|9|27
13.238|1|3|9|27
35.086|0|3|9|27
4.952|1|4|9|27
35.086|0|4|9|27
4.178|1|5|9|27
35.086|0|5|9|27
18.37|1|0|0|28
11.721|0|0|0|28
2.904|1|1|0|28
35.086|0|1|0|28
240.2|1|6|0|28
173.862|0|6|0|28
0|1|4|1|28
0.161|0|4|1|28
232.537|1|1|10|28
173.862|0|1|10|28
8.171|1|2|10|28
11.721|0|2|10|28
281.54|1|6|10|28
173.862|0|6|10|28
9.083|1|0|12|28
11.721|0|0|12|28
8.469|1|1|12|28
35.086|0|1|12|28
3.456|1|3|12|28
35.086|0|3|12|28
282.315|1|5|12|28
173.862|0|5|12|28
174.264|1|3|14|28
173.861|0|3|14|28
5.07|1|5|14|28
35.086|0|5|14|28
0|1|6|14|28
0.161|0|6|14|28
6.113|1|1|15|28
35.086|0|1|15|28
193.349|1|2|15|28
173.861|0|2|15|28
19.476|1|4|15|28
11.721|0|4|15|28
5.182|1|5|15|28
35.086|0|5|15|28
23.851|1|0|16|28
11.721|0|0|16|28
0|1|5|16|28
0.161|0|5|16|28
14.328|1|1|2|28
11.721|0|1|2|28
6.035|1|4|2|28
11.721|0|4|2|28
378.969|1|6|2|28
173.863|0|6|2|28
6.907|1|1|3|28
35.086|0|1|3|28
9.721|1|6|3|28
11.721|0|6|3|28
493.266|1|1|4|28
173.863|0|1|4|28
466.646|1|12|4|28
173.863|0|12|4|28
2.8|1|4|4|28
35.086|0|4|4|28
0|1|0|5|28
0.161|0|0|5|28
8.859|1|2|5|28
11.721|0|2|5|28
15.947|1|4|5|28
11.721|0|4|5|28
0|1|1|6|28
0.161|0|1|6|28
28.192|1|3|6|28
11.721|0|3|6|28
7.707|1|4|6|28
11.721|0|4|6|28
8.228|1|6|6|28
35.086|0|6|6|28
138.161|1|9|6|28
173.861|0|9|6|28
504.497|1|10|9|28
173.864|0|10|9|28
0|1|11|9|28
0.161|0|11|9|28
0|1|12|9|28
0.161|0|12|9|28
240.899|1|9|9|28
173.862|0|9|9|28
6.708|1|1|0|29
11.721|0|1|0|29
8.025|1|5|0|29
11.721|0|5|0|29
228.959|1|0|1|29
173.862|0|0|1|29
139.295|1|2|1|29
173.861|0|2|1|29
16.465|1|0|2|29
11.721|0|0|2|29
15.046|1|2|2|29
11.721|0|2|2|29
0|1|11|0|3
0.161|0|11|0|3
12.883|1|13|0|3
35.086|0|13|0|3
0|1|7|0|3
0.161|0|7|0|3
0|1|8|0|3
0.161|0|8|0|3
498.338|1|9|0|3
173.864|0|9|0|3
385.574|1|0|1|3
173.863|0|0|1|3
9.895|1|4|1|3
11.721|0|4|1|3
0|1|13|3|3
0.161|0|13|3|3
4.41|1|2|3|3
35.086|0|2|3|3
19.02|1|3|3|3
11.721|0|3|3|3
0|1|4|0|31
0.161|0|4|0|31
25.885|1|0|0|32
11.721|0|0|0|32
15.465|1|3|0|32
35.086|0|3|0|32
0|1|4|0|32
0.161|0|4|0|32
415.476|1|6|0|32
173.863|0|6|0|32
30.845|1|0|10|32
11.721|0|0|10|32
0|1|1|10|32
0.161|0|1|10|32
6.307|1|3|12|32
11.721|0|3|12|32
0|1|8|12|32
0.161|0|8|12|32
0|1|2|13|32
0.161|0|2|13|32
6.111|1|8|13|32
35.086|0|8|13|32
563.344|1|2|2|32
173.864|0|2|2|32
131.994|1|2|3|32
173.861|0|2|3|32
10.604|1|0|4|32
35.086|0|0|4|32
299.521|1|7|4|32
173.862|0|7|4|32
0|1|5|5|32
0.161|0|5|5|32
8.811|1|6|6|32
11.721|0|6|6|32
529.008|1|0|7|32
173.864|0|0|7|32
21.406|1|4|7|32
11.721|0|4|7|32
6.595|1|8|7|32
35.086|0|8|7|32
604.371|1|1|8|32
173.864|0|1|8|32
7.035|1|2|9|32
35.086|0|2|9|32
15.816|1|1|1|33
11.721|0|1|1|33
508.199|1|10|1|33
173.864|0|10|1|33
4.018|1|11|1|33
35.086|0|11|1|33
11.66|1|5|1|33
11.721|0|5|1|33
219.45|1|6|1|33
173.862|0|6|1|33
200.986|1|1|10|33
173.861|0|1|10|33
187.066|1|0|11|33
173.861|0|0|11|33
10.31|1|1|11|33
11.721|0|1|11|33
19.425|1|3|11|33
11.721|0|3|11|33
443.143|1|5|11|33
173.863|0|5|11|33
13.552|1|0|3|33
35.086|0|0|3|33
11.823|1|3|3|33
11.721|0|3|3|33
186.29|1|5|3|33
173.861|0|5|3|33
0|1|2|4|33
0.161|0|2|4|33
12.902|1|3|4|33
11.721|0|3|4|33
4.628|1|1|5|33
35.086|0|1|5|33
6.201|1|0|7|33
35.086|0|0|7|33
9.162|1|3|7|33
11.721|0|3|7|33
0|1|7|8|33
0.161|0|7|8|33
15.392|1|0|9|33
11.721|0|0|9|33
3.232|1|1|9|33
35.086|0|1|9|33
417.031|1|5|9|33
173.863|0|5|9|33
11.958|1|7|9|33
11.721|0|7|9|33
23.012|1|9|9|33
11.721|0|9|9|33
3.259|1|1|1|34
35.086|0|1|1|34
28.266|1|1|2|34
11.721|0|1|2|34
10.132|1|3|2|34
11.721|0|3|2|34
14.805|1|0|3|34
35.086|0|0|3|34
0|1|4|5|34
0.161|0|4|5|34
9.204|1|0|0|35
35.086|0|0|0|35
10.728|1|1|0|35
11.721|0|1|0|35
9.808|1|13|0|35
35.086|0|13|0|35
0|1|8|0|35
0.161|0|8|0|35
15.804|1|4|2|35
11.721|0|4|2|35
2.131|1|5|2|35
35.086|0|5|2|35
3.397|1|6|2|35
35.086|0|6|2|35
3.974|1|8|2|35
35.086|0|8|2|35
157.026|1|9|2|35
173.861|0|9|2|35
11.327|1|0|3|35
11.721|0|0|3|35
4.356|1|0|0|36
35.086|0|0|0|36
0|1|10|0|36
0.161|0|10|0|36
0|1|4|0|36
0.161|0|4|0|36
0|1|7|0|36
0.161|0|7|0|36
12.547|1|8|0|36
35.086|0|8|0|36
0|1|9|1|36
0.161|0|9|1|36
0|1|2|2|36
0.161|0|2|2|36
7.825|1|7|2|36
35.086|0|7|2|36
151.238|1|1|4|36
173.861|0|1|4|36
18.559|1|2|5|36
11.721|0|2|5|36
0|1|9|5|36
0.161|0|9|5|36
8.149|1|1|6|36
11.721|0|1|6|36
0|1|4|6|36
0.161|0|4|6|36
3.968|1|3|0|37
35.086|0|3|0|37
8.142|1|4|0|37
35.086|0|4|0|37
5.089|1|0|1|37
35.086|0|0|1|37
15.407|1|11|2|37
11.721|0|11|2|37
0|1|5|2|37
0.161|0|5|2|37
0|1|9|2|37
0.161|0|9|2|37
0|1|2|3|37
0.161|0|2|3|37
147.968|1|4|4|37
173.861|0|4|4|37
280.024|1|9|4|37
173.862|0|9|4|37
247.62|1|10|5|37
173.862|0|10|5|37
11.299|1|13|5|37
11.721|0|13|5|37
0|1|5|5|37
0.161|0|5|5|37
16.962|1|7|5|37
11.721|0|7|5|37
281.478|1|1|7|37
173.862|0|1|7|37
2.937|1|6|7|37
35.086|0|6|7|37
167.768|1|8|7|37
173.861|0|8|7|37
9.35|1|0|8|37
11.721|0|0|8|37
11.684|1|1|8|37
11.721|0|1|8|37
9.757|1|2|8|37
11.721|0|2|8|37
0|1|5|2|38
0.161|0|5|2|38
0|1|0|3|38
0.161|0|0|3|38
8.876|1|3|3|38
35.086|0|3|3|38
0|1|4|3|38
0.161|0|4|3|38
0|1|0|4|38
0.161|0|0|4|38
0|1|3|4|38
0.161|0|3|4|38
7.032|1|4|4|38
35.086|0|4|4|38
0|1|0|5|38
0.161|0|0|5|38
5.022|1|2|5|38
35.086|0|2|5|38
9.54|1|0|6|38
11.721|0|0|6|38
5.367|1|1|8|38
35.086|0|1|8|38
282.302|1|2|9|38
173.862|0|2|9|38
6.059|1|2|10|39
35.086|0|2|10|39
0|1|2|11|39
0.161|0|2|11|39
8.543|1|3|11|39
11.721|0|3|11|39
12.176|1|4|11|39
11.721|0|4|11|39
13.294|1|4|12|39
11.721|0|4|12|39
391.377|1|1|13|39
173.863|0|1|13|39
8.028|1|8|14|39
35.086|0|8|14|39
15.27|1|0|2|39
11.721|0|0|2|39
5.737|1|2|2|39
35.086|0|2|2|39
320.38|1|6|2|39
173.862|0|6|2|39
9.153|1|8|2|39
35.086|0|8|2|39
9.906|1|9|2|39
11.721|0|9|2|39
422.44|1|6|6|39
173.863|0|6|6|39
5.462|1|7|6|39
35.086|0|7|6|39
0|1|5|7|39
0.161|0|5|7|39
0|1|6|7|39
0.161|0|6|7|39
7.309|1|8|7|39
35.086|0|8|7|39
6.099|1|10|8|39
35.086|0|10|8|39
10.335|1|13|8|39
35.086|0|13|8|39
3.386|1|4|8|39
35.086|0|4|8|39
0|1|6|8|39
0.161|0|6|8|39
0|1|1|9|39
0.161|0|1|9|39
0|1|5|0|4
0.161|0|5|0|4
9.379|1|7|0|4
35.086|0|7|0|4
8.258|1|8|0|4
35.086|0|8|0|4
0|1|2|10|4
0.161|0|2|10|4
0|1|3|10|4
0.161|0|3|10|4
191.825|1|0|11|4
173.861|0|0|11|4
0|1|1|11|4
0.161|0|1|11|4
20.004|1|4|12|4
11.721|0|4|12|4
20.445|1|7|12|4
11.721|0|7|12|4
250.284|1|10|13|4
173.862|0|10|13|4
122.727|1|13|13|4
173.861|0|13|13|4
0|1|3|13|4
0.161|0|3|13|4
4.824|1|8|13|4
35.086|0|8|13|4
14.123|1|9|13|4
11.721|0|9|13|4
0|1|0|2|4
0.161|0|0|2|4
19.041|1|2|2|4
11.721|0|2|2|4
2.964|1|0|3|4
35.086|0|0|3|4
29.406|1|1|3|4
11.721|0|1|3|4
0|1|5|3|4
0.161|0|5|3|4
0|1|0|4|4
0.161|0|0|4|4
24.175|1|1|4|4
11.721|0|1|4|4
198.76|1|3|4|4
173.861|0|3|4|4
0|1|1|5|4
0.161|0|1|5|4
5.309|1|5|5|4
35.086|0|5|5|4
3.867|1|0|6|4
35.086|0|0|6|4
448.153|1|1|7|4
173.863|0|1|7|4
0|1|2|8|4
0.161|0|2|8|4
31.438|1|3|9|4
11.721|0|3|9|4
14.654|1|5|9|4
11.721|0|5|9|4
14.459|1|3|0|5
11.721|0|3|0|5
214.075|1|4|0|6
173.862|0|4|0|6
20.224|1|2|2|6
11.721|0|2|2|6
2.704|1|3|2|6
35.086|0|3|2|6
639.464|1|1|3|6
173.865|0|1|3|6
0|1|2|3|6
0.161|0|2|3|6
0|1|8|3|6
0.161|0|8|3|6
0|1|6|0|7
0.161|0|6|0|7
0|1|1|1|7
0.161|0|1|1|7
112.712|1|1|10|7
173.861|0|1|10|7
7.067|1|3|10|7
35.086|0|3|10|7
11.494|1|1|2|7
11.721|0|1|2|7
6.489|1|10|2|7
11.721|0|10|2|7
14.401|1|9|2|7
35.086|0|9|2|7
0|1|0|3|7
0.161|0|0|3|7
0|1|2|3|7
0.161|0|2|3|7
123.152|1|3|4|7
173.861|0|3|4|7
262.966|1|4|4|7
173.862|0|4|4|7
346.729|1|1|6|7
173.863|0|1|6|7
390.72|1|10|7|7
173.863|0|10|7|7
12.147|1|2|7|7
11.721|0|2|7|7
0|1|5|7|7
0.161|0|5|7|7
11.139|1|6|7|7
35.086|0|6|7|7
5.644|1|3|8|7
35.086|0|3|8|7
16.222|1|4|8|7
11.721|0|4|8|7
0|1|0|9|7
0.161|0|0|9|7
0|1|1|9|7
0.161|0|1|9|7
14.454|1|0|0|8
11.721|0|0|0|8
10.533|1|1|0|8
35.086|0|1|0|8
8.49|1|4|0|8
35.086|0|4|0|8
0|1|4|1|8
0.161|0|4|1|8
10.861|1|6|1|8
11.721|0|6|1|8
11.692|1|7|1|8
35.086|0|7|1|8
223.679|1|3|2|8
173.862|0|3|2|8
18.398|1|0|3|8
11.721|0|0|3|8
12.492|1|2|3|8
35.086|0|2|3|8
0|1|0|0|9
0.161|0|0|0|9
0|1|2|0|9
0.161|0|2|0|9
13.017|1|9|0|9
11.721|0|9|0|9
6.107|1|3|1|9
11.721|0|3|1|9
0|1|6|1|9
0.161|0|6|1|9
171.968|1|9|1|9
173.861|0|9|1|9
6.751|1|1|2|9
35.086|0|1|2|9
15|1|4|2|9
35.086|0|4|2|9
14.005|1|0|3|9
11.721|0|0|3|9
3.09|1|1|3|9
35.086|0|1|3|9
30.962|1|2|3|9
11.721|0|2|3|9
16.511|1|5|3|9
11.721|0|5|3|9
0|1|4|0|0
0.962|0|4|0|0
3.509|1|5|0|0
35.086|0|5|0|0
2.554|1|6|0|0
35.086|0|6|0|0
0|1|9|0|0
3.701|0|9|0|0
0|1|10|1|0
0.788|0|10|1|0
0|1|11|1|0
2.25|0|11|1|0
0|1|12|1|0
0.788|0|12|1|0
16.513|1|5|1|0
35.086|0|5|1|0
0|1|7|1|0
0.962|0|7|1|0
10.005|1|2|10|0
35.086|0|2|10|0
0|1|0|11|0
0.788|0|0|11|0
0|1|1|11|0
0.962|0|1|11|0
0|1|3|11|0
0.962|0|3|11|0
7.967|1|0|12|0
35.086|0|0|12|0
0|1|4|12|0
0.788|0|4|12|0
0|1|2|13|0
3.701|0|2|13|0
0|1|6|13|0
2.25|0|6|13|0
4.72|1|7|13|0
35.086|0|7|13|0
0|1|8|13|0
2.25|0|8|13|0
0|1|4|2|0
3.701|0|4|2|0
5.767|1|5|2|0
35.086|0|5|2|0
0|1|2|3|0
0.962|0|2|3|0
0|1|0|4|0
0.788|0|0|4|0
0|1|1|4|0
2.25|0|1|4|0
0|1|2|4|0
0.788|0|2|4|0
0|1|0|5|0
3.701|0|0|5|0
0|1|1|5|0
3.701|0|1|5|0
0|1|2|5|0
0.788|0|2|5|0
4.234|1|10|6|0
35.086|0|10|6|0
0|1|13|6|0
0.962|0|13|6|0
0|1|3|6|0
2.25|0|3|6|0
0|1|7|6|0
0.962|0|7|6|0
0|1|9|6|0
0.788|0|9|6|0
0|1|1|7|0
3.701|0|1|7|0
0|1|2|7|0
3.701|0|2|7|0
0|1|3|7|0
0.962|0|3|7|0
0|1|4|7|0
3.701|0|4|7|0
0|1|5|7|0
0.962|0|5|7|0
0|1|1|8|0
0.962|0|1|8|0
0|1|3|8|0
0.788|0|3|8|0
7.471|1|4|8|0
35.086|0|4|8|0
0|1|7|8|0
0.962|0|7|8|0
9.942|1|1|9|0
35.086|0|1|9|0
0|1|11|9|0
0.962|0|11|9|0
0|1|4|9|0
0.788|0|4|9|0
3.805|1|1|0|1
35.086|0|1|0|1
0|1|2|2|1
0.962|0|2|2|1
10.431|1|3|2|1
35.086|0|3|2|1
0|1|6|2|1
0.962|0|6|2|1
0|1|8|0|10
0.788|0|8|0|10
0|1|1|1|10
3.701|0|1|1|10
0|1|1|2|10
0.962|0|1|2|10
0|1|1|4|10
0.788|0|1|4|10
0|1|6|4|10
2.25|0|6|4|10
2.816|1|7|4|10
35.086|0|7|4|10
0|1|0|0|11
2.25|0|0|0|11
0|1|8|0|11
0.788|0|8|0|11
0|1|9|0|11
2.25|0|9|0|11
0|1|1|1|11
2.25|0|1|1|11
0|1|0|2|11
2.25|0|0|2|11
6.882|1|1|2|11
35.086|0|1|2|11
2.674|1|0|3|11
35.086|0|0|3|11
16.182|1|0|4|11
35.086|0|0|4|11
0|1|1|4|11
2.25|0|1|4|11
6.804|1|1|5|11
35.086|0|1|5|11
0|1|2|5|11
0.962|0|2|5|11
0|1|4|5|11
0.788|0|4|5|11
0|1|3|0|12
3.701|0|3|0|12
6.673|1|11|2|12
35.086|0|11|2|12
4.525|1|2|2|12
35.086|0|2|2|12
3.305|1|6|2|12
35.086|0|6|2|12
0|1|7|2|12
0.962|0|7|2|12
0|1|9|2|12
3.701|0|9|2|12
10.521|1|0|3|12
35.086|0|0|3|12
3.263|1|1|3|12
35.086|0|1|3|12
0|1|5|3|12
3.701|0|5|3|12
0|1|6|3|12
0.788|0|6|3|12
0|1|0|0|13
0.788|0|0|0|13
0|1|10|1|13
2.25|0|10|1|13
0|1|3|1|13
3.701|0|3|1|13
0|1|5|1|13
0.788|0|5|1|13
0|1|8|1|13
0.788|0|8|1|13
0|1|0|0|14
2.25|0|0|0|14
0|1|1|0|14
3.701|0|1|0|14
0|1|0|1|14
3.701|0|0|1|14
0|1|1|1|14
2.25|0|1|1|14
6.364|1|1|10|14
35.086|0|1|10|14
0|1|2|10|14
3.701|0|2|10|14
0|1|4|10|14
0.788|0|4|10|14
0|1|6|10|14
2.25|0|6|10|14
0|1|7|10|14
3.701|0|7|10|14
5.267|1|8|10|14
35.086|0|8|10|14
0|1|3|11|14
0.962|0|3|11|14
4.022|1|0|12|14
35.086|0|0|12|14
5.709|1|13|12|14
35.086|0|13|12|14
0|1|2|12|14
3.701|0|2|12|14
5.461|1|5|12|14
35.086|0|5|12|14
0|1|8|12|14
3.701|0|8|12|14
0|1|9|12|14
0.788|0|9|12|14
0|1|0|13|14
0.788|0|0|13|14
0|1|2|13|14
2.25|0|2|13|14
0|1|0|14|14
0.962|0|0|14|14
0|1|2|14|14
2.25|0|2|14|14
12.323|1|6|14|14
35.086|0|6|14|14
0|1|7|14|14
0.962|0|7|14|14
6.369|1|7|15|14
35.086|0|7|15|14
0|1|8|15|14
2.25|0|8|15|14
0|1|0|16|14
2.25|0|0|16|14
0|1|2|16|14
2.25|0|2|16|14
2.922|1|1|2|14
35.086|0|1|2|14
0|1|2|2|14
0.962|0|2|2|14
0|1|4|2|14
0.788|0|4|2|14
5.287|1|0|3|14
35.086|0|0|3|14
0|1|2|3|14
3.701|0|2|3|14
0|1|3|3|14
2.25|0|3|3|14
0|1|2|5|14
2.25|0|2|5|14
0|1|4|5|14
2.25|0|4|5|14
0|1|0|6|14
0.962|0|0|6|14
8.529|1|10|6|14
35.086|0|10|6|14
0|1|5|6|14
0.788|0|5|6|14
0|1|2|7|14
0.788|0|2|7|14
0|1|10|9|14
2.25|0|10|9|14
3.288|1|13|9|14
35.086|0|13|9|14
0|1|5|9|14
3.701|0|5|9|14
6.84|1|8|9|14
35.086|0|8|9|14
0|1|13|0|15
3.701|0|13|0|15
3.477|1|6|0|15
35.086|0|6|0|15
0|1|9|0|15
0.788|0|9|0|15
0|1|1|2|15
2.25|0|1|2|15
0|1|12|2|15
0.962|0|12|2|15
0|1|2|2|15
2.25|0|2|2|15
0|1|3|2|15
2.25|0|3|2|15
0|1|4|2|15
3.701|0|4|2|15
0|1|6|2|15
3.701|0|6|2|15
0|1|7|2|15
2.25|0|7|2|15
3.914|1|9|2|15
35.086|0|9|2|15
0|1|1|3|15
2.25|0|1|3|15
0|1|6|3|15
0.788|0|6|3|15
3.941|1|0|0|16
35.086|0|0|0|16
9.659|1|1|0|16
35.086|0|1|0|16
3.044|1|10|0|16
35.086|0|10|0|16
0|1|11|0|16
3.701|0|11|0|16
0|1|12|0|16
0.788|0|12|0|16
3.442|1|3|0|16
35.086|0|3|0|16
0|1|4|0|16
0.962|0|4|0|16
0|1|0|1|16
0.788|0|0|1|16
0|1|3|1|16
0.788|0|3|1|16
0|1|5|1|16
0.962|0|5|1|16
0|1|6|1|16
0.962|0|6|1|16
4.048|1|7|1|16
35.086|0|7|1|16
0|1|8|1|16
2.25|0|8|1|16
0|1|9|1|16
3.701|0|9|1|16
0|1|0|10|16
3.701|0|0|10|16
0|1|1|10|16
0.962|0|1|10|16
6.289|1|4|10|16
35.086|0|4|10|16
0|1|5|10|16
0.962|0|5|10|16
0|1|7|10|16
2.25|0|7|10|16
0|1|0|2|16
0.788|0|0|2|16
3.029|1|2|3|16
35.086|0|2|3|16
0|1|3|3|16
0.962|0|3|3|16
0|1|0|4|16
0.788|0|0|4|16
0|1|2|5|16
2.25|0|2|5|16
0|1|4|5|16
3.701|0|4|5|16
0|1|6|5|16
3.701|0|6|5|16
0|1|2|6|16
3.701|0|2|6|16
0|1|0|7|16
3.701|0|0|7|16
2.647|1|1|8|16
35.086|0|1|8|16
0|1|3|8|16
2.25|0|3|8|16
0|1|4|8|16
2.25|0|4|8|16
0|1|8|8|16
3.701|0|8|8|16
0|1|5|9|16
0.788|0|5|9|16
0|1|0|0|17
0.788|0|0|0|17
0|1|1|0|17
0.788|0|1|0|17
3.154|1|2|0|17
35.086|0|2|0|17
0|1|1|1|17
2.25|0|1|1|17
0|1|6|1|17
3.701|0|6|1|17
9.815|1|2|2|17
35.086|0|2|2|17
0|1|2|0|18
2.25|0|2|0|18
0|1|0|1|18
0.788|0|0|1|18
0|1|4|1|18
2.25|0|4|1|18
0|1|1|2|18
0.788|0|1|2|18
0|1|3|2|18
2.25|0|3|2|18
0|1|0|3|18
0.962|0|0|3|18
0|1|1|3|18
0.962|0|1|3|18
0|1|2|3|18
3.701|0|2|3|18
0|1|3|3|18
3.701|0|3|3|18
0|1|7|3|18
0.962|0|7|3|18
0|1|9|3|18
0.788|0|9|3|18
0|1|0|4|18
2.25|0|0|4|18
0|1|4|4|18
0.962|0|4|4|18
0|1|5|0|19
3.701|0|5|0|19
0|1|6|0|19
0.788|0|6|0|19
0|1|0|0|2
0.788|0|0|0|2
0|1|11|0|2
0.962|0|11|0|2
0|1|5|0|2
3.701|0|5|0|2
0|1|9|0|2
2.25|0|9|0|2
0|1|4|3|2
2.25|0|4|3|2
0|1|6|3|2
0.788|0|6|3|2
0|1|7|3|2
0.962|0|7|3|2
0|1|9|3|2
0.788|0|9|3|2
0|1|4|4|2
3.701|0|4|4|2
2.82|1|0|5|2
35.086|0|0|5|2
0|1|11|5|2
2.25|0|11|5|2
0|1|6|5|2
0.788|0|6|5|2
14.049|1|7|5|2
35.086|0|7|5|2
0|1|9|5|2
0.962|0|9|5|2
0|1|1|0|20
0.788|0|1|0|20
0|1|2|0|20
2.25|0|2|0|20
0|1|4|0|20
0.788|0|4|0|20
6.578|1|6|0|20
35.086|0|6|0|20
0|1|1|1|20
0.788|0|1|1|20
0|1|4|1|20
0.962|0|4|1|20
0|1|5|1|20
0.788|0|5|1|20
0|1|1|2|20
0.962|0|1|2|20
0|1|4|2|20
0.788|0|4|2|20
0|1|5|2|20
0.788|0|5|2|20
0|1|1|4|20
0.962|0|1|4|20
10.099|1|6|4|20
35.086|0|6|4|20
0|1|8|4|20
0.788|0|8|4|20
0|1|2|5|20
0.788|0|2|5|20
0|1|3|5|20
3.701|0|3|5|20
0|1|4|5|20
2.25|0|4|5|20
0|1|5|5|20
2.25|0|5|5|20
0|1|7|5|20
0.788|0|7|5|20
10.404|1|2|6|20
35.086|0|2|6|20
0|1|8|6|20
0.962|0|8|6|20
0|1|0|7|20
0.788|0|0|7|20
0|1|1|7|20
0.962|0|1|7|20
0|1|2|7|20
3.701|0|2|7|20
0|1|4|7|20
0.962|0|4|7|20
0|1|8|7|20
0.788|0|8|7|20
0|1|1|1|21
3.701|0|1|1|21
8.614|1|13|10|21
35.086|0|13|10|21
0|1|2|10|21
0.962|0|2|10|21
0|1|5|10|21
3.701|0|5|10|21
7.989|1|6|10|21
35.086|0|6|10|21
0|1|0|11|21
2.25|0|0|11|21
0|1|1|11|21
2.25|0|1|11|21
0|1|2|11|21
2.25|0|2|11|21
0|1|5|11|21
3.701|0|5|11|21
0|1|7|11|21
0.788|0|7|11|21
0|1|0|13|21
0.962|0|0|13|21
0|1|1|13|21
0.962|0|1|13|21
0|1|11|13|21
2.25|0|11|13|21
0|1|12|13|21
3.701|0|12|13|21
0|1|3|13|21
0.962|0|3|13|21
0|1|5|13|21
3.701|0|5|13|21
0|1|6|13|21
2.25|0|6|13|21
0|1|7|13|21
0.962|0|7|13|21
0|1|1|3|21
0.962|0|1|3|21
3.505|1|10|3|21
35.086|0|10|3|21
0|1|12|3|21
2.25|0|12|3|21
0|1|13|3|21
2.25|0|13|3|21
0|1|0|4|21
2.25|0|0|4|21
0|1|13|4|21
0.962|0|13|4|21
0|1|3|4|21
2.25|0|3|4|21
0|1|4|4|21
0.788|0|4|4|21
0|1|5|4|21
2.25|0|5|4|21
7.394|1|6|4|21
35.086|0|6|4|21
0|1|1|5|21
2.25|0|1|5|21
0|1|2|5|21
0.788|0|2|5|21
8.565|1|11|6|21
35.086|0|11|6|21
0|1|4|6|21
0.788|0|4|6|21
0|1|0|7|21
0.962|0|0|7|21
0|1|2|7|21
0.962|0|2|7|21
0|1|3|7|21
2.25|0|3|7|21
0|1|10|8|21
0.788|0|10|8|21
0|1|11|8|21
0.788|0|11|8|21
0|1|3|8|21
0.962|0|3|8|21
0|1|6|8|21
0.788|0|6|8|21
0|1|9|8|21
0.788|0|9|8|21
0|1|11|9|21
2.25|0|11|9|21
0|1|13|9|21
2.25|0|13|9|21
0|1|2|9|21
3.701|0|2|9|21
0|1|7|9|21
0.788|0|7|9|21
0|1|9|9|21
0.962|0|9|9|21
0|1|0|0|22
0.788|0|0|0|22
0|1|1|0|22
0.962|0|1|0|22
0|1|3|0|22
3.701|0|3|0|22
0|1|4|0|22
0.962|0|4|0|22
0|1|6|0|22
0.788|0|6|0|22
0|1|0|1|22
3.701|0|0|1|22
0|1|2|1|22
3.701|0|2|1|22
2.516|1|10|2|22
35.086|0|10|2|22
0|1|11|2|22
0.788|0|11|2|22
0|1|5|2|22
0.788|0|5|2|22
0|1|8|2|22
0.788|0|8|2|22
0|1|9|2|22
3.701|0|9|2|22
0|1|1|3|22
2.25|0|1|3|22
0|1|5|3|22
0.962|0|5|3|22
0|1|6|3|22
3.701|0|6|3|22
0|1|7|3|22
2.25|0|7|3|22
0|1|1|0|23
0.788|0|1|0|23
0|1|2|0|23
3.701|0|2|0|23
0|1|0|1|23
0.788|0|0|1|23
4.956|1|2|1|23
35.086|0|2|1|23
0|1|5|1|23
2.25|0|5|1|23
6.181|1|6|1|23
35.086|0|6|1|23
3.598|1|0|2|23
35.086|0|0|2|23
0|1|1|3|23
0.788|0|1|3|23
5.997|1|2|3|23
35.086|0|2|3|23
0|1|3|3|23
0.962|0|3|3|23
6.315|1|4|3|23
35.086|0|4|3|23
0|1|6|3|23
0.788|0|6|3|23
0|1|1|0|24
2.25|0|1|0|24
4.232|1|10|0|24
35.086|0|10|0|24
0|1|12|0|24
0.962|0|12|0|24
8.55|1|13|0|24
35.086|0|13|0|24
6.148|1|0|1|24
35.086|0|0|1|24
6.616|1|2|1|24
35.086|0|2|1|24
0|1|3|1|24
2.25|0|3|1|24
0|1|0|2|24
0.788|0|0|2|24
0|1|1|2|24
0.962|0|1|2|24
0|1|2|2|24
0.962|0|2|2|24
5.196|1|0|3|24
35.086|0|0|3|24
0|1|4|3|24
2.25|0|4|3|24
0|1|8|3|24
2.25|0|8|3|24
0|1|0|4|24
3.701|0|0|4|24
0|1|3|4|24
0.788|0|3|4|24
0|1|0|5|24
0.962|0|0|5|24
6.975|1|1|5|24
35.086|0|1|5|24
10.829|1|3|6|24
35.086|0|3|6|24
0|1|4|6|24
0.788|0|4|6|24
0|1|0|0|25
0.962|0|0|0|25
0|1|1|0|25
3.701|0|1|0|25
0|1|2|0|25
3.701|0|2|0|25
0|1|6|0|25
0.962|0|6|0|25
2.554|1|8|0|25
35.086|0|8|0|25
0|1|2|1|25
2.25|0|2|1|25
0|1|4|1|25
0.788|0|4|1|25
0|1|5|1|25
2.25|0|5|1|25
4.346|1|6|1|25
35.086|0|6|1|25
0|1|9|1|25
0.962|0|9|1|25
0|1|0|2|25
0.962|0|0|2|25
7.011|1|0|3|25
35.086|0|0|3|25
0|1|2|3|25
0.962|0|2|3|25
0|1|1|4|25
0.962|0|1|4|25
0|1|10|4|25
0.962|0|10|4|25
0|1|2|4|25
0.962|0|2|4|25
0|1|6|4|25
0.962|0|6|4|25
12.39|1|7|4|25
35.086|0|7|4|25
0|1|9|4|25
2.25|0|9|4|25
4.834|1|4|0|26
35.086|0|4|0|26
0|1|2|1|26
0.962|0|2|1|26
0|1|3|2|26
2.25|0|3|2|26
6.163|1|4|2|26
35.086|0|4|2|26
0|1|10|3|26
2.25|0|10|3|26
0|1|2|3|26
0.788|0|2|3|26
8.449|1|5|3|26
35.086|0|5|3|26
0|1|0|4|26
0.788|0|0|4|26
0|1|1|4|26
0.962|0|1|4|26
0|1|10|4|26
3.701|0|10|4|26
0|1|13|4|26
0.962|0|13|4|26
0|1|5|4|26
0.788|0|5|4|26
0|1|8|4|26
0.788|0|8|4|26
0|1|4|5|26
3.701|0|4|5|26
0|1|6|5|26
0.788|0|6|5|26
0|1|8|5|26
2.25|0|8|5|26
10.394|1|0|0|27
35.086|0|0|0|27
0|1|0|1|27
2.25|0|0|1|27
0|1|3|1|27
0.962|0|3|1|27
0|1|6|1|27
0.962|0|6|1|27
0|1|0|2|27
0.788|0|0|2|27
0|1|1|2|27
0.962|0|1|2|27
2.776|1|1|3|27
35.086|0|1|3|27
0|1|1|4|27
0.788|0|1|4|27
0|1|3|4|27
0.788|0|3|4|27
0|1|4|4|27
2.25|0|4|4|27
0|1|0|5|27
0.788|0|0|5|27
0|1|1|5|27
0.788|0|1|5|27
0|1|2|5|27
2.25|0|2|5|27
0|1|7|5|27
0.788|0|7|5|27
0|1|9|5|27
3.701|0|9|5|27
0|1|1|6|27
3.701|0|1|6|27
0|1|0|7|27
0.788|0|0|7|27
0|1|3|7|27
0.788|0|3|7|27
9.752|1|6|7|27
35.086|0|6|7|27
0|1|2|8|27
2.25|0|2|8|27
13.329|1|3|9|27
35.086|0|3|9|27
4.79|1|4|9|27
35.086|0|4|9|27
4.265|1|5|9|27
35.086|0|5|9|27
0|1|6|9|27
3.701|0|6|9|27
3.085|1|1|0|28
35.086|0|1|0|28
0|1|2|0|28
3.701|0|2|0|28
0|1|4|0|28
2.25|0|4|0|28
0|1|5|0|28
3.701|0|5|0|28
0|1|7|0|28
2.25|0|7|0|28
0|1|0|1|28
0.788|0|0|1|28
0|1|2|1|28
3.701|0|2|1|28
0|1|6|1|28
0.788|0|6|1|28
0|1|0|10|28
0.962|0|0|10|28
0|1|3|10|28
0.788|0|3|10|28
0|1|5|10|28
0.962|0|5|10|28
0|1|1|11|28
0.962|0|1|11|28
0|1|4|11|28
0.962|0|4|11|28
9.132|1|1|12|28
35.086|0|1|12|28
3.134|1|3|12|28
35.086|0|3|12|28
0|1|6|12|28
3.701|0|6|12|28
0|1|0|13|28
2.25|0|0|13|28
0|1|2|13|28
0.788|0|2|13|28
5.362|1|5|14|28
35.086|0|5|14|28
0|1|7|14|28
0.962|0|7|14|28
6.18|1|1|15|28
35.086|0|1|15|28
0|1|3|15|28
2.25|0|3|15|28
4.706|1|5|15|28
35.086|0|5|15|28
0|1|6|15|28
0.962|0|6|15|28
0|1|7|15|28
2.25|0|7|15|28
0|1|9|15|28
0.788|0|9|15|28
0|1|2|17|28
3.701|0|2|17|28
0|1|3|2|28
3.701|0|3|2|28
0|1|5|2|28
2.25|0|5|2|28
6.457|1|1|3|28
35.086|0|1|3|28
0|1|4|3|28
0.788|0|4|3|28
0|1|13|4|28
2.25|0|13|4|28
0|1|2|4|28
0.962|0|2|4|28
3.286|1|4|4|28
35.086|0|4|4|28
0|1|9|4|28
0.962|0|9|4|28
0|1|1|5|28
0.788|0|1|5|28
0|1|0|6|28
0.788|0|0|6|28
0|1|10|6|28
0.962|0|10|6|28
0|1|2|6|28
2.25|0|2|6|28
0|1|5|6|28
2.25|0|5|6|28
8.082|1|6|6|28
35.086|0|6|6|28
0|1|7|6|28
3.701|0|7|6|28
0|1|0|7|28
0.962|0|0|7|28
0|1|1|8|28
2.25|0|1|8|28
0|1|2|8|28
0.962|0|2|8|28
0|1|0|9|28
2.25|0|0|9|28
0|1|13|9|28
0.788|0|13|9|28
0|1|6|9|28
0.788|0|6|9|28
0|1|8|9|28
0.788|0|8|9|28
0|1|11|0|29
3.701|0|11|0|29
0|1|7|0|29
0.962|0|7|0|29
0|1|8|0|29
2.25|0|8|0|29
0|1|9|0|29
3.701|0|9|0|29
0|1|1|2|29
2.25|0|1|2|29
13.325|1|13|0|3
35.086|0|13|0|3
0|1|1|1|3
3.701|0|1|1|3
0|1|2|1|3
3.701|0|2|1|3
0|1|3|1|3
2.25|0|3|1|3
0|1|1|2|3
0.962|0|1|2|3
0|1|2|2|3
0.962|0|2|2|3
0|1|4|2|3
3.701|0|4|2|3
0|1|5|2|3
3.701|0|5|2|3
4.446|1|2|3|3
35.086|0|2|3|3
0|1|4|3|3
2.25|0|4|3|3
0|1|7|3|3
3.701|0|7|3|3
0|1|2|1|30
0.788|0|2|1|30
0|1|3|1|30
0.788|0|3|1|30
0|1|1|0|31
0.788|0|1|0|31
0|1|5|0|31
0.962|0|5|0|31
0|1|6|0|31
0.788|0|6|0|31
15.275|1|3|0|32
35.086|0|3|0|32
0|1|9|0|32
0.788|0|9|0|32
0|1|3|11|32
0.788|0|3|11|32
0|1|4|11|32
0.788|0|4|11|32
0|1|7|11|32
0.962|0|7|11|32
0|1|0|12|32
2.25|0|0|12|32
0|1|1|12|32
0.962|0|1|12|32
0|1|6|12|32
0.788|0|6|12|32
0|1|0|13|32
0.788|0|0|13|32
0|1|1|13|32
2.25|0|1|13|32
0|1|10|13|32
3.701|0|10|13|32
6.291|1|8|13|32
35.086|0|8|13|32
0|1|9|13|32
0.962|0|9|13|32
0|1|0|2|32
0.788|0|0|2|32
0|1|4|2|32
0.788|0|4|2|32
0|1|5|2|32
2.25|0|5|2|32
0|1|6|2|32
0.788|0|6|2|32
0|1|0|3|32
2.25|0|0|3|32
10.604|1|0|4|32
35.086|0|0|4|32
0|1|1|4|32
0.788|0|1|4|32
0|1|4|4|32
0.788|0|4|4|32
0|1|5|4|32
2.25|0|5|4|32
0|1|8|4|32
3.701|0|8|4|32
0|1|1|5|32
2.25|0|1|5|32
0|1|12|5|32
0.788|0|12|5|32
0|1|2|5|32
0.962|0|2|5|32
0|1|4|5|32
3.701|0|4|5|32
0|1|9|5|32
3.701|0|9|5|32
0|1|0|6|32
3.701|0|0|6|32
0|1|2|6|32
3.701|0|2|6|32
0|1|4|6|32
2.25|0|4|6|32
6.768|1|8|7|32
35.086|0|8|7|32
7.103|1|2|9|32
35.086|0|2|9|32
0|1|5|9|32
3.701|0|5|9|32
4.018|1|11|1|33
35.086|0|11|1|33
0|1|13|1|33
3.701|0|13|1|33
0|1|2|1|33
0.962|0|2|1|33
0|1|7|1|33
2.25|0|7|1|33
0|1|9|1|33
0.788|0|9|1|33
0|1|2|10|33
3.701|0|2|10|33
0|1|4|10|33
0.788|0|4|10|33
0|1|4|11|33
2.25|0|4|11|33
0|1|0|2|33
2.25|0|0|2|33
0|1|1|2|33
0.788|0|1|2|33
0|1|4|2|33
0.788|0|4|2|33
0|1|5|2|33
3.701|0|5|2|33
13.552|1|0|3|33
35.086|0|0|3|33
0|1|4|3|33
2.25|0|4|3|33
0|1|1|4|33
0.962|0|1|4|33
0|1|10|4|33
2.25|0|10|4|33
0|1|12|4|33
0.962|0|12|4|33
0|1|8|4|33
0.788|0|8|4|33
0|1|9|4|33
0.962|0|9|4|33
0|1|0|5|33
0.788|0|0|5|33
4.486|1|1|5|33
35.086|0|1|5|33
0|1|3|5|33
0.962|0|3|5|33
0|1|7|5|33
0.788|0|7|5|33
5.696|1|0|7|33
35.086|0|0|7|33
0|1|1|7|33
0.962|0|1|7|33
0|1|4|7|33
0.962|0|4|7|33
0|1|5|7|33
0.962|0|5|7|33
0|1|1|8|33
0.788|0|1|8|33
0|1|2|8|33
0.962|0|2|8|33
0|1|3|8|33
2.25|0|3|8|33
0|1|6|8|33
3.701|0|6|8|33
3.426|1|1|9|33
35.086|0|1|9|33
0|1|4|9|33
0.962|0|4|9|33
0|1|6|9|33
0.962|0|6|9|33
0|1|0|0|34
3.701|0|0|0|34
0|1|1|0|34
0.962|0|1|0|34
3.58|1|1|1|34
35.086|0|1|1|34
15.085|1|0|3|34
35.086|0|0|3|34
0|1|1|3|34
3.701|0|1|3|34
0|1|0|4|34
0.962|0|0|4|34
8.875|1|0|0|35
35.086|0|0|0|35
0|1|10|0|35
0.788|0|10|0|35
0|1|12|0|35
2.25|0|12|0|35
9.901|1|13|0|35
35.086|0|13|0|35
0|1|3|0|35
2.25|0|3|0|35
0|1|4|0|35
0.788|0|4|0|35
0|1|5|0|35
0.788|0|5|0|35
0|1|9|0|35
0.962|0|9|0|35
0|1|0|1|35
0.788|0|0|1|35
0|1|2|1|35
0.962|0|2|1|35
0|1|3|1|35
2.25|0|3|1|35
0|1|0|2|35
0.962|0|0|2|35
0|1|1|2|35
0.788|0|1|2|35
0|1|10|2|35
2.25|0|10|2|35
0|1|11|2|35
2.25|0|11|2|35
0|1|2|2|35
0.788|0|2|2|35
0|1|3|2|35
3.701|0|3|2|35
2.506|1|5|2|35
35.086|0|5|2|35
3.239|1|6|2|35
35.086|0|6|2|35
0|1|7|2|35
2.25|0|7|2|35
4.199|1|8|2|35
35.086|0|8|2|35
0|1|1|3|35
3.701|0|1|3|35
4.222|1|0|0|36
35.086|0|0|0|36
0|1|2|0|36
3.701|0|2|0|36
0|1|5|0|36
0.788|0|5|0|36
0|1|6|0|36
0.962|0|6|0|36
12.612|1|8|0|36
35.086|0|8|0|36
0|1|10|1|36
0.788|0|10|1|36
0|1|11|1|36
3.701|0|11|1|36
0|1|12|1|36
0.962|0|12|1|36
0|1|3|1|36
0.788|0|3|1|36
0|1|6|1|36
0.962|0|6|1|36
0|1|3|2|36
0.788|0|3|2|36
7.726|1|7|2|36
35.086|0|7|2|36
0|1|0|3|36
0.962|0|0|3|36
0|1|2|3|36
3.701|0|2|3|36
0|1|3|3|36
2.25|0|3|3|36
0|1|4|5|36
0.962|0|4|5|36
0|1|7|5|36
0.788|0|7|5|36
0|1|8|5|36
0.788|0|8|5|36
0|1|0|6|36
2.25|0|0|6|36
0|1|2|6|36
3.701|0|2|6|36
0|1|3|6|36
0.788|0|3|6|36
0|1|6|6|36
2.25|0|6|6|36
0|1|8|6|36
0.788|0|8|6|36
0|1|1|0|37
0.962|0|1|0|37
0|1|2|0|37
3.701|0|2|0|37
4.195|1|3|0|37
35.086|0|3|0|37
7.927|1|4|0|37
35.086|0|4|0|37
5.089|1|0|1|37
35.086|0|0|1|37
0|1|3|1|37
0.788|0|3|1|37
0|1|4|1|37
0.962|0|4|1|37
0|1|0|2|37
0.962|0|0|2|37
0|1|1|2|37
2.25|0|1|2|37
0|1|2|2|37
0.962|0|2|2|37
0|1|3|2|37
2.25|0|3|2|37
0|1|6|2|37
3.701|0|6|2|37
0|1|7|2|37
0.788|0|7|2|37
0|1|1|3|37
2.25|0|1|3|37
0|1|0|4|37
2.25|0|0|4|37
0|1|2|4|37
0.788|0|2|4|37
0|1|3|4|37
0.962|0|3|4|37
0|1|7|4|37
3.701|0|7|4|37
0|1|3|5|37
3.701|0|3|5|37
0|1|4|5|37
0.788|0|4|5|37
0|1|9|5|37
3.701|0|9|5|37
0|1|0|6|37
3.701|0|0|6|37
0|1|5|6|37
3.701|0|5|6|37
0|1|10|7|37
2.25|0|10|7|37
0|1|12|7|37
0.962|0|12|7|37
0|1|2|7|37
0.788|0|2|7|37
0|1|4|7|37
2.25|0|4|7|37
2.794|1|6|7|37
35.086|0|6|7|37
0|1|7|7|37
3.701|0|7|7|37
0|1|4|1|38
0.962|0|4|1|38
0|1|2|10|38
2.25|0|2|10|38
0|1|3|10|38
2.25|0|3|10|38
0|1|0|2|38
2.25|0|0|2|38
0|1|1|2|38
3.701|0|1|2|38
8.659|1|3|3|38
35.086|0|3|3|38
0|1|1|4|38
2.25|0|1|4|38
7.186|1|4|4|38
35.086|0|4|4|38
0|1|1|5|38
0.788|0|1|5|38
5.632|1|2|5|38
35.086|0|2|5|38
0|1|1|6|38
3.701|0|1|6|38
0|1|3|6|38
0.962|0|3|6|38
0|1|0|7|38
0.962|0|0|7|38
0|1|0|8|38
3.701|0|0|8|38
5.182|1|1|8|38
35.086|0|1|8|38
0|1|3|9|38
3.701|0|3|9|38
0|1|4|9|38
0.788|0|4|9|38
0|1|0|0|39
0.962|0|0|0|39
0|1|1|0|39
3.701|0|1|0|39
0|1|0|1|39
2.25|0|0|1|39
0|1|2|1|39
2.25|0|2|1|39
0|1|4|1|39
0.788|0|4|1|39
0|1|6|1|39
3.701|0|6|1|39
0|1|7|1|39
2.25|0|7|1|39
6.059|1|2|10|39
35.086|0|2|10|39
0|1|0|11|39
3.701|0|0|11|39
0|1|12|11|39
0.962|0|12|11|39
0|1|5|11|39
0.962|0|5|11|39
0|1|8|11|39
0.788|0|8|11|39
0|1|9|11|39
3.701|0|9|11|39
0|1|2|12|39
0.962|0|2|12|39
0|1|10|13|39
2.25|0|10|13|39
0|1|11|13|39
2.25|0|11|13|39
0|1|12|13|39
3.701|0|12|13|39
0|1|13|13|39
0.788|0|13|13|39
0|1|2|13|39
3.701|0|2|13|39
0|1|5|13|39
3.701|0|5|13|39
0|1|6|13|39
3.701|0|6|13|39
0|1|7|13|39
0.962|0|7|13|39
0|1|1|14|39
0.962|0|1|14|39
0|1|4|14|39
2.25|0|4|14|39
0|1|5|14|39
0.788|0|5|14|39
0|1|6|14|39
2.25|0|6|14|39
8.45|1|8|14|39
35.086|0|8|14|39
5.442|1|2|2|39
35.086|0|2|2|39
8.728|1|8|2|39
35.086|0|8|2|39
0|1|0|3|39
0.788|0|0|3|39
0|1|1|3|39
2.25|0|1|3|39
0|1|1|4|39
0.962|0|1|4|39
0|1|2|4|39
2.25|0|2|4|39
0|1|1|5|39
0.788|0|1|5|39
0|1|4|5|39
0.788|0|4|5|39
0|1|0|6|39
0.788|0|0|6|39
0|1|1|6|39
0.788|0|1|6|39
5.5|1|7|6|39
35.086|0|7|6|39
0|1|0|7|39
0.962|0|0|7|39
0|1|2|7|39
0.962|0|2|7|39
0|1|7|7|39
2.25|0|7|7|39
7.286|1|8|7|39
35.086|0|8|7|39
0|1|0|8|39
2.25|0|0|8|39
6.432|1|10|8|39
35.086|0|10|8|39
0|1|11|8|39
0.788|0|11|8|39
0|1|12|8|39
0.788|0|12|8|39
10.512|1|13|8|39
35.086|0|13|8|39
0|1|3|8|39
0.788|0|3|8|39
3.386|1|4|8|39
35.086|0|4|8|39
0|1|5|8|39
0.788|0|5|8|39
0|1|7|8|39
0.788|0|7|8|39
0|1|8|8|39
2.25|0|8|8|39
0|1|9|8|39
2.25|0|9|8|39
0|1|0|0|4
0.788|0|0|0|4
0|1|4|0|4
3.701|0|4|0|4
9.181|1|7|0|4
35.086|0|7|0|4
8.38|1|8|0|4
35.086|0|8|0|4
0|1|9|0|4
0.962|0|9|0|4
0|1|2|1|4
0.788|0|2|1|4
0|1|5|10|4
0.788|0|5|10|4
0|1|1|12|4
0.788|0|1|12|4
0|1|10|12|4
0.962|0|10|12|4
0|1|11|12|4
0.788|0|11|12|4
0|1|2|12|4
0.788|0|2|12|4
0|1|6|12|4
0.788|0|6|12|4
0|1|2|13|4
0.788|0|2|13|4
0|1|4|13|4
0.788|0|4|13|4
0|1|6|13|4
2.25|0|6|13|4
0|1|7|13|4
0.962|0|7|13|4
4.524|1|8|13|4
35.086|0|8|13|4
2.814|1|0|3|4
35.086|0|0|3|4
0|1|12|4|4
2.25|0|12|4|4
0|1|2|4|4
2.25|0|2|4|4
0|1|5|4|4
3.701|0|5|4|4
0|1|0|5|4
0.788|0|0|5|4
0|1|2|5|4
0.962|0|2|5|4
5.303|1|5|5|4
35.086|0|5|5|4
0|1|7|5|4
3.701|0|7|5|4
0|1|8|5|4
3.701|0|8|5|4
3.928|1|0|6|4
35.086|0|0|6|4
0|1|1|6|4
0.962|0|1|6|4
0|1|10|7|4
0.788|0|10|7|4
0|1|11|7|4
2.25|0|11|7|4
0|1|12|7|4
0.788|0|12|7|4
0|1|8|7|4
3.701|0|8|7|4
0|1|1|8|4
3.701|0|1|8|4
0|1|0|9|4
0.962|0|0|9|4
0|1|1|9|4
2.25|0|1|9|4
0|1|2|9|4
3.701|0|2|9|4
0|1|1|0|5
2.25|0|1|0|5
0|1|2|0|5
2.25|0|2|0|5
0|1|4|0|5
2.25|0|4|0|5
0|1|0|1|5
2.25|0|0|1|5
0|1|1|1|5
2.25|0|1|1|5
0|1|1|0|6
0.962|0|1|0|6
0|1|2|0|6
0.962|0|2|0|6
0|1|3|0|6
3.701|0|3|0|6
0|1|0|1|6
2.25|0|0|1|6
0|1|1|1|6
3.701|0|1|1|6
0|1|3|1|6
3.701|0|3|1|6
0|1|4|1|6
2.25|0|4|1|6
0|1|5|1|6
0.962|0|5|1|6
2.492|1|3|2|6
35.086|0|3|2|6
0|1|6|3|6
0.788|0|6|3|6
0|1|1|0|7
2.25|0|1|0|7
0|1|4|0|7
0.962|0|4|0|7
0|1|2|10|7
0.962|0|2|10|7
7.506|1|3|10|7
35.086|0|3|10|7
0|1|4|10|7
0.788|0|4|10|7
0|1|8|10|7
2.25|0|8|10|7
0|1|9|10|7
2.25|0|9|10|7
0|1|0|2|7
0.788|0|0|2|7
0|1|3|2|7
0.962|0|3|2|7
0|1|4|2|7
3.701|0|4|2|7
0|1|6|2|7
3.701|0|6|2|7
0|1|8|2|7
3.701|0|8|2|7
14.401|1|9|2|7
35.086|0|9|2|7
0|1|1|3|7
0.962|0|1|3|7
0|1|9|3|7
3.701|0|9|3|7
0|1|0|5|7
0.788|0|0|5|7
0|1|0|7|7
0.962|0|0|7|7
0|1|1|7|7
3.701|0|1|7|7
0|1|11|7|7
0.962|0|11|7|7
11.611|1|6|7|7
35.086|0|6|7|7
0|1|7|7|7
3.701|0|7|7|7
0|1|8|7|7
0.788|0|8|7|7
5.584|1|3|8|7
35.086|0|3|8|7
10.959|1|1|0|8
35.086|0|1|0|8
8.011|1|4|0|8
35.086|0|4|0|8
0|1|5|0|8
0.962|0|5|0|8
0|1|6|0|8
2.25|0|6|0|8
0|1|7|0|8
0.788|0|7|0|8
0|1|1|1|8
2.25|0|1|1|8
11.661|1|7|1|8
35.086|0|7|1|8
0|1|8|1|8
2.25|0|8|1|8
0|1|0|2|8
0.962|0|0|2|8
0|1|1|2|8
2.25|0|1|2|8
12.701|1|2|3|8
35.086|0|2|3|8
0|1|10|0|9
3.701|0|10|0|9
0|1|11|0|9
3.701|0|11|0|9
0|1|12|0|9
0.962|0|12|0|9
0|1|3|0|9
0.788|0|3|0|9
0|1|4|0|9
2.25|0|4|0|9
0|1|6|0|9
0.788|0|6|0|9
0|1|7|0|9
0.788|0|7|0|9
0|1|0|1|9
2.25|0|0|1|9
0|1|1|1|9
0.962|0|1|1|9
0|1|2|1|9
0.788|0|2|1|9
0|1|5|1|9
0.962|0|5|1|9
0|1|7|1|9
0.788|0|7|1|9
0|1|8|1|9
2.25|0|8|1|9
6.899|1|1|2|9
35.086|0|1|2|9
0|1|3|2|9
2.25|0|3|2|9
14.992|1|4|2|9
35.086|0|4|2|9
0|1|5|2|9
2.25|0|5|2|9
2.596|1|1|3|9
35.086|0|1|3|9
20.982|1|11|0|0
68.451|0|11|0|0
9.444|1|2|0|0
11.721|0|2|0|0
22.117|1|7|0|0
68.451|0|7|0|0
21.494|1|0|1|0
11.721|0|0|1|0
0|1|1|1|0
3.216|0|1|1|0
39.781|1|2|1|0
68.451|0|2|1|0
167.974|1|3|1|0
173.861|0|3|1|0
150.786|1|3|1|0
173.86|0|3|1|0
18.696|1|4|1|0
11.721|0|4|1|0
0|1|6|1|0
3.216|0|6|1|0
0|1|0|10|0
3.216|0|0|10|0
284.746|1|1|10|0
173.862|0|1|10|0
308.755|1|1|10|0
173.861|0|1|10|0
19.667|1|2|11|0
68.451|0|2|11|0
0|1|1|12|0
3.216|0|1|12|0
173.064|1|0|13|0
173.861|0|0|13|0
168.433|1|0|13|0
173.86|0|0|13|0
165.178|1|1|13|0
173.861|0|1|13|0
174.021|1|1|13|0
173.86|0|1|13|0
0|1|10|13|0
0.161|0|10|13|0
15.777|1|11|13|0
11.721|0|11|13|0
392.103|1|3|13|0
173.863|0|3|13|0
375.152|1|3|13|0
173.862|0|3|13|0
19.186|1|5|13|0
11.721|0|5|13|0
0|1|9|13|0
3.216|0|9|13|0
0|1|0|2|0
0.161|0|0|2|0
0|1|1|2|0
3.216|0|1|2|0
257.388|1|2|2|0
173.862|0|2|2|0
259.693|1|2|2|0
173.861|0|2|2|0
0|1|3|2|0
0.161|0|3|2|0
0|1|6|2|0
3.216|0|6|2|0
43.731|1|0|3|0
68.451|0|0|3|0
207.358|1|1|3|0
173.862|0|1|3|0
195.989|1|1|3|0
173.861|0|1|3|0
15.258|1|3|3|0
11.721|0|3|3|0
281.27|1|0|6|0
173.862|0|0|6|0
293.955|1|0|6|0
173.861|0|0|6|0
31.162|1|11|6|0
11.721|0|11|6|0
0|1|12|6|0
3.216|0|12|6|0
10.684|1|2|6|0
11.721|0|2|6|0
73.398|1|4|6|0
68.452|0|4|6|0
6.147|1|5|6|0
11.721|0|5|6|0
342.495|1|0|7|0
173.863|0|0|7|0
332.673|1|0|7|0
173.862|0|0|7|0
17.477|1|6|7|0
68.451|0|6|7|0
30.69|1|7|7|0
11.721|0|7|7|0
0|1|8|7|0
3.216|0|8|7|0
8.605|1|0|8|0
11.721|0|0|8|0
0|1|8|8|0
0.161|0|8|8|0
40.811|1|9|8|0
68.451|0|9|8|0
0|1|0|9|0
0.161|0|0|9|0
0|1|10|9|0
3.216|0|10|9|0
0|1|12|9|0
0.161|0|12|9|0
0|1|3|9|0
0.161|0|3|9|0
0|1|5|9|0
0.161|0|5|9|0
0|1|6|9|0
0.161|0|6|9|0
172.79|1|7|9|0
173.861|0|7|9|0
162.402|1|7|9|0
173.86|0|7|9|0
377.576|1|8|9|0
173.863|0|8|9|0
375.76|1|8|9|0
173.862|0|8|9|0
0|1|9|9|0
3.216|0|9|9|0
0|1|2|1|1
3.216|0|2|1|1
422.299|1|0|2|1
173.863|0|0|2|1
423.997|1|0|2|1
173.862|0|0|2|1
18.254|1|4|2|1
11.721|0|4|2|1
245.016|1|5|2|1
173.862|0|5|2|1
234.938|1|5|2|1
173.861|0|5|2|1
0|1|0|0|10
0.161|0|0|0|10
0|1|1|0|10
3.216|0|1|0|10
0|1|3|0|10
0.161|0|3|0|10
0|1|4|0|10
3.216|0|4|0|10
27.212|1|5|0|10
11.721|0|5|0|10
0|1|6|0|10
0.161|0|6|0|10
17.037|1|7|0|10
11.721|0|7|0|10
0|1|2|1|10
3.216|0|2|1|10
0|1|0|2|10
3.216|0|0|2|10
56.525|1|2|2|10
68.451|0|2|2|10
326.459|1|3|2|10
173.863|0|3|2|10
317.02|1|3|2|10
173.862|0|3|2|10
0|1|3|3|10
3.216|0|3|3|10
248.417|1|4|4|10
173.862|0|4|4|10
232.206|1|4|4|10
173.861|0|4|4|10
0|1|5|4|10
3.216|0|5|4|10
0|1|10|0|11
3.216|0|10|0|11
0|1|11|0|11
3.216|0|11|0|11
0|1|13|0|11
3.216|0|13|0|11
13.704|1|2|0|11
11.721|0|2|0|11
0|1|3|0|11
3.216|0|3|0|11
0|1|4|0|11
3.216|0|4|0|11
19.856|1|5|0|11
11.721|0|5|0|11
0|1|6|0|11
3.216|0|6|0|11
25.627|1|7|0|11
68.451|0|7|0|11
0|1|2|1|11
3.216|0|2|1|11
15.472|1|3|1|11
11.721|0|3|1|11
17.98|1|4|2|11
11.721|0|4|2|11
49.511|1|6|2|11
68.451|0|6|2|11
177.869|1|7|2|11
173.861|0|7|2|11
174.701|1|7|2|11
173.86|0|7|2|11
0|1|8|2|11
3.216|0|8|2|11
203.596|1|9|2|11
173.861|0|9|2|11
202.205|1|9|2|11
173.86|0|9|2|11
13.601|1|0|5|11
11.721|0|0|5|11
9.546|1|0|0|12
11.721|0|0|0|12
26.619|1|1|0|12
11.721|0|1|0|12
219.238|1|2|0|12
173.862|0|2|0|12
233.573|1|2|0|12
173.861|0|2|0|12
0|1|0|1|12
3.216|0|0|1|12
0|1|2|1|12
3.216|0|2|1|12
0|1|3|1|12
0.161|0|3|1|12
0|1|1|2|12
3.216|0|1|2|12
0|1|13|2|12
3.216|0|13|2|12
0|1|3|2|12
0.161|0|3|2|12
44.23|1|4|2|12
68.451|0|4|2|12
0|1|5|2|12
3.216|0|5|2|12
19.262|1|4|3|12
11.721|0|4|3|12
48.67|1|1|0|13
68.451|0|1|0|13
0|1|0|1|13
3.216|0|0|1|13
0|1|11|1|13
0.161|0|11|1|13
0|1|13|1|13
0.161|0|13|1|13
227.661|1|2|1|13
173.862|0|2|1|13
227.147|1|2|1|13
173.861|0|2|1|13
542.172|1|7|1|13
173.864|0|7|1|13
526.804|1|7|1|13
173.863|0|7|1|13
0|1|2|1|14
3.216|0|2|1|14
0|1|0|10|14
3.216|0|0|10|14
117.948|1|3|10|14
173.861|0|3|10|14
89.323|1|3|10|14
173.86|0|3|10|14
29.469|1|5|10|14
11.721|0|5|10|14
0|1|9|10|14
0.161|0|9|10|14
9.454|1|0|11|14
11.721|0|0|11|14
0|1|2|11|14
3.216|0|2|11|14
0|1|1|12|14
3.216|0|1|12|14
12.359|1|10|12|14
11.721|0|10|12|14
10.486|1|11|12|14
11.721|0|11|12|14
0|1|3|12|14
3.216|0|3|12|14
325.966|1|4|12|14
173.862|0|4|12|14
324.402|1|4|12|14
173.861|0|4|12|14
202.373|1|7|12|14
173.862|0|7|12|14
192.335|1|7|12|14
173.861|0|7|12|14
477.762|1|1|13|14
173.864|0|1|13|14
485.869|1|1|13|14
173.863|0|1|13|14
17.104|1|3|13|14
11.721|0|3|13|14
0|1|4|13|14
3.216|0|4|13|14
7.068|1|10|14|14
11.721|0|10|14|14
0|1|11|14|14
0.161|0|11|14|14
75.751|1|3|14|14
68.452|0|3|14|14
72.546|1|4|14|14
68.452|0|4|14|14
0|1|5|14|14
3.216|0|5|14|14
0|1|9|14|14
0.161|0|9|14|14
169.554|1|1|15|14
173.861|0|1|15|14
174.974|1|1|15|14
173.86|0|1|15|14
0|1|2|15|14
3.216|0|2|15|14
30.726|1|5|15|14
68.451|0|5|15|14
28.824|1|6|15|14
68.451|0|6|15|14
12.29|1|9|15|14
11.721|0|9|15|14
0|1|1|16|14
0.161|0|1|16|14
14.084|1|3|16|14
11.721|0|3|16|14
0|1|0|17|14
0.161|0|0|17|14
0|1|3|2|14
0.161|0|3|2|14
63.015|1|4|3|14
68.452|0|4|3|14
314.815|1|5|3|14
173.862|0|5|3|14
315.364|1|5|3|14
173.861|0|5|3|14
0|1|0|4|14
3.216|0|0|4|14
120.307|1|1|4|14
173.861|0|1|4|14
130.556|1|1|4|14
173.86|0|1|4|14
0|1|0|5|14
3.216|0|0|5|14
21.863|1|1|5|14
68.451|0|1|5|14
0|1|3|5|14
0.161|0|3|5|14
186.449|1|5|5|14
173.862|0|5|5|14
185.071|1|5|5|14
173.861|0|5|5|14
0|1|1|6|14
3.216|0|1|6|14
39.131|1|12|6|14
68.451|0|12|6|14
0|1|2|6|14
3.216|0|2|6|14
42.588|1|3|6|14
68.451|0|3|6|14
0|1|4|6|14
3.216|0|4|6|14
0|1|6|6|14
3.216|0|6|6|14
23.079|1|9|6|14
11.721|0|9|6|14
30.605|1|3|7|14
11.721|0|3|7|14
0|1|4|7|14
3.216|0|4|7|14
0|1|0|8|14
3.216|0|0|8|14
123.493|1|1|8|14
173.861|0|1|8|14
115.613|1|1|8|14
173.86|0|1|8|14
0|1|2|8|14
0.161|0|2|8|14
73.712|1|3|8|14
68.452|0|3|8|14
50.979|1|0|9|14
68.451|0|0|9|14
0|1|1|9|14
3.216|0|1|9|14
28.85|1|11|9|14
68.451|0|11|9|14
25.013|1|12|9|14
11.721|0|12|9|14
0|1|2|9|14
3.216|0|2|9|14
22.469|1|3|9|14
11.721|0|3|9|14
26.201|1|4|9|14
11.721|0|4|9|14
0|1|9|9|14
3.216|0|9|9|14
285.456|1|0|0|15
173.862|0|0|0|15
273.062|1|0|0|15
173.861|0|0|0|15
0|1|11|0|15
0.161|0|11|0|15
0|1|12|0|15
3.216|0|12|0|15
0|1|2|0|15
0.161|0|2|0|15
0|1|4|0|15
3.216|0|4|0|15
62.262|1|7|0|15
68.452|0|7|0|15
0|1|8|0|15
3.216|0|8|0|15
0|1|0|1|15
3.216|0|0|1|15
128.847|1|11|2|15
173.861|0|11|2|15
116.404|1|11|2|15
173.86|0|11|2|15
0|1|13|2|15
3.216|0|13|2|15
0|1|8|2|15
3.216|0|8|2|15
0|1|2|3|15
0.161|0|2|3|15
48.945|1|3|3|15
68.451|0|3|3|15
0|1|4|3|15
3.216|0|4|3|15
65.505|1|13|0|16
68.452|0|13|0|16
0|1|6|0|16
3.216|0|6|0|16
35.928|1|7|0|16
68.451|0|7|0|16
0|1|1|1|16
0.161|0|1|1|16
0|1|4|1|16
3.216|0|4|1|16
26.702|1|2|10|16
11.721|0|2|10|16
328.236|1|3|10|16
173.863|0|3|10|16
344.713|1|3|10|16
173.862|0|3|10|16
0|1|6|10|16
3.216|0|6|10|16
55.28|1|8|10|16
68.451|0|8|10|16
61.211|1|9|10|16
68.452|0|9|10|16
0|1|1|2|16
3.216|0|1|2|16
0|1|2|2|16
3.216|0|2|2|16
0|1|3|2|16
3.216|0|3|2|16
36.565|1|0|3|16
68.451|0|0|3|16
414.3|1|1|4|16
173.863|0|1|4|16
404.79|1|1|4|16
173.862|0|1|4|16
124.473|1|3|4|16
173.861|0|3|4|16
133.897|1|3|4|16
173.86|0|3|4|16
0|1|4|4|16
0.161|0|4|4|16
0|1|5|4|16
3.216|0|5|4|16
0|1|6|4|16
3.216|0|6|4|16
41.098|1|1|5|16
11.721|0|1|5|16
0|1|3|5|16
3.216|0|3|5|16
0|1|0|6|16
3.216|0|0|6|16
24.791|1|3|6|16
68.451|0|3|6|16
200.564|1|4|6|16
173.862|0|4|6|16
199.6|1|4|6|16
173.861|0|4|6|16
0|1|1|7|16
3.216|0|1|7|16
22.164|1|2|7|16
68.451|0|2|7|16
22.64|1|3|7|16
11.721|0|3|7|16
0|1|0|8|16
0.161|0|0|8|16
0|1|12|8|16
3.216|0|12|8|16
0|1|13|8|16
3.216|0|13|8|16
0|1|2|8|16
3.216|0|2|8|16
330.79|1|5|8|16
173.863|0|5|8|16
316.588|1|5|8|16
173.862|0|5|8|16
0|1|6|8|16
0.161|0|6|8|16
0|1|9|8|16
3.216|0|9|8|16
133.231|1|1|9|16
173.861|0|1|9|16
130.186|1|1|9|16
173.86|0|1|9|16
10.865|1|2|9|16
11.721|0|2|9|16
0|1|4|9|16
3.216|0|4|9|16
0|1|4|0|17
3.216|0|4|0|17
38.853|1|0|1|17
68.451|0|0|1|17
11.846|1|3|1|17
11.721|0|3|1|17
222.232|1|4|1|17
173.862|0|4|1|17
237.767|1|4|1|17
173.861|0|4|1|17
0|1|7|1|17
3.216|0|7|1|17
237.703|1|0|3|17
173.862|0|0|3|17
250.758|1|0|3|17
173.861|0|0|3|17
489.497|1|0|0|18
173.864|0|0|0|18
484.094|1|0|0|18
173.863|0|0|0|18
0|1|1|0|18
3.216|0|1|0|18
8.736|1|4|0|18
11.721|0|4|0|18
0|1|2|1|18
3.216|0|2|1|18
62.171|1|3|1|18
68.452|0|3|1|18
38.093|1|0|2|18
68.451|0|0|2|18
0|1|2|2|18
3.216|0|2|2|18
7.234|1|5|2|18
11.721|0|5|2|18
29.379|1|5|3|18
68.451|0|5|3|18
11.979|1|8|3|18
11.721|0|8|3|18
44.407|1|2|4|18
68.451|0|2|4|18
26.12|1|3|4|18
11.721|0|3|4|18
0|1|7|4|18
3.216|0|7|4|18
397.844|1|8|4|18
173.863|0|8|4|18
371.388|1|8|4|18
173.862|0|8|4|18
0|1|0|0|19
3.216|0|0|0|19
0|1|2|0|19
0.161|0|2|0|19
0|1|3|0|19
3.216|0|3|0|19
0|1|4|0|19
3.216|0|4|0|19
21.188|1|13|0|2
11.721|0|13|0|2
0|1|2|0|2
0.161|0|2|0|2
0|1|3|0|2
3.216|0|3|0|2
0|1|4|0|2
3.216|0|4|0|2
0|1|7|0|2
0.161|0|7|0|2
23.705|1|1|1|2
11.721|0|1|1|2
53.228|1|0|2|2
68.451|0|0|2|2
0|1|1|2|2
3.216|0|1|2|2
0|1|2|2|2
0.161|0|2|2|2
188.67|1|3|2|2
173.861|0|3|2|2
177.37|1|3|2|2
173.86|0|3|2|2
254.879|1|4|2|2
173.862|0|4|2|2
271.662|1|4|2|2
173.861|0|4|2|2
136.563|1|5|2|2
173.861|0|5|2|2
144.778|1|5|2|2
173.86|0|5|2|2
0|1|6|2|2
3.216|0|6|2|2
39.206|1|7|2|2
68.451|0|7|2|2
0|1|8|2|2
3.216|0|8|2|2
23.027|1|1|3|2
68.451|0|1|3|2
0|1|3|3|2
3.216|0|3|3|2
0|1|5|3|2
3.216|0|5|3|2
0|1|8|3|2
3.216|0|8|3|2
0|1|0|4|2
0.161|0|0|4|2
70.848|1|1|4|2
68.452|0|1|4|2
0|1|2|4|2
3.216|0|2|4|2
0|1|1|5|2
3.216|0|1|5|2
156.404|1|3|5|2
173.861|0|3|5|2
157.041|1|3|5|2
173.86|0|3|5|2
23.762|1|4|5|2
11.721|0|4|5|2
0|1|0|0|20
0.161|0|0|0|20
439.623|1|3|0|20
173.863|0|3|0|20
451.406|1|3|0|20
173.862|0|3|0|20
118.874|1|7|0|20
173.861|0|7|0|20
96.495|1|7|0|20
173.86|0|7|0|20
0|1|0|1|20
0.161|0|0|1|20
6.974|1|2|1|20
11.721|0|2|1|20
22.26|1|3|1|20
68.451|0|3|1|20
0|1|0|2|20
3.216|0|0|2|20
0|1|2|2|20
3.216|0|2|2|20
270.576|1|3|2|20
173.862|0|3|2|20
270.533|1|3|2|20
173.861|0|3|2|20
0|1|6|2|20
3.216|0|6|2|20
0|1|1|3|20
3.216|0|1|3|20
301.309|1|0|4|20
173.862|0|0|4|20
283.015|1|0|4|20
173.861|0|0|4|20
26.958|1|10|4|20
68.451|0|10|4|20
233.071|1|3|4|20
173.862|0|3|4|20
240.73|1|3|4|20
173.861|0|3|4|20
343.702|1|4|4|20
173.863|0|4|4|20
335.276|1|4|4|20
173.862|0|4|4|20
0|1|5|4|20
0.161|0|5|4|20
230.309|1|7|4|20
173.862|0|7|4|20
214.719|1|7|4|20
173.861|0|7|4|20
337.264|1|9|4|20
173.862|0|9|4|20
316.204|1|9|4|20
173.861|0|9|4|20
0|1|0|5|20
3.216|0|0|5|20
97.006|1|1|5|20
173.861|0|1|5|20
116.995|1|1|5|20
173.86|0|1|5|20
141.218|1|6|5|20
68.452|0|6|5|20
65.694|1|1|6|20
68.452|0|1|6|20
0|1|3|6|20
3.216|0|3|6|20
78.787|1|4|6|20
68.452|0|4|6|20
0|1|5|6|20
0.161|0|5|6|20
33.188|1|6|6|20
68.451|0|6|6|20
33.52|1|3|7|20
68.451|0|3|7|20
0|1|5|7|20
3.216|0|5|7|20
0|1|6|7|20
0.161|0|6|7|20
0|1|7|7|20
3.216|0|7|7|20
16.287|1|1|0|21
68.451|0|1|0|21
29.347|1|2|0|21
68.451|0|2|0|21
0|1|0|1|21
3.216|0|0|1|21
0|1|0|10|21
0.161|0|0|10|21
0|1|1|10|21
3.216|0|1|10|21
6.635|1|10|10|21
11.721|0|10|10|21
0|1|11|10|21
3.216|0|11|10|21
0|1|12|10|21
3.216|0|12|10|21
0|1|3|10|21
3.216|0|3|10|21
30.315|1|4|10|21
68.451|0|4|10|21
0|1|7|10|21
0.161|0|7|10|21
28.531|1|8|10|21
11.721|0|8|10|21
18.482|1|9|10|21
11.721|0|9|10|21
0|1|3|11|21
3.216|0|3|11|21
331.338|1|4|11|21
173.863|0|4|11|21
342.424|1|4|11|21
173.862|0|4|11|21
229.75|1|8|11|21
173.862|0|8|11|21
251.007|1|8|11|21
173.861|0|8|11|21
8.308|1|6|12|21
11.721|0|6|12|21
17.454|1|10|13|21
11.721|0|10|13|21
0|1|8|13|21
0.161|0|8|13|21
0|1|9|13|21
3.216|0|9|13|21
180.277|1|3|2|21
173.861|0|3|2|21
191.639|1|3|2|21
173.86|0|3|2|21
0|1|4|2|21
3.216|0|4|2|21
17.771|1|11|3|21
11.721|0|11|3|21
0|1|2|3|21
0.161|0|2|3|21
20.109|1|3|3|21
11.721|0|3|3|21
0|1|4|3|21
3.216|0|4|3|21
31.399|1|7|3|21
68.451|0|7|3|21
0|1|9|3|21
3.216|0|9|3|21
52.343|1|1|4|21
68.451|0|1|4|21
0|1|10|4|21
0.161|0|10|4|21
0|1|11|4|21
0.161|0|11|4|21
0|1|2|4|21
0.161|0|2|4|21
33.67|1|9|4|21
68.451|0|9|4|21
0|1|0|5|21
3.216|0|0|5|21
0|1|3|5|21
0.161|0|3|5|21
69.487|1|12|6|21
68.452|0|12|6|21
62.682|1|13|6|21
68.452|0|13|6|21
0|1|2|6|21
0.161|0|2|6|21
17.805|1|3|6|21
11.721|0|3|6|21
33.47|1|5|6|21
68.451|0|5|6|21
0|1|7|6|21
3.216|0|7|6|21
35.655|1|8|6|21
11.721|0|8|6|21
11.172|1|9|6|21
11.721|0|9|6|21
0|1|4|7|21
0.161|0|4|7|21
61.754|1|0|8|21
68.452|0|0|8|21
0|1|5|8|21
0.161|0|5|8|21
12.99|1|0|9|21
11.721|0|0|9|21
0|1|1|9|21
3.216|0|1|9|21
0|1|10|9|21
3.216|0|10|9|21
0|1|12|9|21
3.216|0|12|9|21
0|1|3|9|21
3.216|0|3|9|21
45.962|1|4|9|21
68.451|0|4|9|21
7.849|1|8|9|21
11.721|0|8|9|21
33.435|1|2|0|22
68.451|0|2|0|22
13.499|1|5|0|22
11.721|0|5|0|22
55.612|1|13|2|22
68.451|0|13|2|22
9.161|1|4|2|22
11.721|0|4|2|22
19.903|1|6|2|22
11.721|0|6|2|22
18.195|1|0|3|22
68.451|0|0|3|22
0|1|2|3|22
0.161|0|2|3|22
21.022|1|3|3|22
68.451|0|3|3|22
12.481|1|1|1|23
11.721|0|1|1|23
0|1|3|1|23
3.216|0|3|1|23
0|1|4|1|23
0.161|0|4|1|23
229.948|1|2|2|23
173.862|0|2|2|23
215.895|1|2|2|23
173.861|0|2|2|23
298.362|1|3|2|23
173.862|0|3|2|23
292.481|1|3|2|23
173.861|0|3|2|23
0|1|0|3|23
3.216|0|0|3|23
0|1|5|3|23
3.216|0|5|3|23
62.844|1|11|0|24
68.452|0|11|0|24
0|1|3|0|24
3.216|0|3|0|24
6.207|1|4|0|24
11.721|0|4|0|24
0|1|5|0|24
3.216|0|5|0|24
25.019|1|8|0|24
68.451|0|8|0|24
11.914|1|9|0|24
11.721|0|9|0|24
0|1|1|1|24
3.216|0|1|1|24
0|1|1|3|24
3.216|0|1|3|24
173.411|1|10|3|24
173.861|0|10|3|24
174.937|1|10|3|24
173.86|0|10|3|24
195.352|1|11|3|24
173.862|0|11|3|24
185.407|1|11|3|24
173.861|0|11|3|24
12.882|1|3|3|24
11.721|0|3|3|24
43.941|1|5|3|24
68.451|0|5|3|24
0|1|7|3|24
3.216|0|7|3|24
29.28|1|1|4|24
68.451|0|1|4|24
223.539|1|2|4|24
173.862|0|2|4|24
215.562|1|2|4|24
173.861|0|2|4|24
0|1|2|5|24
0.161|0|2|5|24
0|1|0|6|24
0.161|0|0|6|24
36.554|1|1|6|24
68.451|0|1|6|24
36.472|1|2|6|24
68.451|0|2|6|24
0|1|0|7|24
3.216|0|0|7|24
47.018|1|1|7|24
68.451|0|1|7|24
172.821|1|2|7|24
173.861|0|2|7|24
180.651|1|2|7|24
173.86|0|2|7|24
0|1|4|7|24
3.216|0|4|7|24
0|1|5|7|24
3.216|0|5|7|24
0|1|3|0|25
3.216|0|3|0|25
0|1|4|0|25
3.216|0|4|0|25
419.697|1|5|0|25
173.863|0|5|0|25
416.492|1|5|0|25
173.862|0|5|0|25
41.461|1|7|0|25
68.451|0|7|0|25
0|1|0|1|25
3.216|0|0|1|25
0|1|10|1|25
3.216|0|10|1|25
0|1|11|1|25
3.216|0|11|1|25
0|1|3|1|25
3.216|0|3|1|25
0|1|2|2|25
3.216|0|2|2|25
0|1|3|2|25
3.216|0|3|2|25
0|1|3|3|25
3.216|0|3|3|25
0|1|4|3|25
0.161|0|4|3|25
0|1|5|3|25
3.216|0|5|3|25
337.775|1|0|4|25
173.863|0|0|4|25
329.13|1|0|4|25
173.862|0|0|4|25
0|1|3|4|25
0.161|0|3|4|25
259.534|1|4|4|25
173.862|0|4|4|25
265.659|1|4|4|25
173.861|0|4|4|25
39.051|1|5|4|25
68.451|0|5|4|25
0|1|8|4|25
3.216|0|8|4|25
8.627|1|0|5|25
11.721|0|0|5|25
0|1|1|5|25
3.216|0|1|5|25
0|1|0|0|26
0.161|0|0|0|26
0|1|1|0|26
3.216|0|1|0|26
0|1|3|0|26
3.216|0|3|0|26
252.077|1|3|1|26
173.862|0|3|1|26
250.398|1|3|1|26
173.861|0|3|1|26
0|1|1|2|26
0.161|0|1|2|26
0|1|5|2|26
3.216|0|5|2|26
6.056|1|6|2|26
11.721|0|6|2|26
0|1|0|3|26
3.216|0|0|3|26
146.797|1|1|3|26
173.861|0|1|3|26
143.589|1|1|3|26
173.86|0|1|3|26
11.353|1|3|3|26
11.721|0|3|3|26
287.815|1|6|3|26
173.862|0|6|3|26
293.897|1|6|3|26
173.861|0|6|3|26
33.036|1|11|4|26
68.451|0|11|4|26
114.685|1|12|4|26
68.452|0|12|4|26
0|1|2|4|26
0.161|0|2|4|26
0|1|4|4|26
0.161|0|4|4|26
0|1|6|4|26
3.216|0|6|4|26
15.862|1|7|4|26
11.721|0|7|4|26
122.321|1|9|4|26
173.861|0|9|4|26
107.974|1|9|4|26
173.86|0|9|4|26
0|1|0|5|26
3.216|0|0|5|26
0|1|1|5|26
0.161|0|1|5|26
0|1|3|5|26
3.216|0|3|5|26
34.163|1|7|5|26
68.451|0|7|5|26
0|1|1|0|27
0.161|0|1|0|27
0|1|2|0|27
3.216|0|2|0|27
20.389|1|1|1|27
11.721|0|1|1|27
0|1|2|1|27
0.161|0|2|1|27
49.487|1|4|1|27
68.451|0|4|1|27
0|1|5|1|27
0.161|0|5|1|27
0|1|2|2|27
0.161|0|2|2|27
12.558|1|0|3|27
11.721|0|0|3|27
0|1|2|3|27
3.216|0|2|3|27
0|1|0|4|27
3.216|0|0|4|27
0|1|2|4|27
0.161|0|2|4|27
0|1|3|5|27
0.161|0|3|5|27
0|1|4|5|27
3.216|0|4|5|27
466.79|1|5|5|27
173.864|0|5|5|27
464.505|1|5|5|27
173.863|0|5|5|27
0|1|6|5|27
3.216|0|6|5|27
0|1|2|6|27
3.216|0|2|6|27
0|1|4|6|27
0.161|0|4|6|27
0|1|6|6|27
3.216|0|6|6|27
33.535|1|1|7|27
68.451|0|1|7|27
0|1|2|7|27
3.216|0|2|7|27
14.988|1|4|7|27
11.721|0|4|7|27
0|1|5|7|27
3.216|0|5|7|27
0|1|0|8|27
0.161|0|0|8|27
0|1|3|8|27
3.216|0|3|8|27
190.766|1|0|9|27
173.861|0|0|9|27
183.035|1|0|9|27
173.86|0|0|9|27
0|1|1|9|27
3.216|0|1|9|27
0|1|2|9|27
3.216|0|2|9|27
19.106|1|0|0|28
11.721|0|0|0|28
0|1|10|0|28
3.216|0|10|0|28
208.932|1|6|0|28
173.862|0|6|0|28
220.367|1|6|0|28
173.861|0|6|0|28
0|1|8|0|28
3.216|0|8|0|28
0|1|1|1|28
3.216|0|1|1|28
0|1|4|1|28
0.161|0|4|1|28
0|1|5|1|28
3.216|0|5|1|28
0|1|7|1|28
3.216|0|7|1|28
232.16|1|1|10|28
173.862|0|1|10|28
235.474|1|1|10|28
173.861|0|1|10|28
8.696|1|2|10|28
11.721|0|2|10|28
0|1|4|10|28
3.216|0|4|10|28
263.178|1|6|10|28
173.862|0|6|10|28
269.258|1|6|10|28
173.861|0|6|10|28
0|1|0|11|28
3.216|0|0|11|28
0|1|3|11|28
3.216|0|3|11|28
8.425|1|0|12|28
11.721|0|0|12|28
26.055|1|2|12|28
68.451|0|2|12|28
278.351|1|5|12|28
173.862|0|5|12|28
294.786|1|5|12|28
173.861|0|5|12|28
37.825|1|4|13|28
68.451|0|4|13|28
0|1|5|13|28
3.216|0|5|13|28
0|1|6|13|28
3.216|0|6|13|28
0|1|1|14|28
3.216|0|1|14|28
180.147|1|3|14|28
173.861|0|3|14|28
162.205|1|3|14|28
173.86|0|3|14|28
0|1|4|14|28
3.216|0|4|14|28
0|1|6|14|28
0.161|0|6|14|28
25.152|1|0|15|28
68.451|0|0|15|28
190.298|1|2|15|28
173.862|0|2|15|28
188.692|1|2|15|28
173.861|0|2|15|28
19.69|1|4|15|28
11.721|0|4|15|28
25.352|1|0|16|28
11.721|0|0|16|28
0|1|4|16|28
3.216|0|4|16|28
0|1|5|16|28
0.161|0|5|16|28
35.546|1|0|17|28
68.451|0|0|17|28
0|1|1|17|28
3.216|0|1|17|28
45.681|1|3|17|28
68.451|0|3|17|28
12.952|1|1|2|28
11.721|0|1|2|28
0|1|2|2|28
3.216|0|2|2|28
6.234|1|4|2|28
11.721|0|4|2|28
366.968|1|6|2|28
173.863|0|6|2|28
375.687|1|6|2|28
173.862|0|6|2|28
20.376|1|5|3|28
68.451|0|5|3|28
10.082|1|6|3|28
11.721|0|6|3|28
0|1|0|4|28
3.216|0|0|4|28
463.621|1|1|4|28
173.864|0|1|4|28
473.588|1|1|4|28
173.863|0|1|4|28
34.135|1|10|4|28
68.451|0|10|4|28
480.221|1|12|4|28
173.864|0|12|4|28
466.004|1|12|4|28
173.863|0|12|4|28
49.304|1|5|4|28
68.451|0|5|4|28
0|1|8|4|28
3.216|0|8|4|28
0|1|0|5|28
0.161|0|0|5|28
10.122|1|2|5|28
11.721|0|2|5|28
0|1|3|5|28
3.216|0|3|5|28
16.531|1|4|5|28
11.721|0|4|5|28
0|1|1|6|28
0.161|0|1|6|28
28.413|1|3|6|28
11.721|0|3|6|28
7.345|1|4|6|28
11.721|0|4|6|28
137.153|1|9|6|28
173.861|0|9|6|28
120.188|1|9|6|28
173.86|0|9|6|28
0|1|1|7|28
3.216|0|1|7|28
0|1|2|7|28
3.216|0|2|7|28
0|1|3|7|28
3.216|0|3|7|28
41.919|1|4|7|28
68.451|0|4|7|28
500.824|1|10|9|28
173.864|0|10|9|28
501.957|1|10|9|28
173.863|0|10|9|28
0|1|11|9|28
0.161|0|11|9|28
0|1|12|9|28
0.161|0|12|9|28
0|1|4|9|28
3.216|0|4|9|28
238.955|1|9|9|28
173.862|0|9|9|28
237.806|1|9|9|28
173.861|0|9|9|28
6.416|1|1|0|29
11.721|0|1|0|29
0|1|12|0|29
3.216|0|12|0|29
0|1|3|0|29
3.216|0|3|0|29
0|1|4|0|29
3.216|0|4|0|29
8.421|1|5|0|29
11.721|0|5|0|29
234.267|1|0|1|29
173.862|0|0|1|29
259.575|1|0|1|29
173.861|0|0|1|29
139.968|1|2|1|29
173.861|0|2|1|29
132.663|1|2|1|29
173.86|0|2|1|29
15.441|1|0|2|29
11.721|0|0|2|29
16.07|1|2|2|29
11.721|0|2|2|29
0|1|1|0|3
3.216|0|1|0|3
0|1|11|0|3
0.161|0|11|0|3
0|1|12|0|3
3.216|0|12|0|3
29.623|1|4|0|3
68.451|0|4|0|3
0|1|7|0|3
0.161|0|7|0|3
0|1|8|0|3
0.161|0|8|0|3
515.627|1|9|0|3
173.864|0|9|0|3
492.736|1|9|0|3
173.863|0|9|0|3
382.447|1|0|1|3
173.863|0|0|1|3
362.358|1|0|1|3
173.862|0|0|1|3
7.883|1|4|1|3
11.721|0|4|1|3
0|1|5|1|3
3.216|0|5|1|3
0|1|0|2|3
3.216|0|0|2|3
26.342|1|3|2|3
68.451|0|3|2|3
0|1|0|3|3
3.216|0|0|3|3
34.77|1|10|3|3
68.451|0|10|3|3
33.73|1|11|3|3
68.451|0|11|3|3
0|1|13|3|3
0.161|0|13|3|3
18.823|1|3|3|3
11.721|0|3|3|3
0|1|6|3|3
3.216|0|6|3|3
0|1|9|3|3
3.216|0|9|3|3
86.654|1|0|0|30
68.452|0|0|0|30
0|1|1|0|30
3.216|0|1|0|30
0|1|2|0|30
3.216|0|2|0|30
0|1|3|0|30
3.216|0|3|0|30
0|1|1|1|30
3.216|0|1|1|30
0|1|0|0|31
3.216|0|0|0|31
40.567|1|2|0|31
68.451|0|2|0|31
0|1|3|0|31
3.216|0|3|0|31
0|1|4|0|31
0.161|0|4|0|31
25.793|1|0|0|32
11.721|0|0|0|32
0|1|1|0|32
3.216|0|1|0|32
0|1|4|0|32
0.161|0|4|0|32
0|1|5|0|32
3.216|0|5|0|32
429.72|1|6|0|32
173.863|0|6|0|32
420.685|1|6|0|32
173.862|0|6|0|32
43.362|1|7|0|32
68.451|0|7|0|32
29.131|1|0|10|32
11.721|0|0|10|32
0|1|1|10|32
0.161|0|1|10|32
0|1|2|11|32
3.216|0|2|11|32
0|1|6|11|32
3.216|0|6|11|32
5.771|1|3|12|32
11.721|0|3|12|32
0|1|4|12|32
3.216|0|4|12|32
0|1|5|12|32
3.216|0|5|12|32
0|1|7|12|32
3.216|0|7|12|32
0|1|8|12|32
0.161|0|8|12|32
0|1|12|13|32
3.216|0|12|13|32
0|1|2|13|32
0.161|0|2|13|32
75.562|1|3|13|32
68.452|0|3|13|32
0|1|4|13|32
3.216|0|4|13|32
0|1|5|13|32
3.216|0|5|13|32
20.324|1|7|13|32
68.451|0|7|13|32
17.983|1|1|2|32
68.451|0|1|2|32
565.985|1|2|2|32
173.864|0|2|2|32
563.513|1|2|2|32
173.863|0|2|2|32
105.254|1|2|3|32
173.861|0|2|3|32
111.928|1|2|3|32
173.86|0|2|3|32
0|1|11|4|32
3.216|0|11|4|32
0|1|12|4|32
3.216|0|12|4|32
0|1|13|4|32
3.216|0|13|4|32
307.725|1|7|4|32
173.862|0|7|4|32
289.033|1|7|4|32
173.861|0|7|4|32
0|1|9|4|32
3.216|0|9|4|32
0|1|0|5|32
3.216|0|0|5|32
34.062|1|11|5|32
68.451|0|11|5|32
0|1|3|5|32
3.216|0|3|5|32
0|1|5|5|32
0.161|0|5|5|32
0|1|8|5|32
3.216|0|8|5|32
0|1|1|6|32
3.216|0|1|6|32
8.165|1|6|6|32
11.721|0|6|6|32
0|1|8|6|32
3.216|0|8|6|32
83.029|1|9|6|32
68.452|0|9|6|32
506.223|1|0|7|32
173.864|0|0|7|32
517.585|1|0|7|32
173.863|0|0|7|32
0|1|2|7|32
3.216|0|2|7|32
57.994|1|3|7|32
68.452|0|3|7|32
21.577|1|4|7|32
11.721|0|4|7|32
0|1|7|7|32
3.216|0|7|7|32
618.241|1|1|8|32
173.865|0|1|8|32
602.49|1|1|8|32
173.864|0|1|8|32
18.882|1|0|0|33
68.451|0|0|0|33
0|1|1|0|33
3.216|0|1|0|33
0|1|0|1|33
3.216|0|0|1|33
15.803|1|1|1|33
11.721|0|1|1|33
504.498|1|10|1|33
173.864|0|10|1|33
515.612|1|10|1|33
173.863|0|10|1|33
51.482|1|12|1|33
68.451|0|12|1|33
87.346|1|3|1|33
68.452|0|3|1|33
11.778|1|5|1|33
11.721|0|5|1|33
206.158|1|6|1|33
173.862|0|6|1|33
219.45|1|6|1|33
173.861|0|6|1|33
25.31|1|8|1|33
68.451|0|8|1|33
0|1|0|10|33
3.216|0|0|10|33
197.803|1|1|10|33
173.862|0|1|10|33
208.238|1|1|10|33
173.861|0|1|10|33
17.603|1|6|10|33
68.451|0|6|10|33
170.11|1|0|11|33
173.861|0|0|11|33
177.949|1|0|11|33
173.86|0|0|11|33
9.269|1|1|11|33
11.721|0|1|11|33
0|1|2|11|33
3.216|0|2|11|33
20.53|1|3|11|33
11.721|0|3|11|33
442.138|1|5|11|33
173.863|0|5|11|33
436.354|1|5|11|33
173.862|0|5|11|33
0|1|6|11|33
3.216|0|6|11|33
0|1|2|2|33
3.216|0|2|2|33
30.883|1|1|3|33
68.451|0|1|3|33
11.823|1|3|3|33
11.721|0|3|3|33
187.19|1|5|3|33
173.861|0|5|3|33
193.093|1|5|3|33
173.86|0|5|3|33
0|1|2|4|33
0.161|0|2|4|33
13.386|1|3|4|33
11.721|0|3|4|33
0|1|4|4|33
3.216|0|4|4|33
0|1|7|4|33
3.216|0|7|4|33
37.243|1|2|5|33
68.451|0|2|5|33
0|1|0|6|33
3.216|0|0|6|33
9.095|1|3|7|33
11.721|0|3|7|33
0|1|6|7|33
3.216|0|6|7|33
0|1|4|8|33
3.216|0|4|8|33
30.545|1|5|8|33
68.451|0|5|8|33
0|1|7|8|33
0.161|0|7|8|33
15.713|1|0|9|33
11.721|0|0|9|33
87.734|1|2|9|33
68.452|0|2|9|33
397.522|1|5|9|33
173.863|0|5|9|33
400.369|1|5|9|33
173.862|0|5|9|33
11.626|1|7|9|33
11.721|0|7|9|33
0|1|8|9|33
3.216|0|8|9|33
23.993|1|9|9|33
11.721|0|9|9|33
31.509|1|2|0|34
68.451|0|2|0|34
0|1|0|1|34
3.216|0|0|1|34
29.111|1|1|2|34
11.721|0|1|2|34
96.086|1|2|2|34
68.452|0|2|2|34
11.703|1|3|2|34
11.721|0|3|2|34
19.828|1|4|2|34
68.451|0|4|2|34
0|1|2|5|34
3.216|0|2|5|34
35.742|1|3|5|34
68.451|0|3|5|34
0|1|4|5|34
0.161|0|4|5|34
10.392|1|1|0|35
11.721|0|1|0|35
22.485|1|11|0|35
68.451|0|11|0|35
0|1|8|0|35
0.161|0|8|0|35
15.082|1|4|2|35
11.721|0|4|2|35
165.884|1|9|2|35
173.861|0|9|2|35
162.606|1|9|2|35
173.86|0|9|2|35
10.958|1|0|3|35
11.721|0|0|3|35
0|1|2|3|35
3.216|0|2|3|35
0|1|10|0|36
0.161|0|10|0|36
0|1|4|0|36
0.161|0|4|0|36
0|1|7|0|36
0.161|0|7|0|36
0|1|9|0|36
3.216|0|9|0|36
0|1|0|1|36
3.216|0|0|1|36
74.721|1|5|1|36
68.452|0|5|1|36
0|1|9|1|36
0.161|0|9|1|36
0|1|2|2|36
0.161|0|2|2|36
0|1|1|3|36
3.216|0|1|3|36
0|1|0|4|36
3.216|0|0|4|36
144.785|1|1|4|36
173.861|0|1|4|36
147.785|1|1|4|36
173.86|0|1|4|36
0|1|0|5|36
3.216|0|0|5|36
18.042|1|2|5|36
11.721|0|2|5|36
0|1|9|5|36
0.161|0|9|5|36
7.421|1|1|6|36
11.721|0|1|6|36
0|1|4|6|36
0.161|0|4|6|36
26.49|1|10|2|37
68.451|0|10|2|37
14.758|1|11|2|37
11.721|0|11|2|37
0|1|13|2|37
3.216|0|13|2|37
0|1|4|2|37
3.216|0|4|2|37
0|1|5|2|37
0.161|0|5|2|37
0|1|9|2|37
0.161|0|9|2|37
0|1|2|3|37
0.161|0|2|3|37
37.564|1|1|4|37
68.451|0|1|4|37
134.317|1|4|4|37
173.861|0|4|4|37
150.431|1|4|4|37
173.86|0|4|4|37
19.893|1|5|4|37
68.451|0|5|4|37
0|1|8|4|37
3.216|0|8|4|37
269.632|1|9|4|37
173.862|0|9|4|37
251.8|1|9|4|37
173.861|0|9|4|37
232.58|1|10|5|37
173.862|0|10|5|37
231.462|1|10|5|37
173.861|0|10|5|37
0|1|11|5|37
3.216|0|11|5|37
0|1|12|5|37
3.216|0|12|5|37
11.085|1|13|5|37
11.721|0|13|5|37
0|1|5|5|37
0.161|0|5|5|37
0|1|6|5|37
3.216|0|6|5|37
18.052|1|7|5|37
11.721|0|7|5|37
0|1|8|5|37
3.216|0|8|5|37
17.228|1|2|6|37
68.451|0|2|6|37
0|1|6|6|37
3.216|0|6|6|37
278.219|1|1|7|37
173.862|0|1|7|37
295.018|1|1|7|37
173.861|0|1|7|37
0|1|5|7|37
3.216|0|5|7|37
172.94|1|8|7|37
173.861|0|8|7|37
176.251|1|8|7|37
173.86|0|8|7|37
45.402|1|9|7|37
68.451|0|9|7|37
10.4|1|0|8|37
11.721|0|0|8|37
10.482|1|1|8|37
11.721|0|1|8|37
11.316|1|2|8|37
11.721|0|2|8|37
37.771|1|0|0|38
68.451|0|0|0|38
0|1|0|1|38
3.216|0|0|1|38
0|1|1|1|38
3.216|0|1|1|38
0|1|0|10|38
3.216|0|0|10|38
23.484|1|1|10|38
68.451|0|1|10|38
0|1|2|2|38
3.216|0|2|2|38
76.405|1|4|2|38
68.452|0|4|2|38
0|1|5|2|38
0.161|0|5|2|38
0|1|0|3|38
0.161|0|0|3|38
48.5|1|1|3|38
68.451|0|1|3|38
0|1|4|3|38
0.161|0|4|3|38
0|1|0|4|38
0.161|0|0|4|38
0|1|3|4|38
0.161|0|3|4|38
0|1|0|5|38
0.161|0|0|5|38
10.082|1|0|6|38
11.721|0|0|6|38
0|1|2|6|38
3.216|0|2|6|38
0|1|1|7|38
3.216|0|1|7|38
22.995|1|0|9|38
68.451|0|0|9|38
0|1|1|9|38
3.216|0|1|9|38
279.2|1|2|9|38
173.862|0|2|9|38
282.302|1|2|9|38
173.861|0|2|9|38
0|1|5|9|38
3.216|0|5|9|38
0|1|2|0|39
3.216|0|2|0|39
19.615|1|1|1|39
68.451|0|1|1|39
49.548|1|1|11|39
68.451|0|1|11|39
20.186|1|11|11|39
68.451|0|11|11|39
42.105|1|13|11|39
68.451|0|13|11|39
0|1|2|11|39
0.161|0|2|11|39
9.445|1|3|11|39
11.721|0|3|11|39
11.399|1|4|11|39
11.721|0|4|11|39
0|1|6|11|39
3.216|0|6|11|39
0|1|7|11|39
3.216|0|7|11|39
0|1|0|12|39
3.216|0|0|12|39
19.205|1|1|12|39
68.451|0|1|12|39
0|1|3|12|39
3.216|0|3|12|39
12.358|1|4|12|39
11.721|0|4|12|39
0|1|0|13|39
3.216|0|0|13|39
413.84|1|1|13|39
173.863|0|1|13|39
409.602|1|1|13|39
173.862|0|1|13|39
0|1|9|13|39
3.216|0|9|13|39
0|1|0|14|39
3.216|0|0|14|39
0|1|3|14|39
3.216|0|3|14|39
14.195|1|0|2|39
11.721|0|0|2|39
21.408|1|5|2|39
68.451|0|5|2|39
326.272|1|6|2|39
173.863|0|6|2|39
324.704|1|6|2|39
173.862|0|6|2|39
0|1|7|2|39
3.216|0|7|2|39
8.831|1|9|2|39
11.721|0|9|2|39
0|1|2|3|39
3.216|0|2|3|39
0|1|0|4|39
3.216|0|0|4|39
41.5|1|3|4|39
68.451|0|3|4|39
0|1|0|5|39
3.216|0|0|5|39
24.827|1|2|5|39
68.451|0|2|5|39
0|1|3|5|39
3.216|0|3|5|39
0|1|5|5|39
3.216|0|5|5|39
0|1|7|5|39
3.216|0|7|5|39
42.655|1|3|6|39
68.451|0|3|6|39
0|1|4|6|39
3.216|0|4|6|39
413.193|1|6|6|39
173.863|0|6|6|39
422.44|1|6|6|39
173.862|0|6|6|39
0|1|8|6|39
3.216|0|8|6|39
67.106|1|1|7|39
68.452|0|1|7|39
0|1|4|7|39
3.216|0|4|7|39
0|1|5|7|39
0.161|0|5|7|39
0|1|6|7|39
0.161|0|6|7|39
0|1|2|8|39
3.216|0|2|8|39
0|1|6|8|39
0.161|0|6|8|39
0|1|1|9|39
0.161|0|1|9|39
0|1|10|0|4
3.216|0|10|0|4
0|1|5|0|4
0.161|0|5|0|4
76.198|1|0|1|4
68.452|0|0|1|4
45.189|1|1|1|4
68.451|0|1|1|4
0|1|3|1|4
3.216|0|3|1|4
0|1|0|10|4
3.216|0|0|10|4
0|1|2|10|4
0.161|0|2|10|4
0|1|3|10|4
0.161|0|3|10|4
0|1|4|10|4
3.216|0|4|10|4
189.85|1|0|11|4
173.861|0|0|11|4
189.776|1|0|11|4
173.86|0|0|11|4
0|1|1|11|4
0.161|0|1|11|4
45.483|1|2|11|4
68.451|0|2|11|4
22.529|1|0|12|4
68.451|0|0|12|4
37.939|1|12|12|4
68.451|0|12|12|4
20.574|1|4|12|4
11.721|0|4|12|4
20.89|1|7|12|4
11.721|0|7|12|4
0|1|8|12|4
3.216|0|8|12|4
0|1|9|12|4
3.216|0|9|12|4
0|1|1|13|4
3.216|0|1|13|4
231.621|1|10|13|4
173.862|0|10|13|4
243.088|1|10|13|4
173.861|0|10|13|4
119.773|1|13|13|4
173.861|0|13|13|4
116.713|1|13|13|4
173.86|0|13|13|4
0|1|3|13|4
0.161|0|3|13|4
17.735|1|5|13|4
68.451|0|5|13|4
14.355|1|9|13|4
11.721|0|9|13|4
0|1|0|2|4
0.161|0|0|2|4
19.495|1|2|2|4
11.721|0|2|2|4
29.679|1|1|3|4
11.721|0|1|3|4
31.224|1|2|3|4
68.451|0|2|3|4
61.388|1|4|3|4
68.452|0|4|3|4
0|1|5|3|4
0.161|0|5|3|4
0|1|0|4|4
0.161|0|0|4|4
24.045|1|1|4|4
11.721|0|1|4|4
51.934|1|10|4|4
68.451|0|10|4|4
179.993|1|3|4|4
173.861|0|3|4|4
197.313|1|3|4|4
173.86|0|3|4|4
0|1|4|4|4
3.216|0|4|4|4
0|1|7|4|4
3.216|0|7|4|4
54.361|1|9|4|4
68.451|0|9|4|4
0|1|1|5|4
0.161|0|1|5|4
79.858|1|4|5|4
68.452|0|4|5|4
57.062|1|0|7|4
68.451|0|0|7|4
438.965|1|1|7|4
173.864|0|1|7|4
451.418|1|1|7|4
173.863|0|1|7|4
0|1|13|7|4
3.216|0|13|7|4
0|1|2|7|4
3.216|0|2|7|4
19.927|1|3|7|4
68.451|0|3|7|4
42.993|1|5|7|4
68.451|0|5|7|4
0|1|6|7|4
3.216|0|6|7|4
0|1|7|7|4
3.216|0|7|7|4
0|1|2|8|4
0.161|0|2|8|4
0|1|4|8|4
3.216|0|4|8|4
31.577|1|3|9|4
11.721|0|3|9|4
0|1|4|9|4
3.216|0|4|9|4
13.67|1|5|9|4
11.721|0|5|9|4
0|1|0|0|5
3.216|0|0|0|5
14.459|1|3|0|5
11.721|0|3|0|5
0|1|3|1|5
3.216|0|3|1|5
43.062|1|5|1|5
68.451|0|5|1|5
218.433|1|4|0|6
173.862|0|4|0|6
227.506|1|4|0|6
173.861|0|4|0|6
31.726|1|2|1|6
68.451|0|2|1|6
0|1|0|2|6
3.216|0|0|2|6
20.275|1|2|2|6
11.721|0|2|2|6
646.693|1|1|3|6
173.865|0|1|3|6
646.141|1|1|3|6
173.864|0|1|3|6
0|1|2|3|6
0.161|0|2|3|6
0|1|3|3|6
3.216|0|3|3|6
0|1|5|3|6
3.216|0|5|3|6
0|1|7|3|6
3.216|0|7|3|6
0|1|8|3|6
0.161|0|8|3|6
0|1|2|0|7
3.216|0|2|0|7
0|1|3|0|7
3.216|0|3|0|7
26.097|1|5|0|7
68.451|0|5|0|7
0|1|6|0|7
0.161|0|6|0|7
0|1|1|1|7
0.161|0|1|1|7
0|1|0|10|7
3.216|0|0|10|7
130.28|1|1|10|7
173.861|0|1|10|7
112.913|1|1|10|7
173.86|0|1|10|7
0|1|10|10|7
3.216|0|10|10|7
0|1|5|10|7
3.216|0|5|10|7
0|1|6|10|7
3.216|0|6|10|7
10.212|1|1|2|7
11.721|0|1|2|7
5.555|1|10|2|7
11.721|0|10|2|7
0|1|2|2|7
3.216|0|2|2|7
0|1|7|2|7
3.216|0|7|2|7
0|1|0|3|7
0.161|0|0|3|7
0|1|2|3|7
0.161|0|2|3|7
61.33|1|3|3|7
68.452|0|3|3|7
35.421|1|5|3|7
68.451|0|5|3|7
0|1|6|3|7
3.216|0|6|3|7
123.863|1|3|4|7
173.861|0|3|4|7
138.813|1|3|4|7
173.86|0|3|4|7
256.66|1|4|4|7
173.862|0|4|4|7
275.725|1|4|4|7
173.861|0|4|4|7
348.404|1|1|6|7
173.863|0|1|6|7
360.537|1|1|6|7
173.862|0|1|6|7
381.089|1|10|7|7
173.863|0|10|7|7
390.199|1|10|7|7
173.862|0|10|7|7
12.181|1|2|7|7
11.721|0|2|7|7
55.573|1|4|7|7
68.451|0|4|7|7
0|1|5|7|7
0.161|0|5|7|7
48.638|1|1|8|7
68.451|0|1|8|7
18.682|1|2|8|7
68.451|0|2|8|7
15.359|1|4|8|7
11.721|0|4|8|7
0|1|0|9|7
0.161|0|0|9|7
0|1|1|9|7
0.161|0|1|9|7
0|1|3|9|7
3.216|0|3|9|7
0|1|4|9|7
3.216|0|4|9|7
0|1|5|9|7
3.216|0|5|9|7
14.177|1|0|0|8
11.721|0|0|0|8
42.434|1|3|0|8
68.451|0|3|0|8
32.074|1|3|1|8
68.451|0|3|1|8
0|1|4|1|8
0.161|0|4|1|8
45.785|1|5|1|8
68.451|0|5|1|8
10.71|1|6|1|8
11.721|0|6|1|8
0|1|2|2|8
3.216|0|2|2|8
235.004|1|3|2|8
173.862|0|3|2|8
240.096|1|3|2|8
173.861|0|3|2|8
0|1|5|2|8
3.216|0|5|2|8
0|1|6|2|8
3.216|0|6|2|8
18.429|1|0|3|8
11.721|0|0|3|8
0|1|1|3|8
3.216|0|1|3|8
0|1|0|4|8
3.216|0|0|4|8
60.306|1|1|4|8
68.452|0|1|4|8
0|1|0|0|9
0.161|0|0|0|9
0|1|1|0|9
3.216|0|1|0|9
0|1|2|0|9
0.161|0|2|0|9
0|1|8|0|9
3.216|0|8|0|9
13.073|1|9|0|9
11.721|0|9|0|9
8.015|1|3|1|9
11.721|0|3|1|9
26.971|1|4|1|9
68.451|0|4|1|9
0|1|6|1|9
0.161|0|6|1|9
163.198|1|9|1|9
173.861|0|9|1|9
157.548|1|9|1|9
173.86|0|9|1|9
0|1|2|2|9
3.216|0|2|2|9
13.78|1|0|3|9
11.721|0|0|3|9
30.07|1|2|3|9
11.721|0|2|3|9
16.431|1|5|3|9
11.721|0|5|3|9
0|1|0|0|0
0.982|0|0|0|0
0|1|8|0|0
0.982|0|8|0|0
0|1|9|0|0
3.701|0|9|0|0
0|1|1|1|0
3.216|0|1|1|0
0|1|10|1|0
0.788|0|10|1|0
0|1|11|1|0
2.25|0|11|1|0
0|1|12|1|0
0.788|0|12|1|0
0|1|6|1|0
3.216|0|6|1|0
0|1|9|1|0
0.982|0|9|1|0
0|1|0|10|0
3.216|0|0|10|0
0|1|0|11|0
0.788|0|0|11|0
0|1|1|12|0
3.216|0|1|12|0
0|1|2|12|0
0.982|0|2|12|0
0|1|4|12|0
0.788|0|4|12|0
0|1|2|13|0
3.701|0|2|13|0
0|1|6|13|0
2.25|0|6|13|0
0|1|8|13|0
2.25|0|8|13|0
0|1|9|13|0
3.216|0|9|13|0
0|1|1|2|0
3.216|0|1|2|0
0|1|4|2|0
3.701|0|4|2|0
0|1|6|2|0
3.216|0|6|2|0
0|1|0|4|0
0.788|0|0|4|0
0|1|1|4|0
2.25|0|1|4|0
0|1|2|4|0
0.788|0|2|4|0
0|1|0|5|0
3.701|0|0|5|0
0|1|1|5|0
3.701|0|1|5|0
0|1|2|5|0
0.788|0|2|5|0
0|1|12|6|0
3.216|0|12|6|0
0|1|3|6|0
2.25|0|3|6|0
0|1|9|6|0
0.788|0|9|6|0
0|1|1|7|0
3.701|0|1|7|0
0|1|2|7|0
3.701|0|2|7|0
0|1|4|7|0
3.701|0|4|7|0
0|1|8|7|0
3.216|0|8|7|0
0|1|3|8|0
0.788|0|3|8|0
0|1|10|9|0
3.216|0|10|9|0
0|1|13|9|0
0.982|0|13|9|0
0|1|4|9|0
0.788|0|4|9|0
0|1|9|9|0
3.216|0|9|9|0
0|1|2|1|1
3.216|0|2|1|1
0|1|1|0|10
3.216|0|1|0|10
0|1|4|0|10
3.216|0|4|0|10
0|1|8|0|10
0.788|0|8|0|10
0|1|1|1|10
3.701|0|1|1|10
0|1|2|1|10
3.216|0|2|1|10
0|1|0|2|10
3.216|0|0|2|10
0|1|0|3|10
0.982|0|0|3|10
0|1|3|3|10
3.216|0|3|3|10
0|1|0|4|10
0.982|0|0|4|10
0|1|1|4|10
0.788|0|1|4|10
0|1|3|4|10
0.982|0|3|4|10
0|1|5|4|10
3.216|0|5|4|10
0|1|6|4|10
2.25|0|6|4|10
0|1|0|0|11
2.25|0|0|0|11
0|1|10|0|11
3.216|0|10|0|11
0|1|11|0|11
3.216|0|11|0|11
0|1|13|0|11
3.216|0|13|0|11
0|1|3|0|11
3.216|0|3|0|11
0|1|4|0|11
3.216|0|4|0|11
0|1|6|0|11
3.216|0|6|0|11
0|1|8|0|11
0.788|0|8|0|11
0|1|9|0|11
2.25|0|9|0|11
0|1|1|1|11
2.25|0|1|1|11
0|1|2|1|11
3.216|0|2|1|11
0|1|4|1|11
0.982|0|4|1|11
0|1|0|2|11
2.25|0|0|2|11
0|1|2|2|11
0.982|0|2|2|11
0|1|5|2|11
0.982|0|5|2|11
0|1|8|2|11
3.216|0|8|2|11
0|1|1|4|11
2.25|0|1|4|11
0|1|4|5|11
0.788|0|4|5|11
0|1|3|0|12
3.701|0|3|0|12
0|1|0|1|12
3.216|0|0|1|12
0|1|2|1|12
3.216|0|2|1|12
0|1|1|2|12
3.216|0|1|2|12
0|1|12|2|12
0.982|0|12|2|12
0|1|13|2|12
3.216|0|13|2|12
0|1|5|2|12
3.216|0|5|2|12
0|1|9|2|12
3.701|0|9|2|12
0|1|5|3|12
3.701|0|5|3|12
0|1|6|3|12
0.788|0|6|3|12
0|1|0|0|13
0.788|0|0|0|13
0|1|0|1|13
3.216|0|0|1|13
0|1|10|1|13
2.25|0|10|1|13
0|1|12|1|13
0.982|0|12|1|13
0|1|3|1|13
3.701|0|3|1|13
0|1|4|1|13
0.982|0|4|1|13
0|1|5|1|13
0.788|0|5|1|13
0|1|8|1|13
0.788|0|8|1|13
0|1|0|0|14
2.25|0|0|0|14
0|1|1|0|14
3.701|0|1|0|14
0|1|0|1|14
3.701|0|0|1|14
0|1|1|1|14
2.25|0|1|1|14
0|1|2|1|14
3.216|0|2|1|14
0|1|0|10|14
3.216|0|0|10|14
0|1|2|10|14
3.701|0|2|10|14
0|1|4|10|14
0.788|0|4|10|14
0|1|6|10|14
2.25|0|6|10|14
0|1|7|10|14
3.701|0|7|10|14
0|1|1|11|14
0.982|0|1|11|14
0|1|2|11|14
3.216|0|2|11|14
0|1|1|12|14
3.216|0|1|12|14
0|1|12|12|14
0.982|0|12|12|14
0|1|2|12|14
3.701|0|2|12|14
0|1|3|12|14
3.216|0|3|12|14
0|1|6|12|14
0.982|0|6|12|14
0|1|8|12|14
3.701|0|8|12|14
0|1|9|12|14
0.788|0|9|12|14
0|1|0|13|14
0.788|0|0|13|14
0|1|2|13|14
2.25|0|2|13|14
0|1|4|13|14
3.216|0|4|13|14
0|1|1|14|14
0.982|0|1|14|14
0|1|2|14|14
2.25|0|2|14|14
0|1|5|14|14
3.216|0|5|14|14
0|1|8|14|14
0.982|0|8|14|14
0|1|2|15|14
3.216|0|2|15|14
0|1|3|15|14
0.982|0|3|15|14
0|1|8|15|14
2.25|0|8|15|14
0|1|0|16|14
2.25|0|0|16|14
0|1|2|16|14
2.25|0|2|16|14
0|1|1|17|14
0.982|0|1|17|14
0|1|0|2|14
0.982|0|0|2|14
0|1|4|2|14
0.788|0|4|2|14
0|1|2|3|14
3.701|0|2|3|14
0|1|3|3|14
2.25|0|3|3|14
0|1|0|4|14
3.216|0|0|4|14
0|1|0|5|14
3.216|0|0|5|14
0|1|2|5|14
2.25|0|2|5|14
0|1|4|5|14
2.25|0|4|5|14
0|1|1|6|14
3.216|0|1|6|14
0|1|11|6|14
0.982|0|11|6|14
0|1|2|6|14
3.216|0|2|6|14
0|1|4|6|14
3.216|0|4|6|14
0|1|5|6|14
0.788|0|5|6|14
0|1|6|6|14
3.216|0|6|6|14
0|1|8|6|14
0.982|0|8|6|14
0|1|1|7|14
0.982|0|1|7|14
0|1|2|7|14
0.788|0|2|7|14
0|1|4|7|14
3.216|0|4|7|14
0|1|0|8|14
3.216|0|0|8|14
0|1|1|9|14
3.216|0|1|9|14
0|1|10|9|14
2.25|0|10|9|14
0|1|2|9|14
3.216|0|2|9|14
0|1|5|9|14
3.701|0|5|9|14
0|1|9|9|14
3.216|0|9|9|14
0|1|12|0|15
3.216|0|12|0|15
0|1|13|0|15
3.701|0|13|0|15
0|1|4|0|15
3.216|0|4|0|15
0|1|5|0|15
0.982|0|5|0|15
0|1|8|0|15
3.216|0|8|0|15
0|1|9|0|15
0.788|0|9|0|15
0|1|0|1|15
3.216|0|0|1|15
0|1|1|2|15
2.25|0|1|2|15
0|1|10|2|15
0.982|0|10|2|15
0|1|13|2|15
3.216|0|13|2|15
0|1|2|2|15
2.25|0|2|2|15
0|1|3|2|15
2.25|0|3|2|15
0|1|4|2|15
3.701|0|4|2|15
0|1|6|2|15
3.701|0|6|2|15
0|1|7|2|15
2.25|0|7|2|15
0|1|8|2|15
3.216|0|8|2|15
0|1|1|3|15
2.25|0|1|3|15
0|1|4|3|15
3.216|0|4|3|15
0|1|6|3|15
0.788|0|6|3|15
0|1|11|0|16
3.701|0|11|0|16
0|1|12|0|16
0.788|0|12|0|16
0|1|6|0|16
3.216|0|6|0|16
0|1|0|1|16
0.788|0|0|1|16
0|1|3|1|16
0.788|0|3|1|16
0|1|4|1|16
3.216|0|4|1|16
0|1|8|1|16
2.25|0|8|1|16
0|1|9|1|16
3.701|0|9|1|16
0|1|0|10|16
3.701|0|0|10|16
0|1|6|10|16
3.216|0|6|10|16
0|1|7|10|16
2.25|0|7|10|16
0|1|0|2|16
0.788|0|0|2|16
0|1|1|2|16
3.216|0|1|2|16
0|1|2|2|16
3.216|0|2|2|16
0|1|3|2|16
3.216|0|3|2|16
0|1|1|3|16
0.982|0|1|3|16
0|1|0|4|16
0.788|0|0|4|16
0|1|5|4|16
3.216|0|5|4|16
0|1|6|4|16
3.216|0|6|4|16
0|1|2|5|16
2.25|0|2|5|16
0|1|3|5|16
3.216|0|3|5|16
0|1|4|5|16
3.701|0|4|5|16
0|1|6|5|16
3.701|0|6|5|16
0|1|0|6|16
3.216|0|0|6|16
0|1|2|6|16
3.701|0|2|6|16
0|1|5|6|16
0.982|0|5|6|16
0|1|0|7|16
3.701|0|0|7|16
0|1|1|7|16
3.216|0|1|7|16
0|1|12|8|16
3.216|0|12|8|16
0|1|13|8|16
3.216|0|13|8|16
0|1|2|8|16
3.216|0|2|8|16
0|1|3|8|16
2.25|0|3|8|16
0|1|4|8|16
2.25|0|4|8|16
0|1|8|8|16
3.701|0|8|8|16
0|1|9|8|16
3.216|0|9|8|16
0|1|0|9|16
0.982|0|0|9|16
0|1|4|9|16
3.216|0|4|9|16
0|1|5|9|16
0.788|0|5|9|16
0|1|0|0|17
0.788|0|0|0|17
0|1|1|0|17
0.788|0|1|0|17
0|1|3|0|17
0.982|0|3|0|17
0|1|4|0|17
3.216|0|4|0|17
0|1|1|1|17
2.25|0|1|1|17
0|1|6|1|17
3.701|0|6|1|17
0|1|7|1|17
3.216|0|7|1|17
0|1|1|0|18
3.216|0|1|0|18
0|1|2|0|18
2.25|0|2|0|18
0|1|3|0|18
0.982|0|3|0|18
0|1|0|1|18
0.788|0|0|1|18
0|1|2|1|18
3.216|0|2|1|18
0|1|4|1|18
2.25|0|4|1|18
0|1|1|2|18
0.788|0|1|2|18
0|1|2|2|18
3.216|0|2|2|18
0|1|3|2|18
2.25|0|3|2|18
0|1|2|3|18
3.701|0|2|3|18
0|1|3|3|18
3.701|0|3|3|18
0|1|9|3|18
0.788|0|9|3|18
0|1|0|4|18
2.25|0|0|4|18
0|1|1|4|18
0.982|0|1|4|18
0|1|5|4|18
0.982|0|5|4|18
0|1|6|4|18
0.982|0|6|4|18
0|1|7|4|18
3.216|0|7|4|18
0|1|0|0|19
3.216|0|0|0|19
0|1|3|0|19
3.216|0|3|0|19
0|1|4|0|19
3.216|0|4|0|19
0|1|5|0|19
3.701|0|5|0|19
0|1|6|0|19
0.788|0|6|0|19
0|1|0|0|2
0.788|0|0|0|2
0|1|3|0|2
3.216|0|3|0|2
0|1|4|0|2
3.216|0|4|0|2
0|1|5|0|2
3.701|0|5|0|2
0|1|6|0|2
0.982|0|6|0|2
0|1|9|0|2
2.25|0|9|0|2
0|1|1|2|2
3.216|0|1|2|2
0|1|6|2|2
3.216|0|6|2|2
0|1|8|2|2
3.216|0|8|2|2
0|1|3|3|2
3.216|0|3|3|2
0|1|4|3|2
2.25|0|4|3|2
0|1|5|3|2
3.216|0|5|3|2
0|1|6|3|2
0.788|0|6|3|2
0|1|8|3|2
3.216|0|8|3|2
0|1|9|3|2
0.788|0|9|3|2
0|1|2|4|2
3.216|0|2|4|2
0|1|3|4|2
0.982|0|3|4|2
0|1|4|4|2
3.701|0|4|4|2
0|1|1|5|2
3.216|0|1|5|2
0|1|11|5|2
2.25|0|11|5|2
0|1|6|5|2
0.788|0|6|5|2
0|1|8|5|2
0.982|0|8|5|2
0|1|1|0|20
0.788|0|1|0|20
0|1|2|0|20
2.25|0|2|0|20
0|1|4|0|20
0.788|0|4|0|20
0|1|5|0|20
0.982|0|5|0|20
0|1|1|1|20
0.788|0|1|1|20
0|1|5|1|20
0.788|0|5|1|20
0|1|0|2|20
3.216|0|0|2|20
0|1|2|2|20
3.216|0|2|2|20
0|1|4|2|20
0.788|0|4|2|20
0|1|5|2|20
0.788|0|5|2|20
0|1|6|2|20
3.216|0|6|2|20
0|1|1|3|20
3.216|0|1|3|20
0|1|8|4|20
0.788|0|8|4|20
0|1|0|5|20
3.216|0|0|5|20
0|1|2|5|20
0.788|0|2|5|20
0|1|3|5|20
3.701|0|3|5|20
0|1|4|5|20
2.25|0|4|5|20
0|1|5|5|20
2.25|0|5|5|20
0|1|7|5|20
0.788|0|7|5|20
0|1|3|6|20
3.216|0|3|6|20
0|1|7|6|20
0.982|0|7|6|20
0|1|0|7|20
0.788|0|0|7|20
0|1|2|7|20
3.701|0|2|7|20
0|1|5|7|20
3.216|0|5|7|20
0|1|7|7|20
3.216|0|7|7|20
0|1|8|7|20
0.788|0|8|7|20
0|1|0|1|21
3.216|0|0|1|21
0|1|1|1|21
3.701|0|1|1|21
0|1|1|10|21
3.216|0|1|10|21
0|1|11|10|21
3.216|0|11|10|21
0|1|12|10|21
3.216|0|12|10|21
0|1|3|10|21
3.216|0|3|10|21
0|1|5|10|21
3.701|0|5|10|21
0|1|0|11|21
2.25|0|0|11|21
0|1|1|11|21
2.25|0|1|11|21
0|1|2|11|21
2.25|0|2|11|21
0|1|3|11|21
3.216|0|3|11|21
0|1|5|11|21
3.701|0|5|11|21
0|1|7|11|21
0.788|0|7|11|21
0|1|0|12|21
0.982|0|0|12|21
0|1|5|12|21
0.982|0|5|12|21
0|1|11|13|21
2.25|0|11|13|21
0|1|12|13|21
3.701|0|12|13|21
0|1|2|13|21
0.982|0|2|13|21
0|1|5|13|21
3.701|0|5|13|21
0|1|6|13|21
2.25|0|6|13|21
0|1|9|13|21
3.216|0|9|13|21
0|1|0|2|21
0.982|0|0|2|21
0|1|1|2|21
0.982|0|1|2|21
0|1|4|2|21
3.216|0|4|2|21
0|1|12|3|21
2.25|0|12|3|21
0|1|13|3|21
2.25|0|13|3|21
0|1|4|3|21
3.216|0|4|3|21
0|1|5|3|21
0.982|0|5|3|21
0|1|6|3|21
0.982|0|6|3|21
0|1|9|3|21
3.216|0|9|3|21
0|1|0|4|21
2.25|0|0|4|21
0|1|3|4|21
2.25|0|3|4|21
0|1|4|4|21
0.788|0|4|4|21
0|1|5|4|21
2.25|0|5|4|21
0|1|0|5|21
3.216|0|0|5|21
0|1|1|5|21
2.25|0|1|5|21
0|1|2|5|21
0.788|0|2|5|21
0|1|10|6|21
0.982|0|10|6|21
0|1|4|6|21
0.788|0|4|6|21
0|1|6|6|21
0.982|0|6|6|21
0|1|7|6|21
3.216|0|7|6|21
0|1|3|7|21
2.25|0|3|7|21
0|1|1|8|21
0.982|0|1|8|21
0|1|10|8|21
0.788|0|10|8|21
0|1|11|8|21
0.788|0|11|8|21
0|1|2|8|21
0.982|0|2|8|21
0|1|6|8|21
0.788|0|6|8|21
0|1|7|8|21
0.982|0|7|8|21
0|1|8|8|21
0.982|0|8|8|21
0|1|9|8|21
0.788|0|9|8|21
0|1|1|9|21
3.216|0|1|9|21
0|1|10|9|21
3.216|0|10|9|21
0|1|11|9|21
2.25|0|11|9|21
0|1|12|9|21
3.216|0|12|9|21
0|1|13|9|21
2.25|0|13|9|21
0|1|2|9|21
3.701|0|2|9|21
0|1|3|9|21
3.216|0|3|9|21
0|1|6|9|21
0.982|0|6|9|21
0|1|7|9|21
0.788|0|7|9|21
0|1|0|0|22
0.788|0|0|0|22
0|1|3|0|22
3.701|0|3|0|22
0|1|6|0|22
0.788|0|6|0|22
0|1|0|1|22
3.701|0|0|1|22
0|1|2|1|22
3.701|0|2|1|22
0|1|0|2|22
0.982|0|0|2|22
0|1|11|2|22
0.788|0|11|2|22
0|1|5|2|22
0.788|0|5|2|22
0|1|8|2|22
0.788|0|8|2|22
0|1|9|2|22
3.701|0|9|2|22
0|1|1|3|22
2.25|0|1|3|22
0|1|6|3|22
3.701|0|6|3|22
0|1|7|3|22
2.25|0|7|3|22
0|1|1|0|23
0.788|0|1|0|23
0|1|2|0|23
3.701|0|2|0|23
0|1|0|1|23
0.788|0|0|1|23
0|1|3|1|23
3.216|0|3|1|23
0|1|5|1|23
2.25|0|5|1|23
0|1|0|3|23
3.216|0|0|3|23
0|1|1|3|23
0.788|0|1|3|23
0|1|5|3|23
3.216|0|5|3|23
0|1|6|3|23
0.788|0|6|3|23
0|1|1|0|24
2.25|0|1|0|24
0|1|2|0|24
0.982|0|2|0|24
0|1|3|0|24
3.216|0|3|0|24
0|1|5|0|24
3.216|0|5|0|24
0|1|6|0|24
0.982|0|6|0|24
0|1|1|1|24
3.216|0|1|1|24
0|1|3|1|24
2.25|0|3|1|24
0|1|0|2|24
0.788|0|0|2|24
0|1|1|3|24
3.216|0|1|3|24
0|1|4|3|24
2.25|0|4|3|24
0|1|7|3|24
3.216|0|7|3|24
0|1|8|3|24
2.25|0|8|3|24
0|1|0|4|24
3.701|0|0|4|24
0|1|3|4|24
0.788|0|3|4|24
0|1|4|6|24
0.788|0|4|6|24
0|1|0|7|24
3.216|0|0|7|24
0|1|4|7|24
3.216|0|4|7|24
0|1|5|7|24
3.216|0|5|7|24
0|1|1|0|25
3.701|0|1|0|25
0|1|2|0|25
3.701|0|2|0|25
0|1|3|0|25
3.216|0|3|0|25
0|1|4|0|25
3.216|0|4|0|25
0|1|0|1|25
3.216|0|0|1|25
0|1|10|1|25
3.216|0|10|1|25
0|1|11|1|25
3.216|0|11|1|25
0|1|12|1|25
0.982|0|12|1|25
0|1|2|1|25
2.25|0|2|1|25
0|1|3|1|25
3.216|0|3|1|25
0|1|4|1|25
0.788|0|4|1|25
0|1|5|1|25
2.25|0|5|1|25
0|1|8|1|25
0.982|0|8|1|25
0|1|2|2|25
3.216|0|2|2|25
0|1|3|2|25
3.216|0|3|2|25
0|1|1|3|25
0.982|0|1|3|25
0|1|3|3|25
3.216|0|3|3|25
0|1|5|3|25
3.216|0|5|3|25
0|1|8|4|25
3.216|0|8|4|25
0|1|9|4|25
2.25|0|9|4|25
0|1|1|5|25
3.216|0|1|5|25
0|1|1|0|26
3.216|0|1|0|26
0|1|3|0|26
3.216|0|3|0|26
0|1|3|2|26
2.25|0|3|2|26
0|1|5|2|26
3.216|0|5|2|26
0|1|0|3|26
3.216|0|0|3|26
0|1|10|3|26
2.25|0|10|3|26
0|1|2|3|26
0.788|0|2|3|26
0|1|7|3|26
0.982|0|7|3|26
0|1|0|4|26
0.788|0|0|4|26
0|1|10|4|26
3.701|0|10|4|26
0|1|5|4|26
0.788|0|5|4|26
0|1|6|4|26
3.216|0|6|4|26
0|1|8|4|26
0.788|0|8|4|26
0|1|0|5|26
3.216|0|0|5|26
0|1|2|5|26
0.982|0|2|5|26
0|1|3|5|26
3.216|0|3|5|26
0|1|4|5|26
3.701|0|4|5|26
0|1|6|5|26
0.788|0|6|5|26
0|1|8|5|26
2.25|0|8|5|26
0|1|2|0|27
3.216|0|2|0|27
0|1|0|1|27
2.25|0|0|1|27
0|1|7|1|27
0.982|0|7|1|27
0|1|0|2|27
0.788|0|0|2|27
0|1|2|3|27
3.216|0|2|3|27
0|1|0|4|27
3.216|0|0|4|27
0|1|1|4|27
0.788|0|1|4|27
0|1|3|4|27
0.788|0|3|4|27
0|1|4|4|27
2.25|0|4|4|27
0|1|0|5|27
0.788|0|0|5|27
0|1|1|5|27
0.788|0|1|5|27
0|1|2|5|27
2.25|0|2|5|27
0|1|4|5|27
3.216|0|4|5|27
0|1|6|5|27
3.216|0|6|5|27
0|1|7|5|27
0.788|0|7|5|27
0|1|9|5|27
3.701|0|9|5|27
0|1|1|6|27
3.701|0|1|6|27
0|1|2|6|27
3.216|0|2|6|27
0|1|6|6|27
3.216|0|6|6|27
0|1|0|7|27
0.788|0|0|7|27
0|1|2|7|27
3.216|0|2|7|27
0|1|3|7|27
0.788|0|3|7|27
0|1|5|7|27
3.216|0|5|7|27
0|1|2|8|27
2.25|0|2|8|27
0|1|3|8|27
3.216|0|3|8|27
0|1|1|9|27
3.216|0|1|9|27
0|1|2|9|27
3.216|0|2|9|27
0|1|6|9|27
3.701|0|6|9|27
0|1|10|0|28
3.216|0|10|0|28
0|1|2|0|28
3.701|0|2|0|28
0|1|4|0|28
2.25|0|4|0|28
0|1|5|0|28
3.701|0|5|0|28
0|1|7|0|28
2.25|0|7|0|28
0|1|8|0|28
3.216|0|8|0|28
0|1|0|1|28
0.788|0|0|1|28
0|1|1|1|28
3.216|0|1|1|28
0|1|2|1|28
3.701|0|2|1|28
0|1|5|1|28
3.216|0|5|1|28
0|1|6|1|28
0.788|0|6|1|28
0|1|7|1|28
3.216|0|7|1|28
0|1|3|10|28
0.788|0|3|10|28
0|1|4|10|28
3.216|0|4|10|28
0|1|0|11|28
3.216|0|0|11|28
0|1|3|11|28
3.216|0|3|11|28
0|1|6|12|28
3.701|0|6|12|28
0|1|0|13|28
2.25|0|0|13|28
0|1|2|13|28
0.788|0|2|13|28
0|1|3|13|28
0.982|0|3|13|28
0|1|5|13|28
3.216|0|5|13|28
0|1|6|13|28
3.216|0|6|13|28
0|1|0|14|28
0.982|0|0|14|28
0|1|1|14|28
3.216|0|1|14|28
0|1|4|14|28
3.216|0|4|14|28
0|1|3|15|28
2.25|0|3|15|28
0|1|7|15|28
2.25|0|7|15|28
0|1|9|15|28
0.788|0|9|15|28
0|1|1|16|28
0.982|0|1|16|28
0|1|2|16|28
0.982|0|2|16|28
0|1|4|16|28
3.216|0|4|16|28
0|1|1|17|28
3.216|0|1|17|28
0|1|2|17|28
3.701|0|2|17|28
0|1|0|2|28
0.982|0|0|2|28
0|1|2|2|28
3.216|0|2|2|28
0|1|3|2|28
3.701|0|3|2|28
0|1|5|2|28
2.25|0|5|2|28
0|1|0|3|28
0.982|0|0|3|28
0|1|2|3|28
0.982|0|2|3|28
0|1|4|3|28
0.788|0|4|3|28
0|1|0|4|28
3.216|0|0|4|28
0|1|13|4|28
2.25|0|13|4|28
0|1|6|4|28
0.982|0|6|4|28
0|1|8|4|28
3.216|0|8|4|28
0|1|1|5|28
0.788|0|1|5|28
0|1|3|5|28
3.216|0|3|5|28
0|1|0|6|28
0.788|0|0|6|28
0|1|2|6|28
2.25|0|2|6|28
0|1|5|6|28
2.25|0|5|6|28
0|1|7|6|28
3.701|0|7|6|28
0|1|8|6|28
0.982|0|8|6|28
0|1|1|7|28
3.216|0|1|7|28
0|1|2|7|28
3.216|0|2|7|28
0|1|3|7|28
3.216|0|3|7|28
0|1|1|8|28
2.25|0|1|8|28
0|1|0|9|28
2.25|0|0|9|28
0|1|13|9|28
0.788|0|13|9|28
0|1|3|9|28
0.982|0|3|9|28
0|1|4|9|28
3.216|0|4|9|28
0|1|6|9|28
0.788|0|6|9|28
0|1|7|9|28
0.982|0|7|9|28
0|1|8|9|28
0.788|0|8|9|28
0|1|11|0|29
3.701|0|11|0|29
0|1|12|0|29
3.216|0|12|0|29
0|1|13|0|29
0.982|0|13|0|29
0|1|2|0|29
0.982|0|2|0|29
0|1|3|0|29
3.216|0|3|0|29
0|1|4|0|29
3.216|0|4|0|29
0|1|6|0|29
0.982|0|6|0|29
0|1|8|0|29
2.25|0|8|0|29
0|1|9|0|29
3.701|0|9|0|29
0|1|1|1|29
0.982|0|1|1|29
0|1|1|2|29
2.25|0|1|2|29
0|1|1|0|3
3.216|0|1|0|3
0|1|12|0|3
3.216|0|12|0|3
0|1|5|0|3
0.982|0|5|0|3
0|1|1|1|3
3.701|0|1|1|3
0|1|2|1|3
3.701|0|2|1|3
0|1|3|1|3
2.25|0|3|1|3
0|1|5|1|3
3.216|0|5|1|3
0|1|0|2|3
3.216|0|0|2|3
0|1|4|2|3
3.701|0|4|2|3
0|1|5|2|3
3.701|0|5|2|3
0|1|0|3|3
3.216|0|0|3|3
0|1|4|3|3
2.25|0|4|3|3
0|1|6|3|3
3.216|0|6|3|3
0|1|7|3|3
3.701|0|7|3|3
0|1|9|3|3
3.216|0|9|3|3
0|1|1|0|30
3.216|0|1|0|30
0|1|2|0|30
3.216|0|2|0|30
0|1|3|0|30
3.216|0|3|0|30
0|1|1|1|30
3.216|0|1|1|30
0|1|2|1|30
0.788|0|2|1|30
0|1|3|1|30
0.788|0|3|1|30
0|1|0|0|31
3.216|0|0|0|31
0|1|1|0|31
0.788|0|1|0|31
0|1|3|0|31
3.216|0|3|0|31
0|1|6|0|31
0.788|0|6|0|31
0|1|1|0|32
3.216|0|1|0|32
0|1|2|0|32
0.982|0|2|0|32
0|1|5|0|32
3.216|0|5|0|32
0|1|9|0|32
0.788|0|9|0|32
0|1|0|11|32
0.982|0|0|11|32
0|1|1|11|32
0.982|0|1|11|32
0|1|2|11|32
3.216|0|2|11|32
0|1|3|11|32
0.788|0|3|11|32
0|1|4|11|32
0.788|0|4|11|32
0|1|6|11|32
3.216|0|6|11|32
0|1|0|12|32
2.25|0|0|12|32
0|1|4|12|32
3.216|0|4|12|32
0|1|5|12|32
3.216|0|5|12|32
0|1|6|12|32
0.788|0|6|12|32
0|1|7|12|32
3.216|0|7|12|32
0|1|0|13|32
0.788|0|0|13|32
0|1|1|13|32
2.25|0|1|13|32
0|1|10|13|32
3.701|0|10|13|32
0|1|11|13|32
0.982|0|11|13|32
0|1|12|13|32
3.216|0|12|13|32
0|1|4|13|32
3.216|0|4|13|32
0|1|5|13|32
3.216|0|5|13|32
0|1|0|2|32
0.788|0|0|2|32
0|1|4|2|32
0.788|0|4|2|32
0|1|5|2|32
2.25|0|5|2|32
0|1|6|2|32
0.788|0|6|2|32
0|1|0|3|32
2.25|0|0|3|32
0|1|1|4|32
0.788|0|1|4|32
0|1|10|4|32
0.982|0|10|4|32
0|1|11|4|32
3.216|0|11|4|32
0|1|12|4|32
3.216|0|12|4|32
0|1|13|4|32
3.216|0|13|4|32
0|1|4|4|32
0.788|0|4|4|32
0|1|5|4|32
2.25|0|5|4|32
0|1|6|4|32
0.982|0|6|4|32
0|1|8|4|32
3.701|0|8|4|32
0|1|9|4|32
3.216|0|9|4|32
0|1|0|5|32
3.216|0|0|5|32
0|1|1|5|32
2.25|0|1|5|32
0|1|12|5|32
0.788|0|12|5|32
0|1|13|5|32
0.982|0|13|5|32
0|1|3|5|32
3.216|0|3|5|32
0|1|4|5|32
3.701|0|4|5|32
0|1|6|5|32
0.982|0|6|5|32
0|1|8|5|32
3.216|0|8|5|32
0|1|9|5|32
3.701|0|9|5|32
0|1|0|6|32
3.701|0|0|6|32
0|1|1|6|32
3.216|0|1|6|32
0|1|2|6|32
3.701|0|2|6|32
0|1|4|6|32
2.25|0|4|6|32
0|1|8|6|32
3.216|0|8|6|32
0|1|2|7|32
3.216|0|2|7|32
0|1|7|7|32
3.216|0|7|7|32
0|1|5|9|32
3.701|0|5|9|32
0|1|1|0|33
3.216|0|1|0|33
0|1|0|1|33
3.216|0|0|1|33
0|1|13|1|33
3.701|0|13|1|33
0|1|7|1|33
2.25|0|7|1|33
0|1|9|1|33
0.788|0|9|1|33
0|1|0|10|33
3.216|0|0|10|33
0|1|2|10|33
3.701|0|2|10|33
0|1|3|10|33
0.982|0|3|10|33
0|1|4|10|33
0.788|0|4|10|33
0|1|2|11|33
3.216|0|2|11|33
0|1|4|11|33
2.25|0|4|11|33
0|1|6|11|33
3.216|0|6|11|33
0|1|0|2|33
2.25|0|0|2|33
0|1|1|2|33
0.788|0|1|2|33
0|1|2|2|33
3.216|0|2|2|33
0|1|4|2|33
0.788|0|4|2|33
0|1|5|2|33
3.701|0|5|2|33
0|1|4|3|33
2.25|0|4|3|33
0|1|0|4|33
0.982|0|0|4|33
0|1|10|4|33
2.25|0|10|4|33
0|1|4|4|33
3.216|0|4|4|33
0|1|7|4|33
3.216|0|7|4|33
0|1|8|4|33
0.788|0|8|4|33
0|1|0|5|33
0.788|0|0|5|33
0|1|4|5|33
0.982|0|4|5|33
0|1|7|5|33
0.788|0|7|5|33
0|1|0|6|33
3.216|0|0|6|33
0|1|1|6|33
0.982|0|1|6|33
0|1|2|7|33
0.982|0|2|7|33
0|1|6|7|33
3.216|0|6|7|33
0|1|1|8|33
0.788|0|1|8|33
0|1|3|8|33
2.25|0|3|8|33
0|1|4|8|33
3.216|0|4|8|33
0|1|6|8|33
3.701|0|6|8|33
0|1|3|9|33
0.982|0|3|9|33
0|1|8|9|33
3.216|0|8|9|33
0|1|0|0|34
3.701|0|0|0|34
0|1|3|0|34
0.982|0|3|0|34
0|1|0|1|34
3.216|0|0|1|34
0|1|0|2|34
0.982|0|0|2|34
0|1|1|3|34
3.701|0|1|3|34
0|1|1|4|34
0.982|0|1|4|34
0|1|2|5|34
3.216|0|2|5|34
0|1|10|0|35
0.788|0|10|0|35
0|1|12|0|35
2.25|0|12|0|35
0|1|2|0|35
0.982|0|2|0|35
0|1|3|0|35
2.25|0|3|0|35
0|1|4|0|35
0.788|0|4|0|35
0|1|5|0|35
0.788|0|5|0|35
0|1|6|0|35
0.982|0|6|0|35
0|1|0|1|35
0.788|0|0|1|35
0|1|3|1|35
2.25|0|3|1|35
0|1|1|2|35
0.788|0|1|2|35
0|1|10|2|35
2.25|0|10|2|35
0|1|11|2|35
2.25|0|11|2|35
0|1|12|2|35
0.982|0|12|2|35
0|1|2|2|35
0.788|0|2|2|35
0|1|3|2|35
3.701|0|3|2|35
0|1|7|2|35
2.25|0|7|2|35
0|1|1|3|35
3.701|0|1|3|35
0|1|2|3|35
3.216|0|2|3|35
0|1|2|0|36
3.701|0|2|0|36
0|1|5|0|36
0.788|0|5|0|36
0|1|9|0|36
3.216|0|9|0|36
0|1|0|1|36
3.216|0|0|1|36
0|1|1|1|36
0.982|0|1|1|36
0|1|10|1|36
0.788|0|10|1|36
0|1|11|1|36
3.701|0|11|1|36
0|1|2|1|36
0.982|0|2|1|36
0|1|3|1|36
0.788|0|3|1|36
0|1|7|1|36
0.982|0|7|1|36
0|1|3|2|36
0.788|0|3|2|36
0|1|4|2|36
0.982|0|4|2|36
0|1|6|2|36
0.982|0|6|2|36
0|1|1|3|36
3.216|0|1|3|36
0|1|2|3|36
3.701|0|2|3|36
0|1|3|3|36
2.25|0|3|3|36
0|1|0|4|36
3.216|0|0|4|36
0|1|0|5|36
3.216|0|0|5|36
0|1|1|5|36
0.982|0|1|5|36
0|1|7|5|36
0.788|0|7|5|36
0|1|8|5|36
0.788|0|8|5|36
0|1|0|6|36
2.25|0|0|6|36
0|1|2|6|36
3.701|0|2|6|36
0|1|3|6|36
0.788|0|3|6|36
0|1|6|6|36
2.25|0|6|6|36
0|1|8|6|36
0.788|0|8|6|36
0|1|2|0|37
3.701|0|2|0|37
0|1|3|1|37
0.788|0|3|1|37
0|1|1|2|37
2.25|0|1|2|37
0|1|13|2|37
3.216|0|13|2|37
0|1|3|2|37
2.25|0|3|2|37
0|1|4|2|37
3.216|0|4|2|37
0|1|6|2|37
3.701|0|6|2|37
0|1|7|2|37
0.788|0|7|2|37
0|1|1|3|37
2.25|0|1|3|37
0|1|0|4|37
2.25|0|0|4|37
0|1|2|4|37
0.788|0|2|4|37
0|1|7|4|37
3.701|0|7|4|37
0|1|8|4|37
3.216|0|8|4|37
0|1|11|5|37
3.216|0|11|5|37
0|1|12|5|37
3.216|0|12|5|37
0|1|2|5|37
0.982|0|2|5|37
0|1|3|5|37
3.701|0|3|5|37
0|1|4|5|37
0.788|0|4|5|37
0|1|6|5|37
3.216|0|6|5|37
0|1|8|5|37
3.216|0|8|5|37
0|1|9|5|37
3.701|0|9|5|37
0|1|0|6|37
3.701|0|0|6|37
0|1|3|6|37
0.982|0|3|6|37
0|1|5|6|37
3.701|0|5|6|37
0|1|6|6|37
3.216|0|6|6|37
0|1|7|6|37
0.982|0|7|6|37
0|1|10|7|37
2.25|0|10|7|37
0|1|2|7|37
0.788|0|2|7|37
0|1|3|7|37
0.982|0|3|7|37
0|1|4|7|37
2.25|0|4|7|37
0|1|5|7|37
3.216|0|5|7|37
0|1|7|7|37
3.701|0|7|7|37
0|1|1|0|38
0.982|0|1|0|38
0|1|0|1|38
3.216|0|0|1|38
0|1|1|1|38
3.216|0|1|1|38
0|1|0|10|38
3.216|0|0|10|38
0|1|2|10|38
2.25|0|2|10|38
0|1|3|10|38
2.25|0|3|10|38
0|1|0|2|38
2.25|0|0|2|38
0|1|1|2|38
3.701|0|1|2|38
0|1|2|2|38
3.216|0|2|2|38
0|1|2|3|38
0.982|0|2|3|38
0|1|1|4|38
2.25|0|1|4|38
0|1|1|5|38
0.788|0|1|5|38
0|1|1|6|38
3.701|0|1|6|38
0|1|2|6|38
3.216|0|2|6|38
0|1|1|7|38
3.216|0|1|7|38
0|1|0|8|38
3.701|0|0|8|38
0|1|1|9|38
3.216|0|1|9|38
0|1|3|9|38
3.701|0|3|9|38
0|1|4|9|38
0.788|0|4|9|38
0|1|5|9|38
3.216|0|5|9|38
0|1|1|0|39
3.701|0|1|0|39
0|1|2|0|39
3.216|0|2|0|39
0|1|4|0|39
0.982|0|4|0|39
0|1|0|1|39
2.25|0|0|1|39
0|1|2|1|39
2.25|0|2|1|39
0|1|3|1|39
0.982|0|3|1|39
0|1|4|1|39
0.788|0|4|1|39
0|1|5|1|39
0.982|0|5|1|39
0|1|6|1|39
3.701|0|6|1|39
0|1|7|1|39
2.25|0|7|1|39
0|1|0|10|39
0.982|0|0|10|39
0|1|1|10|39
0.982|0|1|10|39
0|1|0|11|39
3.701|0|0|11|39
0|1|6|11|39
3.216|0|6|11|39
0|1|7|11|39
3.216|0|7|11|39
0|1|8|11|39
0.788|0|8|11|39
0|1|9|11|39
3.701|0|9|11|39
0|1|0|12|39
3.216|0|0|12|39
0|1|3|12|39
3.216|0|3|12|39
0|1|0|13|39
3.216|0|0|13|39
0|1|10|13|39
2.25|0|10|13|39
0|1|11|13|39
2.25|0|11|13|39
0|1|12|13|39
3.701|0|12|13|39
0|1|13|13|39
0.788|0|13|13|39
0|1|2|13|39
3.701|0|2|13|39
0|1|3|13|39
0.982|0|3|13|39
0|1|4|13|39
0.982|0|4|13|39
0|1|5|13|39
3.701|0|5|13|39
0|1|6|13|39
3.701|0|6|13|39
0|1|9|13|39
3.216|0|9|13|39
0|1|0|14|39
3.216|0|0|14|39
0|1|2|14|39
0.982|0|2|14|39
0|1|3|14|39
3.216|0|3|14|39
0|1|4|14|39
2.25|0|4|14|39
0|1|5|14|39
0.788|0|5|14|39
0|1|6|14|39
2.25|0|6|14|39
0|1|3|2|39
0.982|0|3|2|39
0|1|7|2|39
3.216|0|7|2|39
0|1|0|3|39
0.788|0|0|3|39
0|1|1|3|39
2.25|0|1|3|39
0|1|2|3|39
3.216|0|2|3|39
0|1|0|4|39
3.216|0|0|4|39
0|1|2|4|39
2.25|0|2|4|39
0|1|0|5|39
3.216|0|0|5|39
0|1|1|5|39
0.788|0|1|5|39
0|1|3|5|39
3.216|0|3|5|39
0|1|4|5|39
0.788|0|4|5|39
0|1|5|5|39
3.216|0|5|5|39
0|1|7|5|39
3.216|0|7|5|39
0|1|0|6|39
0.788|0|0|6|39
0|1|1|6|39
0.788|0|1|6|39
0|1|4|6|39
3.216|0|4|6|39
0|1|8|6|39
3.216|0|8|6|39
0|1|4|7|39
3.216|0|4|7|39
0|1|7|7|39
2.25|0|7|7|39
0|1|0|8|39
2.25|0|0|8|39
0|1|11|8|39
0.788|0|11|8|39
0|1|12|8|39
0.788|0|12|8|39
0|1|2|8|39
3.216|0|2|8|39
0|1|3|8|39
0.788|0|3|8|39
0|1|5|8|39
0.788|0|5|8|39
0|1|7|8|39
0.788|0|7|8|39
0|1|8|8|39
2.25|0|8|8|39
0|1|9|8|39
2.25|0|9|8|39
0|1|0|0|4
0.788|0|0|0|4
0|1|10|0|4
3.216|0|10|0|4
0|1|2|0|4
0.982|0|2|0|4
0|1|4|0|4
3.701|0|4|0|4
0|1|2|1|4
0.788|0|2|1|4
0|1|3|1|4
3.216|0|3|1|4
0|1|0|10|4
3.216|0|0|10|4
0|1|1|10|4
0.982|0|1|10|4
0|1|4|10|4
3.216|0|4|10|4
0|1|5|10|4
0.788|0|5|10|4
0|1|3|11|4
0.982|0|3|11|4
0|1|1|12|4
0.788|0|1|12|4
0|1|11|12|4
0.788|0|11|12|4
0|1|2|12|4
0.788|0|2|12|4
0|1|5|12|4
0.982|0|5|12|4
0|1|6|12|4
0.788|0|6|12|4
0|1|8|12|4
3.216|0|8|12|4
0|1|9|12|4
3.216|0|9|12|4
0|1|1|13|4
3.216|0|1|13|4
0|1|2|13|4
0.788|0|2|13|4
0|1|4|13|4
0.788|0|4|13|4
0|1|6|13|4
2.25|0|6|13|4
0|1|3|3|4
0.982|0|3|3|4
0|1|12|4|4
2.25|0|12|4|4
0|1|2|4|4
2.25|0|2|4|4
0|1|4|4|4
3.216|0|4|4|4
0|1|5|4|4
3.701|0|5|4|4
0|1|6|4|4
0.982|0|6|4|4
0|1|7|4|4
3.216|0|7|4|4
0|1|0|5|4
0.788|0|0|5|4
0|1|6|5|4
0.982|0|6|5|4
0|1|7|5|4
3.701|0|7|5|4
0|1|8|5|4
3.701|0|8|5|4
0|1|10|7|4
0.788|0|10|7|4
0|1|11|7|4
2.25|0|11|7|4
0|1|12|7|4
0.788|0|12|7|4
0|1|13|7|4
3.216|0|13|7|4
0|1|2|7|4
3.216|0|2|7|4
0|1|6|7|4
3.216|0|6|7|4
0|1|7|7|4
3.216|0|7|7|4
0|1|8|7|4
3.701|0|8|7|4
0|1|1|8|4
3.701|0|1|8|4
0|1|4|8|4
3.216|0|4|8|4
0|1|1|9|4
2.25|0|1|9|4
0|1|2|9|4
3.701|0|2|9|4
0|1|4|9|4
3.216|0|4|9|4
0|1|6|9|4
0.982|0|6|9|4
0|1|0|0|5
3.216|0|0|0|5
0|1|1|0|5
2.25|0|1|0|5
0|1|2|0|5
2.25|0|2|0|5
0|1|4|0|5
2.25|0|4|0|5
0|1|0|1|5
2.25|0|0|1|5
0|1|1|1|5
2.25|0|1|1|5
0|1|3|1|5
3.216|0|3|1|5
0|1|6|1|5
0.982|0|6|1|5
0|1|3|0|6
3.701|0|3|0|6
0|1|0|1|6
2.25|0|0|1|6
0|1|1|1|6
3.701|0|1|1|6
0|1|3|1|6
3.701|0|3|1|6
0|1|4|1|6
2.25|0|4|1|6
0|1|6|1|6
0.982|0|6|1|6
0|1|8|1|6
0.982|0|8|1|6
0|1|0|2|6
3.216|0|0|2|6
0|1|1|2|6
0.982|0|1|2|6
0|1|3|3|6
3.216|0|3|3|6
0|1|4|3|6
0.982|0|4|3|6
0|1|5|3|6
3.216|0|5|3|6
0|1|6|3|6
0.788|0|6|3|6
0|1|7|3|6
3.216|0|7|3|6
0|1|0|0|7
0.982|0|0|0|7
0|1|1|0|7
2.25|0|1|0|7
0|1|2|0|7
3.216|0|2|0|7
0|1|3|0|7
3.216|0|3|0|7
0|1|0|1|7
0.982|0|0|1|7
0|1|0|10|7
3.216|0|0|10|7
0|1|10|10|7
3.216|0|10|10|7
0|1|4|10|7
0.788|0|4|10|7
0|1|5|10|7
3.216|0|5|10|7
0|1|6|10|7
3.216|0|6|10|7
0|1|7|10|7
0.982|0|7|10|7
0|1|8|10|7
2.25|0|8|10|7
0|1|9|10|7
2.25|0|9|10|7
0|1|0|2|7
0.788|0|0|2|7
0|1|2|2|7
3.216|0|2|2|7
0|1|4|2|7
3.701|0|4|2|7
0|1|6|2|7
3.701|0|6|2|7
0|1|7|2|7
3.216|0|7|2|7
0|1|8|2|7
3.701|0|8|2|7
0|1|6|3|7
3.216|0|6|3|7
0|1|9|3|7
3.701|0|9|3|7
0|1|0|4|7
0.982|0|0|4|7
0|1|1|4|7
0.982|0|1|4|7
0|1|0|5|7
0.788|0|0|5|7
0|1|1|7|7
3.701|0|1|7|7
0|1|3|7|7
0.982|0|3|7|7
0|1|7|7|7
3.701|0|7|7|7
0|1|8|7|7
0.788|0|8|7|7
0|1|0|8|7
0.982|0|0|8|7
0|1|2|9|7
0.982|0|2|9|7
0|1|3|9|7
3.216|0|3|9|7
0|1|4|9|7
3.216|0|4|9|7
0|1|5|9|7
3.216|0|5|9|7
0|1|6|9|7
0.982|0|6|9|7
0|1|6|0|8
2.25|0|6|0|8
0|1|7|0|8
0.788|0|7|0|8
0|1|1|1|8
2.25|0|1|1|8
0|1|8|1|8
2.25|0|8|1|8
0|1|1|2|8
2.25|0|1|2|8
0|1|2|2|8
3.216|0|2|2|8
0|1|5|2|8
3.216|0|5|2|8
0|1|6|2|8
3.216|0|6|2|8
0|1|1|3|8
3.216|0|1|3|8
0|1|0|4|8
3.216|0|0|4|8
0|1|1|0|9
3.216|0|1|0|9
0|1|10|0|9
3.701|0|10|0|9
0|1|11|0|9
3.701|0|11|0|9
0|1|13|0|9
0.982|0|13|0|9
0|1|3|0|9
0.788|0|3|0|9
0|1|4|0|9
2.25|0|4|0|9
0|1|6|0|9
0.788|0|6|0|9
0|1|7|0|9
0.788|0|7|0|9
0|1|8|0|9
3.216|0|8|0|9
0|1|0|1|9
2.25|0|0|1|9
0|1|2|1|9
0.788|0|2|1|9
0|1|7|1|9
0.788|0|7|1|9
0|1|8|1|9
2.25|0|8|1|9
0|1|2|2|9
3.216|0|2|2|9
0|1|3|2|9
2.25|0|3|2|9
0|1|5|2|9
2.25|0|5|2|9
0|1|4|3|9
0.982|0|4|3|9
22.841|1|11|0|0
68.451|0|11|0|0
20.08|1|11|0|0
68.451|0|11|0|0
9.863|1|2|0|0
11.721|0|2|0|0
4.211|1|5|0|0
35.086|0|5|0|0
2.969|1|6|0|0
35.086|0|6|0|0
21.914|1|7|0|0
68.451|0|7|0|0
23.367|1|7|0|0
68.451|0|7|0|0
20.767|1|0|1|0
11.721|0|0|1|0
41.024|1|2|1|0
68.451|0|2|1|0
40.647|1|2|1|0
68.451|0|2|1|0
174.881|1|3|1|0
173.86|0|3|1|0
18.822|1|4|1|0
11.721|0|4|1|0
19.615|1|5|1|0
35.086|0|5|1|0
309.344|1|1|10|0
173.861|0|1|10|0
11.79|1|2|10|0
35.086|0|2|10|0
20.559|1|2|11|0
68.451|0|2|11|0
21.867|1|2|11|0
68.451|0|2|11|0
9.774|1|0|12|0
35.086|0|0|12|0
190.155|1|0|13|0
173.86|0|0|13|0
151.893|1|1|13|0
173.86|0|1|13|0
0|1|10|13|0
0.161|0|10|13|0
15.638|1|11|13|0
11.721|0|11|13|0
378.415|1|3|13|0
173.862|0|3|13|0
20.415|1|5|13|0
11.721|0|5|13|0
5.622|1|7|13|0
35.086|0|7|13|0
0|1|0|2|0
0.161|0|0|2|0
273.179|1|2|2|0
173.861|0|2|2|0
0|1|3|2|0
0.161|0|3|2|0
6.747|1|5|2|0
35.086|0|5|2|0
41.591|1|0|3|0
68.451|0|0|3|0
44.512|1|0|3|0
68.451|0|0|3|0
171.924|1|1|3|0
173.861|0|1|3|0
15.058|1|3|3|0
11.721|0|3|3|0
293.535|1|0|6|0
173.861|0|0|6|0
5.412|1|10|6|0
35.086|0|10|6|0
30.649|1|11|6|0
11.721|0|11|6|0
12.011|1|2|6|0
11.721|0|2|6|0
76.424|1|4|6|0
68.452|0|4|6|0
76.869|1|4|6|0
68.452|0|4|6|0
5.173|1|5|6|0
11.721|0|5|6|0
341.724|1|0|7|0
173.862|0|0|7|0
17.898|1|6|7|0
68.451|0|6|7|0
20.888|1|6|7|0
68.451|0|6|7|0
30.703|1|7|7|0
11.721|0|7|7|0
9.035|1|0|8|0
11.721|0|0|8|0
9.627|1|4|8|0
35.086|0|4|8|0
0|1|8|8|0
0.161|0|8|8|0
46.518|1|9|8|0
68.451|0|9|8|0
43.033|1|9|8|0
68.451|0|9|8|0
0|1|0|9|0
0.161|0|0|9|0
12.021|1|1|9|0
35.086|0|1|9|0
0|1|12|9|0
0.161|0|12|9|0
0|1|3|9|0
0.161|0|3|9|0
0|1|5|9|0
0.161|0|5|9|0
0|1|6|9|0
0.161|0|6|9|0
162.402|1|7|9|0
173.86|0|7|9|0
376.059|1|8|9|0
173.862|0|8|9|0
4.948|1|1|0|1
35.086|0|1|0|1
424.821|1|0|2|1
173.863|0|0|2|1
12.381|1|3|2|1
35.086|0|3|2|1
17.512|1|4|2|1
11.721|0|4|2|1
231.053|1|5|2|1
173.861|0|5|2|1
0|1|0|0|10
0.161|0|0|0|10
0|1|3|0|10
0.161|0|3|0|10
27.693|1|5|0|10
11.721|0|5|0|10
0|1|6|0|10
0.161|0|6|0|10
16.913|1|7|0|10
11.721|0|7|0|10
57.308|1|2|2|10
68.452|0|2|2|10
53.957|1|2|2|10
68.452|0|2|2|10
326.469|1|3|2|10
173.862|0|3|2|10
246.599|1|4|4|10
173.861|0|4|4|10
3.365|1|7|4|10
35.086|0|7|4|10
12.649|1|2|0|11
11.721|0|2|0|11
18.9|1|5|0|11
11.721|0|5|0|11
29.397|1|7|0|11
68.451|0|7|0|11
27.205|1|7|0|11
68.451|0|7|0|11
15.472|1|3|1|11
11.721|0|3|1|11
8.34|1|1|2|11
35.086|0|1|2|11
18.73|1|4|2|11
11.721|0|4|2|11
47.609|1|6|2|11
68.451|0|6|2|11
48.953|1|6|2|11
68.451|0|6|2|11
175.762|1|7|2|11
173.86|0|7|2|11
199.225|1|9|2|11
173.861|0|9|2|11
4.021|1|0|3|11
35.086|0|0|3|11
19.664|1|0|4|11
35.086|0|0|4|11
13.938|1|0|5|11
11.721|0|0|5|11
8.102|1|1|5|11
35.086|0|1|5|11
10.327|1|0|0|12
11.721|0|0|0|12
27.586|1|1|0|12
11.721|0|1|0|12
235.234|1|2|0|12
173.861|0|2|0|12
0|1|3|1|12
0.161|0|3|1|12
7.976|1|11|2|12
35.086|0|11|2|12
5.408|1|2|2|12
35.086|0|2|2|12
0|1|3|2|12
0.161|0|3|2|12
45.994|1|4|2|12
68.451|0|4|2|12
48.74|1|4|2|12
68.451|0|4|2|12
3.874|1|6|2|12
35.086|0|6|2|12
12.832|1|0|3|12
35.086|0|0|3|12
3.985|1|1|3|12
35.086|0|1|3|12
19.319|1|4|3|12
11.721|0|4|3|12
50.102|1|1|0|13
68.451|0|1|0|13
47.539|1|1|0|13
68.451|0|1|0|13
0|1|11|1|13
0.161|0|11|1|13
0|1|13|1|13
0.161|0|13|1|13
227.147|1|2|1|13
173.861|0|2|1|13
541.962|1|7|1|13
173.864|0|7|1|13
7.911|1|1|10|14
35.086|0|1|10|14
86.861|1|3|10|14
173.86|0|3|10|14
29.469|1|5|10|14
11.721|0|5|10|14
5.776|1|8|10|14
35.086|0|8|10|14
0|1|9|10|14
0.161|0|9|10|14
10.087|1|0|11|14
11.721|0|0|11|14
4.975|1|0|12|14
35.086|0|0|12|14
13.052|1|10|12|14
11.721|0|10|12|14
10.758|1|11|12|14
11.721|0|11|12|14
7.221|1|13|12|14
35.086|0|13|12|14
311.045|1|4|12|14
173.862|0|4|12|14
6.12|1|5|12|14
35.086|0|5|12|14
195.543|1|7|12|14
173.861|0|7|12|14
453.257|1|1|13|14
173.863|0|1|13|14
17.698|1|3|13|14
11.721|0|3|13|14
7.093|1|10|14|14
11.721|0|10|14|14
0|1|11|14|14
0.161|0|11|14|14
78.977|1|3|14|14
68.452|0|3|14|14
78.977|1|3|14|14
68.452|0|3|14|14
75.176|1|4|14|14
68.452|0|4|14|14
76.452|1|4|14|14
68.452|0|4|14|14
14.56|1|6|14|14
35.086|0|6|14|14
0|1|9|14|14
0.161|0|9|14|14
176.684|1|1|15|14
173.86|0|1|15|14
35.364|1|5|15|14
68.451|0|5|15|14
32.345|1|5|15|14
68.451|0|5|15|14
26.919|1|6|15|14
68.451|0|6|15|14
24.769|1|6|15|14
68.451|0|6|15|14
7.331|1|7|15|14
35.086|0|7|15|14
13.014|1|9|15|14
11.721|0|9|15|14
0|1|1|16|14
0.161|0|1|16|14
13.886|1|3|16|14
11.721|0|3|16|14
0|1|0|17|14
0.161|0|0|17|14
4.098|1|1|2|14
35.086|0|1|2|14
0|1|3|2|14
0.161|0|3|2|14
6.321|1|0|3|14
35.086|0|0|3|14
63.357|1|4|3|14
68.452|0|4|3|14
64.592|1|4|3|14
68.452|0|4|3|14
317.88|1|5|3|14
173.862|0|5|3|14
127.83|1|1|4|14
173.86|0|1|4|14
23.866|1|1|5|14
68.451|0|1|5|14
21.042|1|1|5|14
68.451|0|1|5|14
0|1|3|5|14
0.161|0|3|5|14
219.712|1|5|5|14
173.861|0|5|5|14
10.577|1|10|6|14
35.086|0|10|6|14
43.754|1|12|6|14
68.451|0|12|6|14
39.939|1|12|6|14
68.451|0|12|6|14
45.303|1|3|6|14
68.451|0|3|6|14
46.377|1|3|6|14
68.451|0|3|6|14
22.58|1|9|6|14
11.721|0|9|6|14
31.798|1|3|7|14
11.721|0|3|7|14
121.396|1|1|8|14
173.86|0|1|8|14
0|1|2|8|14
0.161|0|2|8|14
73.529|1|3|8|14
68.452|0|3|8|14
72.559|1|3|8|14
68.452|0|3|8|14
53.138|1|0|9|14
68.451|0|0|9|14
54.828|1|0|9|14
68.451|0|0|9|14
28.6|1|11|9|14
68.451|0|11|9|14
30.346|1|11|9|14
68.451|0|11|9|14
24.853|1|12|9|14
11.721|0|12|9|14
4.447|1|13|9|14
35.086|0|13|9|14
21.793|1|3|9|14
11.721|0|3|9|14
27.032|1|4|9|14
11.721|0|4|9|14
7.746|1|8|9|14
35.086|0|8|9|14
295.524|1|0|0|15
173.861|0|0|0|15
0|1|11|0|15
0.161|0|11|0|15
0|1|2|0|15
0.161|0|2|0|15
3.363|1|6|0|15
35.086|0|6|0|15
67.738|1|7|0|15
68.452|0|7|0|15
62.412|1|7|0|15
68.452|0|7|0|15
107.659|1|11|2|15
173.86|0|11|2|15
4.76|1|9|2|15
35.086|0|9|2|15
0|1|2|3|15
0.161|0|2|3|15
51.064|1|3|3|15
68.451|0|3|3|15
52.251|1|3|3|15
68.451|0|3|3|15
4.958|1|0|0|16
35.086|0|0|0|16
12.086|1|1|0|16
35.086|0|1|0|16
3.108|1|10|0|16
35.086|0|10|0|16
67.474|1|13|0|16
68.452|0|13|0|16
65.968|1|13|0|16
68.452|0|13|0|16
4.851|1|3|0|16
35.086|0|3|0|16
35.181|1|7|0|16
68.451|0|7|0|16
39.237|1|7|0|16
68.451|0|7|0|16
0|1|1|1|16
0.161|0|1|1|16
4.934|1|7|1|16
35.086|0|7|1|16
27.027|1|2|10|16
11.721|0|2|10|16
351.112|1|3|10|16
173.862|0|3|10|16
7.438|1|4|10|16
35.086|0|4|10|16
59.688|1|8|10|16
68.452|0|8|10|16
60.374|1|8|10|16
68.452|0|8|10|16
62.012|1|9|10|16
68.452|0|9|10|16
61.458|1|9|10|16
68.452|0|9|10|16
40.336|1|0|3|16
68.451|0|0|3|16
39.618|1|0|3|16
68.451|0|0|3|16
4.103|1|2|3|16
35.086|0|2|3|16
414.516|1|1|4|16
173.862|0|1|4|16
145.701|1|3|4|16
173.86|0|3|4|16
0|1|4|4|16
0.161|0|4|4|16
39.911|1|1|5|16
11.721|0|1|5|16
23.478|1|3|6|16
68.451|0|3|6|16
24.115|1|3|6|16
68.451|0|3|6|16
199.6|1|4|6|16
173.861|0|4|6|16
23.293|1|2|7|16
68.451|0|2|7|16
19.988|1|2|7|16
68.451|0|2|7|16
20.475|1|3|7|16
11.721|0|3|7|16
0|1|0|8|16
0.161|0|0|8|16
3.487|1|1|8|16
35.086|0|1|8|16
328.47|1|5|8|16
173.862|0|5|8|16
0|1|6|8|16
0.161|0|6|8|16
127.204|1|1|9|16
173.86|0|1|9|16
11.868|1|2|9|16
11.721|0|2|9|16
3.616|1|2|0|17
35.086|0|2|0|17
40.009|1|0|1|17
68.451|0|0|1|17
40.76|1|0|1|17
68.451|0|0|1|17
11.824|1|3|1|17
11.721|0|3|1|17
233.402|1|4|1|17
173.861|0|4|1|17
11.987|1|2|2|17
35.086|0|2|2|17
222.035|1|0|3|17
173.861|0|0|3|17
499.877|1|0|0|18
173.863|0|0|0|18
9.682|1|4|0|18
11.721|0|4|0|18
65.47|1|3|1|18
68.452|0|3|1|18
62.542|1|3|1|18
68.452|0|3|1|18
38.819|1|0|2|18
68.451|0|0|2|18
40.617|1|0|2|18
68.451|0|0|2|18
7.177|1|5|2|18
11.721|0|5|2|18
29.705|1|5|3|18
68.451|0|5|3|18
30.348|1|5|3|18
68.451|0|5|3|18
12.289|1|8|3|18
11.721|0|8|3|18
46.964|1|2|4|18
68.451|0|2|4|18
47.882|1|2|4|18
68.451|0|2|4|18
26.602|1|3|4|18
11.721|0|3|4|18
383.129|1|8|4|18
173.862|0|8|4|18
0|1|2|0|19
0.161|0|2|0|19
21.463|1|13|0|2
11.721|0|13|0|2
0|1|2|0|2
0.161|0|2|0|2
0|1|7|0|2
0.161|0|7|0|2
24.449|1|1|1|2
11.721|0|1|1|2
52.345|1|0|2|2
68.451|0|0|2|2
53.732|1|0|2|2
68.451|0|0|2|2
0|1|2|2|2
0.161|0|2|2|2
176.993|1|3|2|2
173.861|0|3|2|2
236.546|1|4|2|2
173.861|0|4|2|2
157.129|1|5|2|2
173.86|0|5|2|2
37.473|1|7|2|2
68.451|0|7|2|2
38.967|1|7|2|2
68.451|0|7|2|2
23.292|1|1|3|2
68.451|0|1|3|2
20.871|1|1|3|2
68.451|0|1|3|2
0|1|0|4|2
0.161|0|0|4|2
72.932|1|1|4|2
68.452|0|1|4|2
73.404|1|1|4|2
68.452|0|1|4|2
3.517|1|0|5|2
35.086|0|0|5|2
155.652|1|3|5|2
173.86|0|3|5|2
25.36|1|4|5|2
11.721|0|4|5|2
17.025|1|7|5|2
35.086|0|7|5|2
0|1|0|0|20
0.161|0|0|0|20
451.161|1|3|0|20
173.863|0|3|0|20
7.405|1|6|0|20
35.086|0|6|0|20
92.896|1|7|0|20
173.86|0|7|0|20
0|1|0|1|20
0.161|0|0|1|20
6.213|1|2|1|20
11.721|0|2|1|20
23.245|1|3|1|20
68.451|0|3|1|20
22.915|1|3|1|20
68.451|0|3|1|20
261.085|1|3|2|20
173.861|0|3|2|20
297.525|1|0|4|20
173.861|0|0|4|20
24.368|1|10|4|20
68.451|0|10|4|20
25.183|1|10|4|20
68.451|0|10|4|20
251.252|1|3|4|20
173.861|0|3|4|20
345.512|1|4|4|20
173.862|0|4|4|20
0|1|5|4|20
0.161|0|5|4|20
12.377|1|6|4|20
35.086|0|6|4|20
217.031|1|7|4|20
173.861|0|7|4|20
311.903|1|9|4|20
173.862|0|9|4|20
114.506|1|1|5|20
173.86|0|1|5|20
147.293|1|6|5|20
68.452|0|6|5|20
148.47|1|6|5|20
68.452|0|6|5|20
67.626|1|1|6|20
68.452|0|1|6|20
67.626|1|1|6|20
68.452|0|1|6|20
12.338|1|2|6|20
35.086|0|2|6|20
76.236|1|4|6|20
68.452|0|4|6|20
77.891|1|4|6|20
68.452|0|4|6|20
0|1|5|6|20
0.161|0|5|6|20
34.712|1|6|6|20
68.451|0|6|6|20
33.071|1|6|6|20
68.451|0|6|6|20
33.644|1|3|7|20
68.451|0|3|7|20
30.371|1|3|7|20
68.451|0|3|7|20
0|1|6|7|20
0.161|0|6|7|20
19.066|1|1|0|21
68.451|0|1|0|21
20.349|1|1|0|21
68.451|0|1|0|21
29.573|1|2|0|21
68.451|0|2|0|21
32.193|1|2|0|21
68.451|0|2|0|21
0|1|0|10|21
0.161|0|0|10|21
6.882|1|10|10|21
11.721|0|10|10|21
10.972|1|13|10|21
35.086|0|13|10|21
31.702|1|4|10|21
68.451|0|4|10|21
29.229|1|4|10|21
68.451|0|4|10|21
9.148|1|6|10|21
35.086|0|6|10|21
0|1|7|10|21
0.161|0|7|10|21
29.305|1|8|10|21
11.721|0|8|10|21
19.009|1|9|10|21
11.721|0|9|10|21
350.995|1|4|11|21
173.862|0|4|11|21
242.194|1|8|11|21
173.861|0|8|11|21
8.308|1|6|12|21
11.721|0|6|12|21
18.406|1|10|13|21
11.721|0|10|13|21
0|1|8|13|21
0.161|0|8|13|21
191.639|1|3|2|21
173.861|0|3|2|21
4.275|1|10|3|21
35.086|0|10|3|21
17.384|1|11|3|21
11.721|0|11|3|21
0|1|2|3|21
0.161|0|2|3|21
20.531|1|3|3|21
11.721|0|3|3|21
29.629|1|7|3|21
68.451|0|7|3|21
32.126|1|7|3|21
68.451|0|7|3|21
55.242|1|1|4|21
68.451|0|1|4|21
55.242|1|1|4|21
68.451|0|1|4|21
0|1|10|4|21
0.161|0|10|4|21
0|1|11|4|21
0.161|0|11|4|21
0|1|2|4|21
0.161|0|2|4|21
8.296|1|6|4|21
35.086|0|6|4|21
37.293|1|9|4|21
68.451|0|9|4|21
35.375|1|9|4|21
68.451|0|9|4|21
0|1|3|5|21
0.161|0|3|5|21
11.043|1|11|6|21
35.086|0|11|6|21
69.576|1|12|6|21
68.452|0|12|6|21
72.323|1|12|6|21
68.452|0|12|6|21
65.355|1|13|6|21
68.452|0|13|6|21
64.902|1|13|6|21
68.452|0|13|6|21
0|1|2|6|21
0.161|0|2|6|21
16.296|1|3|6|21
11.721|0|3|6|21
33.879|1|5|6|21
68.451|0|5|6|21
34.706|1|5|6|21
68.451|0|5|6|21
35.751|1|8|6|21
11.721|0|8|6|21
10.156|1|9|6|21
11.721|0|9|6|21
0|1|4|7|21
0.161|0|4|7|21
63.126|1|0|8|21
68.452|0|0|8|21
60.723|1|0|8|21
68.452|0|0|8|21
0|1|5|8|21
0.161|0|5|8|21
13.384|1|0|9|21
11.721|0|0|9|21
47.894|1|4|9|21
68.451|0|4|9|21
51.056|1|4|9|21
68.451|0|4|9|21
6.473|1|8|9|21
11.721|0|8|9|21
36.38|1|2|0|22
68.451|0|2|0|22
36.863|1|2|0|22
68.451|0|2|0|22
13.292|1|5|0|22
11.721|0|5|0|22
3.019|1|10|2|22
35.086|0|10|2|22
54.656|1|13|2|22
68.452|0|13|2|22
58.106|1|13|2|22
68.452|0|13|2|22
9.416|1|4|2|22
11.721|0|4|2|22
19.428|1|6|2|22
11.721|0|6|2|22
19.84|1|0|3|22
68.451|0|0|3|22
18.317|1|0|3|22
68.451|0|0|3|22
0|1|2|3|22
0.161|0|2|3|22
21.053|1|3|3|22
68.451|0|3|3|22
20.175|1|3|3|22
68.451|0|3|3|22
12.63|1|1|1|23
11.721|0|1|1|23
5.375|1|2|1|23
35.086|0|2|1|23
0|1|4|1|23
0.161|0|4|1|23
7.882|1|6|1|23
35.086|0|6|1|23
4.3|1|0|2|23
35.086|0|0|2|23
228.109|1|2|2|23
173.861|0|2|2|23
292.481|1|3|2|23
173.861|0|3|2|23
7.27|1|2|3|23
35.086|0|2|3|23
7.171|1|4|3|23
35.086|0|4|3|23
5.929|1|10|0|24
35.086|0|10|0|24
63.124|1|11|0|24
68.452|0|11|0|24
64.693|1|11|0|24
68.452|0|11|0|24
10.339|1|13|0|24
35.086|0|13|0|24
6.673|1|4|0|24
11.721|0|4|0|24
26.804|1|8|0|24
68.451|0|8|0|24
24.527|1|8|0|24
68.451|0|8|0|24
12.525|1|9|0|24
11.721|0|9|0|24
7.104|1|0|1|24
35.086|0|0|1|24
7.759|1|2|1|24
35.086|0|2|1|24
6.097|1|0|3|24
35.086|0|0|3|24
185.825|1|10|3|24
173.86|0|10|3|24
203.205|1|11|3|24
173.861|0|11|3|24
13.421|1|3|3|24
11.721|0|3|3|24
45.997|1|5|3|24
68.451|0|5|3|24
44.77|1|5|3|24
68.451|0|5|3|24
31.363|1|1|4|24
68.451|0|1|4|24
30.425|1|1|4|24
68.451|0|1|4|24
240.143|1|2|4|24
173.861|0|2|4|24
7.931|1|1|5|24
35.086|0|1|5|24
0|1|2|5|24
0.161|0|2|5|24
0|1|0|6|24
0.161|0|0|6|24
38.8|1|1|6|24
68.451|0|1|6|24
38.8|1|1|6|24
68.451|0|1|6|24
32.904|1|2|6|24
68.451|0|2|6|24
34.826|1|2|6|24
68.451|0|2|6|24
12.728|1|3|6|24
35.086|0|3|6|24
48.648|1|1|7|24
68.451|0|1|7|24
47.244|1|1|7|24
68.451|0|1|7|24
190.752|1|2|7|24
173.861|0|2|7|24
399.061|1|5|0|25
173.862|0|5|0|25
40.88|1|7|0|25
68.451|0|7|0|25
43.159|1|7|0|25
68.451|0|7|0|25
3.013|1|8|0|25
35.086|0|8|0|25
4.124|1|6|1|25
35.086|0|6|1|25
8.872|1|0|3|25
35.086|0|0|3|25
0|1|4|3|25
0.161|0|4|3|25
331.007|1|0|4|25
173.862|0|0|4|25
0|1|3|4|25
0.161|0|3|4|25
253.722|1|4|4|25
173.861|0|4|4|25
41.632|1|5|4|25
68.451|0|5|4|25
40.68|1|5|4|25
68.451|0|5|4|25
14.539|1|7|4|25
35.086|0|7|4|25
7.717|1|0|5|25
11.721|0|0|5|25
0|1|0|0|26
0.161|0|0|0|26
6.18|1|4|0|26
35.086|0|4|0|26
212.172|1|3|1|26
173.861|0|3|1|26
0|1|1|2|26
0.161|0|1|2|26
7.431|1|4|2|26
35.086|0|4|2|26
6.065|1|6|2|26
11.721|0|6|2|26
144.279|1|1|3|26
173.86|0|1|3|26
12.409|1|3|3|26
11.721|0|3|3|26
9.943|1|5|3|26
35.086|0|5|3|26
279.616|1|6|3|26
173.861|0|6|3|26
34.433|1|11|4|26
68.451|0|11|4|26
33.129|1|11|4|26
68.451|0|11|4|26
115.001|1|12|4|26
68.452|0|12|4|26
114.942|1|12|4|26
68.452|0|12|4|26
0|1|2|4|26
0.161|0|2|4|26
0|1|4|4|26
0.161|0|4|4|26
16.83|1|7|4|26
11.721|0|7|4|26
112.713|1|9|4|26
173.86|0|9|4|26
0|1|1|5|26
0.161|0|1|5|26
39.026|1|7|5|26
68.451|0|7|5|26
38.056|1|7|5|26
68.451|0|7|5|26
12.217|1|0|0|27
35.086|0|0|0|27
0|1|1|0|27
0.161|0|1|0|27
21.422|1|1|1|27
11.721|0|1|1|27
0|1|2|1|27
0.161|0|2|1|27
49.969|1|4|1|27
68.451|0|4|1|27
55.158|1|4|1|27
68.451|0|4|1|27
0|1|5|1|27
0.161|0|5|1|27
0|1|2|2|27
0.161|0|2|2|27
12.74|1|0|3|27
11.721|0|0|3|27
2.951|1|1|3|27
35.086|0|1|3|27
0|1|2|4|27
0.161|0|2|4|27
0|1|3|5|27
0.161|0|3|5|27
464.505|1|5|5|27
173.863|0|5|5|27
0|1|4|6|27
0.161|0|4|6|27
32.669|1|1|7|27
68.451|0|1|7|27
33.637|1|1|7|27
68.451|0|1|7|27
15.18|1|4|7|27
11.721|0|4|7|27
11.803|1|6|7|27
35.086|0|6|7|27
0|1|0|8|27
0.161|0|0|8|27
201.009|1|0|9|27
173.861|0|0|9|27
15.98|1|3|9|27
35.086|0|3|9|27
5.855|1|4|9|27
35.086|0|4|9|27
4.936|1|5|9|27
35.086|0|5|9|27
18.47|1|0|0|28
11.721|0|0|0|28
3.799|1|1|0|28
35.086|0|1|0|28
220.367|1|6|0|28
173.861|0|6|0|28
0|1|4|1|28
0.161|0|4|1|28
236.156|1|1|10|28
173.861|0|1|10|28
7.792|1|2|10|28
11.721|0|2|10|28
281.54|1|6|10|28
173.861|0|6|10|28
8.79|1|0|12|28
11.721|0|0|12|28
10.686|1|1|12|28
35.086|0|1|12|28
25.597|1|2|12|28
68.451|0|2|12|28
27.213|1|2|12|28
68.451|0|2|12|28
4.483|1|3|12|28
35.086|0|3|12|28
280.317|1|5|12|28
173.861|0|5|12|28
36.704|1|4|13|28
68.451|0|4|13|28
39.412|1|4|13|28
68.451|0|4|13|28
173.278|1|3|14|28
173.861|0|3|14|28
5.969|1|5|14|28
35.086|0|5|14|28
0|1|6|14|28
0.161|0|6|14|28
29.079|1|0|15|28
68.451|0|0|15|28
24.468|1|0|15|28
68.451|0|0|15|28
7.83|1|1|15|28
35.086|0|1|15|28
192.159|1|2|15|28
173.861|0|2|15|28
19.227|1|4|15|28
11.721|0|4|15|28
5.442|1|5|15|28
35.086|0|5|15|28
25.28|1|0|16|28
11.721|0|0|16|28
0|1|5|16|28
0.161|0|5|16|28
37.01|1|0|17|28
68.451|0|0|17|28
37.941|1|0|17|28
68.451|0|0|17|28
44.349|1|3|17|28
68.451|0|3|17|28
47.838|1|3|17|28
68.451|0|3|17|28
13.204|1|1|2|28
11.721|0|1|2|28
6.938|1|4|2|28
11.721|0|4|2|28
384.951|1|6|2|28
173.862|0|6|2|28
8.354|1|1|3|28
35.086|0|1|3|28
21.059|1|5|3|28
68.451|0|5|3|28
17.964|1|5|3|28
68.451|0|5|3|28
9.721|1|6|3|28
11.721|0|6|3|28
485.92|1|1|4|28
173.863|0|1|4|28
36.383|1|10|4|28
68.451|0|10|4|28
31.999|1|10|4|28
68.451|0|10|4|28
469.704|1|12|4|28
173.863|0|12|4|28
2.787|1|4|4|28
35.086|0|4|4|28
52.916|1|5|4|28
68.451|0|5|4|28
51.594|1|5|4|28
68.451|0|5|4|28
0|1|0|5|28
0.161|0|0|5|28
10.374|1|2|5|28
11.721|0|2|5|28
17.131|1|4|5|28
11.721|0|4|5|28
0|1|1|6|28
0.161|0|1|6|28
27.19|1|3|6|28
11.721|0|3|6|28
6.937|1|4|6|28
11.721|0|4|6|28
9.889|1|6|6|28
35.086|0|6|6|28
146.253|1|9|6|28
173.86|0|9|6|28
47.191|1|4|7|28
68.451|0|4|7|28
47.407|1|4|7|28
68.451|0|4|7|28
526.892|1|10|9|28
173.863|0|10|9|28
0|1|11|9|28
0.161|0|11|9|28
0|1|12|9|28
0.161|0|12|9|28
234.492|1|9|9|28
173.861|0|9|9|28
6.242|1|1|0|29
11.721|0|1|0|29
7.823|1|5|0|29
11.721|0|5|0|29
245.562|1|0|1|29
173.861|0|0|1|29
155.388|1|2|1|29
173.86|0|2|1|29
15.69|1|0|2|29
11.721|0|0|2|29
15.644|1|2|2|29
11.721|0|2|2|29
0|1|11|0|3
0.161|0|11|0|3
15.721|1|13|0|3
35.086|0|13|0|3
33.387|1|4|0|3
68.451|0|4|0|3
33.132|1|4|0|3
68.451|0|4|0|3
0|1|7|0|3
0.161|0|7|0|3
0|1|8|0|3
0.161|0|8|0|3
498.436|1|9|0|3
173.863|0|9|0|3
376.892|1|0|1|3
173.862|0|0|1|3
8.762|1|4|1|3
11.721|0|4|1|3
29.639|1|3|2|3
68.451|0|3|2|3
28.674|1|3|2|3
68.451|0|3|2|3
33.4|1|10|3|3
68.451|0|10|3|3
35.607|1|10|3|3
68.451|0|10|3|3
32.477|1|11|3|3
68.451|0|11|3|3
30.623|1|11|3|3
68.451|0|11|3|3
0|1|13|3|3
0.161|0|13|3|3
5.313|1|2|3|3
35.086|0|2|3|3
18.823|1|3|3|3
11.721|0|3|3|3
90.555|1|0|0|30
68.452|0|0|0|30
88.775|1|0|0|30
68.452|0|0|0|30
40.875|1|2|0|31
68.451|0|2|0|31
42.261|1|2|0|31
68.451|0|2|0|31
0|1|4|0|31
0.161|0|4|0|31
25.885|1|0|0|32
11.721|0|0|0|32
18.256|1|3|0|32
35.086|0|3|0|32
0|1|4|0|32
0.161|0|4|0|32
415.476|1|6|0|32
173.862|0|6|0|32
39.529|1|7|0|32
68.451|0|7|0|32
43.863|1|7|0|32
68.451|0|7|0|32
29.652|1|0|10|32
11.721|0|0|10|32
0|1|1|10|32
0.161|0|1|10|32
5.571|1|3|12|32
11.721|0|3|12|32
0|1|8|12|32
0.161|0|8|12|32
0|1|2|13|32
0.161|0|2|13|32
81.144|1|3|13|32
68.452|0|3|13|32
81.079|1|3|13|32
68.452|0|3|13|32
20.149|1|7|13|32
68.451|0|7|13|32
19.364|1|7|13|32
68.451|0|7|13|32
7.258|1|8|13|32
35.086|0|8|13|32
20.502|1|1|2|32
68.451|0|1|2|32
20.303|1|1|2|32
68.451|0|1|2|32
556.815|1|2|2|32
173.864|0|2|2|32
106.787|1|2|3|32
173.86|0|2|3|32
12.75|1|0|4|32
35.086|0|0|4|32
297.544|1|7|4|32
173.862|0|7|4|32
39.875|1|11|5|32
68.451|0|11|5|32
37.161|1|11|5|32
68.451|0|11|5|32
0|1|5|5|32
0.161|0|5|5|32
9.117|1|6|6|32
11.721|0|6|6|32
86.756|1|9|6|32
68.452|0|9|6|32
85.598|1|9|6|32
68.452|0|9|6|32
511.335|1|0|7|32
173.863|0|0|7|32
59.834|1|3|7|32
68.452|0|3|7|32
57.759|1|3|7|32
68.452|0|3|7|32
21.857|1|4|7|32
11.721|0|4|7|32
7.961|1|8|7|32
35.086|0|8|7|32
607.049|1|1|8|32
173.864|0|1|8|32
8.868|1|2|9|32
35.086|0|2|9|32
21.576|1|0|0|33
68.451|0|0|0|33
21.055|1|0|0|33
68.451|0|0|0|33
15.651|1|1|1|33
11.721|0|1|1|33
515.612|1|10|1|33
173.863|0|10|1|33
4.822|1|11|1|33
35.086|0|11|1|33
55.975|1|12|1|33
68.451|0|12|1|33
50.772|1|12|1|33
68.451|0|12|1|33
90.274|1|3|1|33
68.452|0|3|1|33
92.469|1|3|1|33
68.452|0|3|1|33
11.498|1|5|1|33
11.721|0|5|1|33
213.922|1|6|1|33
173.861|0|6|1|33
26.29|1|8|1|33
68.451|0|8|1|33
27.631|1|8|1|33
68.451|0|8|1|33
187.503|1|1|10|33
173.861|0|1|10|33
17.876|1|6|10|33
68.451|0|6|10|33
20.008|1|6|10|33
68.451|0|6|10|33
187.023|1|0|11|33
173.86|0|0|11|33
9.781|1|1|11|33
11.721|0|1|11|33
21.684|1|3|11|33
11.721|0|3|11|33
450.994|1|5|11|33
173.863|0|5|11|33
16.211|1|0|3|33
35.086|0|0|3|33
31.811|1|1|3|33
68.451|0|1|3|33
33.158|1|1|3|33
68.451|0|1|3|33
12.59|1|3|3|33
11.721|0|3|3|33
186.29|1|5|3|33
173.861|0|5|3|33
0|1|2|4|33
0.161|0|2|4|33
11.781|1|3|4|33
11.721|0|3|4|33
4.79|1|1|5|33
35.086|0|1|5|33
39.054|1|2|5|33
68.451|0|2|5|33
37.355|1|2|5|33
68.451|0|2|5|33
7.525|1|0|7|33
35.086|0|0|7|33
8.691|1|3|7|33
11.721|0|3|7|33
32.832|1|5|8|33
68.451|0|5|8|33
34.308|1|5|8|33
68.451|0|5|8|33
0|1|7|8|33
0.161|0|7|8|33
15.933|1|0|9|33
11.721|0|0|9|33
4.312|1|1|9|33
35.086|0|1|9|33
90.407|1|2|9|33
68.452|0|2|9|33
90.407|1|2|9|33
68.452|0|2|9|33
401.049|1|5|9|33
173.862|0|5|9|33
11.326|1|7|9|33
11.721|0|7|9|33
23.412|1|9|9|33
11.721|0|9|9|33
31.441|1|2|0|34
68.451|0|2|0|34
34.82|1|2|0|34
68.451|0|2|0|34
4.607|1|1|1|34
35.086|0|1|1|34
29.193|1|1|2|34
11.721|0|1|2|34
99.912|1|2|2|34
68.452|0|2|2|34
102.925|1|2|2|34
68.452|0|2|2|34
10.315|1|3|2|34
11.721|0|3|2|34
23.693|1|4|2|34
68.451|0|4|2|34
19.601|1|4|2|34
68.451|0|4|2|34
18.288|1|0|3|34
35.086|0|0|3|34
34.845|1|3|5|34
68.451|0|3|5|34
34.256|1|3|5|34
68.451|0|3|5|34
0|1|4|5|34
0.161|0|4|5|34
10.333|1|0|0|35
35.086|0|0|0|35
10.872|1|1|0|35
11.721|0|1|0|35
21.705|1|11|0|35
68.451|0|11|0|35
25.537|1|11|0|35
68.451|0|11|0|35
11.63|1|13|0|35
35.086|0|13|0|35
0|1|8|0|35
0.161|0|8|0|35
15.15|1|4|2|35
11.721|0|4|2|35
2.955|1|5|2|35
35.086|0|5|2|35
4.104|1|6|2|35
35.086|0|6|2|35
5.528|1|8|2|35
35.086|0|8|2|35
177.294|1|9|2|35
173.86|0|9|2|35
11.641|1|0|3|35
11.721|0|0|3|35
5.746|1|0|0|36
35.086|0|0|0|36
0|1|10|0|36
0.161|0|10|0|36
0|1|4|0|36
0.161|0|4|0|36
0|1|7|0|36
0.161|0|7|0|36
14.702|1|8|0|36
35.086|0|8|0|36
78.203|1|5|1|36
68.452|0|5|1|36
76.59|1|5|1|36
68.452|0|5|1|36
0|1|9|1|36
0.161|0|9|1|36
0|1|2|2|36
0.161|0|2|2|36
9.64|1|7|2|36
35.086|0|7|2|36
154.132|1|1|4|36
173.86|0|1|4|36
19.651|1|2|5|36
11.721|0|2|5|36
0|1|9|5|36
0.161|0|9|5|36
7.214|1|1|6|36
11.721|0|1|6|36
0|1|4|6|36
0.161|0|4|6|36
5.182|1|3|0|37
35.086|0|3|0|37
10.262|1|4|0|37
35.086|0|4|0|37
5.959|1|0|1|37
35.086|0|0|1|37
29.691|1|10|2|37
68.451|0|10|2|37
28.924|1|10|2|37
68.451|0|10|2|37
14.758|1|11|2|37
11.721|0|11|2|37
0|1|5|2|37
0.161|0|5|2|37
0|1|9|2|37
0.161|0|9|2|37
0|1|2|3|37
0.161|0|2|3|37
38.669|1|1|4|37
68.451|0|1|4|37
41.606|1|1|4|37
68.451|0|1|4|37
147.968|1|4|4|37
173.86|0|4|4|37
19.951|1|5|4|37
68.451|0|5|4|37
20.798|1|5|4|37
68.451|0|5|4|37
268.336|1|9|4|37
173.861|0|9|4|37
251.119|1|10|5|37
173.861|0|10|5|37
12.049|1|13|5|37
11.721|0|13|5|37
0|1|5|5|37
0.161|0|5|5|37
18.052|1|7|5|37
11.721|0|7|5|37
17.901|1|2|6|37
68.451|0|2|6|37
17.485|1|2|6|37
68.451|0|2|6|37
280.683|1|1|7|37
173.861|0|1|7|37
3.442|1|6|7|37
35.086|0|6|7|37
185.186|1|8|7|37
173.86|0|8|7|37
48.558|1|9|7|37
68.451|0|9|7|37
43.918|1|9|7|37
68.451|0|9|7|37
10.016|1|0|8|37
11.721|0|0|8|37
11.411|1|1|8|37
11.721|0|1|8|37
9.756|1|2|8|37
11.721|0|2|8|37
37.732|1|0|0|38
68.451|0|0|0|38
38.882|1|0|0|38
68.451|0|0|0|38
26.871|1|1|10|38
68.451|0|1|10|38
24.24|1|1|10|38
68.451|0|1|10|38
80.89|1|4|2|38
68.452|0|4|2|38
77.391|1|4|2|38
68.452|0|4|2|38
0|1|5|2|38
0.161|0|5|2|38
0|1|0|3|38
0.161|0|0|3|38
52.624|1|1|3|38
68.451|0|1|3|38
53.205|1|1|3|38
68.451|0|1|3|38
11.191|1|3|3|38
35.086|0|3|3|38
0|1|4|3|38
0.161|0|4|3|38
0|1|0|4|38
0.161|0|0|4|38
0|1|3|4|38
0.161|0|3|4|38
8.815|1|4|4|38
35.086|0|4|4|38
0|1|0|5|38
0.161|0|0|5|38
6.361|1|2|5|38
35.086|0|2|5|38
10.454|1|0|6|38
11.721|0|0|6|38
6.686|1|1|8|38
35.086|0|1|8|38
24.429|1|0|9|38
68.451|0|0|9|38
25.488|1|0|9|38
68.451|0|0|9|38
298.636|1|2|9|38
173.861|0|2|9|38
22.966|1|1|1|39
68.451|0|1|1|39
23.66|1|1|1|39
68.451|0|1|1|39
7.662|1|2|10|39
35.086|0|2|10|39
51.28|1|1|11|39
68.451|0|1|11|39
50.883|1|1|11|39
68.451|0|1|11|39
21.394|1|11|11|39
68.451|0|11|11|39
21.586|1|11|11|39
68.451|0|11|11|39
45.611|1|13|11|39
68.451|0|13|11|39
44.615|1|13|11|39
68.451|0|13|11|39
0|1|2|11|39
0.161|0|2|11|39
9.161|1|3|11|39
11.721|0|3|11|39
11.922|1|4|11|39
11.721|0|4|11|39
21.381|1|1|12|39
68.451|0|1|12|39
19.868|1|1|12|39
68.451|0|1|12|39
12.466|1|4|12|39
11.721|0|4|12|39
397.789|1|1|13|39
173.862|0|1|13|39
9.853|1|8|14|39
35.086|0|8|14|39
14.579|1|0|2|39
11.721|0|0|2|39
7.048|1|2|2|39
35.086|0|2|2|39
24.008|1|5|2|39
68.451|0|5|2|39
24.809|1|5|2|39
68.451|0|5|2|39
323.3|1|6|2|39
173.862|0|6|2|39
10.812|1|8|2|39
35.086|0|8|2|39
10.136|1|9|2|39
11.721|0|9|2|39
43.745|1|3|4|39
68.451|0|3|4|39
47.345|1|3|4|39
68.451|0|3|4|39
25.222|1|2|5|39
68.451|0|2|5|39
23.246|1|2|5|39
68.451|0|2|5|39
44.648|1|3|6|39
68.451|0|3|6|39
43.171|1|3|6|39
68.451|0|3|6|39
406.903|1|6|6|39
173.863|0|6|6|39
6.354|1|7|6|39
35.086|0|7|6|39
69.08|1|1|7|39
68.452|0|1|7|39
65.986|1|1|7|39
68.452|0|1|7|39
0|1|5|7|39
0.161|0|5|7|39
0|1|6|7|39
0.161|0|6|7|39
8.865|1|8|7|39
35.086|0|8|7|39
7.6|1|10|8|39
35.086|0|10|8|39
12.84|1|13|8|39
35.086|0|13|8|39
3.871|1|4|8|39
35.086|0|4|8|39
0|1|6|8|39
0.161|0|6|8|39
0|1|1|9|39
0.161|0|1|9|39
0|1|5|0|4
0.161|0|5|0|4
11.018|1|7|0|4
35.086|0|7|0|4
10.34|1|8|0|4
35.086|0|8|0|4
77.647|1|0|1|4
68.452|0|0|1|4
78.82|1|0|1|4
68.452|0|0|1|4
43.539|1|1|1|4
68.451|0|1|1|4
46.993|1|1|1|4
68.451|0|1|1|4
0|1|2|10|4
0.161|0|2|10|4
0|1|3|10|4
0.161|0|3|10|4
194.15|1|0|11|4
173.861|0|0|11|4
0|1|1|11|4
0.161|0|1|11|4
47.647|1|2|11|4
68.451|0|2|11|4
45.761|1|2|11|4
68.451|0|2|11|4
25.481|1|0|12|4
68.451|0|0|12|4
22.885|1|0|12|4
68.451|0|0|12|4
35.191|1|12|12|4
68.451|0|12|12|4
37.013|1|12|12|4
68.451|0|12|12|4
19.48|1|4|12|4
11.721|0|4|12|4
21.352|1|7|12|4
11.721|0|7|12|4
231.532|1|10|13|4
173.861|0|10|13|4
93.704|1|13|13|4
173.86|0|13|13|4
0|1|3|13|4
0.161|0|3|13|4
17.528|1|5|13|4
68.451|0|5|13|4
18.257|1|5|13|4
68.451|0|5|13|4
5.361|1|8|13|4
35.086|0|8|13|4
14.206|1|9|13|4
11.721|0|9|13|4
0|1|0|2|4
0.161|0|0|2|4
20.101|1|2|2|4
11.721|0|2|2|4
3.557|1|0|3|4
35.086|0|0|3|4
28.621|1|1|3|4
11.721|0|1|3|4
32.895|1|2|3|4
68.451|0|2|3|4
31.126|1|2|3|4
68.451|0|2|3|4
61.207|1|4|3|4
68.452|0|4|3|4
63.194|1|4|3|4
68.452|0|4|3|4
0|1|5|3|4
0.161|0|5|3|4
0|1|0|4|4
0.161|0|0|4|4
24.652|1|1|4|4
11.721|0|1|4|4
51.079|1|10|4|4
68.451|0|10|4|4
51.006|1|10|4|4
68.451|0|10|4|4
188.362|1|3|4|4
173.861|0|3|4|4
56.16|1|9|4|4
68.452|0|9|4|4
55.329|1|9|4|4
68.452|0|9|4|4
0|1|1|5|4
0.161|0|1|5|4
81.318|1|4|5|4
68.452|0|4|5|4
83.935|1|4|5|4
68.452|0|4|5|4
6.532|1|5|5|4
35.086|0|5|5|4
4.455|1|0|6|4
35.086|0|0|6|4
53.704|1|0|7|4
68.452|0|0|7|4
56.265|1|0|7|4
68.452|0|0|7|4
464.669|1|1|7|4
173.863|0|1|7|4
21.381|1|3|7|4
68.451|0|3|7|4
22.851|1|3|7|4
68.451|0|3|7|4
44.914|1|5|7|4
68.451|0|5|7|4
44.431|1|5|7|4
68.451|0|5|7|4
0|1|2|8|4
0.161|0|2|8|4
31.438|1|3|9|4
11.721|0|3|9|4
12.621|1|5|9|4
11.721|0|5|9|4
14.269|1|3|0|5
11.721|0|3|0|5
39.184|1|5|1|5
68.451|0|5|1|5
43.703|1|5|1|5
68.451|0|5|1|5
201.612|1|4|0|6
173.861|0|4|0|6
32.659|1|2|1|6
68.451|0|2|1|6
33.389|1|2|1|6
68.451|0|2|1|6
19.487|1|2|2|6
11.721|0|2|2|6
3.068|1|3|2|6
35.086|0|3|2|6
646.141|1|1|3|6
173.864|0|1|3|6
0|1|2|3|6
0.161|0|2|3|6
0|1|8|3|6
0.161|0|8|3|6
27.174|1|5|0|7
68.451|0|5|0|7
29.459|1|5|0|7
68.451|0|5|0|7
0|1|6|0|7
0.161|0|6|0|7
0|1|1|1|7
0.161|0|1|1|7
113.902|1|1|10|7
173.86|0|1|10|7
8.514|1|3|10|7
35.086|0|3|10|7
11.166|1|1|2|7
11.721|0|1|2|7
6.489|1|10|2|7
11.721|0|10|2|7
16.727|1|9|2|7
35.086|0|9|2|7
0|1|0|3|7
0.161|0|0|3|7
0|1|2|3|7
0.161|0|2|3|7
61.593|1|3|3|7
68.452|0|3|3|7
62.817|1|3|3|7
68.452|0|3|3|7
36.677|1|5|3|7
68.451|0|5|3|7
37.111|1|5|3|7
68.451|0|5|3|7
138.813|1|3|4|7
173.86|0|3|4|7
279.037|1|4|4|7
173.861|0|4|4|7
338.254|1|1|6|7
173.862|0|1|6|7
381.995|1|10|7|7
173.862|0|10|7|7
12.181|1|2|7|7
11.721|0|2|7|7
56.04|1|4|7|7
68.452|0|4|7|7
54.184|1|4|7|7
68.452|0|4|7|7
0|1|5|7|7
0.161|0|5|7|7
13.854|1|6|7|7
35.086|0|6|7|7
47.443|1|1|8|7
68.451|0|1|8|7
47.92|1|1|8|7
68.451|0|1|8|7
20.129|1|2|8|7
68.451|0|2|8|7
20.458|1|2|8|7
68.451|0|2|8|7
6.452|1|3|8|7
35.086|0|3|8|7
16.716|1|4|8|7
11.721|0|4|8|7
0|1|0|9|7
0.161|0|0|9|7
0|1|1|9|7
0.161|0|1|9|7
13.435|1|0|0|8
11.721|0|0|0|8
12.612|1|1|0|8
35.086|0|1|0|8
41.912|1|3|0|8
68.451|0|3|0|8
41.027|1|3|0|8
68.451|0|3|0|8
9.925|1|4|0|8
35.086|0|4|0|8
34.094|1|3|1|8
68.451|0|3|1|8
34.45|1|3|1|8
68.451|0|3|1|8
0|1|4|1|8
0.161|0|4|1|8
49.715|1|5|1|8
68.451|0|5|1|8
45.363|1|5|1|8
68.451|0|5|1|8
12.333|1|6|1|8
11.721|0|6|1|8
13.92|1|7|1|8
35.086|0|7|1|8
240.096|1|3|2|8
173.861|0|3|2|8
17.81|1|0|3|8
11.721|0|0|3|8
15.573|1|2|3|8
35.086|0|2|3|8
60.754|1|1|4|8
68.452|0|1|4|8
62.706|1|1|4|8
68.452|0|1|4|8
0|1|0|0|9
0.161|0|0|0|9
0|1|2|0|9
0.161|0|2|0|9
14.48|1|9|0|9
11.721|0|9|0|9
7.072|1|3|1|9
11.721|0|3|1|9
28.179|1|4|1|9
68.451|0|4|1|9
25.85|1|4|1|9
68.451|0|4|1|9
0|1|6|1|9
0.161|0|6|1|9
165.861|1|9|1|9
173.86|0|9|1|9
8.33|1|1|2|9
35.086|0|1|2|9
17.912|1|4|2|9
35.086|0|4|2|9
13.994|1|0|3|9
11.721|0|0|3|9
3.01|1|1|3|9
35.086|0|1|3|9
30.757|1|2|3|9
11.721|0|2|3|9
15.658|1|5|3|9
11.721|0|5|3|9
0|1|3|0|0
0.355|0|3|0|0
0|1|9|0|0
3.701|0|9|0|0
0|1|1|1|0
3.216|0|1|1|0
0|1|10|1|0
0.788|0|10|1|0
0|1|11|1|0
2.25|0|11|1|0
0|1|12|1|0
0.788|0|12|1|0
0|1|6|1|0
3.216|0|6|1|0
0|1|0|10|0
3.216|0|0|10|0
0|1|0|11|0
0.788|0|0|11|0
0|1|1|12|0
3.216|0|1|12|0
0|1|4|12|0
0.788|0|4|12|0
0|1|2|13|0
3.701|0|2|13|0
0|1|4|13|0
0.355|0|4|13|0
0|1|6|13|0
2.25|0|6|13|0
0|1|8|13|0
2.25|0|8|13|0
0|1|9|13|0
3.216|0|9|13|0
0|1|1|2|0
3.216|0|1|2|0
0|1|4|2|0
3.701|0|4|2|0
0|1|6|2|0
3.216|0|6|2|0
0|1|0|4|0
0.788|0|0|4|0
0|1|1|4|0
2.25|0|1|4|0
0|1|2|4|0
0.788|0|2|4|0
0|1|0|5|0
3.701|0|0|5|0
0|1|1|5|0
3.701|0|1|5|0
0|1|2|5|0
0.788|0|2|5|0
0|1|1|6|0
0.355|0|1|6|0
0|1|12|6|0
3.216|0|12|6|0
0|1|3|6|0
2.25|0|3|6|0
0|1|8|6|0
0.355|0|8|6|0
0|1|9|6|0
0.788|0|9|6|0
0|1|1|7|0
3.701|0|1|7|0
0|1|2|7|0
3.701|0|2|7|0
0|1|4|7|0
3.701|0|4|7|0
0|1|8|7|0
3.216|0|8|7|0
0|1|2|8|0
0.355|0|2|8|0
0|1|3|8|0
0.788|0|3|8|0
0|1|5|8|0
0.355|0|5|8|0
0|1|10|9|0
3.216|0|10|9|0
0|1|2|9|0
0.355|0|2|9|0
0|1|4|9|0
0.788|0|4|9|0
0|1|9|9|0
3.216|0|9|9|0
0|1|1|1|1
0.355|0|1|1|1
0|1|2|1|1
3.216|0|2|1|1
0|1|1|2|1
0.355|0|1|2|1
0|1|1|0|10
3.216|0|1|0|10
0|1|4|0|10
3.216|0|4|0|10
0|1|8|0|10
0.788|0|8|0|10
0|1|1|1|10
3.701|0|1|1|10
0|1|2|1|10
3.216|0|2|1|10
0|1|0|2|10
3.216|0|0|2|10
0|1|3|3|10
3.216|0|3|3|10
0|1|1|4|10
0.788|0|1|4|10
0|1|5|4|10
3.216|0|5|4|10
0|1|6|4|10
2.25|0|6|4|10
0|1|0|0|11
2.25|0|0|0|11
0|1|10|0|11
3.216|0|10|0|11
0|1|11|0|11
3.216|0|11|0|11
0|1|13|0|11
3.216|0|13|0|11
0|1|3|0|11
3.216|0|3|0|11
0|1|4|0|11
3.216|0|4|0|11
0|1|6|0|11
3.216|0|6|0|11
0|1|8|0|11
0.788|0|8|0|11
0|1|9|0|11
2.25|0|9|0|11
0|1|0|1|11
0.355|0|0|1|11
0|1|1|1|11
2.25|0|1|1|11
0|1|2|1|11
3.216|0|2|1|11
0|1|0|2|11
2.25|0|0|2|11
0|1|8|2|11
3.216|0|8|2|11
0|1|1|4|11
2.25|0|1|4|11
0|1|3|5|11
0.355|0|3|5|11
0|1|4|5|11
0.788|0|4|5|11
0|1|3|0|12
3.701|0|3|0|12
0|1|0|1|12
3.216|0|0|1|12
0|1|1|1|12
0.355|0|1|1|12
0|1|2|1|12
3.216|0|2|1|12
0|1|0|2|12
0.355|0|0|2|12
0|1|1|2|12
3.216|0|1|2|12
0|1|10|2|12
0.355|0|10|2|12
0|1|13|2|12
3.216|0|13|2|12
0|1|5|2|12
3.216|0|5|2|12
0|1|9|2|12
3.701|0|9|2|12
0|1|5|3|12
3.701|0|5|3|12
0|1|6|3|12
0.788|0|6|3|12
0|1|0|0|13
0.788|0|0|0|13
0|1|0|1|13
3.216|0|0|1|13
0|1|10|1|13
2.25|0|10|1|13
0|1|3|1|13
3.701|0|3|1|13
0|1|5|1|13
0.788|0|5|1|13
0|1|8|1|13
0.788|0|8|1|13
0|1|9|1|13
0.355|0|9|1|13
0|1|0|0|14
2.25|0|0|0|14
0|1|1|0|14
3.701|0|1|0|14
0|1|0|1|14
3.701|0|0|1|14
0|1|1|1|14
2.25|0|1|1|14
0|1|2|1|14
3.216|0|2|1|14
0|1|0|10|14
3.216|0|0|10|14
0|1|2|10|14
3.701|0|2|10|14
0|1|4|10|14
0.788|0|4|10|14
0|1|6|10|14
2.25|0|6|10|14
0|1|7|10|14
3.701|0|7|10|14
0|1|2|11|14
3.216|0|2|11|14
0|1|1|12|14
3.216|0|1|12|14
0|1|2|12|14
3.701|0|2|12|14
0|1|3|12|14
3.216|0|3|12|14
0|1|8|12|14
3.701|0|8|12|14
0|1|9|12|14
0.788|0|9|12|14
0|1|0|13|14
0.788|0|0|13|14
0|1|2|13|14
2.25|0|2|13|14
0|1|4|13|14
3.216|0|4|13|14
0|1|2|14|14
2.25|0|2|14|14
0|1|5|14|14
3.216|0|5|14|14
0|1|0|15|14
0.355|0|0|15|14
0|1|2|15|14
3.216|0|2|15|14
0|1|8|15|14
2.25|0|8|15|14
0|1|0|16|14
2.25|0|0|16|14
0|1|2|16|14
2.25|0|2|16|14
0|1|4|2|14
0.788|0|4|2|14
0|1|2|3|14
3.701|0|2|3|14
0|1|3|3|14
2.25|0|3|3|14
0|1|0|4|14
3.216|0|0|4|14
0|1|0|5|14
3.216|0|0|5|14
0|1|2|5|14
2.25|0|2|5|14
0|1|4|5|14
2.25|0|4|5|14
0|1|1|6|14
3.216|0|1|6|14
0|1|2|6|14
3.216|0|2|6|14
0|1|4|6|14
3.216|0|4|6|14
0|1|5|6|14
0.788|0|5|6|14
0|1|6|6|14
3.216|0|6|6|14
0|1|7|6|14
0.355|0|7|6|14
0|1|2|7|14
0.788|0|2|7|14
0|1|4|7|14
3.216|0|4|7|14
0|1|0|8|14
3.216|0|0|8|14
0|1|1|9|14
3.216|0|1|9|14
0|1|10|9|14
2.25|0|10|9|14
0|1|2|9|14
3.216|0|2|9|14
0|1|5|9|14
3.701|0|5|9|14
0|1|6|9|14
0.355|0|6|9|14
0|1|9|9|14
3.216|0|9|9|14
0|1|10|0|15
0.355|0|10|0|15
0|1|12|0|15
3.216|0|12|0|15
0|1|13|0|15
3.701|0|13|0|15
0|1|4|0|15
3.216|0|4|0|15
0|1|8|0|15
3.216|0|8|0|15
0|1|9|0|15
0.788|0|9|0|15
0|1|0|1|15
3.216|0|0|1|15
0|1|3|1|15
0.355|0|3|1|15
0|1|1|2|15
2.25|0|1|2|15
0|1|13|2|15
3.216|0|13|2|15
0|1|2|2|15
2.25|0|2|2|15
0|1|3|2|15
2.25|0|3|2|15
0|1|4|2|15
3.701|0|4|2|15
0|1|6|2|15
3.701|0|6|2|15
0|1|7|2|15
2.25|0|7|2|15
0|1|8|2|15
3.216|0|8|2|15
0|1|0|3|15
0.355|0|0|3|15
0|1|1|3|15
2.25|0|1|3|15
0|1|4|3|15
3.216|0|4|3|15
0|1|5|3|15
0.355|0|5|3|15
0|1|6|3|15
0.788|0|6|3|15
0|1|11|0|16
3.701|0|11|0|16
0|1|12|0|16
0.788|0|12|0|16
0|1|6|0|16
3.216|0|6|0|16
0|1|9|0|16
0.355|0|9|0|16
0|1|0|1|16
0.788|0|0|1|16
0|1|3|1|16
0.788|0|3|1|16
0|1|4|1|16
3.216|0|4|1|16
0|1|8|1|16
2.25|0|8|1|16
0|1|9|1|16
3.701|0|9|1|16
0|1|0|10|16
3.701|0|0|10|16
0|1|6|10|16
3.216|0|6|10|16
0|1|7|10|16
2.25|0|7|10|16
0|1|0|2|16
0.788|0|0|2|16
0|1|1|2|16
3.216|0|1|2|16
0|1|2|2|16
3.216|0|2|2|16
0|1|3|2|16
3.216|0|3|2|16
0|1|0|4|16
0.788|0|0|4|16
0|1|2|4|16
0.355|0|2|4|16
0|1|5|4|16
3.216|0|5|4|16
0|1|6|4|16
3.216|0|6|4|16
0|1|0|5|16
0.355|0|0|5|16
0|1|2|5|16
2.25|0|2|5|16
0|1|3|5|16
3.216|0|3|5|16
0|1|4|5|16
3.701|0|4|5|16
0|1|6|5|16
3.701|0|6|5|16
0|1|0|6|16
3.216|0|0|6|16
0|1|1|6|16
0.355|0|1|6|16
0|1|2|6|16
3.701|0|2|6|16
0|1|0|7|16
3.701|0|0|7|16
0|1|1|7|16
3.216|0|1|7|16
0|1|11|8|16
0.355|0|11|8|16
0|1|12|8|16
3.216|0|12|8|16
0|1|13|8|16
3.216|0|13|8|16
0|1|2|8|16
3.216|0|2|8|16
0|1|3|8|16
2.25|0|3|8|16
0|1|4|8|16
2.25|0|4|8|16
0|1|7|8|16
0.355|0|7|8|16
0|1|8|8|16
3.701|0|8|8|16
0|1|9|8|16
3.216|0|9|8|16
0|1|3|9|16
0.355|0|3|9|16
0|1|4|9|16
3.216|0|4|9|16
0|1|5|9|16
0.788|0|5|9|16
0|1|0|0|17
0.788|0|0|0|17
0|1|1|0|17
0.788|0|1|0|17
0|1|4|0|17
3.216|0|4|0|17
0|1|1|1|17
2.25|0|1|1|17
0|1|6|1|17
3.701|0|6|1|17
0|1|7|1|17
3.216|0|7|1|17
0|1|8|1|17
0.355|0|8|1|17
0|1|0|2|17
0.355|0|0|2|17
0|1|1|2|17
0.355|0|1|2|17
0|1|1|3|17
0.355|0|1|3|17
0|1|1|0|18
3.216|0|1|0|18
0|1|2|0|18
2.25|0|2|0|18
0|1|0|1|18
0.788|0|0|1|18
0|1|2|1|18
3.216|0|2|1|18
0|1|4|1|18
2.25|0|4|1|18
0|1|1|2|18
0.788|0|1|2|18
0|1|2|2|18
3.216|0|2|2|18
0|1|3|2|18
2.25|0|3|2|18
0|1|4|2|18
0.355|0|4|2|18
0|1|2|3|18
3.701|0|2|3|18
0|1|3|3|18
3.701|0|3|3|18
0|1|6|3|18
0.355|0|6|3|18
0|1|9|3|18
0.788|0|9|3|18
0|1|0|4|18
2.25|0|0|4|18
0|1|7|4|18
3.216|0|7|4|18
0|1|0|0|19
3.216|0|0|0|19
0|1|1|0|19
0.355|0|1|0|19
0|1|3|0|19
3.216|0|3|0|19
0|1|4|0|19
3.216|0|4|0|19
0|1|5|0|19
3.701|0|5|0|19
0|1|6|0|19
0.788|0|6|0|19
0|1|0|0|2
0.788|0|0|0|2
0|1|12|0|2
0.355|0|12|0|2
0|1|3|0|2
3.216|0|3|0|2
0|1|4|0|2
3.216|0|4|0|2
0|1|5|0|2
3.701|0|5|0|2
0|1|8|0|2
0.355|0|8|0|2
0|1|9|0|2
2.25|0|9|0|2
0|1|1|2|2
3.216|0|1|2|2
0|1|6|2|2
3.216|0|6|2|2
0|1|8|2|2
3.216|0|8|2|2
0|1|0|3|2
0.355|0|0|3|2
0|1|3|3|2
3.216|0|3|3|2
0|1|4|3|2
2.25|0|4|3|2
0|1|5|3|2
3.216|0|5|3|2
0|1|6|3|2
0.788|0|6|3|2
0|1|8|3|2
3.216|0|8|3|2
0|1|9|3|2
0.788|0|9|3|2
0|1|2|4|2
3.216|0|2|4|2
0|1|4|4|2
3.701|0|4|4|2
0|1|1|5|2
3.216|0|1|5|2
0|1|11|5|2
2.25|0|11|5|2
0|1|2|5|2
0.355|0|2|5|2
0|1|5|5|2
0.355|0|5|5|2
0|1|6|5|2
0.788|0|6|5|2
0|1|1|0|20
0.788|0|1|0|20
0|1|2|0|20
2.25|0|2|0|20
0|1|4|0|20
0.788|0|4|0|20
0|1|1|1|20
0.788|0|1|1|20
0|1|5|1|20
0.788|0|5|1|20
0|1|0|2|20
3.216|0|0|2|20
0|1|2|2|20
3.216|0|2|2|20
0|1|4|2|20
0.788|0|4|2|20
0|1|5|2|20
0.788|0|5|2|20
0|1|6|2|20
3.216|0|6|2|20
0|1|0|3|20
0.355|0|0|3|20
0|1|1|3|20
3.216|0|1|3|20
0|1|8|4|20
0.788|0|8|4|20
0|1|0|5|20
3.216|0|0|5|20
0|1|2|5|20
0.788|0|2|5|20
0|1|3|5|20
3.701|0|3|5|20
0|1|4|5|20
2.25|0|4|5|20
0|1|5|5|20
2.25|0|5|5|20
0|1|7|5|20
0.788|0|7|5|20
0|1|0|6|20
0.355|0|0|6|20
0|1|3|6|20
3.216|0|3|6|20
0|1|0|7|20
0.788|0|0|7|20
0|1|2|7|20
3.701|0|2|7|20
0|1|5|7|20
3.216|0|5|7|20
0|1|7|7|20
3.216|0|7|7|20
0|1|8|7|20
0.788|0|8|7|20
0|1|0|0|21
0.355|0|0|0|21
0|1|3|0|21
0.355|0|3|0|21
0|1|0|1|21
3.216|0|0|1|21
0|1|1|1|21
3.701|0|1|1|21
0|1|1|10|21
3.216|0|1|10|21
0|1|11|10|21
3.216|0|11|10|21
0|1|12|10|21
3.216|0|12|10|21
0|1|3|10|21
3.216|0|3|10|21
0|1|5|10|21
3.701|0|5|10|21
0|1|0|11|21
2.25|0|0|11|21
0|1|1|11|21
2.25|0|1|11|21
0|1|2|11|21
2.25|0|2|11|21
0|1|3|11|21
3.216|0|3|11|21
0|1|5|11|21
3.701|0|5|11|21
0|1|6|11|21
0.355|0|6|11|21
0|1|7|11|21
0.788|0|7|11|21
0|1|2|12|21
0.355|0|2|12|21
0|1|4|12|21
0.355|0|4|12|21
0|1|7|12|21
0.355|0|7|12|21
0|1|11|13|21
2.25|0|11|13|21
0|1|12|13|21
3.701|0|12|13|21
0|1|4|13|21
0.355|0|4|13|21
0|1|5|13|21
3.701|0|5|13|21
0|1|6|13|21
2.25|0|6|13|21
0|1|9|13|21
3.216|0|9|13|21
0|1|4|2|21
3.216|0|4|2|21
0|1|12|3|21
2.25|0|12|3|21
0|1|13|3|21
2.25|0|13|3|21
0|1|4|3|21
3.216|0|4|3|21
0|1|9|3|21
3.216|0|9|3|21
0|1|0|4|21
2.25|0|0|4|21
0|1|3|4|21
2.25|0|3|4|21
0|1|4|4|21
0.788|0|4|4|21
0|1|5|4|21
2.25|0|5|4|21
0|1|8|4|21
0.355|0|8|4|21
0|1|0|5|21
3.216|0|0|5|21
0|1|1|5|21
2.25|0|1|5|21
0|1|2|5|21
0.788|0|2|5|21
0|1|4|6|21
0.788|0|4|6|21
0|1|7|6|21
3.216|0|7|6|21
0|1|3|7|21
2.25|0|3|7|21
0|1|10|8|21
0.788|0|10|8|21
0|1|11|8|21
0.788|0|11|8|21
0|1|6|8|21
0.788|0|6|8|21
0|1|9|8|21
0.788|0|9|8|21
0|1|1|9|21
3.216|0|1|9|21
0|1|10|9|21
3.216|0|10|9|21
0|1|11|9|21
2.25|0|11|9|21
0|1|12|9|21
3.216|0|12|9|21
0|1|13|9|21
2.25|0|13|9|21
0|1|2|9|21
3.701|0|2|9|21
0|1|3|9|21
3.216|0|3|9|21
0|1|5|9|21
0.355|0|5|9|21
0|1|7|9|21
0.788|0|7|9|21
0|1|0|0|22
0.788|0|0|0|22
0|1|3|0|22
3.701|0|3|0|22
0|1|6|0|22
0.788|0|6|0|22
0|1|0|1|22
3.701|0|0|1|22
0|1|1|1|22
0.355|0|1|1|22
0|1|2|1|22
3.701|0|2|1|22
0|1|1|2|22
0.355|0|1|2|22
0|1|11|2|22
0.788|0|11|2|22
0|1|12|2|22
0.355|0|12|2|22
0|1|5|2|22
0.788|0|5|2|22
0|1|8|2|22
0.788|0|8|2|22
0|1|9|2|22
3.701|0|9|2|22
0|1|1|3|22
2.25|0|1|3|22
0|1|6|3|22
3.701|0|6|3|22
0|1|7|3|22
2.25|0|7|3|22
0|1|0|0|23
0.355|0|0|0|23
0|1|1|0|23
0.788|0|1|0|23
0|1|2|0|23
3.701|0|2|0|23
0|1|3|0|23
0.355|0|3|0|23
0|1|0|1|23
0.788|0|0|1|23
0|1|3|1|23
3.216|0|3|1|23
0|1|5|1|23
2.25|0|5|1|23
0|1|0|3|23
3.216|0|0|3|23
0|1|1|3|23
0.788|0|1|3|23
0|1|5|3|23
3.216|0|5|3|23
0|1|6|3|23
0.788|0|6|3|23
0|1|1|0|24
2.25|0|1|0|24
0|1|3|0|24
3.216|0|3|0|24
0|1|5|0|24
3.216|0|5|0|24
0|1|7|0|24
0.355|0|7|0|24
0|1|1|1|24
3.216|0|1|1|24
0|1|3|1|24
2.25|0|3|1|24
0|1|0|2|24
0.788|0|0|2|24
0|1|1|3|24
3.216|0|1|3|24
0|1|4|3|24
2.25|0|4|3|24
0|1|7|3|24
3.216|0|7|3|24
0|1|8|3|24
2.25|0|8|3|24
0|1|0|4|24
3.701|0|0|4|24
0|1|3|4|24
0.788|0|3|4|24
0|1|4|6|24
0.788|0|4|6|24
0|1|0|7|24
3.216|0|0|7|24
0|1|4|7|24
3.216|0|4|7|24
0|1|5|7|24
3.216|0|5|7|24
0|1|1|0|25
3.701|0|1|0|25
0|1|2|0|25
3.701|0|2|0|25
0|1|3|0|25
3.216|0|3|0|25
0|1|4|0|25
3.216|0|4|0|25
0|1|0|1|25
3.216|0|0|1|25
0|1|1|1|25
0.355|0|1|1|25
0|1|10|1|25
3.216|0|10|1|25
0|1|11|1|25
3.216|0|11|1|25
0|1|2|1|25
2.25|0|2|1|25
0|1|3|1|25
3.216|0|3|1|25
0|1|4|1|25
0.788|0|4|1|25
0|1|5|1|25
2.25|0|5|1|25
0|1|2|2|25
3.216|0|2|2|25
0|1|3|2|25
3.216|0|3|2|25
0|1|4|2|25
0.355|0|4|2|25
0|1|3|3|25
3.216|0|3|3|25
0|1|5|3|25
3.216|0|5|3|25
0|1|8|4|25
3.216|0|8|4|25
0|1|9|4|25
2.25|0|9|4|25
0|1|1|5|25
3.216|0|1|5|25
0|1|1|0|26
3.216|0|1|0|26
0|1|3|0|26
3.216|0|3|0|26
0|1|0|1|26
0.355|0|0|1|26
0|1|3|2|26
2.25|0|3|2|26
0|1|5|2|26
3.216|0|5|2|26
0|1|0|3|26
3.216|0|0|3|26
0|1|10|3|26
2.25|0|10|3|26
0|1|2|3|26
0.788|0|2|3|26
0|1|4|3|26
0.355|0|4|3|26
0|1|8|3|26
0.355|0|8|3|26
0|1|9|3|26
0.355|0|9|3|26
0|1|0|4|26
0.788|0|0|4|26
0|1|10|4|26
3.701|0|10|4|26
0|1|3|4|26
0.355|0|3|4|26
0|1|5|4|26
0.788|0|5|4|26
0|1|6|4|26
3.216|0|6|4|26
0|1|8|4|26
0.788|0|8|4|26
0|1|0|5|26
3.216|0|0|5|26
0|1|3|5|26
3.216|0|3|5|26
0|1|4|5|26
3.701|0|4|5|26
0|1|5|5|26
0.355|0|5|5|26
0|1|6|5|26
0.788|0|6|5|26
0|1|8|5|26
2.25|0|8|5|26
0|1|2|0|27
3.216|0|2|0|27
0|1|0|1|27
2.25|0|0|1|27
0|1|0|2|27
0.788|0|0|2|27
0|1|2|3|27
3.216|0|2|3|27
0|1|0|4|27
3.216|0|0|4|27
0|1|1|4|27
0.788|0|1|4|27
0|1|3|4|27
0.788|0|3|4|27
0|1|4|4|27
2.25|0|4|4|27
0|1|0|5|27
0.788|0|0|5|27
0|1|1|5|27
0.788|0|1|5|27
0|1|2|5|27
2.25|0|2|5|27
0|1|4|5|27
3.216|0|4|5|27
0|1|6|5|27
3.216|0|6|5|27
0|1|7|5|27
0.788|0|7|5|27
0|1|8|5|27
0.355|0|8|5|27
0|1|9|5|27
3.701|0|9|5|27
0|1|0|6|27
0.355|0|0|6|27
0|1|1|6|27
3.701|0|1|6|27
0|1|2|6|27
3.216|0|2|6|27
0|1|3|6|27
0.355|0|3|6|27
0|1|5|6|27
0.355|0|5|6|27
0|1|6|6|27
3.216|0|6|6|27
0|1|0|7|27
0.788|0|0|7|27
0|1|2|7|27
3.216|0|2|7|27
0|1|3|7|27
0.788|0|3|7|27
0|1|5|7|27
3.216|0|5|7|27
0|1|1|8|27
0.355|0|1|8|27
0|1|2|8|27
2.25|0|2|8|27
0|1|3|8|27
3.216|0|3|8|27
0|1|1|9|27
3.216|0|1|9|27
0|1|2|9|27
3.216|0|2|9|27
0|1|6|9|27
3.701|0|6|9|27
0|1|10|0|28
3.216|0|10|0|28
0|1|2|0|28
3.701|0|2|0|28
0|1|3|0|28
0.355|0|3|0|28
0|1|4|0|28
2.25|0|4|0|28
0|1|5|0|28
3.701|0|5|0|28
0|1|7|0|28
2.25|0|7|0|28
0|1|8|0|28
3.216|0|8|0|28
0|1|9|0|28
0.355|0|9|0|28
0|1|0|1|28
0.788|0|0|1|28
0|1|1|1|28
3.216|0|1|1|28
0|1|2|1|28
3.701|0|2|1|28
0|1|5|1|28
3.216|0|5|1|28
0|1|6|1|28
0.788|0|6|1|28
0|1|7|1|28
3.216|0|7|1|28
0|1|3|10|28
0.788|0|3|10|28
0|1|4|10|28
3.216|0|4|10|28
0|1|0|11|28
3.216|0|0|11|28
0|1|3|11|28
3.216|0|3|11|28
0|1|4|12|28
0.355|0|4|12|28
0|1|6|12|28
3.701|0|6|12|28
0|1|0|13|28
2.25|0|0|13|28
0|1|2|13|28
0.788|0|2|13|28
0|1|5|13|28
3.216|0|5|13|28
0|1|6|13|28
3.216|0|6|13|28
0|1|1|14|28
3.216|0|1|14|28
0|1|2|14|28
0.355|0|2|14|28
0|1|4|14|28
3.216|0|4|14|28
0|1|3|15|28
2.25|0|3|15|28
0|1|7|15|28
2.25|0|7|15|28
0|1|8|15|28
0.355|0|8|15|28
0|1|9|15|28
0.788|0|9|15|28
0|1|3|16|28
0.355|0|3|16|28
0|1|4|16|28
3.216|0|4|16|28
0|1|1|17|28
3.216|0|1|17|28
0|1|2|17|28
3.701|0|2|17|28
0|1|2|2|28
3.216|0|2|2|28
0|1|3|2|28
3.701|0|3|2|28
0|1|5|2|28
2.25|0|5|2|28
0|1|3|3|28
0.355|0|3|3|28
0|1|4|3|28
0.788|0|4|3|28
0|1|0|4|28
3.216|0|0|4|28
0|1|11|4|28
0.355|0|11|4|28
0|1|13|4|28
2.25|0|13|4|28
0|1|8|4|28
3.216|0|8|4|28
0|1|1|5|28
0.788|0|1|5|28
0|1|3|5|28
3.216|0|3|5|28
0|1|0|6|28
0.788|0|0|6|28
0|1|2|6|28
2.25|0|2|6|28
0|1|5|6|28
2.25|0|5|6|28
0|1|7|6|28
3.701|0|7|6|28
0|1|1|7|28
3.216|0|1|7|28
0|1|2|7|28
3.216|0|2|7|28
0|1|3|7|28
3.216|0|3|7|28
0|1|1|8|28
2.25|0|1|8|28
0|1|0|9|28
2.25|0|0|9|28
0|1|13|9|28
0.788|0|13|9|28
0|1|2|9|28
0.355|0|2|9|28
0|1|4|9|28
3.216|0|4|9|28
0|1|5|9|28
0.355|0|5|9|28
0|1|6|9|28
0.788|0|6|9|28
0|1|8|9|28
0.788|0|8|9|28
0|1|0|0|29
0.355|0|0|0|29
0|1|10|0|29
0.355|0|10|0|29
0|1|11|0|29
3.701|0|11|0|29
0|1|12|0|29
3.216|0|12|0|29
0|1|3|0|29
3.216|0|3|0|29
0|1|4|0|29
3.216|0|4|0|29
0|1|8|0|29
2.25|0|8|0|29
0|1|9|0|29
3.701|0|9|0|29
0|1|1|2|29
2.25|0|1|2|29
0|1|0|0|3
0.355|0|0|0|3
0|1|1|0|3
3.216|0|1|0|3
0|1|12|0|3
3.216|0|12|0|3
0|1|6|0|3
0.355|0|6|0|3
0|1|1|1|3
3.701|0|1|1|3
0|1|2|1|3
3.701|0|2|1|3
0|1|3|1|3
2.25|0|3|1|3
0|1|5|1|3
3.216|0|5|1|3
0|1|0|2|3
3.216|0|0|2|3
0|1|4|2|3
3.701|0|4|2|3
0|1|5|2|3
3.701|0|5|2|3
0|1|0|3|3
3.216|0|0|3|3
0|1|12|3|3
0.355|0|12|3|3
0|1|4|3|3
2.25|0|4|3|3
0|1|6|3|3
3.216|0|6|3|3
0|1|7|3|3
3.701|0|7|3|3
0|1|8|3|3
0.355|0|8|3|3
0|1|9|3|3
3.216|0|9|3|3
0|1|1|0|30
3.216|0|1|0|30
0|1|2|0|30
3.216|0|2|0|30
0|1|3|0|30
3.216|0|3|0|30
0|1|1|1|30
3.216|0|1|1|30
0|1|2|1|30
0.788|0|2|1|30
0|1|3|1|30
0.788|0|3|1|30
0|1|0|0|31
3.216|0|0|0|31
0|1|1|0|31
0.788|0|1|0|31
0|1|3|0|31
3.216|0|3|0|31
0|1|6|0|31
0.788|0|6|0|31
0|1|1|0|32
3.216|0|1|0|32
0|1|5|0|32
3.216|0|5|0|32
0|1|8|0|32
0.355|0|8|0|32
0|1|9|0|32
0.788|0|9|0|32
0|1|2|11|32
3.216|0|2|11|32
0|1|3|11|32
0.788|0|3|11|32
0|1|4|11|32
0.788|0|4|11|32
0|1|5|11|32
0.355|0|5|11|32
0|1|6|11|32
3.216|0|6|11|32
0|1|0|12|32
2.25|0|0|12|32
0|1|2|12|32
0.355|0|2|12|32
0|1|4|12|32
3.216|0|4|12|32
0|1|5|12|32
3.216|0|5|12|32
0|1|6|12|32
0.788|0|6|12|32
0|1|7|12|32
3.216|0|7|12|32
0|1|0|13|32
0.788|0|0|13|32
0|1|1|13|32
2.25|0|1|13|32
0|1|10|13|32
3.701|0|10|13|32
0|1|12|13|32
3.216|0|12|13|32
0|1|4|13|32
3.216|0|4|13|32
0|1|5|13|32
3.216|0|5|13|32
0|1|0|2|32
0.788|0|0|2|32
0|1|3|2|32
0.355|0|3|2|32
0|1|4|2|32
0.788|0|4|2|32
0|1|5|2|32
2.25|0|5|2|32
0|1|6|2|32
0.788|0|6|2|32
0|1|0|3|32
2.25|0|0|3|32
0|1|1|4|32
0.788|0|1|4|32
0|1|11|4|32
3.216|0|11|4|32
0|1|12|4|32
3.216|0|12|4|32
0|1|13|4|32
3.216|0|13|4|32
0|1|2|4|32
0.355|0|2|4|32
0|1|4|4|32
0.788|0|4|4|32
0|1|5|4|32
2.25|0|5|4|32
0|1|8|4|32
3.701|0|8|4|32
0|1|9|4|32
3.216|0|9|4|32
0|1|0|5|32
3.216|0|0|5|32
0|1|1|5|32
2.25|0|1|5|32
0|1|10|5|32
0.355|0|10|5|32
0|1|12|5|32
0.788|0|12|5|32
0|1|3|5|32
3.216|0|3|5|32
0|1|4|5|32
3.701|0|4|5|32
0|1|7|5|32
0.355|0|7|5|32
0|1|8|5|32
3.216|0|8|5|32
0|1|9|5|32
3.701|0|9|5|32
0|1|0|6|32
3.701|0|0|6|32
0|1|1|6|32
3.216|0|1|6|32
0|1|2|6|32
3.701|0|2|6|32
0|1|3|6|32
0.355|0|3|6|32
0|1|4|6|32
2.25|0|4|6|32
0|1|7|6|32
0.355|0|7|6|32
0|1|8|6|32
3.216|0|8|6|32
0|1|1|7|32
0.355|0|1|7|32
0|1|2|7|32
3.216|0|2|7|32
0|1|6|7|32
0.355|0|6|7|32
0|1|7|7|32
3.216|0|7|7|32
0|1|0|9|32
0.355|0|0|9|32
0|1|1|9|32
0.355|0|1|9|32
0|1|5|9|32
3.701|0|5|9|32
0|1|1|0|33
3.216|0|1|0|33
0|1|0|1|33
3.216|0|0|1|33
0|1|13|1|33
3.701|0|13|1|33
0|1|7|1|33
2.25|0|7|1|33
0|1|9|1|33
0.788|0|9|1|33
0|1|0|10|33
3.216|0|0|10|33
0|1|2|10|33
3.701|0|2|10|33
0|1|4|10|33
0.788|0|4|10|33
0|1|2|11|33
3.216|0|2|11|33
0|1|4|11|33
2.25|0|4|11|33
0|1|6|11|33
3.216|0|6|11|33
0|1|0|2|33
2.25|0|0|2|33
0|1|1|2|33
0.788|0|1|2|33
0|1|2|2|33
3.216|0|2|2|33
0|1|3|2|33
0.355|0|3|2|33
0|1|4|2|33
0.788|0|4|2|33
0|1|5|2|33
3.701|0|5|2|33
0|1|4|3|33
2.25|0|4|3|33
0|1|10|4|33
2.25|0|10|4|33
0|1|4|4|33
3.216|0|4|4|33
0|1|5|4|33
0.355|0|5|4|33
0|1|6|4|33
0.355|0|6|4|33
0|1|7|4|33
3.216|0|7|4|33
0|1|8|4|33
0.788|0|8|4|33
0|1|0|5|33
0.788|0|0|5|33
0|1|7|5|33
0.788|0|7|5|33
0|1|0|6|33
3.216|0|0|6|33
0|1|6|7|33
3.216|0|6|7|33
0|1|1|8|33
0.788|0|1|8|33
0|1|3|8|33
2.25|0|3|8|33
0|1|4|8|33
3.216|0|4|8|33
0|1|6|8|33
3.701|0|6|8|33
0|1|8|9|33
3.216|0|8|9|33
0|1|0|0|34
3.701|0|0|0|34
0|1|0|1|34
3.216|0|0|1|34
0|1|5|2|34
0.355|0|5|2|34
0|1|1|3|34
3.701|0|1|3|34
0|1|2|4|34
0.355|0|2|4|34
0|1|0|5|34
0.355|0|0|5|34
0|1|2|5|34
3.216|0|2|5|34
0|1|10|0|35
0.788|0|10|0|35
0|1|12|0|35
2.25|0|12|0|35
0|1|3|0|35
2.25|0|3|0|35
0|1|4|0|35
0.788|0|4|0|35
0|1|5|0|35
0.788|0|5|0|35
0|1|7|0|35
0.355|0|7|0|35
0|1|0|1|35
0.788|0|0|1|35
0|1|1|1|35
0.355|0|1|1|35
0|1|3|1|35
2.25|0|3|1|35
0|1|1|2|35
0.788|0|1|2|35
0|1|10|2|35
2.25|0|10|2|35
0|1|11|2|35
2.25|0|11|2|35
0|1|2|2|35
0.788|0|2|2|35
0|1|3|2|35
3.701|0|3|2|35
0|1|7|2|35
2.25|0|7|2|35
0|1|1|3|35
3.701|0|1|3|35
0|1|2|3|35
3.216|0|2|3|35
0|1|2|0|36
3.701|0|2|0|36
0|1|3|0|36
0.355|0|3|0|36
0|1|5|0|36
0.788|0|5|0|36
0|1|9|0|36
3.216|0|9|0|36
0|1|0|1|36
3.216|0|0|1|36
0|1|10|1|36
0.788|0|10|1|36
0|1|11|1|36
3.701|0|11|1|36
0|1|3|1|36
0.788|0|3|1|36
0|1|4|1|36
0.355|0|4|1|36
0|1|8|1|36
0.355|0|8|1|36
0|1|0|2|36
0.355|0|0|2|36
0|1|3|2|36
0.788|0|3|2|36
0|1|5|2|36
0.355|0|5|2|36
0|1|1|3|36
3.216|0|1|3|36
0|1|2|3|36
3.701|0|2|3|36
0|1|3|3|36
2.25|0|3|3|36
0|1|0|4|36
3.216|0|0|4|36
0|1|0|5|36
3.216|0|0|5|36
0|1|3|5|36
0.355|0|3|5|36
0|1|6|5|36
0.355|0|6|5|36
0|1|7|5|36
0.788|0|7|5|36
0|1|8|5|36
0.788|0|8|5|36
0|1|0|6|36
2.25|0|0|6|36
0|1|2|6|36
3.701|0|2|6|36
0|1|3|6|36
0.788|0|3|6|36
0|1|5|6|36
0.355|0|5|6|36
0|1|6|6|36
2.25|0|6|6|36
0|1|8|6|36
0.788|0|8|6|36
0|1|0|0|37
0.355|0|0|0|37
0|1|2|0|37
3.701|0|2|0|37
0|1|2|1|37
0.355|0|2|1|37
0|1|3|1|37
0.788|0|3|1|37
0|1|1|2|37
2.25|0|1|2|37
0|1|12|2|37
0.355|0|12|2|37
0|1|13|2|37
3.216|0|13|2|37
0|1|3|2|37
2.25|0|3|2|37
0|1|4|2|37
3.216|0|4|2|37
0|1|6|2|37
3.701|0|6|2|37
0|1|7|2|37
0.788|0|7|2|37
0|1|0|3|37
0.355|0|0|3|37
0|1|1|3|37
2.25|0|1|3|37
0|1|0|4|37
2.25|0|0|4|37
0|1|2|4|37
0.788|0|2|4|37
0|1|7|4|37
3.701|0|7|4|37
0|1|8|4|37
3.216|0|8|4|37
0|1|1|5|37
0.355|0|1|5|37
0|1|11|5|37
3.216|0|11|5|37
0|1|12|5|37
3.216|0|12|5|37
0|1|3|5|37
3.701|0|3|5|37
0|1|4|5|37
0.788|0|4|5|37
0|1|6|5|37
3.216|0|6|5|37
0|1|8|5|37
3.216|0|8|5|37
0|1|9|5|37
3.701|0|9|5|37
0|1|0|6|37
3.701|0|0|6|37
0|1|5|6|37
3.701|0|5|6|37
0|1|6|6|37
3.216|0|6|6|37
0|1|0|7|37
0.355|0|0|7|37
0|1|10|7|37
2.25|0|10|7|37
0|1|11|7|37
0.355|0|11|7|37
0|1|2|7|37
0.788|0|2|7|37
0|1|4|7|37
2.25|0|4|7|37
0|1|5|7|37
3.216|0|5|7|37
0|1|7|7|37
3.701|0|7|7|37
0|1|0|1|38
3.216|0|0|1|38
0|1|1|1|38
3.216|0|1|1|38
0|1|3|1|38
0.355|0|3|1|38
0|1|0|10|38
3.216|0|0|10|38
0|1|2|10|38
2.25|0|2|10|38
0|1|3|10|38
2.25|0|3|10|38
0|1|0|2|38
2.25|0|0|2|38
0|1|1|2|38
3.701|0|1|2|38
0|1|2|2|38
3.216|0|2|2|38
0|1|3|2|38
0.355|0|3|2|38
0|1|1|4|38
2.25|0|1|4|38
0|1|1|5|38
0.788|0|1|5|38
0|1|1|6|38
3.701|0|1|6|38
0|1|2|6|38
3.216|0|2|6|38
0|1|1|7|38
3.216|0|1|7|38
0|1|0|8|38
3.701|0|0|8|38
0|1|2|8|38
0.355|0|2|8|38
0|1|1|9|38
3.216|0|1|9|38
0|1|3|9|38
3.701|0|3|9|38
0|1|4|9|38
0.788|0|4|9|38
0|1|5|9|38
3.216|0|5|9|38
0|1|1|0|39
3.701|0|1|0|39
0|1|2|0|39
3.216|0|2|0|39
0|1|3|0|39
0.355|0|3|0|39
0|1|0|1|39
2.25|0|0|1|39
0|1|2|1|39
2.25|0|2|1|39
0|1|4|1|39
0.788|0|4|1|39
0|1|6|1|39
3.701|0|6|1|39
0|1|7|1|39
2.25|0|7|1|39
0|1|0|11|39
3.701|0|0|11|39
0|1|6|11|39
3.216|0|6|11|39
0|1|7|11|39
3.216|0|7|11|39
0|1|8|11|39
0.788|0|8|11|39
0|1|9|11|39
3.701|0|9|11|39
0|1|0|12|39
3.216|0|0|12|39
0|1|3|12|39
3.216|0|3|12|39
0|1|0|13|39
3.216|0|0|13|39
0|1|10|13|39
2.25|0|10|13|39
0|1|11|13|39
2.25|0|11|13|39
0|1|12|13|39
3.701|0|12|13|39
0|1|13|13|39
0.788|0|13|13|39
0|1|2|13|39
3.701|0|2|13|39
0|1|5|13|39
3.701|0|5|13|39
0|1|6|13|39
3.701|0|6|13|39
0|1|8|13|39
0.355|0|8|13|39
0|1|9|13|39
3.216|0|9|13|39
0|1|0|14|39
3.216|0|0|14|39
0|1|3|14|39
3.216|0|3|14|39
0|1|4|14|39
2.25|0|4|14|39
0|1|5|14|39
0.788|0|5|14|39
0|1|6|14|39
2.25|0|6|14|39
0|1|7|2|39
3.216|0|7|2|39
0|1|0|3|39
0.788|0|0|3|39
0|1|1|3|39
2.25|0|1|3|39
0|1|2|3|39
3.216|0|2|3|39
0|1|0|4|39
3.216|0|0|4|39
0|1|2|4|39
2.25|0|2|4|39
0|1|0|5|39
3.216|0|0|5|39
0|1|1|5|39
0.788|0|1|5|39
0|1|3|5|39
3.216|0|3|5|39
0|1|4|5|39
0.788|0|4|5|39
0|1|5|5|39
3.216|0|5|5|39
0|1|6|5|39
0.355|0|6|5|39
0|1|7|5|39
3.216|0|7|5|39
0|1|0|6|39
0.788|0|0|6|39
0|1|1|6|39
0.788|0|1|6|39
0|1|4|6|39
3.216|0|4|6|39
0|1|5|6|39
0.355|0|5|6|39
0|1|8|6|39
3.216|0|8|6|39
0|1|3|7|39
0.355|0|3|7|39
0|1|4|7|39
3.216|0|4|7|39
0|1|7|7|39
2.25|0|7|7|39
0|1|0|8|39
2.25|0|0|8|39
0|1|1|8|39
0.355|0|1|8|39
0|1|11|8|39
0.788|0|11|8|39
0|1|12|8|39
0.788|0|12|8|39
0|1|2|8|39
3.216|0|2|8|39
0|1|3|8|39
0.788|0|3|8|39
0|1|5|8|39
0.788|0|5|8|39
0|1|7|8|39
0.788|0|7|8|39
0|1|8|8|39
2.25|0|8|8|39
0|1|9|8|39
2.25|0|9|8|39
0|1|2|9|39
0.355|0|2|9|39
0|1|0|0|4
0.788|0|0|0|4
0|1|1|0|4
0.355|0|1|0|4
0|1|10|0|4
3.216|0|10|0|4
0|1|4|0|4
3.701|0|4|0|4
0|1|2|1|4
0.788|0|2|1|4
0|1|3|1|4
3.216|0|3|1|4
0|1|0|10|4
3.216|0|0|10|4
0|1|4|10|4
3.216|0|4|10|4
0|1|5|10|4
0.788|0|5|10|4
0|1|1|12|4
0.788|0|1|12|4
0|1|11|12|4
0.788|0|11|12|4
0|1|2|12|4
0.788|0|2|12|4
0|1|3|12|4
0.355|0|3|12|4
0|1|6|12|4
0.788|0|6|12|4
0|1|8|12|4
3.216|0|8|12|4
0|1|9|12|4
3.216|0|9|12|4
0|1|1|13|4
3.216|0|1|13|4
0|1|2|13|4
0.788|0|2|13|4
0|1|4|13|4
0.788|0|4|13|4
0|1|6|13|4
2.25|0|6|13|4
0|1|1|2|4
0.355|0|1|2|4
0|1|12|4|4
2.25|0|12|4|4
0|1|2|4|4
2.25|0|2|4|4
0|1|4|4|4
3.216|0|4|4|4
0|1|5|4|4
3.701|0|5|4|4
0|1|7|4|4
3.216|0|7|4|4
0|1|8|4|4
0.355|0|8|4|4
0|1|0|5|4
0.788|0|0|5|4
0|1|7|5|4
3.701|0|7|5|4
0|1|8|5|4
3.701|0|8|5|4
0|1|10|7|4
0.788|0|10|7|4
0|1|11|7|4
2.25|0|11|7|4
0|1|12|7|4
0.788|0|12|7|4
0|1|13|7|4
3.216|0|13|7|4
0|1|2|7|4
3.216|0|2|7|4
0|1|6|7|4
3.216|0|6|7|4
0|1|7|7|4
3.216|0|7|7|4
0|1|8|7|4
3.701|0|8|7|4
0|1|9|7|4
0.355|0|9|7|4
0|1|1|8|4
3.701|0|1|8|4
0|1|3|8|4
0.355|0|3|8|4
0|1|4|8|4
3.216|0|4|8|4
0|1|1|9|4
2.25|0|1|9|4
0|1|2|9|4
3.701|0|2|9|4
0|1|4|9|4
3.216|0|4|9|4
0|1|0|0|5
3.216|0|0|0|5
0|1|1|0|5
2.25|0|1|0|5
0|1|2|0|5
2.25|0|2|0|5
0|1|4|0|5
2.25|0|4|0|5
0|1|0|1|5
2.25|0|0|1|5
0|1|1|1|5
2.25|0|1|1|5
0|1|3|1|5
3.216|0|3|1|5
0|1|4|1|5
0.355|0|4|1|5
0|1|0|0|6
0.355|0|0|0|6
0|1|3|0|6
3.701|0|3|0|6
0|1|0|1|6
2.25|0|0|1|6
0|1|1|1|6
3.701|0|1|1|6
0|1|3|1|6
3.701|0|3|1|6
0|1|4|1|6
2.25|0|4|1|6
0|1|7|1|6
0.355|0|7|1|6
0|1|0|2|6
3.216|0|0|2|6
0|1|3|3|6
3.216|0|3|3|6
0|1|5|3|6
3.216|0|5|3|6
0|1|6|3|6
0.788|0|6|3|6
0|1|7|3|6
3.216|0|7|3|6
0|1|1|0|7
2.25|0|1|0|7
0|1|2|0|7
3.216|0|2|0|7
0|1|3|0|7
3.216|0|3|0|7
0|1|0|10|7
3.216|0|0|10|7
0|1|10|10|7
3.216|0|10|10|7
0|1|4|10|7
0.788|0|4|10|7
0|1|5|10|7
3.216|0|5|10|7
0|1|6|10|7
3.216|0|6|10|7
0|1|8|10|7
2.25|0|8|10|7
0|1|9|10|7
2.25|0|9|10|7
0|1|0|2|7
0.788|0|0|2|7
0|1|2|2|7
3.216|0|2|2|7
0|1|4|2|7
3.701|0|4|2|7
0|1|5|2|7
0.355|0|5|2|7
0|1|6|2|7
3.701|0|6|2|7
0|1|7|2|7
3.216|0|7|2|7
0|1|8|2|7
3.701|0|8|2|7
0|1|4|3|7
0.355|0|4|3|7
0|1|6|3|7
3.216|0|6|3|7
0|1|9|3|7
3.701|0|9|3|7
0|1|2|4|7
0.355|0|2|4|7
0|1|0|5|7
0.788|0|0|5|7
0|1|1|5|7
0.355|0|1|5|7
0|1|1|7|7
3.701|0|1|7|7
0|1|7|7|7
3.701|0|7|7|7
0|1|8|7|7
0.788|0|8|7|7
0|1|3|9|7
3.216|0|3|9|7
0|1|4|9|7
3.216|0|4|9|7
0|1|5|9|7
3.216|0|5|9|7
0|1|7|9|7
0.355|0|7|9|7
0|1|6|0|8
2.25|0|6|0|8
0|1|7|0|8
0.788|0|7|0|8
0|1|0|1|8
0.355|0|0|1|8
0|1|1|1|8
2.25|0|1|1|8
0|1|8|1|8
2.25|0|8|1|8
0|1|1|2|8
2.25|0|1|2|8
0|1|2|2|8
3.216|0|2|2|8
0|1|5|2|8
3.216|0|5|2|8
0|1|6|2|8
3.216|0|6|2|8
0|1|1|3|8
3.216|0|1|3|8
0|1|0|4|8
3.216|0|0|4|8
0|1|1|0|9
3.216|0|1|0|9
0|1|10|0|9
3.701|0|10|0|9
0|1|11|0|9
3.701|0|11|0|9
0|1|3|0|9
0.788|0|3|0|9
0|1|4|0|9
2.25|0|4|0|9
0|1|5|0|9
0.355|0|5|0|9
0|1|6|0|9
0.788|0|6|0|9
0|1|7|0|9
0.788|0|7|0|9
0|1|8|0|9
3.216|0|8|0|9
0|1|0|1|9
2.25|0|0|1|9
0|1|2|1|9
0.788|0|2|1|9
0|1|7|1|9
0.788|0|7|1|9
0|1|8|1|9
2.25|0|8|1|9
0|1|0|2|9
0.355|0|0|2|9
0|1|2|2|9
3.216|0|2|2|9
0|1|3|2|9
2.25|0|3|2|9
0|1|5|2|9
2.25|0|5|2|9
11.036|1|2|0|0
11.721|0|2|0|0
0|1|4|0|0
0.962|0|4|0|0
4.032|1|5|0|0
35.086|0|5|0|0
3.12|1|6|0|0
35.086|0|6|0|0
21.254|1|0|1|0
11.721|0|0|1|0
172.492|1|3|1|0
173.861|0|3|1|0
17.89|1|4|1|0
11.721|0|4|1|0
19.659|1|5|1|0
35.086|0|5|1|0
0|1|7|1|0
0.962|0|7|1|0
284.413|1|1|10|0
173.862|0|1|10|0
11.841|1|2|10|0
35.086|0|2|10|0
0|1|1|11|0
0.962|0|1|11|0
0|1|3|11|0
0.962|0|3|11|0
9.916|1|0|12|0
35.086|0|0|12|0
173.845|1|0|13|0
173.861|0|0|13|0
156.551|1|1|13|0
173.86|0|1|13|0
0|1|10|13|0
0.161|0|10|13|0
15.638|1|11|13|0
11.721|0|11|13|0
372.778|1|3|13|0
173.862|0|3|13|0
19.769|1|5|13|0
11.721|0|5|13|0
6.416|1|7|13|0
35.086|0|7|13|0
0|1|0|2|0
0.161|0|0|2|0
275.674|1|2|2|0
173.861|0|2|2|0
0|1|3|2|0
0.161|0|3|2|0
7.017|1|5|2|0
35.086|0|5|2|0
198.122|1|1|3|0
173.861|0|1|3|0
0|1|2|3|0
0.962|0|2|3|0
14.914|1|3|3|0
11.721|0|3|3|0
294.953|1|0|6|0
173.862|0|0|6|0
4.497|1|10|6|0
35.086|0|10|6|0
32.405|1|11|6|0
11.721|0|11|6|0
0|1|13|6|0
0.962|0|13|6|0
11.907|1|2|6|0
11.721|0|2|6|0
6.147|1|5|6|0
11.721|0|5|6|0
0|1|7|6|0
0.962|0|7|6|0
360.168|1|0|7|0
173.862|0|0|7|0
0|1|3|7|0
0.962|0|3|7|0
0|1|5|7|0
0.962|0|5|7|0
31.666|1|7|7|0
11.721|0|7|7|0
9.505|1|0|8|0
11.721|0|0|8|0
0|1|1|8|0
0.962|0|1|8|0
9.529|1|4|8|0
35.086|0|4|8|0
0|1|7|8|0
0.962|0|7|8|0
0|1|8|8|0
0.161|0|8|8|0
0|1|0|9|0
0.161|0|0|9|0
12.427|1|1|9|0
35.086|0|1|9|0
0|1|11|9|0
0.962|0|11|9|0
0|1|12|9|0
0.161|0|12|9|0
0|1|3|9|0
0.161|0|3|9|0
0|1|5|9|0
0.161|0|5|9|0
0|1|6|9|0
0.161|0|6|9|0
152.332|1|7|9|0
173.86|0|7|9|0
372.117|1|8|9|0
173.862|0|8|9|0
4.141|1|1|0|1
35.086|0|1|0|1
439.002|1|0|2|1
173.863|0|0|2|1
0|1|2|2|1
0.962|0|2|2|1
12.533|1|3|2|1
35.086|0|3|2|1
17.562|1|4|2|1
11.721|0|4|2|1
232.184|1|5|2|1
173.861|0|5|2|1
0|1|6|2|1
0.962|0|6|2|1
0|1|0|0|10
0.161|0|0|0|10
0|1|3|0|10
0.161|0|3|0|10
29.056|1|5|0|10
11.721|0|5|0|10
0|1|6|0|10
0.161|0|6|0|10
15.701|1|7|0|10
11.721|0|7|0|10
0|1|1|2|10
0.962|0|1|2|10
338.22|1|3|2|10
173.862|0|3|2|10
231.898|1|4|4|10
173.861|0|4|4|10
3.431|1|7|4|10
35.086|0|7|4|10
12.649|1|2|0|11
11.721|0|2|0|11
19.063|1|5|0|11
11.721|0|5|0|11
16.233|1|3|1|11
11.721|0|3|1|11
7.853|1|1|2|11
35.086|0|1|2|11
18.691|1|4|2|11
11.721|0|4|2|11
169.835|1|7|2|11
173.861|0|7|2|11
181.621|1|9|2|11
173.861|0|9|2|11
3.658|1|0|3|11
35.086|0|0|3|11
19.387|1|0|4|11
35.086|0|0|4|11
13.144|1|0|5|11
11.721|0|0|5|11
7.851|1|1|5|11
35.086|0|1|5|11
0|1|2|5|11
0.962|0|2|5|11
10.383|1|0|0|12
11.721|0|0|0|12
27.888|1|1|0|12
11.721|0|1|0|12
223.013|1|2|0|12
173.861|0|2|0|12
0|1|3|1|12
0.161|0|3|1|12
7.806|1|11|2|12
35.086|0|11|2|12
5.189|1|2|2|12
35.086|0|2|2|12
0|1|3|2|12
0.161|0|3|2|12
4.241|1|6|2|12
35.086|0|6|2|12
0|1|7|2|12
0.962|0|7|2|12
12.846|1|0|3|12
35.086|0|0|3|12
3.731|1|1|3|12
35.086|0|1|3|12
19.381|1|4|3|12
11.721|0|4|3|12
0|1|11|1|13
0.161|0|11|1|13
0|1|13|1|13
0.161|0|13|1|13
230.356|1|2|1|13
173.861|0|2|1|13
544.58|1|7|1|13
173.864|0|7|1|13
7.911|1|1|10|14
35.086|0|1|10|14
105.943|1|3|10|14
173.86|0|3|10|14
28.895|1|5|10|14
11.721|0|5|10|14
5.918|1|8|10|14
35.086|0|8|10|14
0|1|9|10|14
0.161|0|9|10|14
9.522|1|0|11|14
11.721|0|0|11|14
0|1|3|11|14
0.962|0|3|11|14
4.456|1|0|12|14
35.086|0|0|12|14
12.783|1|10|12|14
11.721|0|10|12|14
10.758|1|11|12|14
11.721|0|11|12|14
6.851|1|13|12|14
35.086|0|13|12|14
311.842|1|4|12|14
173.862|0|4|12|14
6.518|1|5|12|14
35.086|0|5|12|14
202.373|1|7|12|14
173.861|0|7|12|14
469.284|1|1|13|14
173.863|0|1|13|14
18.28|1|3|13|14
11.721|0|3|13|14
0|1|0|14|14
0.962|0|0|14|14
7.395|1|10|14|14
11.721|0|10|14|14
0|1|11|14|14
0.161|0|11|14|14
14.559|1|6|14|14
35.086|0|6|14|14
0|1|7|14|14
0.962|0|7|14|14
0|1|9|14|14
0.161|0|9|14|14
197.921|1|1|15|14
173.861|0|1|15|14
7.775|1|7|15|14
35.086|0|7|15|14
12.11|1|9|15|14
11.721|0|9|15|14
0|1|1|16|14
0.161|0|1|16|14
13.886|1|3|16|14
11.721|0|3|16|14
0|1|0|17|14
0.161|0|0|17|14
3.341|1|1|2|14
35.086|0|1|2|14
0|1|2|2|14
0.962|0|2|2|14
0|1|3|2|14
0.161|0|3|2|14
6.404|1|0|3|14
35.086|0|0|3|14
294.557|1|5|3|14
173.862|0|5|3|14
134.251|1|1|4|14
173.86|0|1|4|14
0|1|3|5|14
0.161|0|3|5|14
199.033|1|5|5|14
173.861|0|5|5|14
0|1|0|6|14
0.962|0|0|6|14
9.638|1|10|6|14
35.086|0|10|6|14
21.337|1|9|6|14
11.721|0|9|6|14
31.558|1|3|7|14
11.721|0|3|7|14
123.498|1|1|8|14
173.86|0|1|8|14
0|1|2|8|14
0.161|0|2|8|14
23.947|1|12|9|14
11.721|0|12|9|14
4.115|1|13|9|14
35.086|0|13|9|14
22.763|1|3|9|14
11.721|0|3|9|14
26.637|1|4|9|14
11.721|0|4|9|14
7.674|1|8|9|14
35.086|0|8|9|14
288.519|1|0|0|15
173.862|0|0|0|15
0|1|11|0|15
0.161|0|11|0|15
0|1|2|0|15
0.161|0|2|0|15
3.211|1|6|0|15
35.086|0|6|0|15
105.294|1|11|2|15
173.86|0|11|2|15
0|1|12|2|15
0.962|0|12|2|15
4.734|1|9|2|15
35.086|0|9|2|15
0|1|2|3|15
0.161|0|2|3|15
5.014|1|0|0|16
35.086|0|0|0|16
11.595|1|1|0|16
35.086|0|1|0|16
3.536|1|10|0|16
35.086|0|10|0|16
4.519|1|3|0|16
35.086|0|3|0|16
0|1|4|0|16
0.962|0|4|0|16
0|1|1|1|16
0.161|0|1|1|16
0|1|5|1|16
0.962|0|5|1|16
0|1|6|1|16
0.962|0|6|1|16
4.6|1|7|1|16
35.086|0|7|1|16
0|1|1|10|16
0.962|0|1|10|16
27.526|1|2|10|16
11.721|0|2|10|16
353.066|1|3|10|16
173.862|0|3|10|16
7.467|1|4|10|16
35.086|0|4|10|16
0|1|5|10|16
0.962|0|5|10|16
4.307|1|2|3|16
35.086|0|2|3|16
0|1|3|3|16
0.962|0|3|3|16
417.524|1|1|4|16
173.863|0|1|4|16
141.38|1|3|4|16
173.86|0|3|4|16
0|1|4|4|16
0.161|0|4|4|16
39.972|1|1|5|16
11.721|0|1|5|16
187.087|1|4|6|16
173.861|0|4|6|16
22.282|1|3|7|16
11.721|0|3|7|16
0|1|0|8|16
0.161|0|0|8|16
3.487|1|1|8|16
35.086|0|1|8|16
330.79|1|5|8|16
173.862|0|5|8|16
0|1|6|8|16
0.161|0|6|8|16
145.513|1|1|9|16
173.86|0|1|9|16
11.016|1|2|9|16
11.721|0|2|9|16
3.785|1|2|0|17
35.086|0|2|0|17
13.245|1|3|1|17
11.721|0|3|1|17
231.881|1|4|1|17
173.861|0|4|1|17
12.123|1|2|2|17
35.086|0|2|2|17
235.961|1|0|3|17
173.861|0|0|3|17
495.399|1|0|0|18
173.863|0|0|0|18
9.777|1|4|0|18
11.721|0|4|0|18
6.321|1|5|2|18
11.721|0|5|2|18
0|1|0|3|18
0.962|0|0|3|18
0|1|1|3|18
0.962|0|1|3|18
0|1|7|3|18
0.962|0|7|3|18
12.26|1|8|3|18
11.721|0|8|3|18
26.345|1|3|4|18
11.721|0|3|4|18
0|1|4|4|18
0.962|0|4|4|18
392.897|1|8|4|18
173.862|0|8|4|18
0|1|2|0|19
0.161|0|2|0|19
0|1|11|0|2
0.962|0|11|0|2
22.582|1|13|0|2
11.721|0|13|0|2
0|1|2|0|2
0.161|0|2|0|2
0|1|7|0|2
0.161|0|7|0|2
23.62|1|1|1|2
11.721|0|1|1|2
0|1|2|2|2
0.161|0|2|2|2
188.67|1|3|2|2
173.861|0|3|2|2
254.641|1|4|2|2
173.861|0|4|2|2
154.768|1|5|2|2
173.86|0|5|2|2
0|1|7|3|2
0.962|0|7|3|2
0|1|0|4|2
0.161|0|0|4|2
3.878|1|0|5|2
35.086|0|0|5|2
157.775|1|3|5|2
173.86|0|3|5|2
24.91|1|4|5|2
11.721|0|4|5|2
16.178|1|7|5|2
35.086|0|7|5|2
0|1|9|5|2
0.962|0|9|5|2
0|1|0|0|20
0.161|0|0|0|20
464.044|1|3|0|20
173.863|0|3|0|20
7.351|1|6|0|20
35.086|0|6|0|20
107.306|1|7|0|20
173.86|0|7|0|20
0|1|0|1|20
0.161|0|0|1|20
6.263|1|2|1|20
11.721|0|2|1|20
0|1|4|1|20
0.962|0|4|1|20
0|1|1|2|20
0.962|0|1|2|20
257.576|1|3|2|20
173.861|0|3|2|20
298.685|1|0|4|20
173.862|0|0|4|20
0|1|1|4|20
0.962|0|1|4|20
255.511|1|3|4|20
173.861|0|3|4|20
339.342|1|4|4|20
173.862|0|4|4|20
0|1|5|4|20
0.161|0|5|4|20
12.333|1|6|4|20
35.086|0|6|4|20
208.11|1|7|4|20
173.861|0|7|4|20
329.853|1|9|4|20
173.862|0|9|4|20
99.656|1|1|5|20
173.86|0|1|5|20
11.911|1|2|6|20
35.086|0|2|6|20
0|1|5|6|20
0.161|0|5|6|20
0|1|8|6|20
0.962|0|8|6|20
0|1|1|7|20
0.962|0|1|7|20
0|1|4|7|20
0.962|0|4|7|20
0|1|6|7|20
0.161|0|6|7|20
0|1|0|10|21
0.161|0|0|10|21
7.357|1|10|10|21
11.721|0|10|10|21
10.274|1|13|10|21
35.086|0|13|10|21
0|1|2|10|21
0.962|0|2|10|21
9.148|1|6|10|21
35.086|0|6|10|21
0|1|7|10|21
0.161|0|7|10|21
28.002|1|8|10|21
11.721|0|8|10|21
19.011|1|9|10|21
11.721|0|9|10|21
353.2|1|4|11|21
173.862|0|4|11|21
236.268|1|8|11|21
173.861|0|8|11|21
8.565|1|6|12|21
11.721|0|6|12|21
0|1|0|13|21
0.962|0|0|13|21
0|1|1|13|21
0.962|0|1|13|21
18.362|1|10|13|21
11.721|0|10|13|21
0|1|3|13|21
0.962|0|3|13|21
0|1|7|13|21
0.962|0|7|13|21
0|1|8|13|21
0.161|0|8|13|21
206.829|1|3|2|21
173.861|0|3|2|21
0|1|1|3|21
0.962|0|1|3|21
3.878|1|10|3|21
35.086|0|10|3|21
18.39|1|11|3|21
11.721|0|11|3|21
0|1|2|3|21
0.161|0|2|3|21
19.601|1|3|3|21
11.721|0|3|3|21
0|1|10|4|21
0.161|0|10|4|21
0|1|11|4|21
0.161|0|11|4|21
0|1|13|4|21
0.962|0|13|4|21
0|1|2|4|21
0.161|0|2|4|21
8.29|1|6|4|21
35.086|0|6|4|21
0|1|3|5|21
0.161|0|3|5|21
10.75|1|11|6|21
35.086|0|11|6|21
0|1|2|6|21
0.161|0|2|6|21
18.216|1|3|6|21
11.721|0|3|6|21
35.585|1|8|6|21
11.721|0|8|6|21
10.345|1|9|6|21
11.721|0|9|6|21
0|1|0|7|21
0.962|0|0|7|21
0|1|2|7|21
0.962|0|2|7|21
0|1|4|7|21
0.161|0|4|7|21
0|1|3|8|21
0.962|0|3|8|21
0|1|5|8|21
0.161|0|5|8|21
12.07|1|0|9|21
11.721|0|0|9|21
7.254|1|8|9|21
11.721|0|8|9|21
0|1|9|9|21
0.962|0|9|9|21
0|1|1|0|22
0.962|0|1|0|22
0|1|4|0|22
0.962|0|4|0|22
14.261|1|5|0|22
11.721|0|5|0|22
3.077|1|10|2|22
35.086|0|10|2|22
8.466|1|4|2|22
11.721|0|4|2|22
20.705|1|6|2|22
11.721|0|6|2|22
0|1|2|3|22
0.161|0|2|3|22
0|1|5|3|22
0.962|0|5|3|22
13.5|1|1|1|23
11.721|0|1|1|23
6.251|1|2|1|23
35.086|0|2|1|23
0|1|4|1|23
0.161|0|4|1|23
7.672|1|6|1|23
35.086|0|6|1|23
4.505|1|0|2|23
35.086|0|0|2|23
234.972|1|2|2|23
173.861|0|2|2|23
306.553|1|3|2|23
173.862|0|3|2|23
7.356|1|2|3|23
35.086|0|2|3|23
0|1|3|3|23
0.962|0|3|3|23
7.609|1|4|3|23
35.086|0|4|3|23
5.399|1|10|0|24
35.086|0|10|0|24
0|1|12|0|24
0.962|0|12|0|24
9.921|1|13|0|24
35.086|0|13|0|24
6.607|1|4|0|24
11.721|0|4|0|24
12.372|1|9|0|24
11.721|0|9|0|24
7.378|1|0|1|24
35.086|0|0|1|24
8.143|1|2|1|24
35.086|0|2|1|24
0|1|1|2|24
0.962|0|1|2|24
0|1|2|2|24
0.962|0|2|2|24
6.468|1|0|3|24
35.086|0|0|3|24
173.411|1|10|3|24
173.861|0|10|3|24
212.839|1|11|3|24
173.861|0|11|3|24
12.882|1|3|3|24
11.721|0|3|3|24
241.363|1|2|4|24
173.861|0|2|4|24
0|1|0|5|24
0.962|0|0|5|24
8.82|1|1|5|24
35.086|0|1|5|24
0|1|2|5|24
0.161|0|2|5|24
0|1|0|6|24
0.161|0|0|6|24
13.009|1|3|6|24
35.086|0|3|6|24
181.524|1|2|7|24
173.861|0|2|7|24
0|1|0|0|25
0.962|0|0|0|25
419.697|1|5|0|25
173.863|0|5|0|25
0|1|6|0|25
0.962|0|6|0|25
3.272|1|8|0|25
35.086|0|8|0|25
4.312|1|6|1|25
35.086|0|6|1|25
0|1|9|1|25
0.962|0|9|1|25
0|1|0|2|25
0.962|0|0|2|25
8.742|1|0|3|25
35.086|0|0|3|25
0|1|2|3|25
0.962|0|2|3|25
0|1|4|3|25
0.161|0|4|3|25
319.083|1|0|4|25
173.862|0|0|4|25
0|1|1|4|25
0.962|0|1|4|25
0|1|10|4|25
0.962|0|10|4|25
0|1|2|4|25
0.962|0|2|4|25
0|1|3|4|25
0.161|0|3|4|25
257.926|1|4|4|25
173.861|0|4|4|25
0|1|6|4|25
0.962|0|6|4|25
14.028|1|7|4|25
35.086|0|7|4|25
8.552|1|0|5|25
11.721|0|0|5|25
0|1|0|0|26
0.161|0|0|0|26
6.73|1|4|0|26
35.086|0|4|0|26
0|1|2|1|26
0.962|0|2|1|26
218.909|1|3|1|26
173.861|0|3|1|26
0|1|1|2|26
0.161|0|1|2|26
7.19|1|4|2|26
35.086|0|4|2|26
7.212|1|6|2|26
11.721|0|6|2|26
167.213|1|1|3|26
173.86|0|1|3|26
10.892|1|3|3|26
11.721|0|3|3|26
10.139|1|5|3|26
35.086|0|5|3|26
280.966|1|6|3|26
173.862|0|6|3|26
0|1|1|4|26
0.962|0|1|4|26
0|1|13|4|26
0.962|0|13|4|26
0|1|2|4|26
0.161|0|2|4|26
0|1|4|4|26
0.161|0|4|4|26
14.858|1|7|4|26
11.721|0|7|4|26
117.797|1|9|4|26
173.86|0|9|4|26
0|1|1|5|26
0.161|0|1|5|26
11.975|1|0|0|27
35.086|0|0|0|27
0|1|1|0|27
0.161|0|1|0|27
21.422|1|1|1|27
11.721|0|1|1|27
0|1|2|1|27
0.161|0|2|1|27
0|1|3|1|27
0.962|0|3|1|27
0|1|5|1|27
0.161|0|5|1|27
0|1|6|1|27
0.962|0|6|1|27
0|1|1|2|27
0.962|0|1|2|27
0|1|2|2|27
0.161|0|2|2|27
12.569|1|0|3|27
11.721|0|0|3|27
3.176|1|1|3|27
35.086|0|1|3|27
0|1|2|4|27
0.161|0|2|4|27
0|1|3|5|27
0.161|0|3|5|27
466.749|1|5|5|27
173.863|0|5|5|27
0|1|4|6|27
0.161|0|4|6|27
15.97|1|4|7|27
11.721|0|4|7|27
11.545|1|6|7|27
35.086|0|6|7|27
0|1|0|8|27
0.161|0|0|8|27
173.281|1|0|9|27
173.861|0|0|9|27
15.909|1|3|9|27
35.086|0|3|9|27
5.632|1|4|9|27
35.086|0|4|9|27
4.994|1|5|9|27
35.086|0|5|9|27
17.768|1|0|0|28
11.721|0|0|0|28
3.941|1|1|0|28
35.086|0|1|0|28
224.949|1|6|0|28
173.861|0|6|0|28
0|1|4|1|28
0.161|0|4|1|28
0|1|0|10|28
0.962|0|0|10|28
225.213|1|1|10|28
173.861|0|1|10|28
8.573|1|2|10|28
11.721|0|2|10|28
0|1|5|10|28
0.962|0|5|10|28
272.617|1|6|10|28
173.862|0|6|10|28
0|1|1|11|28
0.962|0|1|11|28
0|1|4|11|28
0.962|0|4|11|28
8.425|1|0|12|28
11.721|0|0|12|28
10.423|1|1|12|28
35.086|0|1|12|28
3.868|1|3|12|28
35.086|0|3|12|28
293.854|1|5|12|28
173.862|0|5|12|28
182.223|1|3|14|28
173.861|0|3|14|28
6.303|1|5|14|28
35.086|0|5|14|28
0|1|6|14|28
0.161|0|6|14|28
0|1|7|14|28
0.962|0|7|14|28
7.09|1|1|15|28
35.086|0|1|15|28
181.586|1|2|15|28
173.861|0|2|15|28
20.031|1|4|15|28
11.721|0|4|15|28
5.983|1|5|15|28
35.086|0|5|15|28
0|1|6|15|28
0.962|0|6|15|28
24.758|1|0|16|28
11.721|0|0|16|28
0|1|5|16|28
0.161|0|5|16|28
14.141|1|1|2|28
11.721|0|1|2|28
5.705|1|4|2|28
11.721|0|4|2|28
369.74|1|6|2|28
173.862|0|6|2|28
8.519|1|1|3|28
35.086|0|1|3|28
10.72|1|6|3|28
11.721|0|6|3|28
482.632|1|1|4|28
173.863|0|1|4|28
467.392|1|12|4|28
173.863|0|12|4|28
0|1|2|4|28
0.962|0|2|4|28
3.374|1|4|4|28
35.086|0|4|4|28
0|1|9|4|28
0.962|0|9|4|28
0|1|0|5|28
0.161|0|0|5|28
10.012|1|2|5|28
11.721|0|2|5|28
17.131|1|4|5|28
11.721|0|4|5|28
0|1|1|6|28
0.161|0|1|6|28
0|1|10|6|28
0.962|0|10|6|28
27.247|1|3|6|28
11.721|0|3|6|28
7.345|1|4|6|28
11.721|0|4|6|28
9.576|1|6|6|28
35.086|0|6|6|28
135.644|1|9|6|28
173.86|0|9|6|28
0|1|0|7|28
0.962|0|0|7|28
0|1|2|8|28
0.962|0|2|8|28
502.212|1|10|9|28
173.864|0|10|9|28
0|1|11|9|28
0.161|0|11|9|28
0|1|12|9|28
0.161|0|12|9|28
239.866|1|9|9|28
173.861|0|9|9|28
7.147|1|1|0|29
11.721|0|1|0|29
8.025|1|5|0|29
11.721|0|5|0|29
0|1|7|0|29
0.962|0|7|0|29
244.986|1|0|1|29
173.861|0|0|1|29
146.026|1|2|1|29
173.86|0|2|1|29
16.242|1|0|2|29
11.721|0|0|2|29
15.312|1|2|2|29
11.721|0|2|2|29
0|1|11|0|3
0.161|0|11|0|3
15.943|1|13|0|3
35.086|0|13|0|3
0|1|7|0|3
0.161|0|7|0|3
0|1|8|0|3
0.161|0|8|0|3
511.141|1|9|0|3
173.863|0|9|0|3
372.71|1|0|1|3
173.862|0|0|1|3
8.899|1|4|1|3
11.721|0|4|1|3
0|1|1|2|3
0.962|0|1|2|3
0|1|2|2|3
0.962|0|2|2|3
0|1|13|3|3
0.161|0|13|3|3
5.657|1|2|3|3
35.086|0|2|3|3
19.451|1|3|3|3
11.721|0|3|3|3
0|1|4|0|31
0.161|0|4|0|31
0|1|5|0|31
0.962|0|5|0|31
25.225|1|0|0|32
11.721|0|0|0|32
18.057|1|3|0|32
35.086|0|3|0|32
0|1|4|0|32
0.161|0|4|0|32
417.483|1|6|0|32
173.863|0|6|0|32
29.909|1|0|10|32
11.721|0|0|10|32
0|1|1|10|32
0.161|0|1|10|32
0|1|7|11|32
0.962|0|7|11|32
0|1|1|12|32
0.962|0|1|12|32
5.987|1|3|12|32
11.721|0|3|12|32
0|1|8|12|32
0.161|0|8|12|32
0|1|2|13|32
0.161|0|2|13|32
7.746|1|8|13|32
35.086|0|8|13|32
0|1|9|13|32
0.962|0|9|13|32
578.618|1|2|2|32
173.864|0|2|2|32
120.962|1|2|3|32
173.86|0|2|3|32
12.312|1|0|4|32
35.086|0|0|4|32
296.167|1|7|4|32
173.862|0|7|4|32
0|1|2|5|32
0.962|0|2|5|32
0|1|5|5|32
0.161|0|5|5|32
9.932|1|6|6|32
11.721|0|6|6|32
515.797|1|0|7|32
173.864|0|0|7|32
20.549|1|4|7|32
11.721|0|4|7|32
8.054|1|8|7|32
35.086|0|8|7|32
625.706|1|1|8|32
173.864|0|1|8|32
8.321|1|2|9|32
35.086|0|2|9|32
15.611|1|1|1|33
11.721|0|1|1|33
530.432|1|10|1|33
173.864|0|10|1|33
4.927|1|11|1|33
35.086|0|11|1|33
0|1|2|1|33
0.962|0|2|1|33
12.588|1|5|1|33
11.721|0|5|1|33
232.804|1|6|1|33
173.861|0|6|1|33
200.57|1|1|10|33
173.861|0|1|10|33
178.809|1|0|11|33
173.861|0|0|11|33
10.319|1|1|11|33
11.721|0|1|11|33
20.53|1|3|11|33
11.721|0|3|11|33
447.633|1|5|11|33
173.863|0|5|11|33
16.699|1|0|3|33
35.086|0|0|3|33
12.159|1|3|3|33
11.721|0|3|3|33
181.315|1|5|3|33
173.861|0|5|3|33
0|1|1|4|33
0.962|0|1|4|33
0|1|12|4|33
0.962|0|12|4|33
0|1|2|4|33
0.161|0|2|4|33
12.637|1|3|4|33
11.721|0|3|4|33
0|1|9|4|33
0.962|0|9|4|33
4.44|1|1|5|33
35.086|0|1|5|33
0|1|3|5|33
0.962|0|3|5|33
7.231|1|0|7|33
35.086|0|0|7|33
0|1|1|7|33
0.962|0|1|7|33
8.721|1|3|7|33
11.721|0|3|7|33
0|1|4|7|33
0.962|0|4|7|33
0|1|5|7|33
0.962|0|5|7|33
0|1|2|8|33
0.962|0|2|8|33
0|1|7|8|33
0.161|0|7|8|33
15.367|1|0|9|33
11.721|0|0|9|33
4.352|1|1|9|33
35.086|0|1|9|33
0|1|4|9|33
0.962|0|4|9|33
400.683|1|5|9|33
173.863|0|5|9|33
0|1|6|9|33
0.962|0|6|9|33
11.326|1|7|9|33
11.721|0|7|9|33
22.154|1|9|9|33
11.721|0|9|9|33
0|1|1|0|34
0.962|0|1|0|34
4.414|1|1|1|34
35.086|0|1|1|34
28.955|1|1|2|34
11.721|0|1|2|34
12.269|1|3|2|34
11.721|0|3|2|34
17.731|1|0|3|34
35.086|0|0|3|34
0|1|0|4|34
0.962|0|0|4|34
0|1|4|5|34
0.161|0|4|5|34
10.223|1|0|0|35
35.086|0|0|0|35
10.395|1|1|0|35
11.721|0|1|0|35
11.494|1|13|0|35
35.086|0|13|0|35
0|1|8|0|35
0.161|0|8|0|35
0|1|9|0|35
0.962|0|9|0|35
0|1|2|1|35
0.962|0|2|1|35
0|1|0|2|35
0.962|0|0|2|35
14.675|1|4|2|35
11.721|0|4|2|35
2.937|1|5|2|35
35.086|0|5|2|35
3.61|1|6|2|35
35.086|0|6|2|35
5.556|1|8|2|35
35.086|0|8|2|35
164.449|1|9|2|35
173.86|0|9|2|35
10.958|1|0|3|35
11.721|0|0|3|35
4.855|1|0|0|36
35.086|0|0|0|36
0|1|10|0|36
0.161|0|10|0|36
0|1|4|0|36
0.161|0|4|0|36
0|1|6|0|36
0.962|0|6|0|36
0|1|7|0|36
0.161|0|7|0|36
14.849|1|8|0|36
35.086|0|8|0|36
0|1|12|1|36
0.962|0|12|1|36
0|1|6|1|36
0.962|0|6|1|36
0|1|9|1|36
0.161|0|9|1|36
0|1|2|2|36
0.161|0|2|2|36
9.807|1|7|2|36
35.086|0|7|2|36
0|1|0|3|36
0.962|0|0|3|36
138.492|1|1|4|36
173.86|0|1|4|36
18.094|1|2|5|36
11.721|0|2|5|36
0|1|4|5|36
0.962|0|4|5|36
0|1|9|5|36
0.161|0|9|5|36
8.99|1|1|6|36
11.721|0|1|6|36
0|1|4|6|36
0.161|0|4|6|36
0|1|1|0|37
0.962|0|1|0|37
5.133|1|3|0|37
35.086|0|3|0|37
10.261|1|4|0|37
35.086|0|4|0|37
6.332|1|0|1|37
35.086|0|0|1|37
0|1|4|1|37
0.962|0|4|1|37
0|1|0|2|37
0.962|0|0|2|37
15.441|1|11|2|37
11.721|0|11|2|37
0|1|2|2|37
0.962|0|2|2|37
0|1|5|2|37
0.161|0|5|2|37
0|1|9|2|37
0.161|0|9|2|37
0|1|2|3|37
0.161|0|2|3|37
0|1|3|4|37
0.962|0|3|4|37
140.629|1|4|4|37
173.86|0|4|4|37
261.195|1|9|4|37
173.861|0|9|4|37
220.347|1|10|5|37
173.861|0|10|5|37
11.256|1|13|5|37
11.721|0|13|5|37
0|1|5|5|37
0.161|0|5|5|37
18.052|1|7|5|37
11.721|0|7|5|37
278.621|1|1|7|37
173.861|0|1|7|37
0|1|12|7|37
0.962|0|12|7|37
3.115|1|6|7|37
35.086|0|6|7|37
163.678|1|8|7|37
173.86|0|8|7|37
9.46|1|0|8|37
11.721|0|0|8|37
10.396|1|1|8|37
11.721|0|1|8|37
9.565|1|2|8|37
11.721|0|2|8|37
0|1|4|1|38
0.962|0|4|1|38
0|1|5|2|38
0.161|0|5|2|38
0|1|0|3|38
0.161|0|0|3|38
10.676|1|3|3|38
35.086|0|3|3|38
0|1|4|3|38
0.161|0|4|3|38
0|1|0|4|38
0.161|0|0|4|38
0|1|3|4|38
0.161|0|3|4|38
8.401|1|4|4|38
35.086|0|4|4|38
0|1|0|5|38
0.161|0|0|5|38
5.93|1|2|5|38
35.086|0|2|5|38
9.72|1|0|6|38
11.721|0|0|6|38
0|1|3|6|38
0.962|0|3|6|38
0|1|0|7|38
0.962|0|0|7|38
6.44|1|1|8|38
35.086|0|1|8|38
283.666|1|2|9|38
173.862|0|2|9|38
0|1|0|0|39
0.962|0|0|0|39
7.137|1|2|10|39
35.086|0|2|10|39
0|1|12|11|39
0.962|0|12|11|39
0|1|2|11|39
0.161|0|2|11|39
8.876|1|3|11|39
11.721|0|3|11|39
11.922|1|4|11|39
11.721|0|4|11|39
0|1|5|11|39
0.962|0|5|11|39
0|1|2|12|39
0.962|0|2|12|39
12.824|1|4|12|39
11.721|0|4|12|39
428.134|1|1|13|39
173.863|0|1|13|39
0|1|7|13|39
0.962|0|7|13|39
0|1|1|14|39
0.962|0|1|14|39
10.422|1|8|14|39
35.086|0|8|14|39
15.229|1|0|2|39
11.721|0|0|2|39
6.018|1|2|2|39
35.086|0|2|2|39
331.299|1|6|2|39
173.862|0|6|2|39
10.968|1|8|2|39
35.086|0|8|2|39
8.984|1|9|2|39
11.721|0|9|2|39
0|1|1|4|39
0.962|0|1|4|39
413.224|1|6|6|39
173.863|0|6|6|39
6.582|1|7|6|39
35.086|0|7|6|39
0|1|0|7|39
0.962|0|0|7|39
0|1|2|7|39
0.962|0|2|7|39
0|1|5|7|39
0.161|0|5|7|39
0|1|6|7|39
0.161|0|6|7|39
8.922|1|8|7|39
35.086|0|8|7|39
7.655|1|10|8|39
35.086|0|10|8|39
13.324|1|13|8|39
35.086|0|13|8|39
3.649|1|4|8|39
35.086|0|4|8|39
0|1|6|8|39
0.161|0|6|8|39
0|1|1|9|39
0.161|0|1|9|39
0|1|5|0|4
0.161|0|5|0|4
11.018|1|7|0|4
35.086|0|7|0|4
10.123|1|8|0|4
35.086|0|8|0|4
0|1|9|0|4
0.962|0|9|0|4
0|1|2|10|4
0.161|0|2|10|4
0|1|3|10|4
0.161|0|3|10|4
190.046|1|0|11|4
173.861|0|0|11|4
0|1|1|11|4
0.161|0|1|11|4
0|1|10|12|4
0.962|0|10|12|4
19.361|1|4|12|4
11.721|0|4|12|4
20.086|1|7|12|4
11.721|0|7|12|4
237.822|1|10|13|4
173.861|0|10|13|4
115.638|1|13|13|4
173.86|0|13|13|4
0|1|3|13|4
0.161|0|3|13|4
0|1|7|13|4
0.962|0|7|13|4
5.614|1|8|13|4
35.086|0|8|13|4
14.251|1|9|13|4
11.721|0|9|13|4
0|1|0|2|4
0.161|0|0|2|4
20.465|1|2|2|4
11.721|0|2|2|4
3.602|1|0|3|4
35.086|0|0|3|4
29.869|1|1|3|4
11.721|0|1|3|4
0|1|5|3|4
0.161|0|5|3|4
0|1|0|4|4
0.161|0|0|4|4
23.825|1|1|4|4
11.721|0|1|4|4
185.793|1|3|4|4
173.861|0|3|4|4
0|1|1|5|4
0.161|0|1|5|4
0|1|2|5|4
0.962|0|2|5|4
6.126|1|5|5|4
35.086|0|5|5|4
4.317|1|0|6|4
35.086|0|0|6|4
0|1|1|6|4
0.962|0|1|6|4
444.526|1|1|7|4
173.863|0|1|7|4
0|1|2|8|4
0.161|0|2|8|4
0|1|0|9|4
0.962|0|0|9|4
31.932|1|3|9|4
11.721|0|3|9|4
13.67|1|5|9|4
11.721|0|5|9|4
14.459|1|3|0|5
11.721|0|3|0|5
0|1|1|0|6
0.962|0|1|0|6
0|1|2|0|6
0.962|0|2|0|6
230.443|1|4|0|6
173.861|0|4|0|6
0|1|5|1|6
0.962|0|5|1|6
19.602|1|2|2|6
11.721|0|2|2|6
2.947|1|3|2|6
35.086|0|3|2|6
649.262|1|1|3|6
173.865|0|1|3|6
0|1|2|3|6
0.161|0|2|3|6
0|1|8|3|6
0.161|0|8|3|6
0|1|4|0|7
0.962|0|4|0|7
0|1|6|0|7
0.161|0|6|0|7
0|1|1|1|7
0.161|0|1|1|7
122.284|1|1|10|7
173.86|0|1|10|7
0|1|2|10|7
0.962|0|2|10|7
8.481|1|3|10|7
35.086|0|3|10|7
10.071|1|1|2|7
11.721|0|1|2|7
5.98|1|10|2|7
11.721|0|10|2|7
0|1|3|2|7
0.962|0|3|2|7
17.043|1|9|2|7
35.086|0|9|2|7
0|1|0|3|7
0.161|0|0|3|7
0|1|1|3|7
0.962|0|1|3|7
0|1|2|3|7
0.161|0|2|3|7
129.459|1|3|4|7
173.86|0|3|4|7
276.322|1|4|4|7
173.861|0|4|4|7
355.481|1|1|6|7
173.862|0|1|6|7
0|1|0|7|7
0.962|0|0|7|7
381.886|1|10|7|7
173.862|0|10|7|7
0|1|11|7|7
0.962|0|11|7|7
11.986|1|2|7|7
11.721|0|2|7|7
0|1|5|7|7
0.161|0|5|7|7
13.942|1|6|7|7
35.086|0|6|7|7
6.509|1|3|8|7
35.086|0|3|8|7
16.222|1|4|8|7
11.721|0|4|8|7
0|1|0|9|7
0.161|0|0|9|7
0|1|1|9|7
0.161|0|1|9|7
14.177|1|0|0|8
11.721|0|0|0|8
12.34|1|1|0|8
35.086|0|1|0|8
9.925|1|4|0|8
35.086|0|4|0|8
0|1|5|0|8
0.962|0|5|0|8
0|1|4|1|8
0.161|0|4|1|8
12.466|1|6|1|8
11.721|0|6|1|8
14.183|1|7|1|8
35.086|0|7|1|8
0|1|0|2|8
0.962|0|0|2|8
229.339|1|3|2|8
173.861|0|3|2|8
17.944|1|0|3|8
11.721|0|0|3|8
15.964|1|2|3|8
35.086|0|2|3|8
0|1|0|0|9
0.161|0|0|0|9
0|1|12|0|9
0.962|0|12|0|9
0|1|2|0|9
0.161|0|2|0|9
12.42|1|9|0|9
11.721|0|9|0|9
0|1|1|1|9
0.962|0|1|1|9
6.887|1|3|1|9
11.721|0|3|1|9
0|1|5|1|9
0.962|0|5|1|9
0|1|6|1|9
0.161|0|6|1|9
169.541|1|9|1|9
173.861|0|9|1|9
8.263|1|1|2|9
35.086|0|1|2|9
17.279|1|4|2|9
35.086|0|4|2|9
13.396|1|0|3|9
11.721|0|0|3|9
3.116|1|1|3|9
35.086|0|1|3|9
28.894|1|2|3|9
11.721|0|2|3|9
15.222|1|5|3|9
11.721|0|5|3|9
3.892|1|5|0|0
35.086|0|5|0|0
2.729|1|6|0|0
35.086|0|6|0|0
0|1|9|0|0
3.701|0|9|0|0
0|1|10|1|0
0.788|0|10|1|0
0|1|11|1|0
2.25|0|11|1|0
0|1|12|1|0
0.788|0|12|1|0
16.353|1|5|1|0
35.086|0|5|1|0
9.529|1|2|10|0
35.086|0|2|10|0
0|1|0|11|0
0.788|0|0|11|0
8.326|1|0|12|0
35.086|0|0|12|0
0|1|4|12|0
0.788|0|4|12|0
0|1|2|13|0
3.701|0|2|13|0
0|1|6|13|0
2.25|0|6|13|0
4.999|1|7|13|0
35.086|0|7|13|0
0|1|8|13|0
2.25|0|8|13|0
0|1|4|2|0
3.701|0|4|2|0
5.848|1|5|2|0
35.086|0|5|2|0
0|1|0|4|0
0.788|0|0|4|0
0|1|1|4|0
2.25|0|1|4|0
0|1|2|4|0
0.788|0|2|4|0
0|1|0|5|0
3.701|0|0|5|0
0|1|1|5|0
3.701|0|1|5|0
0|1|2|5|0
0.788|0|2|5|0
4.167|1|10|6|0
35.086|0|10|6|0
0|1|3|6|0
2.25|0|3|6|0
0|1|9|6|0
0.788|0|9|6|0
0|1|1|7|0
3.701|0|1|7|0
0|1|2|7|0
3.701|0|2|7|0
0|1|4|7|0
3.701|0|4|7|0
0|1|3|8|0
0.788|0|3|8|0
8.007|1|4|8|0
35.086|0|4|8|0
9.802|1|1|9|0
35.086|0|1|9|0
0|1|4|9|0
0.788|0|4|9|0
3.678|1|1|0|1
35.086|0|1|0|1
9.879|1|3|2|1
35.086|0|3|2|1
0|1|8|0|10
0.788|0|8|0|10
0|1|1|1|10
3.701|0|1|1|10
0|1|1|4|10
0.788|0|1|4|10
0|1|6|4|10
2.25|0|6|4|10
3.097|1|7|4|10
35.086|0|7|4|10
0|1|0|0|11
2.25|0|0|0|11
0|1|8|0|11
0.788|0|8|0|11
0|1|9|0|11
2.25|0|9|0|11
0|1|1|1|11
2.25|0|1|1|11
0|1|0|2|11
2.25|0|0|2|11
6.882|1|1|2|11
35.086|0|1|2|11
2.992|1|0|3|11
35.086|0|0|3|11
16.131|1|0|4|11
35.086|0|0|4|11
0|1|1|4|11
2.25|0|1|4|11
6.67|1|1|5|11
35.086|0|1|5|11
0|1|4|5|11
0.788|0|4|5|11
0|1|3|0|12
3.701|0|3|0|12
6.235|1|11|2|12
35.086|0|11|2|12
4.802|1|2|2|12
35.086|0|2|2|12
2.894|1|6|2|12
35.086|0|6|2|12
0|1|9|2|12
3.701|0|9|2|12
10.625|1|0|3|12
35.086|0|0|3|12
3.562|1|1|3|12
35.086|0|1|3|12
0|1|5|3|12
3.701|0|5|3|12
0|1|6|3|12
0.788|0|6|3|12
0|1|0|0|13
0.788|0|0|0|13
0|1|10|1|13
2.25|0|10|1|13
0|1|3|1|13
3.701|0|3|1|13
0|1|5|1|13
0.788|0|5|1|13
0|1|8|1|13
0.788|0|8|1|13
0|1|0|0|14
2.25|0|0|0|14
0|1|1|0|14
3.701|0|1|0|14
0|1|0|1|14
3.701|0|0|1|14
0|1|1|1|14
2.25|0|1|1|14
6.527|1|1|10|14
35.086|0|1|10|14
0|1|2|10|14
3.701|0|2|10|14
0|1|4|10|14
0.788|0|4|10|14
0|1|6|10|14
2.25|0|6|10|14
0|1|7|10|14
3.701|0|7|10|14
5.623|1|8|10|14
35.086|0|8|10|14
4.347|1|0|12|14
35.086|0|0|12|14
5.709|1|13|12|14
35.086|0|13|12|14
0|1|2|12|14
3.701|0|2|12|14
5.432|1|5|12|14
35.086|0|5|12|14
0|1|8|12|14
3.701|0|8|12|14
0|1|9|12|14
0.788|0|9|12|14
0|1|0|13|14
0.788|0|0|13|14
0|1|2|13|14
2.25|0|2|13|14
0|1|2|14|14
2.25|0|2|14|14
12.44|1|6|14|14
35.086|0|6|14|14
6.623|1|7|15|14
35.086|0|7|15|14
0|1|8|15|14
2.25|0|8|15|14
0|1|0|16|14
2.25|0|0|16|14
0|1|2|16|14
2.25|0|2|16|14
3.179|1|1|2|14
35.086|0|1|2|14
0|1|4|2|14
0.788|0|4|2|14
5.839|1|0|3|14
35.086|0|0|3|14
0|1|2|3|14
3.701|0|2|3|14
0|1|3|3|14
2.25|0|3|3|14
0|1|2|5|14
2.25|0|2|5|14
0|1|4|5|14
2.25|0|4|5|14
8.525|1|10|6|14
35.086|0|10|6|14
0|1|5|6|14
0.788|0|5|6|14
0|1|2|7|14
0.788|0|2|7|14
0|1|10|9|14
2.25|0|10|9|14
3.47|1|13|9|14
35.086|0|13|9|14
0|1|5|9|14
3.701|0|5|9|14
6.885|1|8|9|14
35.086|0|8|9|14
0|1|13|0|15
3.701|0|13|0|15
3.341|1|6|0|15
35.086|0|6|0|15
0|1|9|0|15
0.788|0|9|0|15
0|1|1|2|15
2.25|0|1|2|15
0|1|2|2|15
2.25|0|2|2|15
0|1|3|2|15
2.25|0|3|2|15
0|1|4|2|15
3.701|0|4|2|15
0|1|6|2|15
3.701|0|6|2|15
0|1|7|2|15
2.25|0|7|2|15
4.099|1|9|2|15
35.086|0|9|2|15
0|1|1|3|15
2.25|0|1|3|15
0|1|6|3|15
0.788|0|6|3|15
3.787|1|0|0|16
35.086|0|0|0|16
10.351|1|1|0|16
35.086|0|1|0|16
3.044|1|10|0|16
35.086|0|10|0|16
0|1|11|0|16
3.701|0|11|0|16
0|1|12|0|16
0.788|0|12|0|16
3.794|1|3|0|16
35.086|0|3|0|16
0|1|0|1|16
0.788|0|0|1|16
0|1|3|1|16
0.788|0|3|1|16
4.029|1|7|1|16
35.086|0|7|1|16
0|1|8|1|16
2.25|0|8|1|16
0|1|9|1|16
3.701|0|9|1|16
0|1|0|10|16
3.701|0|0|10|16
6.746|1|4|10|16
35.086|0|4|10|16
0|1|7|10|16
2.25|0|7|10|16
0|1|0|2|16
0.788|0|0|2|16
3.473|1|2|3|16
35.086|0|2|3|16
0|1|0|4|16
0.788|0|0|4|16
0|1|2|5|16
2.25|0|2|5|16
0|1|4|5|16
3.701|0|4|5|16
0|1|6|5|16
3.701|0|6|5|16
0|1|2|6|16
3.701|0|2|6|16
0|1|0|7|16
3.701|0|0|7|16
2.905|1|1|8|16
35.086|0|1|8|16
0|1|3|8|16
2.25|0|3|8|16
0|1|4|8|16
2.25|0|4|8|16
0|1|8|8|16
3.701|0|8|8|16
0|1|5|9|16
0.788|0|5|9|16
0|1|0|0|17
0.788|0|0|0|17
0|1|1|0|17
0.788|0|1|0|17
2.991|1|2|0|17
35.086|0|2|0|17
0|1|1|1|17
2.25|0|1|1|17
0|1|6|1|17
3.701|0|6|1|17
10.394|1|2|2|17
35.086|0|2|2|17
0|1|2|0|18
2.25|0|2|0|18
0|1|0|1|18
0.788|0|0|1|18
0|1|4|1|18
2.25|0|4|1|18
0|1|1|2|18
0.788|0|1|2|18
0|1|3|2|18
2.25|0|3|2|18
0|1|2|3|18
3.701|0|2|3|18
0|1|3|3|18
3.701|0|3|3|18
0|1|9|3|18
0.788|0|9|3|18
0|1|0|4|18
2.25|0|0|4|18
0|1|5|0|19
3.701|0|5|0|19
0|1|6|0|19
0.788|0|6|0|19
0|1|0|0|2
0.788|0|0|0|2
0|1|5|0|2
3.701|0|5|0|2
0|1|9|0|2
2.25|0|9|0|2
0|1|4|3|2
2.25|0|4|3|2
0|1|6|3|2
0.788|0|6|3|2
0|1|9|3|2
0.788|0|9|3|2
0|1|4|4|2
3.701|0|4|4|2
3.075|1|0|5|2
35.086|0|0|5|2
0|1|11|5|2
2.25|0|11|5|2
0|1|6|5|2
0.788|0|6|5|2
13.843|1|7|5|2
35.086|0|7|5|2
0|1|1|0|20
0.788|0|1|0|20
0|1|2|0|20
2.25|0|2|0|20
0|1|4|0|20
0.788|0|4|0|20
5.74|1|6|0|20
35.086|0|6|0|20
0|1|1|1|20
0.788|0|1|1|20
0|1|5|1|20
0.788|0|5|1|20
0|1|4|2|20
0.788|0|4|2|20
0|1|5|2|20
0.788|0|5|2|20
9.788|1|6|4|20
35.086|0|6|4|20
0|1|8|4|20
0.788|0|8|4|20
0|1|2|5|20
0.788|0|2|5|20
0|1|3|5|20
3.701|0|3|5|20
0|1|4|5|20
2.25|0|4|5|20
0|1|5|5|20
2.25|0|5|5|20
0|1|7|5|20
0.788|0|7|5|20
9.758|1|2|6|20
35.086|0|2|6|20
0|1|0|7|20
0.788|0|0|7|20
0|1|2|7|20
3.701|0|2|7|20
0|1|8|7|20
0.788|0|8|7|20
0|1|1|1|21
3.701|0|1|1|21
9|1|13|10|21
35.086|0|13|10|21
0|1|5|10|21
3.701|0|5|10|21
7.183|1|6|10|21
35.086|0|6|10|21
0|1|0|11|21
2.25|0|0|11|21
0|1|1|11|21
2.25|0|1|11|21
0|1|2|11|21
2.25|0|2|11|21
0|1|5|11|21
3.701|0|5|11|21
0|1|7|11|21
0.788|0|7|11|21
0|1|11|13|21
2.25|0|11|13|21
0|1|12|13|21
3.701|0|12|13|21
0|1|5|13|21
3.701|0|5|13|21
0|1|6|13|21
2.25|0|6|13|21
3.137|1|10|3|21
35.086|0|10|3|21
0|1|12|3|21
2.25|0|12|3|21
0|1|13|3|21
2.25|0|13|3|21
0|1|0|4|21
2.25|0|0|4|21
0|1|3|4|21
2.25|0|3|4|21
0|1|4|4|21
0.788|0|4|4|21
0|1|5|4|21
2.25|0|5|4|21
6.913|1|6|4|21
35.086|0|6|4|21
0|1|1|5|21
2.25|0|1|5|21
0|1|2|5|21
0.788|0|2|5|21
8.797|1|11|6|21
35.086|0|11|6|21
0|1|4|6|21
0.788|0|4|6|21
0|1|3|7|21
2.25|0|3|7|21
0|1|10|8|21
0.788|0|10|8|21
0|1|11|8|21
0.788|0|11|8|21
0|1|6|8|21
0.788|0|6|8|21
0|1|9|8|21
0.788|0|9|8|21
0|1|11|9|21
2.25|0|11|9|21
0|1|13|9|21
2.25|0|13|9|21
0|1|2|9|21
3.701|0|2|9|21
0|1|7|9|21
0.788|0|7|9|21
0|1|0|0|22
0.788|0|0|0|22
0|1|3|0|22
3.701|0|3|0|22
0|1|6|0|22
0.788|0|6|0|22
0|1|0|1|22
3.701|0|0|1|22
0|1|2|1|22
3.701|0|2|1|22
3.01|1|10|2|22
35.086|0|10|2|22
0|1|11|2|22
0.788|0|11|2|22
0|1|5|2|22
0.788|0|5|2|22
0|1|8|2|22
0.788|0|8|2|22
0|1|9|2|22
3.701|0|9|2|22
0|1|1|3|22
2.25|0|1|3|22
0|1|6|3|22
3.701|0|6|3|22
0|1|7|3|22
2.25|0|7|3|22
0|1|1|0|23
0.788|0|1|0|23
0|1|2|0|23
3.701|0|2|0|23
0|1|0|1|23
0.788|0|0|1|23
4.409|1|2|1|23
35.086|0|2|1|23
0|1|5|1|23
2.25|0|5|1|23
6.442|1|6|1|23
35.086|0|6|1|23
3.598|1|0|2|23
35.086|0|0|2|23
0|1|1|3|23
0.788|0|1|3|23
5.431|1|2|3|23
35.086|0|2|3|23
6.382|1|4|3|23
35.086|0|4|3|23
0|1|6|3|23
0.788|0|6|3|23
0|1|1|0|24
2.25|0|1|0|24
4.71|1|10|0|24
35.086|0|10|0|24
8.446|1|13|0|24
35.086|0|13|0|24
6.148|1|0|1|24
35.086|0|0|1|24
6.864|1|2|1|24
35.086|0|2|1|24
0|1|3|1|24
2.25|0|3|1|24
0|1|0|2|24
0.788|0|0|2|24
4.989|1|0|3|24
35.086|0|0|3|24
0|1|4|3|24
2.25|0|4|3|24
0|1|8|3|24
2.25|0|8|3|24
0|1|0|4|24
3.701|0|0|4|24
0|1|3|4|24
0.788|0|3|4|24
7.033|1|1|5|24
35.086|0|1|5|24
10.458|1|3|6|24
35.086|0|3|6|24
0|1|4|6|24
0.788|0|4|6|24
0|1|1|0|25
3.701|0|1|0|25
0|1|2|0|25
3.701|0|2|0|25
2.088|1|8|0|25
35.086|0|8|0|25
0|1|2|1|25
2.25|0|2|1|25
0|1|4|1|25
0.788|0|4|1|25
0|1|5|1|25
2.25|0|5|1|25
4.246|1|6|1|25
35.086|0|6|1|25
7.371|1|0|3|25
35.086|0|0|3|25
11.905|1|7|4|25
35.086|0|7|4|25
0|1|9|4|25
2.25|0|9|4|25
4.692|1|4|0|26
35.086|0|4|0|26
0|1|3|2|26
2.25|0|3|2|26
6.773|1|4|2|26
35.086|0|4|2|26
0|1|10|3|26
2.25|0|10|3|26
0|1|2|3|26
0.788|0|2|3|26
8.656|1|5|3|26
35.086|0|5|3|26
0|1|0|4|26
0.788|0|0|4|26
0|1|10|4|26
3.701|0|10|4|26
0|1|5|4|26
0.788|0|5|4|26
0|1|8|4|26
0.788|0|8|4|26
0|1|4|5|26
3.701|0|4|5|26
0|1|6|5|26
0.788|0|6|5|26
0|1|8|5|26
2.25|0|8|5|26
9.889|1|0|0|27
35.086|0|0|0|27
0|1|0|1|27
2.25|0|0|1|27
0|1|0|2|27
0.788|0|0|2|27
2.944|1|1|3|27
35.086|0|1|3|27
0|1|1|4|27
0.788|0|1|4|27
0|1|3|4|27
0.788|0|3|4|27
0|1|4|4|27
2.25|0|4|4|27
0|1|0|5|27
0.788|0|0|5|27
0|1|1|5|27
0.788|0|1|5|27
0|1|2|5|27
2.25|0|2|5|27
0|1|7|5|27
0.788|0|7|5|27
0|1|9|5|27
3.701|0|9|5|27
0|1|1|6|27
3.701|0|1|6|27
0|1|0|7|27
0.788|0|0|7|27
0|1|3|7|27
0.788|0|3|7|27
10.048|1|6|7|27
35.086|0|6|7|27
0|1|2|8|27
2.25|0|2|8|27
13.238|1|3|9|27
35.086|0|3|9|27
5.096|1|4|9|27
35.086|0|4|9|27
3.77|1|5|9|27
35.086|0|5|9|27
0|1|6|9|27
3.701|0|6|9|27
2.981|1|1|0|28
35.086|0|1|0|28
0|1|2|0|28
3.701|0|2|0|28
0|1|4|0|28
2.25|0|4|0|28
0|1|5|0|28
3.701|0|5|0|28
0|1|7|0|28
2.25|0|7|0|28
0|1|0|1|28
0.788|0|0|1|28
0|1|2|1|28
3.701|0|2|1|28
0|1|6|1|28
0.788|0|6|1|28
0|1|3|10|28
0.788|0|3|10|28
8.945|1|1|12|28
35.086|0|1|12|28
3.38|1|3|12|28
35.086|0|3|12|28
0|1|6|12|28
3.701|0|6|12|28
0|1|0|13|28
2.25|0|0|13|28
0|1|2|13|28
0.788|0|2|13|28
5.252|1|5|14|28
35.086|0|5|14|28
5.887|1|1|15|28
35.086|0|1|15|28
0|1|3|15|28
2.25|0|3|15|28
5.277|1|5|15|28
35.086|0|5|15|28
0|1|7|15|28
2.25|0|7|15|28
0|1|9|15|28
0.788|0|9|15|28
0|1|2|17|28
3.701|0|2|17|28
0|1|3|2|28
3.701|0|3|2|28
0|1|5|2|28
2.25|0|5|2|28
6.907|1|1|3|28
35.086|0|1|3|28
0|1|4|3|28
0.788|0|4|3|28
0|1|13|4|28
2.25|0|13|4|28
2.58|1|4|4|28
35.086|0|4|4|28
0|1|1|5|28
0.788|0|1|5|28
0|1|0|6|28
0.788|0|0|6|28
0|1|2|6|28
2.25|0|2|6|28
0|1|5|6|28
2.25|0|5|6|28
7.909|1|6|6|28
35.086|0|6|6|28
0|1|7|6|28
3.701|0|7|6|28
0|1|1|8|28
2.25|0|1|8|28
0|1|0|9|28
2.25|0|0|9|28
0|1|13|9|28
0.788|0|13|9|28
0|1|6|9|28
0.788|0|6|9|28
0|1|8|9|28
0.788|0|8|9|28
0|1|11|0|29
3.701|0|11|0|29
0|1|8|0|29
2.25|0|8|0|29
0|1|9|0|29
3.701|0|9|0|29
0|1|1|2|29
2.25|0|1|2|29
13.127|1|13|0|3
35.086|0|13|0|3
0|1|1|1|3
3.701|0|1|1|3
0|1|2|1|3
3.701|0|2|1|3
0|1|3|1|3
2.25|0|3|1|3
0|1|4|2|3
3.701|0|4|2|3
0|1|5|2|3
3.701|0|5|2|3
4.326|1|2|3|3
35.086|0|2|3|3
0|1|4|3|3
2.25|0|4|3|3
0|1|7|3|3
3.701|0|7|3|3
0|1|2|1|30
0.788|0|2|1|30
0|1|3|1|30
0.788|0|3|1|30
0|1|1|0|31
0.788|0|1|0|31
0|1|6|0|31
0.788|0|6|0|31
15.476|1|3|0|32
35.086|0|3|0|32
0|1|9|0|32
0.788|0|9|0|32
0|1|3|11|32
0.788|0|3|11|32
0|1|4|11|32
0.788|0|4|11|32
0|1|0|12|32
2.25|0|0|12|32
0|1|6|12|32
0.788|0|6|12|32
0|1|0|13|32
0.788|0|0|13|32
0|1|1|13|32
2.25|0|1|13|32
0|1|10|13|32
3.701|0|10|13|32
5.913|1|8|13|32
35.086|0|8|13|32
0|1|0|2|32
0.788|0|0|2|32
0|1|4|2|32
0.788|0|4|2|32
0|1|5|2|32
2.25|0|5|2|32
0|1|6|2|32
0.788|0|6|2|32
0|1|0|3|32
2.25|0|0|3|32
10.683|1|0|4|32
35.086|0|0|4|32
0|1|1|4|32
0.788|0|1|4|32
0|1|4|4|32
0.788|0|4|4|32
0|1|5|4|32
2.25|0|5|4|32
0|1|8|4|32
3.701|0|8|4|32
0|1|1|5|32
2.25|0|1|5|32
0|1|12|5|32
0.788|0|12|5|32
0|1|4|5|32
3.701|0|4|5|32
0|1|9|5|32
3.701|0|9|5|32
0|1|0|6|32
3.701|0|0|6|32
0|1|2|6|32
3.701|0|2|6|32
0|1|4|6|32
2.25|0|4|6|32
6.926|1|8|7|32
35.086|0|8|7|32
7.24|1|2|9|32
35.086|0|2|9|32
0|1|5|9|32
3.701|0|5|9|32
4.407|1|11|1|33
35.086|0|11|1|33
0|1|13|1|33
3.701|0|13|1|33
0|1|7|1|33
2.25|0|7|1|33
0|1|9|1|33
0.788|0|9|1|33
0|1|2|10|33
3.701|0|2|10|33
0|1|4|10|33
0.788|0|4|10|33
0|1|4|11|33
2.25|0|4|11|33
0|1|0|2|33
2.25|0|0|2|33
0|1|1|2|33
0.788|0|1|2|33
0|1|4|2|33
0.788|0|4|2|33
0|1|5|2|33
3.701|0|5|2|33
13.495|1|0|3|33
35.086|0|0|3|33
0|1|4|3|33
2.25|0|4|3|33
0|1|10|4|33
2.25|0|10|4|33
0|1|8|4|33
0.788|0|8|4|33
0|1|0|5|33
0.788|0|0|5|33
3.975|1|1|5|33
35.086|0|1|5|33
0|1|7|5|33
0.788|0|7|5|33
6.339|1|0|7|33
35.086|0|0|7|33
0|1|1|8|33
0.788|0|1|8|33
0|1|3|8|33
2.25|0|3|8|33
0|1|6|8|33
3.701|0|6|8|33
3.512|1|1|9|33
35.086|0|1|9|33
0|1|0|0|34
3.701|0|0|0|34
3.679|1|1|1|34
35.086|0|1|1|34
15.005|1|0|3|34
35.086|0|0|3|34
0|1|1|3|34
3.701|0|1|3|34
8.875|1|0|0|35
35.086|0|0|0|35
0|1|10|0|35
0.788|0|10|0|35
0|1|12|0|35
2.25|0|12|0|35
9.961|1|13|0|35
35.086|0|13|0|35
0|1|3|0|35
2.25|0|3|0|35
0|1|4|0|35
0.788|0|4|0|35
0|1|5|0|35
0.788|0|5|0|35
0|1|0|1|35
0.788|0|0|1|35
0|1|3|1|35
2.25|0|3|1|35
0|1|1|2|35
0.788|0|1|2|35
0|1|10|2|35
2.25|0|10|2|35
0|1|11|2|35
2.25|0|11|2|35
0|1|2|2|35
0.788|0|2|2|35
0|1|3|2|35
3.701|0|3|2|35
2.667|1|5|2|35
35.086|0|5|2|35
3.351|1|6|2|35
35.086|0|6|2|35
0|1|7|2|35
2.25|0|7|2|35
4.074|1|8|2|35
35.086|0|8|2|35
0|1|1|3|35
3.701|0|1|3|35
4.835|1|0|0|36
35.086|0|0|0|36
0|1|2|0|36
3.701|0|2|0|36
0|1|5|0|36
0.788|0|5|0|36
12.612|1|8|0|36
35.086|0|8|0|36
0|1|10|1|36
0.788|0|10|1|36
0|1|11|1|36
3.701|0|11|1|36
0|1|3|1|36
0.788|0|3|1|36
0|1|3|2|36
0.788|0|3|2|36
7.667|1|7|2|36
35.086|0|7|2|36
0|1|2|3|36
3.701|0|2|3|36
0|1|3|3|36
2.25|0|3|3|36
0|1|7|5|36
0.788|0|7|5|36
0|1|8|5|36
0.788|0|8|5|36
0|1|0|6|36
2.25|0|0|6|36
0|1|2|6|36
3.701|0|2|6|36
0|1|3|6|36
0.788|0|3|6|36
0|1|6|6|36
2.25|0|6|6|36
0|1|8|6|36
0.788|0|8|6|36
0|1|2|0|37
3.701|0|2|0|37
3.728|1|3|0|37
35.086|0|3|0|37
7.889|1|4|0|37
35.086|0|4|0|37
5.026|1|0|1|37
35.086|0|0|1|37
0|1|3|1|37
0.788|0|3|1|37
0|1|1|2|37
2.25|0|1|2|37
0|1|3|2|37
2.25|0|3|2|37
0|1|6|2|37
3.701|0|6|2|37
0|1|7|2|37
0.788|0|7|2|37
0|1|1|3|37
2.25|0|1|3|37
0|1|0|4|37
2.25|0|0|4|37
0|1|2|4|37
0.788|0|2|4|37
0|1|7|4|37
3.701|0|7|4|37
0|1|3|5|37
3.701|0|3|5|37
0|1|4|5|37
0.788|0|4|5|37
0|1|9|5|37
3.701|0|9|5|37
0|1|0|6|37
3.701|0|0|6|37
0|1|5|6|37
3.701|0|5|6|37
0|1|10|7|37
2.25|0|10|7|37
0|1|2|7|37
0.788|0|2|7|37
0|1|4|7|37
2.25|0|4|7|37
2.696|1|6|7|37
35.086|0|6|7|37
0|1|7|7|37
3.701|0|7|7|37
0|1|2|10|38
2.25|0|2|10|38
0|1|3|10|38
2.25|0|3|10|38
0|1|0|2|38
2.25|0|0|2|38
0|1|1|2|38
3.701|0|1|2|38
8.659|1|3|3|38
35.086|0|3|3|38
0|1|1|4|38
2.25|0|1|4|38
6.827|1|4|4|38
35.086|0|4|4|38
0|1|1|5|38
0.788|0|1|5|38
5.281|1|2|5|38
35.086|0|2|5|38
0|1|1|6|38
3.701|0|1|6|38
0|1|0|8|38
3.701|0|0|8|38
4.954|1|1|8|38
35.086|0|1|8|38
0|1|3|9|38
3.701|0|3|9|38
0|1|4|9|38
0.788|0|4|9|38
0|1|1|0|39
3.701|0|1|0|39
0|1|0|1|39
2.25|0|0|1|39
0|1|2|1|39
2.25|0|2|1|39
0|1|4|1|39
0.788|0|4|1|39
0|1|6|1|39
3.701|0|6|1|39
0|1|7|1|39
2.25|0|7|1|39
6.059|1|2|10|39
35.086|0|2|10|39
0|1|0|11|39
3.701|0|0|11|39
0|1|8|11|39
0.788|0|8|11|39
0|1|9|11|39
3.701|0|9|11|39
0|1|10|13|39
2.25|0|10|13|39
0|1|11|13|39
2.25|0|11|13|39
0|1|12|13|39
3.701|0|12|13|39
0|1|13|13|39
0.788|0|13|13|39
0|1|2|13|39
3.701|0|2|13|39
0|1|5|13|39
3.701|0|5|13|39
0|1|6|13|39
3.701|0|6|13|39
0|1|4|14|39
2.25|0|4|14|39
0|1|5|14|39
0.788|0|5|14|39
0|1|6|14|39
2.25|0|6|14|39
8.143|1|8|14|39
35.086|0|8|14|39
5.442|1|2|2|39
35.086|0|2|2|39
9.082|1|8|2|39
35.086|0|8|2|39
0|1|0|3|39
0.788|0|0|3|39
0|1|1|3|39
2.25|0|1|3|39
0|1|2|4|39
2.25|0|2|4|39
0|1|1|5|39
0.788|0|1|5|39
0|1|4|5|39
0.788|0|4|5|39
0|1|0|6|39
0.788|0|0|6|39
0|1|1|6|39
0.788|0|1|6|39
5.433|1|7|6|39
35.086|0|7|6|39
0|1|7|7|39
2.25|0|7|7|39
7.549|1|8|7|39
35.086|0|8|7|39
0|1|0|8|39
2.25|0|0|8|39
5.97|1|10|8|39
35.086|0|10|8|39
0|1|11|8|39
0.788|0|11|8|39
0|1|12|8|39
0.788|0|12|8|39
10.597|1|13|8|39
35.086|0|13|8|39
0|1|3|8|39
0.788|0|3|8|39
3.716|1|4|8|39
35.086|0|4|8|39
0|1|5|8|39
0.788|0|5|8|39
0|1|7|8|39
0.788|0|7|8|39
0|1|8|8|39
2.25|0|8|8|39
0|1|9|8|39
2.25|0|9|8|39
0|1|0|0|4
0.788|0|0|0|4
0|1|4|0|4
3.701|0|4|0|4
9.202|1|7|0|4
35.086|0|7|0|4
8.38|1|8|0|4
35.086|0|8|0|4
0|1|2|1|4
0.788|0|2|1|4
0|1|5|10|4
0.788|0|5|10|4
0|1|1|12|4
0.788|0|1|12|4
0|1|11|12|4
0.788|0|11|12|4
0|1|2|12|4
0.788|0|2|12|4
0|1|6|12|4
0.788|0|6|12|4
0|1|2|13|4
0.788|0|2|13|4
0|1|4|13|4
0.788|0|4|13|4
0|1|6|13|4
2.25|0|6|13|4
4.439|1|8|13|4
35.086|0|8|13|4
3.238|1|0|3|4
35.086|0|0|3|4
0|1|12|4|4
2.25|0|12|4|4
0|1|2|4|4
2.25|0|2|4|4
0|1|5|4|4
3.701|0|5|4|4
0|1|0|5|4
0.788|0|0|5|4
5.105|1|5|5|4
35.086|0|5|5|4
0|1|7|5|4
3.701|0|7|5|4
0|1|8|5|4
3.701|0|8|5|4
3.757|1|0|6|4
35.086|0|0|6|4
0|1|10|7|4
0.788|0|10|7|4
0|1|11|7|4
2.25|0|11|7|4
0|1|12|7|4
0.788|0|12|7|4
0|1|8|7|4
3.701|0|8|7|4
0|1|1|8|4
3.701|0|1|8|4
0|1|1|9|4
2.25|0|1|9|4
0|1|2|9|4
3.701|0|2|9|4
0|1|1|0|5
2.25|0|1|0|5
0|1|2|0|5
2.25|0|2|0|5
0|1|4|0|5
2.25|0|4|0|5
0|1|0|1|5
2.25|0|0|1|5
0|1|1|1|5
2.25|0|1|1|5
0|1|3|0|6
3.701|0|3|0|6
0|1|0|1|6
2.25|0|0|1|6
0|1|1|1|6
3.701|0|1|1|6
0|1|3|1|6
3.701|0|3|1|6
0|1|4|1|6
2.25|0|4|1|6
2.565|1|3|2|6
35.086|0|3|2|6
0|1|6|3|6
0.788|0|6|3|6
0|1|1|0|7
2.25|0|1|0|7
6.975|1|3|10|7
35.086|0|3|10|7
0|1|4|10|7
0.788|0|4|10|7
0|1|8|10|7
2.25|0|8|10|7
0|1|9|10|7
2.25|0|9|10|7
0|1|0|2|7
0.788|0|0|2|7
0|1|4|2|7
3.701|0|4|2|7
0|1|6|2|7
3.701|0|6|2|7
0|1|8|2|7
3.701|0|8|2|7
14.454|1|9|2|7
35.086|0|9|2|7
0|1|9|3|7
3.701|0|9|3|7
0|1|0|5|7
0.788|0|0|5|7
0|1|1|7|7
3.701|0|1|7|7
11.735|1|6|7|7
35.086|0|6|7|7
0|1|7|7|7
3.701|0|7|7|7
0|1|8|7|7
0.788|0|8|7|7
5.592|1|3|8|7
35.086|0|3|8|7
10.371|1|1|0|8
35.086|0|1|0|8
8.551|1|4|0|8
35.086|0|4|0|8
0|1|6|0|8
2.25|0|6|0|8
0|1|7|0|8
0.788|0|7|0|8
0|1|1|1|8
2.25|0|1|1|8
11.951|1|7|1|8
35.086|0|7|1|8
0|1|8|1|8
2.25|0|8|1|8
0|1|1|2|8
2.25|0|1|2|8
12.978|1|2|3|8
35.086|0|2|3|8
0|1|10|0|9
3.701|0|10|0|9
0|1|11|0|9
3.701|0|11|0|9
0|1|3|0|9
0.788|0|3|0|9
0|1|4|0|9
2.25|0|4|0|9
0|1|6|0|9
0.788|0|6|0|9
0|1|7|0|9
0.788|0|7|0|9
0|1|0|1|9
2.25|0|0|1|9
0|1|2|1|9
0.788|0|2|1|9
0|1|7|1|9
0.788|0|7|1|9
0|1|8|1|9
2.25|0|8|1|9
6.627|1|1|2|9
35.086|0|1|2|9
0|1|3|2|9
2.25|0|3|2|9
15.347|1|4|2|9
35.086|0|4|2|9
0|1|5|2|9
2.25|0|5|2|9
2.32|1|1|3|9
35.086|0|1|3|9
0|1|0|0|0
0.982|0|0|0|0
16.16|1|11|0|0
68.451|0|11|0|0
4.211|1|5|0|0
35.086|0|5|0|0
3.269|1|6|0|0
35.086|0|6|0|0
20.736|1|7|0|0
68.451|0|7|0|0
0|1|8|0|0
0.982|0|8|0|0
0|1|1|1|0
3.216|0|1|1|0
33.091|1|2|1|0
68.451|0|2|1|0
167.974|1|3|1|0
173.861|0|3|1|0
19.423|1|5|1|0
35.086|0|5|1|0
0|1|6|1|0
3.216|0|6|1|0
0|1|9|1|0
0.982|0|9|1|0
0|1|0|10|0
3.216|0|0|10|0
298.939|1|1|10|0
173.862|0|1|10|0
11.841|1|2|10|0
35.086|0|2|10|0
17.727|1|2|11|0
68.451|0|2|11|0
10.169|1|0|12|0
35.086|0|0|12|0
0|1|1|12|0
3.216|0|1|12|0
0|1|2|12|0
0.982|0|2|12|0
174.806|1|0|13|0
173.861|0|0|13|0
175.024|1|1|13|0
173.861|0|1|13|0
0|1|10|13|0
0.161|0|10|13|0
382.809|1|3|13|0
173.863|0|3|13|0
5.905|1|7|13|0
35.086|0|7|13|0
0|1|9|13|0
3.216|0|9|13|0
0|1|0|2|0
0.161|0|0|2|0
0|1|1|2|0
3.216|0|1|2|0
273.072|1|2|2|0
173.861|0|2|2|0
0|1|3|2|0
0.161|0|3|2|0
7.452|1|5|2|0
35.086|0|5|2|0
0|1|6|2|0
3.216|0|6|2|0
36.239|1|0|3|0
68.451|0|0|3|0
180.711|1|1|3|0
173.861|0|1|3|0
294.953|1|0|6|0
173.862|0|0|6|0
5.489|1|10|6|0
35.086|0|10|6|0
0|1|12|6|0
3.216|0|12|6|0
69.812|1|4|6|0
68.452|0|4|6|0
351.291|1|0|7|0
173.862|0|0|7|0
16.449|1|6|7|0
68.451|0|6|7|0
0|1|8|7|0
3.216|0|8|7|0
9.494|1|4|8|0
35.086|0|4|8|0
0|1|8|8|0
0.161|0|8|8|0
39.985|1|9|8|0
68.451|0|9|8|0
0|1|0|9|0
0.161|0|0|9|0
11.859|1|1|9|0
35.086|0|1|9|0
0|1|10|9|0
3.216|0|10|9|0
0|1|12|9|0
0.161|0|12|9|0
0|1|13|9|0
0.982|0|13|9|0
0|1|3|9|0
0.161|0|3|9|0
0|1|5|9|0
0.161|0|5|9|0
0|1|6|9|0
0.161|0|6|9|0
163.186|1|7|9|0
173.861|0|7|9|0
374.721|1|8|9|0
173.863|0|8|9|0
0|1|9|9|0
3.216|0|9|9|0
5.092|1|1|0|1
35.086|0|1|0|1
0|1|2|1|1
3.216|0|2|1|1
433.95|1|0|2|1
173.863|0|0|2|1
12.138|1|3|2|1
35.086|0|3|2|1
235.608|1|5|2|1
173.861|0|5|2|1
0|1|0|0|10
0.161|0|0|0|10
0|1|1|0|10
3.216|0|1|0|10
0|1|3|0|10
0.161|0|3|0|10
0|1|4|0|10
3.216|0|4|0|10
0|1|6|0|10
0.161|0|6|0|10
0|1|2|1|10
3.216|0|2|1|10
0|1|0|2|10
3.216|0|0|2|10
50.264|1|2|2|10
68.452|0|2|2|10
318.876|1|3|2|10
173.862|0|3|2|10
0|1|0|3|10
0.982|0|0|3|10
0|1|3|3|10
3.216|0|3|3|10
0|1|0|4|10
0.982|0|0|4|10
0|1|3|4|10
0.982|0|3|4|10
227.434|1|4|4|10
173.861|0|4|4|10
0|1|5|4|10
3.216|0|5|4|10
3.391|1|7|4|10
35.086|0|7|4|10
0|1|10|0|11
3.216|0|10|0|11
0|1|11|0|11
3.216|0|11|0|11
0|1|13|0|11
3.216|0|13|0|11
0|1|3|0|11
3.216|0|3|0|11
0|1|4|0|11
3.216|0|4|0|11
0|1|6|0|11
3.216|0|6|0|11
25.529|1|7|0|11
68.451|0|7|0|11
0|1|2|1|11
3.216|0|2|1|11
0|1|4|1|11
0.982|0|4|1|11
8.259|1|1|2|11
35.086|0|1|2|11
0|1|2|2|11
0.982|0|2|2|11
0|1|5|2|11
0.982|0|5|2|11
45.71|1|6|2|11
68.451|0|6|2|11
169.835|1|7|2|11
173.861|0|7|2|11
0|1|8|2|11
3.216|0|8|2|11
177.52|1|9|2|11
173.861|0|9|2|11
3.72|1|0|3|11
35.086|0|0|3|11
18.895|1|0|4|11
35.086|0|0|4|11
8.111|1|1|5|11
35.086|0|1|5|11
233.849|1|2|0|12
173.861|0|2|0|12
0|1|0|1|12
3.216|0|0|1|12
0|1|2|1|12
3.216|0|2|1|12
0|1|3|1|12
0.161|0|3|1|12
0|1|1|2|12
3.216|0|1|2|12
7.429|1|11|2|12
35.086|0|11|2|12
0|1|12|2|12
0.982|0|12|2|12
0|1|13|2|12
3.216|0|13|2|12
5.634|1|2|2|12
35.086|0|2|2|12
0|1|3|2|12
0.161|0|3|2|12
44.562|1|4|2|12
68.451|0|4|2|12
0|1|5|2|12
3.216|0|5|2|12
4.384|1|6|2|12
35.086|0|6|2|12
13.199|1|0|3|12
35.086|0|0|3|12
4.823|1|1|3|12
35.086|0|1|3|12
45.621|1|1|0|13
68.451|0|1|0|13
0|1|0|1|13
3.216|0|0|1|13
0|1|11|1|13
0.161|0|11|1|13
0|1|12|1|13
0.982|0|12|1|13
0|1|13|1|13
0.161|0|13|1|13
229.016|1|2|1|13
173.861|0|2|1|13
0|1|4|1|13
0.982|0|4|1|13
544.58|1|7|1|13
173.864|0|7|1|13
0|1|2|1|14
3.216|0|2|1|14
0|1|0|10|14
3.216|0|0|10|14
7.892|1|1|10|14
35.086|0|1|10|14
105.943|1|3|10|14
173.86|0|3|10|14
6.04|1|8|10|14
35.086|0|8|10|14
0|1|9|10|14
0.161|0|9|10|14
0|1|1|11|14
0.982|0|1|11|14
0|1|2|11|14
3.216|0|2|11|14
4.445|1|0|12|14
35.086|0|0|12|14
0|1|1|12|14
3.216|0|1|12|14
0|1|12|12|14
0.982|0|12|12|14
6.771|1|13|12|14
35.086|0|13|12|14
0|1|3|12|14
3.216|0|3|12|14
313|1|4|12|14
173.862|0|4|12|14
6.525|1|5|12|14
35.086|0|5|12|14
0|1|6|12|14
0.982|0|6|12|14
202.373|1|7|12|14
173.861|0|7|12|14
470.686|1|1|13|14
173.863|0|1|13|14
0|1|4|13|14
3.216|0|4|13|14
0|1|1|14|14
0.982|0|1|14|14
0|1|11|14|14
0.161|0|11|14|14
72.207|1|3|14|14
68.452|0|3|14|14
67.695|1|4|14|14
68.452|0|4|14|14
0|1|5|14|14
3.216|0|5|14|14
14.559|1|6|14|14
35.086|0|6|14|14
0|1|8|14|14
0.982|0|8|14|14
0|1|9|14|14
0.161|0|9|14|14
195.079|1|1|15|14
173.861|0|1|15|14
0|1|2|15|14
3.216|0|2|15|14
0|1|3|15|14
0.982|0|3|15|14
27.595|1|5|15|14
68.451|0|5|15|14
27.333|1|6|15|14
68.451|0|6|15|14
7.815|1|7|15|14
35.086|0|7|15|14
0|1|1|16|14
0.161|0|1|16|14
0|1|0|17|14
0.161|0|0|17|14
0|1|1|17|14
0.982|0|1|17|14
0|1|0|2|14
0.982|0|0|2|14
3.75|1|1|2|14
35.086|0|1|2|14
0|1|3|2|14
0.161|0|3|2|14
6.718|1|0|3|14
35.086|0|0|3|14
57.926|1|4|3|14
68.452|0|4|3|14
314.815|1|5|3|14
173.862|0|5|3|14
0|1|0|4|14
3.216|0|0|4|14
116.365|1|1|4|14
173.86|0|1|4|14
0|1|0|5|14
3.216|0|0|5|14
20.213|1|1|5|14
68.451|0|1|5|14
0|1|3|5|14
0.161|0|3|5|14
213.561|1|5|5|14
173.861|0|5|5|14
0|1|1|6|14
3.216|0|1|6|14
9.804|1|10|6|14
35.086|0|10|6|14
0|1|11|6|14
0.982|0|11|6|14
36.559|1|12|6|14
68.451|0|12|6|14
0|1|2|6|14
3.216|0|2|6|14
41.992|1|3|6|14
68.451|0|3|6|14
0|1|4|6|14
3.216|0|4|6|14
0|1|6|6|14
3.216|0|6|6|14
0|1|8|6|14
0.982|0|8|6|14
0|1|1|7|14
0.982|0|1|7|14
0|1|4|7|14
3.216|0|4|7|14
0|1|0|8|14
3.216|0|0|8|14
113.016|1|1|8|14
173.86|0|1|8|14
0|1|2|8|14
0.161|0|2|8|14
66.191|1|3|8|14
68.452|0|3|8|14
48.695|1|0|9|14
68.452|0|0|9|14
0|1|1|9|14
3.216|0|1|9|14
29.167|1|11|9|14
68.451|0|11|9|14
4.384|1|13|9|14
35.086|0|13|9|14
0|1|2|9|14
3.216|0|2|9|14
7.674|1|8|9|14
35.086|0|8|9|14
0|1|9|9|14
3.216|0|9|9|14
285.456|1|0|0|15
173.862|0|0|0|15
0|1|11|0|15
0.161|0|11|0|15
0|1|12|0|15
3.216|0|12|0|15
0|1|2|0|15
0.161|0|2|0|15
0|1|4|0|15
3.216|0|4|0|15
0|1|5|0|15
0.982|0|5|0|15
3.449|1|6|0|15
35.086|0|6|0|15
57.163|1|7|0|15
68.452|0|7|0|15
0|1|8|0|15
3.216|0|8|0|15
0|1|0|1|15
3.216|0|0|1|15
0|1|10|2|15
0.982|0|10|2|15
132.153|1|11|2|15
173.86|0|11|2|15
0|1|13|2|15
3.216|0|13|2|15
0|1|8|2|15
3.216|0|8|2|15
4.964|1|9|2|15
35.086|0|9|2|15
0|1|2|3|15
0.161|0|2|3|15
43.296|1|3|3|15
68.452|0|3|3|15
0|1|4|3|15
3.216|0|4|3|15
4.958|1|0|0|16
35.086|0|0|0|16
11.898|1|1|0|16
35.086|0|1|0|16
3.615|1|10|0|16
35.086|0|10|0|16
58.095|1|13|0|16
68.452|0|13|0|16
4.519|1|3|0|16
35.086|0|3|0|16
0|1|6|0|16
3.216|0|6|0|16
33.814|1|7|0|16
68.451|0|7|0|16
0|1|1|1|16
0.161|0|1|1|16
0|1|4|1|16
3.216|0|4|1|16
4.573|1|7|1|16
35.086|0|7|1|16
360.26|1|3|10|16
173.862|0|3|10|16
7.241|1|4|10|16
35.086|0|4|10|16
0|1|6|10|16
3.216|0|6|10|16
54.268|1|8|10|16
68.452|0|8|10|16
58.957|1|9|10|16
68.452|0|9|10|16
0|1|1|2|16
3.216|0|1|2|16
0|1|2|2|16
3.216|0|2|2|16
0|1|3|2|16
3.216|0|3|2|16
36.879|1|0|3|16
68.451|0|0|3|16
0|1|1|3|16
0.982|0|1|3|16
4.602|1|2|3|16
35.086|0|2|3|16
418.156|1|1|4|16
173.863|0|1|4|16
143.087|1|3|4|16
173.86|0|3|4|16
0|1|4|4|16
0.161|0|4|4|16
0|1|5|4|16
3.216|0|5|4|16
0|1|6|4|16
3.216|0|6|4|16
0|1|3|5|16
3.216|0|3|5|16
0|1|0|6|16
3.216|0|0|6|16
22.595|1|3|6|16
68.451|0|3|6|16
181.127|1|4|6|16
173.861|0|4|6|16
0|1|5|6|16
0.982|0|5|6|16
0|1|1|7|16
3.216|0|1|7|16
19.643|1|2|7|16
68.451|0|2|7|16
0|1|0|8|16
0.161|0|0|8|16
3.867|1|1|8|16
35.086|0|1|8|16
0|1|12|8|16
3.216|0|12|8|16
0|1|13|8|16
3.216|0|13|8|16
0|1|2|8|16
3.216|0|2|8|16
339.201|1|5|8|16
173.862|0|5|8|16
0|1|6|8|16
0.161|0|6|8|16
0|1|9|8|16
3.216|0|9|8|16
0|1|0|9|16
0.982|0|0|9|16
144.277|1|1|9|16
173.86|0|1|9|16
0|1|4|9|16
3.216|0|4|9|16
3.574|1|2|0|17
35.086|0|2|0|17
0|1|3|0|17
0.982|0|3|0|17
0|1|4|0|17
3.216|0|4|0|17
34.185|1|0|1|17
68.451|0|0|1|17
241.308|1|4|1|17
173.861|0|4|1|17
0|1|7|1|17
3.216|0|7|1|17
12.37|1|2|2|17
35.086|0|2|2|17
250.949|1|0|3|17
173.861|0|0|3|17
515.464|1|0|0|18
173.864|0|0|0|18
0|1|1|0|18
3.216|0|1|0|18
0|1|3|0|18
0.982|0|3|0|18
0|1|2|1|18
3.216|0|2|1|18
56.726|1|3|1|18
68.452|0|3|1|18
35.492|1|0|2|18
68.451|0|0|2|18
0|1|2|2|18
3.216|0|2|2|18
25.164|1|5|3|18
68.451|0|5|3|18
0|1|1|4|18
0.982|0|1|4|18
44.199|1|2|4|18
68.451|0|2|4|18
0|1|5|4|18
0.982|0|5|4|18
0|1|6|4|18
0.982|0|6|4|18
0|1|7|4|18
3.216|0|7|4|18
400.194|1|8|4|18
173.863|0|8|4|18
0|1|0|0|19
3.216|0|0|0|19
0|1|2|0|19
0.161|0|2|0|19
0|1|3|0|19
3.216|0|3|0|19
0|1|4|0|19
3.216|0|4|0|19
0|1|2|0|2
0.161|0|2|0|2
0|1|3|0|2
3.216|0|3|0|2
0|1|4|0|2
3.216|0|4|0|2
0|1|6|0|2
0.982|0|6|0|2
0|1|7|0|2
0.161|0|7|0|2
49.051|1|0|2|2
68.452|0|0|2|2
0|1|1|2|2
3.216|0|1|2|2
0|1|2|2|2
0.161|0|2|2|2
188.475|1|3|2|2
173.861|0|3|2|2
255.599|1|4|2|2
173.861|0|4|2|2
133.977|1|5|2|2
173.86|0|5|2|2
0|1|6|2|2
3.216|0|6|2|2
32.841|1|7|2|2
68.451|0|7|2|2
0|1|8|2|2
3.216|0|8|2|2
23.436|1|1|3|2
68.451|0|1|3|2
0|1|3|3|2
3.216|0|3|3|2
0|1|5|3|2
3.216|0|5|3|2
0|1|8|3|2
3.216|0|8|3|2
0|1|0|4|2
0.161|0|0|4|2
63.671|1|1|4|2
68.452|0|1|4|2
0|1|2|4|2
3.216|0|2|4|2
0|1|3|4|2
0.982|0|3|4|2
3.626|1|0|5|2
35.086|0|0|5|2
0|1|1|5|2
3.216|0|1|5|2
140.881|1|3|5|2
173.86|0|3|5|2
16.185|1|7|5|2
35.086|0|7|5|2
0|1|8|5|2
0.982|0|8|5|2
0|1|0|0|20
0.161|0|0|0|20
464.384|1|3|0|20
173.863|0|3|0|20
0|1|5|0|20
0.982|0|5|0|20
7.206|1|6|0|20
35.086|0|6|0|20
107.306|1|7|0|20
173.86|0|7|0|20
0|1|0|1|20
0.161|0|0|1|20
18.844|1|3|1|20
68.451|0|3|1|20
0|1|0|2|20
3.216|0|0|2|20
0|1|2|2|20
3.216|0|2|2|20
264.385|1|3|2|20
173.861|0|3|2|20
0|1|6|2|20
3.216|0|6|2|20
0|1|1|3|20
3.216|0|1|3|20
314.364|1|0|4|20
173.862|0|0|4|20
24.547|1|10|4|20
68.451|0|10|4|20
245.413|1|3|4|20
173.861|0|3|4|20
343.718|1|4|4|20
173.862|0|4|4|20
0|1|5|4|20
0.161|0|5|4|20
12.161|1|6|4|20
35.086|0|6|4|20
230.052|1|7|4|20
173.861|0|7|4|20
318.489|1|9|4|20
173.862|0|9|4|20
0|1|0|5|20
3.216|0|0|5|20
125.098|1|1|5|20
173.86|0|1|5|20
130.711|1|6|5|20
68.452|0|6|5|20
59.901|1|1|6|20
68.452|0|1|6|20
11.911|1|2|6|20
35.086|0|2|6|20
0|1|3|6|20
3.216|0|3|6|20
70.963|1|4|6|20
68.452|0|4|6|20
0|1|5|6|20
0.161|0|5|6|20
32.826|1|6|6|20
68.451|0|6|6|20
0|1|7|6|20
0.982|0|7|6|20
27.528|1|3|7|20
68.451|0|3|7|20
0|1|5|7|20
3.216|0|5|7|20
0|1|6|7|20
0.161|0|6|7|20
0|1|7|7|20
3.216|0|7|7|20
17.432|1|1|0|21
68.451|0|1|0|21
25.926|1|2|0|21
68.451|0|2|0|21
0|1|0|1|21
3.216|0|0|1|21
0|1|0|10|21
0.161|0|0|10|21
0|1|1|10|21
3.216|0|1|10|21
0|1|11|10|21
3.216|0|11|10|21
0|1|12|10|21
3.216|0|12|10|21
10.58|1|13|10|21
35.086|0|13|10|21
0|1|3|10|21
3.216|0|3|10|21
28.217|1|4|10|21
68.451|0|4|10|21
8.639|1|6|10|21
35.086|0|6|10|21
0|1|7|10|21
0.161|0|7|10|21
0|1|3|11|21
3.216|0|3|11|21
362.972|1|4|11|21
173.862|0|4|11|21
232.173|1|8|11|21
173.861|0|8|11|21
0|1|0|12|21
0.982|0|0|12|21
0|1|5|12|21
0.982|0|5|12|21
0|1|2|13|21
0.982|0|2|13|21
0|1|8|13|21
0.161|0|8|13|21
0|1|9|13|21
3.216|0|9|13|21
0|1|0|2|21
0.982|0|0|2|21
0|1|1|2|21
0.982|0|1|2|21
195.464|1|3|2|21
173.861|0|3|2|21
0|1|4|2|21
3.216|0|4|2|21
3.906|1|10|3|21
35.086|0|10|3|21
0|1|2|3|21
0.161|0|2|3|21
0|1|4|3|21
3.216|0|4|3|21
0|1|5|3|21
0.982|0|5|3|21
0|1|6|3|21
0.982|0|6|3|21
30.89|1|7|3|21
68.451|0|7|3|21
0|1|9|3|21
3.216|0|9|3|21
48.849|1|1|4|21
68.452|0|1|4|21
0|1|10|4|21
0.161|0|10|4|21
0|1|11|4|21
0.161|0|11|4|21
0|1|2|4|21
0.161|0|2|4|21
8.493|1|6|4|21
35.086|0|6|4|21
32.379|1|9|4|21
68.451|0|9|4|21
0|1|0|5|21
3.216|0|0|5|21
0|1|3|5|21
0.161|0|3|5|21
0|1|10|6|21
0.982|0|10|6|21
10.466|1|11|6|21
35.086|0|11|6|21
63.312|1|12|6|21
68.452|0|12|6|21
60.935|1|13|6|21
68.452|0|13|6|21
0|1|2|6|21
0.161|0|2|6|21
29.728|1|5|6|21
68.451|0|5|6|21
0|1|6|6|21
0.982|0|6|6|21
0|1|7|6|21
3.216|0|7|6|21
0|1|4|7|21
0.161|0|4|7|21
55.518|1|0|8|21
68.452|0|0|8|21
0|1|1|8|21
0.982|0|1|8|21
0|1|2|8|21
0.982|0|2|8|21
0|1|5|8|21
0.161|0|5|8|21
0|1|7|8|21
0.982|0|7|8|21
0|1|8|8|21
0.982|0|8|8|21
0|1|1|9|21
3.216|0|1|9|21
0|1|10|9|21
3.216|0|10|9|21
0|1|12|9|21
3.216|0|12|9|21
0|1|3|9|21
3.216|0|3|9|21
46.851|1|4|9|21
68.451|0|4|9|21
0|1|6|9|21
0.982|0|6|9|21
35.584|1|2|0|22
68.451|0|2|0|22
0|1|0|2|22
0.982|0|0|2|22
3.165|1|10|2|22
35.086|0|10|2|22
50.664|1|13|2|22
68.452|0|13|2|22
17.125|1|0|3|22
68.451|0|0|3|22
0|1|2|3|22
0.161|0|2|3|22
20.492|1|3|3|22
68.451|0|3|3|22
5.482|1|2|1|23
35.086|0|2|1|23
0|1|3|1|23
3.216|0|3|1|23
0|1|4|1|23
0.161|0|4|1|23
7.833|1|6|1|23
35.086|0|6|1|23
4.714|1|0|2|23
35.086|0|0|2|23
240.753|1|2|2|23
173.861|0|2|2|23
307.981|1|3|2|23
173.862|0|3|2|23
0|1|0|3|23
3.216|0|0|3|23
6.913|1|2|3|23
35.086|0|2|3|23
7.117|1|4|3|23
35.086|0|4|3|23
0|1|5|3|23
3.216|0|5|3|23
5.652|1|10|0|24
35.086|0|10|0|24
59.148|1|11|0|24
68.452|0|11|0|24
9.849|1|13|0|24
35.086|0|13|0|24
0|1|2|0|24
0.982|0|2|0|24
0|1|3|0|24
3.216|0|3|0|24
0|1|5|0|24
3.216|0|5|0|24
0|1|6|0|24
0.982|0|6|0|24
26.222|1|8|0|24
68.451|0|8|0|24
7.378|1|0|1|24
35.086|0|0|1|24
0|1|1|1|24
3.216|0|1|1|24
8.707|1|2|1|24
35.086|0|2|1|24
6.433|1|0|3|24
35.086|0|0|3|24
0|1|1|3|24
3.216|0|1|3|24
176.089|1|10|3|24
173.861|0|10|3|24
200.899|1|11|3|24
173.861|0|11|3|24
40.604|1|5|3|24
68.451|0|5|3|24
0|1|7|3|24
3.216|0|7|3|24
24.751|1|1|4|24
68.451|0|1|4|24
223.539|1|2|4|24
173.861|0|2|4|24
8.356|1|1|5|24
35.086|0|1|5|24
0|1|2|5|24
0.161|0|2|5|24
0|1|0|6|24
0.161|0|0|6|24
37.281|1|1|6|24
68.451|0|1|6|24
35.191|1|2|6|24
68.451|0|2|6|24
12.55|1|3|6|24
35.086|0|3|6|24
0|1|0|7|24
3.216|0|0|7|24
43.879|1|1|7|24
68.451|0|1|7|24
171.029|1|2|7|24
173.861|0|2|7|24
0|1|4|7|24
3.216|0|4|7|24
0|1|5|7|24
3.216|0|5|7|24
0|1|3|0|25
3.216|0|3|0|25
0|1|4|0|25
3.216|0|4|0|25
427.655|1|5|0|25
173.863|0|5|0|25
39.022|1|7|0|25
68.451|0|7|0|25
3.035|1|8|0|25
35.086|0|8|0|25
0|1|0|1|25
3.216|0|0|1|25
0|1|10|1|25
3.216|0|10|1|25
0|1|11|1|25
3.216|0|11|1|25
0|1|12|1|25
0.982|0|12|1|25
0|1|3|1|25
3.216|0|3|1|25
4.725|1|6|1|25
35.086|0|6|1|25
0|1|8|1|25
0.982|0|8|1|25
0|1|2|2|25
3.216|0|2|2|25
0|1|3|2|25
3.216|0|3|2|25
8.052|1|0|3|25
35.086|0|0|3|25
0|1|1|3|25
0.982|0|1|3|25
0|1|3|3|25
3.216|0|3|3|25
0|1|4|3|25
0.161|0|4|3|25
0|1|5|3|25
3.216|0|5|3|25
323.533|1|0|4|25
173.862|0|0|4|25
0|1|3|4|25
0.161|0|3|4|25
257.185|1|4|4|25
173.861|0|4|4|25
37.69|1|5|4|25
68.451|0|5|4|25
14.257|1|7|4|25
35.086|0|7|4|25
0|1|8|4|25
3.216|0|8|4|25
0|1|1|5|25
3.216|0|1|5|25
0|1|0|0|26
0.161|0|0|0|26
0|1|1|0|26
3.216|0|1|0|26
0|1|3|0|26
3.216|0|3|0|26
6.001|1|4|0|26
35.086|0|4|0|26
213.319|1|3|1|26
173.861|0|3|1|26
0|1|1|2|26
0.161|0|1|2|26
7.71|1|4|2|26
35.086|0|4|2|26
0|1|5|2|26
3.216|0|5|2|26
0|1|0|3|26
3.216|0|0|3|26
155.801|1|1|3|26
173.86|0|1|3|26
10.299|1|5|3|26
35.086|0|5|3|26
280.966|1|6|3|26
173.862|0|6|3|26
0|1|7|3|26
0.982|0|7|3|26
29.184|1|11|4|26
68.451|0|11|4|26
104.813|1|12|4|26
68.452|0|12|4|26
0|1|2|4|26
0.161|0|2|4|26
0|1|4|4|26
0.161|0|4|4|26
0|1|6|4|26
3.216|0|6|4|26
108.496|1|9|4|26
173.86|0|9|4|26
0|1|0|5|26
3.216|0|0|5|26
0|1|1|5|26
0.161|0|1|5|26
0|1|2|5|26
0.982|0|2|5|26
0|1|3|5|26
3.216|0|3|5|26
34.192|1|7|5|26
68.451|0|7|5|26
11.877|1|0|0|27
35.086|0|0|0|27
0|1|1|0|27
0.161|0|1|0|27
0|1|2|0|27
3.216|0|2|0|27
0|1|2|1|27
0.161|0|2|1|27
45.389|1|4|1|27
68.452|0|4|1|27
0|1|5|1|27
0.161|0|5|1|27
0|1|7|1|27
0.982|0|7|1|27
0|1|2|2|27
0.161|0|2|2|27
3.693|1|1|3|27
35.086|0|1|3|27
0|1|2|3|27
3.216|0|2|3|27
0|1|0|4|27
3.216|0|0|4|27
0|1|2|4|27
0.161|0|2|4|27
0|1|3|5|27
0.161|0|3|5|27
0|1|4|5|27
3.216|0|4|5|27
484.766|1|5|5|27
173.863|0|5|5|27
0|1|6|5|27
3.216|0|6|5|27
0|1|2|6|27
3.216|0|2|6|27
0|1|4|6|27
0.161|0|4|6|27
0|1|6|6|27
3.216|0|6|6|27
34.317|1|1|7|27
68.451|0|1|7|27
0|1|2|7|27
3.216|0|2|7|27
0|1|5|7|27
3.216|0|5|7|27
11.666|1|6|7|27
35.086|0|6|7|27
0|1|0|8|27
0.161|0|0|8|27
0|1|3|8|27
3.216|0|3|8|27
187.527|1|0|9|27
173.861|0|0|9|27
0|1|1|9|27
3.216|0|1|9|27
0|1|2|9|27
3.216|0|2|9|27
15.886|1|3|9|27
35.086|0|3|9|27
5.818|1|4|9|27
35.086|0|4|9|27
4.94|1|5|9|27
35.086|0|5|9|27
3.799|1|1|0|28
35.086|0|1|0|28
0|1|10|0|28
3.216|0|10|0|28
221.432|1|6|0|28
173.861|0|6|0|28
0|1|8|0|28
3.216|0|8|0|28
0|1|1|1|28
3.216|0|1|1|28
0|1|4|1|28
0.161|0|4|1|28
0|1|5|1|28
3.216|0|5|1|28
0|1|7|1|28
3.216|0|7|1|28
239.32|1|1|10|28
173.861|0|1|10|28
0|1|4|10|28
3.216|0|4|10|28
282.9|1|6|10|28
173.862|0|6|10|28
0|1|0|11|28
3.216|0|0|11|28
0|1|3|11|28
3.216|0|3|11|28
10.734|1|1|12|28
35.086|0|1|12|28
25.581|1|2|12|28
68.451|0|2|12|28
4.611|1|3|12|28
35.086|0|3|12|28
316.246|1|5|12|28
173.862|0|5|12|28
0|1|3|13|28
0.982|0|3|13|28
36.257|1|4|13|28
68.451|0|4|13|28
0|1|5|13|28
3.216|0|5|13|28
0|1|6|13|28
3.216|0|6|13|28
0|1|0|14|28
0.982|0|0|14|28
0|1|1|14|28
3.216|0|1|14|28
190.231|1|3|14|28
173.861|0|3|14|28
0|1|4|14|28
3.216|0|4|14|28
6.626|1|5|14|28
35.086|0|5|14|28
0|1|6|14|28
0.161|0|6|14|28
25.321|1|0|15|28
68.451|0|0|15|28
7.474|1|1|15|28
35.086|0|1|15|28
194.895|1|2|15|28
173.861|0|2|15|28
5.882|1|5|15|28
35.086|0|5|15|28
0|1|1|16|28
0.982|0|1|16|28
0|1|2|16|28
0.982|0|2|16|28
0|1|4|16|28
3.216|0|4|16|28
0|1|5|16|28
0.161|0|5|16|28
34.866|1|0|17|28
68.451|0|0|17|28
0|1|1|17|28
3.216|0|1|17|28
41.406|1|3|17|28
68.451|0|3|17|28
0|1|0|2|28
0.982|0|0|2|28
0|1|2|2|28
3.216|0|2|2|28
377.229|1|6|2|28
173.863|0|6|2|28
0|1|0|3|28
0.982|0|0|3|28
7.716|1|1|3|28
35.086|0|1|3|28
0|1|2|3|28
0.982|0|2|3|28
20.354|1|5|3|28
68.451|0|5|3|28
0|1|0|4|28
3.216|0|0|4|28
471.94|1|1|4|28
173.864|0|1|4|28
32.127|1|10|4|28
68.451|0|10|4|28
466.465|1|12|4|28
173.863|0|12|4|28
3.374|1|4|4|28
35.086|0|4|4|28
52.539|1|5|4|28
68.452|0|5|4|28
0|1|6|4|28
0.982|0|6|4|28
0|1|8|4|28
3.216|0|8|4|28
0|1|0|5|28
0.161|0|0|5|28
0|1|3|5|28
3.216|0|3|5|28
0|1|1|6|28
0.161|0|1|6|28
9.646|1|6|6|28
35.086|0|6|6|28
0|1|8|6|28
0.982|0|8|6|28
145.293|1|9|6|28
173.86|0|9|6|28
0|1|1|7|28
3.216|0|1|7|28
0|1|2|7|28
3.216|0|2|7|28
0|1|3|7|28
3.216|0|3|7|28
43.494|1|4|7|28
68.451|0|4|7|28
498.5|1|10|9|28
173.864|0|10|9|28
0|1|11|9|28
0.161|0|11|9|28
0|1|12|9|28
0.161|0|12|9|28
0|1|3|9|28
0.982|0|3|9|28
0|1|4|9|28
3.216|0|4|9|28
0|1|7|9|28
0.982|0|7|9|28
244.139|1|9|9|28
173.861|0|9|9|28
0|1|12|0|29
3.216|0|12|0|29
0|1|13|0|29
0.982|0|13|0|29
0|1|2|0|29
0.982|0|2|0|29
0|1|3|0|29
3.216|0|3|0|29
0|1|4|0|29
3.216|0|4|0|29
0|1|6|0|29
0.982|0|6|0|29
249.119|1|0|1|29
173.861|0|0|1|29
0|1|1|1|29
0.982|0|1|1|29
139.012|1|2|1|29
173.86|0|2|1|29
0|1|1|0|3
3.216|0|1|0|3
0|1|11|0|3
0.161|0|11|0|3
0|1|12|0|3
3.216|0|12|0|3
15.956|1|13|0|3
35.086|0|13|0|3
29.318|1|4|0|3
68.451|0|4|0|3
0|1|5|0|3
0.982|0|5|0|3
0|1|7|0|3
0.161|0|7|0|3
0|1|8|0|3
0.161|0|8|0|3
505.457|1|9|0|3
173.864|0|9|0|3
362.875|1|0|1|3
173.863|0|0|1|3
0|1|5|1|3
3.216|0|5|1|3
0|1|0|2|3
3.216|0|0|2|3
30.529|1|3|2|3
68.451|0|3|2|3
0|1|0|3|3
3.216|0|0|3|3
30.327|1|10|3|3
68.451|0|10|3|3
30.529|1|11|3|3
68.451|0|11|3|3
0|1|13|3|3
0.161|0|13|3|3
5.56|1|2|3|3
35.086|0|2|3|3
0|1|6|3|3
3.216|0|6|3|3
0|1|9|3|3
3.216|0|9|3|3
84.321|1|0|0|30
68.452|0|0|0|30
0|1|1|0|30
3.216|0|1|0|30
0|1|2|0|30
3.216|0|2|0|30
0|1|3|0|30
3.216|0|3|0|30
0|1|1|1|30
3.216|0|1|1|30
0|1|0|0|31
3.216|0|0|0|31
39.638|1|2|0|31
68.451|0|2|0|31
0|1|3|0|31
3.216|0|3|0|31
0|1|4|0|31
0.161|0|4|0|31
0|1|1|0|32
3.216|0|1|0|32
0|1|2|0|32
0.982|0|2|0|32
18.697|1|3|0|32
35.086|0|3|0|32
0|1|4|0|32
0.161|0|4|0|32
0|1|5|0|32
3.216|0|5|0|32
404.455|1|6|0|32
173.863|0|6|0|32
39.495|1|7|0|32
68.451|0|7|0|32
0|1|1|10|32
0.161|0|1|10|32
0|1|0|11|32
0.982|0|0|11|32
0|1|1|11|32
0.982|0|1|11|32
0|1|2|11|32
3.216|0|2|11|32
0|1|6|11|32
3.216|0|6|11|32
0|1|4|12|32
3.216|0|4|12|32
0|1|5|12|32
3.216|0|5|12|32
0|1|7|12|32
3.216|0|7|12|32
0|1|8|12|32
0.161|0|8|12|32
0|1|11|13|32
0.982|0|11|13|32
0|1|12|13|32
3.216|0|12|13|32
0|1|2|13|32
0.161|0|2|13|32
72.784|1|3|13|32
68.452|0|3|13|32
0|1|4|13|32
3.216|0|4|13|32
0|1|5|13|32
3.216|0|5|13|32
19.187|1|7|13|32
68.451|0|7|13|32
7.394|1|8|13|32
35.086|0|8|13|32
16.383|1|1|2|32
68.451|0|1|2|32
561.021|1|2|2|32
173.864|0|2|2|32
99.167|1|2|3|32
173.86|0|2|3|32
12.335|1|0|4|32
35.086|0|0|4|32
0|1|10|4|32
0.982|0|10|4|32
0|1|11|4|32
3.216|0|11|4|32
0|1|12|4|32
3.216|0|12|4|32
0|1|13|4|32
3.216|0|13|4|32
0|1|6|4|32
0.982|0|6|4|32
312.408|1|7|4|32
173.862|0|7|4|32
0|1|9|4|32
3.216|0|9|4|32
0|1|0|5|32
3.216|0|0|5|32
33.528|1|11|5|32
68.451|0|11|5|32
0|1|13|5|32
0.982|0|13|5|32
0|1|3|5|32
3.216|0|3|5|32
0|1|5|5|32
0.161|0|5|5|32
0|1|6|5|32
0.982|0|6|5|32
0|1|8|5|32
3.216|0|8|5|32
0|1|1|6|32
3.216|0|1|6|32
0|1|8|6|32
3.216|0|8|6|32
79.32|1|9|6|32
68.452|0|9|6|32
516.482|1|0|7|32
173.864|0|0|7|32
0|1|2|7|32
3.216|0|2|7|32
53.87|1|3|7|32
68.452|0|3|7|32
0|1|7|7|32
3.216|0|7|7|32
8.121|1|8|7|32
35.086|0|8|7|32
625.388|1|1|8|32
173.865|0|1|8|32
8.321|1|2|9|32
35.086|0|2|9|32
18.678|1|0|0|33
68.451|0|0|0|33
0|1|1|0|33
3.216|0|1|0|33
0|1|0|1|33
3.216|0|0|1|33
536.629|1|10|1|33
173.864|0|10|1|33
4.822|1|11|1|33
35.086|0|11|1|33
48.123|1|12|1|33
68.452|0|12|1|33
83.851|1|3|1|33
68.452|0|3|1|33
220.511|1|6|1|33
173.861|0|6|1|33
21.795|1|8|1|33
68.451|0|8|1|33
0|1|0|10|33
3.216|0|0|10|33
201.856|1|1|10|33
173.861|0|1|10|33
0|1|3|10|33
0.982|0|3|10|33
14.709|1|6|10|33
68.451|0|6|10|33
181.979|1|0|11|33
173.861|0|0|11|33
0|1|2|11|33
3.216|0|2|11|33
439.262|1|5|11|33
173.863|0|5|11|33
0|1|6|11|33
3.216|0|6|11|33
0|1|2|2|33
3.216|0|2|2|33
16.009|1|0|3|33
35.086|0|0|3|33
29.066|1|1|3|33
68.451|0|1|3|33
197.329|1|5|3|33
173.861|0|5|3|33
0|1|0|4|33
0.982|0|0|4|33
0|1|2|4|33
0.161|0|2|4|33
0|1|4|4|33
3.216|0|4|4|33
0|1|7|4|33
3.216|0|7|4|33
5.305|1|1|5|33
35.086|0|1|5|33
33.248|1|2|5|33
68.451|0|2|5|33
0|1|4|5|33
0.982|0|4|5|33
0|1|0|6|33
3.216|0|0|6|33
0|1|1|6|33
0.982|0|1|6|33
6.898|1|0|7|33
35.086|0|0|7|33
0|1|2|7|33
0.982|0|2|7|33
0|1|6|7|33
3.216|0|6|7|33
0|1|4|8|33
3.216|0|4|8|33
32.398|1|5|8|33
68.451|0|5|8|33
0|1|7|8|33
0.161|0|7|8|33
3.867|1|1|9|33
35.086|0|1|9|33
82.401|1|2|9|33
68.452|0|2|9|33
0|1|3|9|33
0.982|0|3|9|33
410.278|1|5|9|33
173.863|0|5|9|33
0|1|8|9|33
3.216|0|8|9|33
32.206|1|2|0|34
68.451|0|2|0|34
0|1|3|0|34
0.982|0|3|0|34
0|1|0|1|34
3.216|0|0|1|34
4.414|1|1|1|34
35.086|0|1|1|34
0|1|0|2|34
0.982|0|0|2|34
94.069|1|2|2|34
68.452|0|2|2|34
23.157|1|4|2|34
68.451|0|4|2|34
18.044|1|0|3|34
35.086|0|0|3|34
0|1|1|4|34
0.982|0|1|4|34
0|1|2|5|34
3.216|0|2|5|34
31.32|1|3|5|34
68.451|0|3|5|34
0|1|4|5|34
0.161|0|4|5|34
11.044|1|0|0|35
35.086|0|0|0|35
22.892|1|11|0|35
68.451|0|11|0|35
12.128|1|13|0|35
35.086|0|13|0|35
0|1|2|0|35
0.982|0|2|0|35
0|1|6|0|35
0.982|0|6|0|35
0|1|8|0|35
0.161|0|8|0|35
0|1|12|2|35
0.982|0|12|2|35
3.443|1|5|2|35
35.086|0|5|2|35
3.794|1|6|2|35
35.086|0|6|2|35
5.093|1|8|2|35
35.086|0|8|2|35
165.884|1|9|2|35
173.861|0|9|2|35
0|1|2|3|35
3.216|0|2|3|35
4.752|1|0|0|36
35.086|0|0|0|36
0|1|10|0|36
0.161|0|10|0|36
0|1|4|0|36
0.161|0|4|0|36
0|1|7|0|36
0.161|0|7|0|36
15.134|1|8|0|36
35.086|0|8|0|36
0|1|9|0|36
3.216|0|9|0|36
0|1|0|1|36
3.216|0|0|1|36
0|1|1|1|36
0.982|0|1|1|36
0|1|2|1|36
0.982|0|2|1|36
70.025|1|5|1|36
68.452|0|5|1|36
0|1|7|1|36
0.982|0|7|1|36
0|1|9|1|36
0.161|0|9|1|36
0|1|2|2|36
0.161|0|2|2|36
0|1|4|2|36
0.982|0|4|2|36
0|1|6|2|36
0.982|0|6|2|36
9.465|1|7|2|36
35.086|0|7|2|36
0|1|1|3|36
3.216|0|1|3|36
0|1|0|4|36
3.216|0|0|4|36
137.506|1|1|4|36
173.86|0|1|4|36
0|1|0|5|36
3.216|0|0|5|36
0|1|1|5|36
0.982|0|1|5|36
0|1|9|5|36
0.161|0|9|5|36
0|1|4|6|36
0.161|0|4|6|36
4.876|1|3|0|37
35.086|0|3|0|37
9.248|1|4|0|37
35.086|0|4|0|37
5.788|1|0|1|37
35.086|0|0|1|37
23.806|1|10|2|37
68.451|0|10|2|37
0|1|13|2|37
3.216|0|13|2|37
0|1|4|2|37
3.216|0|4|2|37
0|1|5|2|37
0.161|0|5|2|37
0|1|9|2|37
0.161|0|9|2|37
0|1|2|3|37
0.161|0|2|3|37
35.307|1|1|4|37
68.451|0|1|4|37
134.928|1|4|4|37
173.86|0|4|4|37
19.789|1|5|4|37
68.451|0|5|4|37
0|1|8|4|37
3.216|0|8|4|37
283.266|1|9|4|37
173.862|0|9|4|37
217.268|1|10|5|37
173.861|0|10|5|37
0|1|11|5|37
3.216|0|11|5|37
0|1|12|5|37
3.216|0|12|5|37
0|1|2|5|37
0.982|0|2|5|37
0|1|5|5|37
0.161|0|5|5|37
0|1|6|5|37
3.216|0|6|5|37
0|1|8|5|37
3.216|0|8|5|37
17.798|1|2|6|37
68.451|0|2|6|37
0|1|3|6|37
0.982|0|3|6|37
0|1|6|6|37
3.216|0|6|6|37
0|1|7|6|37
0.982|0|7|6|37
270.8|1|1|7|37
173.862|0|1|7|37
0|1|3|7|37
0.982|0|3|7|37
0|1|5|7|37
3.216|0|5|7|37
2.571|1|6|7|37
35.086|0|6|7|37
173.939|1|8|7|37
173.861|0|8|7|37
43.076|1|9|7|37
68.451|0|9|7|37
37.388|1|0|0|38
68.451|0|0|0|38
0|1|1|0|38
0.982|0|1|0|38
0|1|0|1|38
3.216|0|0|1|38
0|1|1|1|38
3.216|0|1|1|38
0|1|0|10|38
3.216|0|0|10|38
22.486|1|1|10|38
68.451|0|1|10|38
0|1|2|2|38
3.216|0|2|2|38
70.465|1|4|2|38
68.452|0|4|2|38
0|1|5|2|38
0.161|0|5|2|38
0|1|0|3|38
0.161|0|0|3|38
44.109|1|1|3|38
68.452|0|1|3|38
0|1|2|3|38
0.982|0|2|3|38
10.359|1|3|3|38
35.086|0|3|3|38
0|1|4|3|38
0.161|0|4|3|38
0|1|0|4|38
0.161|0|0|4|38
0|1|3|4|38
0.161|0|3|4|38
8.623|1|4|4|38
35.086|0|4|4|38
0|1|0|5|38
0.161|0|0|5|38
6.37|1|2|5|38
35.086|0|2|5|38
0|1|2|6|38
3.216|0|2|6|38
0|1|1|7|38
3.216|0|1|7|38
6.723|1|1|8|38
35.086|0|1|8|38
21.555|1|0|9|38
68.451|0|0|9|38
0|1|1|9|38
3.216|0|1|9|38
266.067|1|2|9|38
173.862|0|2|9|38
0|1|5|9|38
3.216|0|5|9|38
0|1|2|0|39
3.216|0|2|0|39
0|1|4|0|39
0.982|0|4|0|39
20.421|1|1|1|39
68.451|0|1|1|39
0|1|3|1|39
0.982|0|3|1|39
0|1|5|1|39
0.982|0|5|1|39
0|1|0|10|39
0.982|0|0|10|39
0|1|1|10|39
0.982|0|1|10|39
6.911|1|2|10|39
35.086|0|2|10|39
46.634|1|1|11|39
68.452|0|1|11|39
17.449|1|11|11|39
68.451|0|11|11|39
40.791|1|13|11|39
68.451|0|13|11|39
0|1|2|11|39
0.161|0|2|11|39
0|1|6|11|39
3.216|0|6|11|39
0|1|7|11|39
3.216|0|7|11|39
0|1|0|12|39
3.216|0|0|12|39
19.077|1|1|12|39
68.451|0|1|12|39
0|1|3|12|39
3.216|0|3|12|39
0|1|0|13|39
3.216|0|0|13|39
411.581|1|1|13|39
173.863|0|1|13|39
0|1|3|13|39
0.982|0|3|13|39
0|1|4|13|39
0.982|0|4|13|39
0|1|9|13|39
3.216|0|9|13|39
0|1|0|14|39
3.216|0|0|14|39
0|1|2|14|39
0.982|0|2|14|39
0|1|3|14|39
3.216|0|3|14|39
10.045|1|8|14|39
35.086|0|8|14|39
6.646|1|2|2|39
35.086|0|2|2|39
0|1|3|2|39
0.982|0|3|2|39
23.075|1|5|2|39
68.451|0|5|2|39
343.54|1|6|2|39
173.862|0|6|2|39
0|1|7|2|39
3.216|0|7|2|39
10.812|1|8|2|39
35.086|0|8|2|39
0|1|2|3|39
3.216|0|2|3|39
0|1|0|4|39
3.216|0|0|4|39
42.999|1|3|4|39
68.451|0|3|4|39
0|1|0|5|39
3.216|0|0|5|39
22.357|1|2|5|39
68.451|0|2|5|39
0|1|3|5|39
3.216|0|3|5|39
0|1|5|5|39
3.216|0|5|5|39
0|1|7|5|39
3.216|0|7|5|39
39.414|1|3|6|39
68.451|0|3|6|39
0|1|4|6|39
3.216|0|4|6|39
424.481|1|6|6|39
173.863|0|6|6|39
7.13|1|7|6|39
35.086|0|7|6|39
0|1|8|6|39
3.216|0|8|6|39
60.821|1|1|7|39
68.452|0|1|7|39
0|1|4|7|39
3.216|0|4|7|39
0|1|5|7|39
0.161|0|5|7|39
0|1|6|7|39
0.161|0|6|7|39
8.892|1|8|7|39
35.086|0|8|7|39
7.128|1|10|8|39
35.086|0|10|8|39
12.84|1|13|8|39
35.086|0|13|8|39
0|1|2|8|39
3.216|0|2|8|39
3.584|1|4|8|39
35.086|0|4|8|39
0|1|6|8|39
0.161|0|6|8|39
0|1|1|9|39
0.161|0|1|9|39
0|1|10|0|4
3.216|0|10|0|4
0|1|2|0|4
0.982|0|2|0|4
0|1|5|0|4
0.161|0|5|0|4
11.066|1|7|0|4
35.086|0|7|0|4
10.186|1|8|0|4
35.086|0|8|0|4
69.41|1|0|1|4
68.452|0|0|1|4
40.487|1|1|1|4
68.451|0|1|1|4
0|1|3|1|4
3.216|0|3|1|4
0|1|0|10|4
3.216|0|0|10|4
0|1|1|10|4
0.982|0|1|10|4
0|1|2|10|4
0.161|0|2|10|4
0|1|3|10|4
0.161|0|3|10|4
0|1|4|10|4
3.216|0|4|10|4
171.57|1|0|11|4
173.861|0|0|11|4
0|1|1|11|4
0.161|0|1|11|4
41.839|1|2|11|4
68.451|0|2|11|4
0|1|3|11|4
0.982|0|3|11|4
22.894|1|0|12|4
68.451|0|0|12|4
37.137|1|12|12|4
68.451|0|12|12|4
0|1|5|12|4
0.982|0|5|12|4
0|1|8|12|4
3.216|0|8|12|4
0|1|9|12|4
3.216|0|9|12|4
0|1|1|13|4
3.216|0|1|13|4
216.828|1|10|13|4
173.861|0|10|13|4
95.236|1|13|13|4
173.86|0|13|13|4
0|1|3|13|4
0.161|0|3|13|4
19.644|1|5|13|4
68.451|0|5|13|4
5.747|1|8|13|4
35.086|0|8|13|4
0|1|0|2|4
0.161|0|0|2|4
3.84|1|0|3|4
35.086|0|0|3|4
25.871|1|2|3|4
68.451|0|2|3|4
0|1|3|3|4
0.982|0|3|3|4
55.154|1|4|3|4
68.452|0|4|3|4
0|1|5|3|4
0.161|0|5|3|4
0|1|0|4|4
0.161|0|0|4|4
47.566|1|10|4|4
68.452|0|10|4|4
203.941|1|3|4|4
173.861|0|3|4|4
0|1|4|4|4
3.216|0|4|4|4
0|1|6|4|4
0.982|0|6|4|4
0|1|7|4|4
3.216|0|7|4|4
52.139|1|9|4|4
68.452|0|9|4|4
0|1|1|5|4
0.161|0|1|5|4
78.847|1|4|5|4
68.452|0|4|5|4
6.126|1|5|5|4
35.086|0|5|5|4
0|1|6|5|4
0.982|0|6|5|4
4.048|1|0|6|4
35.086|0|0|6|4
51.443|1|0|7|4
68.452|0|0|7|4
456.201|1|1|7|4
173.863|0|1|7|4
0|1|13|7|4
3.216|0|13|7|4
0|1|2|7|4
3.216|0|2|7|4
18.923|1|3|7|4
68.451|0|3|7|4
38.966|1|5|7|4
68.451|0|5|7|4
0|1|6|7|4
3.216|0|6|7|4
0|1|7|7|4
3.216|0|7|7|4
0|1|2|8|4
0.161|0|2|8|4
0|1|4|8|4
3.216|0|4|8|4
0|1|4|9|4
3.216|0|4|9|4
0|1|6|9|4
0.982|0|6|9|4
0|1|0|0|5
3.216|0|0|0|5
0|1|3|1|5
3.216|0|3|1|5
37.62|1|5|1|5
68.451|0|5|1|5
0|1|6|1|5
0.982|0|6|1|5
215.11|1|4|0|6
173.861|0|4|0|6
31.747|1|2|1|6
68.451|0|2|1|6
0|1|6|1|6
0.982|0|6|1|6
0|1|8|1|6
0.982|0|8|1|6
0|1|0|2|6
3.216|0|0|2|6
0|1|1|2|6
0.982|0|1|2|6
2.502|1|3|2|6
35.086|0|3|2|6
649.262|1|1|3|6
173.865|0|1|3|6
0|1|2|3|6
0.161|0|2|3|6
0|1|3|3|6
3.216|0|3|3|6
0|1|4|3|6
0.982|0|4|3|6
0|1|5|3|6
3.216|0|5|3|6
0|1|7|3|6
3.216|0|7|3|6
0|1|8|3|6
0.161|0|8|3|6
0|1|0|0|7
0.982|0|0|0|7
0|1|2|0|7
3.216|0|2|0|7
0|1|3|0|7
3.216|0|3|0|7
24.832|1|5|0|7
68.451|0|5|0|7
0|1|6|0|7
0.161|0|6|0|7
0|1|0|1|7
0.982|0|0|1|7
0|1|1|1|7
0.161|0|1|1|7
0|1|0|10|7
3.216|0|0|10|7
114.174|1|1|10|7
173.86|0|1|10|7
0|1|10|10|7
3.216|0|10|10|7
8.047|1|3|10|7
35.086|0|3|10|7
0|1|5|10|7
3.216|0|5|10|7
0|1|6|10|7
3.216|0|6|10|7
0|1|7|10|7
0.982|0|7|10|7
0|1|2|2|7
3.216|0|2|2|7
0|1|7|2|7
3.216|0|7|2|7
17.281|1|9|2|7
35.086|0|9|2|7
0|1|0|3|7
0.161|0|0|3|7
0|1|2|3|7
0.161|0|2|3|7
56.227|1|3|3|7
68.452|0|3|3|7
35.907|1|5|3|7
68.451|0|5|3|7
0|1|6|3|7
3.216|0|6|3|7
0|1|0|4|7
0.982|0|0|4|7
0|1|1|4|7
0.982|0|1|4|7
139.483|1|3|4|7
173.86|0|3|4|7
276.322|1|4|4|7
173.862|0|4|4|7
348.404|1|1|6|7
173.862|0|1|6|7
393.685|1|10|7|7
173.863|0|10|7|7
0|1|3|7|7
0.982|0|3|7|7
51.319|1|4|7|7
68.452|0|4|7|7
0|1|5|7|7
0.161|0|5|7|7
14.277|1|6|7|7
35.086|0|6|7|7
0|1|0|8|7
0.982|0|0|8|7
44.84|1|1|8|7
68.451|0|1|8|7
20.801|1|2|8|7
68.451|0|2|8|7
6.611|1|3|8|7
35.086|0|3|8|7
0|1|0|9|7
0.161|0|0|9|7
0|1|1|9|7
0.161|0|1|9|7
0|1|2|9|7
0.982|0|2|9|7
0|1|3|9|7
3.216|0|3|9|7
0|1|4|9|7
3.216|0|4|9|7
0|1|5|9|7
3.216|0|5|9|7
0|1|6|9|7
0.982|0|6|9|7
13.091|1|1|0|8
35.086|0|1|0|8
39.938|1|3|0|8
68.451|0|3|0|8
10.433|1|4|0|8
35.086|0|4|0|8
32.269|1|3|1|8
68.451|0|3|1|8
0|1|4|1|8
0.161|0|4|1|8
44.961|1|5|1|8
68.451|0|5|1|8
14.584|1|7|1|8
35.086|0|7|1|8
0|1|2|2|8
3.216|0|2|2|8
250.295|1|3|2|8
173.861|0|3|2|8
0|1|5|2|8
3.216|0|5|2|8
0|1|6|2|8
3.216|0|6|2|8
0|1|1|3|8
3.216|0|1|3|8
15.573|1|2|3|8
35.086|0|2|3|8
0|1|0|4|8
3.216|0|0|4|8
53.563|1|1|4|8
68.452|0|1|4|8
0|1|0|0|9
0.161|0|0|0|9
0|1|1|0|9
3.216|0|1|0|9
0|1|13|0|9
0.982|0|13|0|9
0|1|2|0|9
0.161|0|2|0|9
0|1|8|0|9
3.216|0|8|0|9
23.96|1|4|1|9
68.451|0|4|1|9
0|1|6|1|9
0.161|0|6|1|9
172.799|1|9|1|9
173.861|0|9|1|9
8.3|1|1|2|9
35.086|0|1|2|9
0|1|2|2|9
3.216|0|2|2|9
18.329|1|4|2|9
35.086|0|4|2|9
3.116|1|1|3|9
35.086|0|1|3|9
0|1|4|3|9
0.982|0|4|3|9
0|1|9|0|0
3.701|0|9|0|0
0|1|1|1|0
3.216|0|1|1|0
0|1|10|1|0
0.788|0|10|1|0
0|1|11|1|0
2.25|0|11|1|0
0|1|12|1|0
0.788|0|12|1|0
0|1|6|1|0
3.216|0|6|1|0
0|1|0|10|0
3.216|0|0|10|0
0|1|0|11|0
0.788|0|0|11|0
0|1|1|12|0
3.216|0|1|12|0
0|1|4|12|0
0.788|0|4|12|0
0|1|2|13|0
3.701|0|2|13|0
0|1|6|13|0
2.25|0|6|13|0
0|1|8|13|0
2.25|0|8|13|0
0|1|9|13|0
3.216|0|9|13|0
0|1|1|2|0
3.216|0|1|2|0
0|1|4|2|0
3.701|0|4|2|0
0|1|6|2|0
3.216|0|6|2|0
0|1|0|4|0
0.788|0|0|4|0
0|1|1|4|0
2.25|0|1|4|0
0|1|2|4|0
0.788|0|2|4|0
0|1|0|5|0
3.701|0|0|5|0
0|1|1|5|0
3.701|0|1|5|0
0|1|2|5|0
0.788|0|2|5|0
0|1|12|6|0
3.216|0|12|6|0
0|1|3|6|0
2.25|0|3|6|0
0|1|9|6|0
0.788|0|9|6|0
0|1|1|7|0
3.701|0|1|7|0
0|1|2|7|0
3.701|0|2|7|0
0|1|4|7|0
3.701|0|4|7|0
0|1|8|7|0
3.216|0|8|7|0
0|1|3|8|0
0.788|0|3|8|0
0|1|10|9|0
3.216|0|10|9|0
0|1|4|9|0
0.788|0|4|9|0
0|1|9|9|0
3.216|0|9|9|0
0|1|2|1|1
3.216|0|2|1|1
0|1|1|0|10
3.216|0|1|0|10
0|1|4|0|10
3.216|0|4|0|10
0|1|8|0|10
0.788|0|8|0|10
0|1|1|1|10
3.701|0|1|1|10
0|1|2|1|10
3.216|0|2|1|10
0|1|0|2|10
3.216|0|0|2|10
0|1|3|3|10
3.216|0|3|3|10
0|1|1|4|10
0.788|0|1|4|10
0|1|5|4|10
3.216|0|5|4|10
0|1|6|4|10
2.25|0|6|4|10
0|1|0|0|11
2.25|0|0|0|11
0|1|10|0|11
3.216|0|10|0|11
0|1|11|0|11
3.216|0|11|0|11
0|1|13|0|11
3.216|0|13|0|11
0|1|3|0|11
3.216|0|3|0|11
0|1|4|0|11
3.216|0|4|0|11
0|1|6|0|11
3.216|0|6|0|11
0|1|8|0|11
0.788|0|8|0|11
0|1|9|0|11
2.25|0|9|0|11
0|1|1|1|11
2.25|0|1|1|11
0|1|2|1|11
3.216|0|2|1|11
0|1|0|2|11
2.25|0|0|2|11
0|1|8|2|11
3.216|0|8|2|11
0|1|1|4|11
2.25|0|1|4|11
0|1|4|5|11
0.788|0|4|5|11
0|1|3|0|12
3.701|0|3|0|12
0|1|0|1|12
3.216|0|0|1|12
0|1|2|1|12
3.216|0|2|1|12
0|1|1|2|12
3.216|0|1|2|12
0|1|13|2|12
3.216|0|13|2|12
0|1|5|2|12
3.216|0|5|2|12
0|1|9|2|12
3.701|0|9|2|12
0|1|5|3|12
3.701|0|5|3|12
0|1|6|3|12
0.788|0|6|3|12
0|1|0|0|13
0.788|0|0|0|13
0|1|0|1|13
3.216|0|0|1|13
0|1|10|1|13
2.25|0|10|1|13
0|1|3|1|13
3.701|0|3|1|13
0|1|5|1|13
0.788|0|5|1|13
0|1|8|1|13
0.788|0|8|1|13
0|1|0|0|14
2.25|0|0|0|14
0|1|1|0|14
3.701|0|1|0|14
0|1|0|1|14
3.701|0|0|1|14
0|1|1|1|14
2.25|0|1|1|14
0|1|2|1|14
3.216|0|2|1|14
0|1|0|10|14
3.216|0|0|10|14
0|1|2|10|14
3.701|0|2|10|14
0|1|4|10|14
0.788|0|4|10|14
0|1|6|10|14
2.25|0|6|10|14
0|1|7|10|14
3.701|0|7|10|14
0|1|2|11|14
3.216|0|2|11|14
0|1|1|12|14
3.216|0|1|12|14
0|1|2|12|14
3.701|0|2|12|14
0|1|3|12|14
3.216|0|3|12|14
0|1|8|12|14
3.701|0|8|12|14
0|1|9|12|14
0.788|0|9|12|14
0|1|0|13|14
0.788|0|0|13|14
0|1|2|13|14
2.25|0|2|13|14
0|1|4|13|14
3.216|0|4|13|14
0|1|2|14|14
2.25|0|2|14|14
0|1|5|14|14
3.216|0|5|14|14
0|1|2|15|14
3.216|0|2|15|14
0|1|8|15|14
2.25|0|8|15|14
0|1|0|16|14
2.25|0|0|16|14
0|1|2|16|14
2.25|0|2|16|14
0|1|4|2|14
0.788|0|4|2|14
0|1|2|3|14
3.701|0|2|3|14
0|1|3|3|14
2.25|0|3|3|14
0|1|0|4|14
3.216|0|0|4|14
0|1|0|5|14
3.216|0|0|5|14
0|1|2|5|14
2.25|0|2|5|14
0|1|4|5|14
2.25|0|4|5|14
0|1|1|6|14
3.216|0|1|6|14
0|1|2|6|14
3.216|0|2|6|14
0|1|4|6|14
3.216|0|4|6|14
0|1|5|6|14
0.788|0|5|6|14
0|1|6|6|14
3.216|0|6|6|14
0|1|2|7|14
0.788|0|2|7|14
0|1|4|7|14
3.216|0|4|7|14
0|1|0|8|14
3.216|0|0|8|14
0|1|1|9|14
3.216|0|1|9|14
0|1|10|9|14
2.25|0|10|9|14
0|1|2|9|14
3.216|0|2|9|14
0|1|5|9|14
3.701|0|5|9|14
0|1|9|9|14
3.216|0|9|9|14
0|1|12|0|15
3.216|0|12|0|15
0|1|13|0|15
3.701|0|13|0|15
0|1|4|0|15
3.216|0|4|0|15
0|1|8|0|15
3.216|0|8|0|15
0|1|9|0|15
0.788|0|9|0|15
0|1|0|1|15
3.216|0|0|1|15
0|1|1|2|15
2.25|0|1|2|15
0|1|13|2|15
3.216|0|13|2|15
0|1|2|2|15
2.25|0|2|2|15
0|1|3|2|15
2.25|0|3|2|15
0|1|4|2|15
3.701|0|4|2|15
0|1|6|2|15
3.701|0|6|2|15
0|1|7|2|15
2.25|0|7|2|15
0|1|8|2|15
3.216|0|8|2|15
0|1|1|3|15
2.25|0|1|3|15
0|1|4|3|15
3.216|0|4|3|15
0|1|6|3|15
0.788|0|6|3|15
0|1|11|0|16
3.701|0|11|0|16
0|1|12|0|16
0.788|0|12|0|16
0|1|6|0|16
3.216|0|6|0|16
0|1|0|1|16
0.788|0|0|1|16
0|1|3|1|16
0.788|0|3|1|16
0|1|4|1|16
3.216|0|4|1|16
0|1|8|1|16
2.25|0|8|1|16
0|1|9|1|16
3.701|0|9|1|16
0|1|0|10|16
3.701|0|0|10|16
0|1|6|10|16
3.216|0|6|10|16
0|1|7|10|16
2.25|0|7|10|16
0|1|0|2|16
0.788|0|0|2|16
0|1|1|2|16
3.216|0|1|2|16
0|1|2|2|16
3.216|0|2|2|16
0|1|3|2|16
3.216|0|3|2|16
0|1|0|4|16
0.788|0|0|4|16
0|1|5|4|16
3.216|0|5|4|16
0|1|6|4|16
3.216|0|6|4|16
0|1|2|5|16
2.25|0|2|5|16
0|1|3|5|16
3.216|0|3|5|16
0|1|4|5|16
3.701|0|4|5|16
0|1|6|5|16
3.701|0|6|5|16
0|1|0|6|16
3.216|0|0|6|16
0|1|2|6|16
3.701|0|2|6|16
0|1|0|7|16
3.701|0|0|7|16
0|1|1|7|16
3.216|0|1|7|16
0|1|12|8|16
3.216|0|12|8|16
0|1|13|8|16
3.216|0|13|8|16
0|1|2|8|16
3.216|0|2|8|16
0|1|3|8|16
2.25|0|3|8|16
0|1|4|8|16
2.25|0|4|8|16
0|1|8|8|16
3.701|0|8|8|16
0|1|9|8|16
3.216|0|9|8|16
0|1|4|9|16
3.216|0|4|9|16
0|1|5|9|16
0.788|0|5|9|16
0|1|0|0|17
0.788|0|0|0|17
0|1|1|0|17
0.788|0|1|0|17
0|1|4|0|17
3.216|0|4|0|17
0|1|1|1|17
2.25|0|1|1|17
0|1|6|1|17
3.701|0|6|1|17
0|1|7|1|17
3.216|0|7|1|17
0|1|1|0|18
3.216|0|1|0|18
0|1|2|0|18
2.25|0|2|0|18
0|1|0|1|18
0.788|0|0|1|18
0|1|2|1|18
3.216|0|2|1|18
0|1|4|1|18
2.25|0|4|1|18
0|1|1|2|18
0.788|0|1|2|18
0|1|2|2|18
3.216|0|2|2|18
0|1|3|2|18
2.25|0|3|2|18
0|1|2|3|18
3.701|0|2|3|18
0|1|3|3|18
3.701|0|3|3|18
0|1|9|3|18
0.788|0|9|3|18
0|1|0|4|18
2.25|0|0|4|18
0|1|7|4|18
3.216|0|7|4|18
0|1|0|0|19
3.216|0|0|0|19
0|1|3|0|19
3.216|0|3|0|19
0|1|4|0|19
3.216|0|4|0|19
0|1|5|0|19
3.701|0|5|0|19
0|1|6|0|19
0.788|0|6|0|19
0|1|0|0|2
0.788|0|0|0|2
0|1|3|0|2
3.216|0|3|0|2
0|1|4|0|2
3.216|0|4|0|2
0|1|5|0|2
3.701|0|5|0|2
0|1|9|0|2
2.25|0|9|0|2
0|1|1|2|2
3.216|0|1|2|2
0|1|6|2|2
3.216|0|6|2|2
0|1|8|2|2
3.216|0|8|2|2
0|1|3|3|2
3.216|0|3|3|2
0|1|4|3|2
2.25|0|4|3|2
0|1|5|3|2
3.216|0|5|3|2
0|1|6|3|2
0.788|0|6|3|2
0|1|8|3|2
3.216|0|8|3|2
0|1|9|3|2
0.788|0|9|3|2
0|1|2|4|2
3.216|0|2|4|2
0|1|4|4|2
3.701|0|4|4|2
0|1|1|5|2
3.216|0|1|5|2
0|1|11|5|2
2.25|0|11|5|2
0|1|6|5|2
0.788|0|6|5|2
0|1|1|0|20
0.788|0|1|0|20
0|1|2|0|20
2.25|0|2|0|20
0|1|4|0|20
0.788|0|4|0|20
0|1|1|1|20
0.788|0|1|1|20
0|1|5|1|20
0.788|0|5|1|20
0|1|0|2|20
3.216|0|0|2|20
0|1|2|2|20
3.216|0|2|2|20
0|1|4|2|20
0.788|0|4|2|20
0|1|5|2|20
0.788|0|5|2|20
0|1|6|2|20
3.216|0|6|2|20
0|1|1|3|20
3.216|0|1|3|20
0|1|8|4|20
0.788|0|8|4|20
0|1|0|5|20
3.216|0|0|5|20
0|1|2|5|20
0.788|0|2|5|20
0|1|3|5|20
3.701|0|3|5|20
0|1|4|5|20
2.25|0|4|5|20
0|1|5|5|20
2.25|0|5|5|20
0|1|7|5|20
0.788|0|7|5|20
0|1|3|6|20
3.216|0|3|6|20
0|1|0|7|20
0.788|0|0|7|20
0|1|2|7|20
3.701|0|2|7|20
0|1|5|7|20
3.216|0|5|7|20
0|1|7|7|20
3.216|0|7|7|20
0|1|8|7|20
0.788|0|8|7|20
0|1|0|1|21
3.216|0|0|1|21
0|1|1|1|21
3.701|0|1|1|21
0|1|1|10|21
3.216|0|1|10|21
0|1|11|10|21
3.216|0|11|10|21
0|1|12|10|21
3.216|0|12|10|21
0|1|3|10|21
3.216|0|3|10|21
0|1|5|10|21
3.701|0|5|10|21
0|1|0|11|21
2.25|0|0|11|21
0|1|1|11|21
2.25|0|1|11|21
0|1|2|11|21
2.25|0|2|11|21
0|1|3|11|21
3.216|0|3|11|21
0|1|5|11|21
3.701|0|5|11|21
0|1|7|11|21
0.788|0|7|11|21
0|1|11|13|21
2.25|0|11|13|21
0|1|12|13|21
3.701|0|12|13|21
0|1|5|13|21
3.701|0|5|13|21
0|1|6|13|21
2.25|0|6|13|21
0|1|9|13|21
3.216|0|9|13|21
0|1|4|2|21
3.216|0|4|2|21
0|1|12|3|21
2.25|0|12|3|21
0|1|13|3|21
2.25|0|13|3|21
0|1|4|3|21
3.216|0|4|3|21
0|1|9|3|21
3.216|0|9|3|21
0|1|0|4|21
2.25|0|0|4|21
0|1|3|4|21
2.25|0|3|4|21
0|1|4|4|21
0.788|0|4|4|21
0|1|5|4|21
2.25|0|5|4|21
0|1|0|5|21
3.216|0|0|5|21
0|1|1|5|21
2.25|0|1|5|21
0|1|2|5|21
0.788|0|2|5|21
0|1|4|6|21
0.788|0|4|6|21
0|1|7|6|21
3.216|0|7|6|21
0|1|3|7|21
2.25|0|3|7|21
0|1|10|8|21
0.788|0|10|8|21
0|1|11|8|21
0.788|0|11|8|21
0|1|6|8|21
0.788|0|6|8|21
0|1|9|8|21
0.788|0|9|8|21
0|1|1|9|21
3.216|0|1|9|21
0|1|10|9|21
3.216|0|10|9|21
0|1|11|9|21
2.25|0|11|9|21
0|1|12|9|21
3.216|0|12|9|21
0|1|13|9|21
2.25|0|13|9|21
0|1|2|9|21
3.701|0|2|9|21
0|1|3|9|21
3.216|0|3|9|21
0|1|7|9|21
0.788|0|7|9|21
0|1|0|0|22
0.788|0|0|0|22
0|1|3|0|22
3.701|0|3|0|22
0|1|6|0|22
0.788|0|6|0|22
0|1|0|1|22
3.701|0|0|1|22
0|1|2|1|22
3.701|0|2|1|22
0|1|11|2|22
0.788|0|11|2|22
0|1|5|2|22
0.788|0|5|2|22
0|1|8|2|22
0.788|0|8|2|22
0|1|9|2|22
3.701|0|9|2|22
0|1|1|3|22
2.25|0|1|3|22
0|1|6|3|22
3.701|0|6|3|22
0|1|7|3|22
2.25|0|7|3|22
0|1|1|0|23
0.788|0|1|0|23
0|1|2|0|23
3.701|0|2|0|23
0|1|0|1|23
0.788|0|0|1|23
0|1|3|1|23
3.216|0|3|1|23
0|1|5|1|23
2.25|0|5|1|23
0|1|0|3|23
3.216|0|0|3|23
0|1|1|3|23
0.788|0|1|3|23
0|1|5|3|23
3.216|0|5|3|23
0|1|6|3|23
0.788|0|6|3|23
0|1|1|0|24
2.25|0|1|0|24
0|1|3|0|24
3.216|0|3|0|24
0|1|5|0|24
3.216|0|5|0|24
0|1|1|1|24
3.216|0|1|1|24
0|1|3|1|24
2.25|0|3|1|24
0|1|0|2|24
0.788|0|0|2|24
0|1|1|3|24
3.216|0|1|3|24
0|1|4|3|24
2.25|0|4|3|24
0|1|7|3|24
3.216|0|7|3|24
0|1|8|3|24
2.25|0|8|3|24
0|1|0|4|24
3.701|0|0|4|24
0|1|3|4|24
0.788|0|3|4|24
0|1|4|6|24
0.788|0|4|6|24
0|1|0|7|24
3.216|0|0|7|24
0|1|4|7|24
3.216|0|4|7|24
0|1|5|7|24
3.216|0|5|7|24
0|1|1|0|25
3.701|0|1|0|25
0|1|2|0|25
3.701|0|2|0|25
0|1|3|0|25
3.216|0|3|0|25
0|1|4|0|25
3.216|0|4|0|25
0|1|0|1|25
3.216|0|0|1|25
0|1|10|1|25
3.216|0|10|1|25
0|1|11|1|25
3.216|0|11|1|25
0|1|2|1|25
2.25|0|2|1|25
0|1|3|1|25
3.216|0|3|1|25
0|1|4|1|25
0.788|0|4|1|25
0|1|5|1|25
2.25|0|5|1|25
0|1|2|2|25
3.216|0|2|2|25
0|1|3|2|25
3.216|0|3|2|25
0|1|3|3|25
3.216|0|3|3|25
0|1|5|3|25
3.216|0|5|3|25
0|1|8|4|25
3.216|0|8|4|25
0|1|9|4|25
2.25|0|9|4|25
0|1|1|5|25
3.216|0|1|5|25
0|1|1|0|26
3.216|0|1|0|26
0|1|3|0|26
3.216|0|3|0|26
0|1|3|2|26
2.25|0|3|2|26
0|1|5|2|26
3.216|0|5|2|26
0|1|0|3|26
3.216|0|0|3|26
0|1|10|3|26
2.25|0|10|3|26
0|1|2|3|26
0.788|0|2|3|26
0|1|0|4|26
0.788|0|0|4|26
0|1|10|4|26
3.701|0|10|4|26
0|1|5|4|26
0.788|0|5|4|26
0|1|6|4|26
3.216|0|6|4|26
0|1|8|4|26
0.788|0|8|4|26
0|1|0|5|26
3.216|0|0|5|26
0|1|3|5|26
3.216|0|3|5|26
0|1|4|5|26
3.701|0|4|5|26
0|1|6|5|26
0.788|0|6|5|26
0|1|8|5|26
2.25|0|8|5|26
0|1|2|0|27
3.216|0|2|0|27
0|1|0|1|27
2.25|0|0|1|27
0|1|0|2|27
0.788|0|0|2|27
0|1|2|3|27
3.216|0|2|3|27
0|1|0|4|27
3.216|0|0|4|27
0|1|1|4|27
0.788|0|1|4|27
0|1|3|4|27
0.788|0|3|4|27
0|1|4|4|27
2.25|0|4|4|27
0|1|0|5|27
0.788|0|0|5|27
0|1|1|5|27
0.788|0|1|5|27
0|1|2|5|27
2.25|0|2|5|27
0|1|4|5|27
3.216|0|4|5|27
0|1|6|5|27
3.216|0|6|5|27
0|1|7|5|27
0.788|0|7|5|27
0|1|9|5|27
3.701|0|9|5|27
0|1|1|6|27
3.701|0|1|6|27
0|1|2|6|27
3.216|0|2|6|27
0|1|6|6|27
3.216|0|6|6|27
0|1|0|7|27
0.788|0|0|7|27
0|1|2|7|27
3.216|0|2|7|27
0|1|3|7|27
0.788|0|3|7|27
0|1|5|7|27
3.216|0|5|7|27
0|1|2|8|27
2.25|0|2|8|27
0|1|3|8|27
3.216|0|3|8|27
0|1|1|9|27
3.216|0|1|9|27
0|1|2|9|27
3.216|0|2|9|27
0|1|6|9|27
3.701|0|6|9|27
0|1|10|0|28
3.216|0|10|0|28
0|1|2|0|28
3.701|0|2|0|28
0|1|4|0|28
2.25|0|4|0|28
0|1|5|0|28
3.701|0|5|0|28
0|1|7|0|28
2.25|0|7|0|28
0|1|8|0|28
3.216|0|8|0|28
0|1|0|1|28
0.788|0|0|1|28
0|1|1|1|28
3.216|0|1|1|28
0|1|2|1|28
3.701|0|2|1|28
0|1|5|1|28
3.216|0|5|1|28
0|1|6|1|28
0.788|0|6|1|28
0|1|7|1|28
3.216|0|7|1|28
0|1|3|10|28
0.788|0|3|10|28
0|1|4|10|28
3.216|0|4|10|28
0|1|0|11|28
3.216|0|0|11|28
0|1|3|11|28
3.216|0|3|11|28
0|1|6|12|28
3.701|0|6|12|28
0|1|0|13|28
2.25|0|0|13|28
0|1|2|13|28
0.788|0|2|13|28
0|1|5|13|28
3.216|0|5|13|28
0|1|6|13|28
3.216|0|6|13|28
0|1|1|14|28
3.216|0|1|14|28
0|1|4|14|28
3.216|0|4|14|28
0|1|3|15|28
2.25|0|3|15|28
0|1|7|15|28
2.25|0|7|15|28
0|1|9|15|28
0.788|0|9|15|28
0|1|4|16|28
3.216|0|4|16|28
0|1|1|17|28
3.216|0|1|17|28
0|1|2|17|28
3.701|0|2|17|28
0|1|2|2|28
3.216|0|2|2|28
0|1|3|2|28
3.701|0|3|2|28
0|1|5|2|28
2.25|0|5|2|28
0|1|4|3|28
0.788|0|4|3|28
0|1|0|4|28
3.216|0|0|4|28
0|1|13|4|28
2.25|0|13|4|28
0|1|8|4|28
3.216|0|8|4|28
0|1|1|5|28
0.788|0|1|5|28
0|1|3|5|28
3.216|0|3|5|28
0|1|0|6|28
0.788|0|0|6|28
0|1|2|6|28
2.25|0|2|6|28
0|1|5|6|28
2.25|0|5|6|28
0|1|7|6|28
3.701|0|7|6|28
0|1|1|7|28
3.216|0|1|7|28
0|1|2|7|28
3.216|0|2|7|28
0|1|3|7|28
3.216|0|3|7|28
0|1|1|8|28
2.25|0|1|8|28
0|1|0|9|28
2.25|0|0|9|28
0|1|13|9|28
0.788|0|13|9|28
0|1|4|9|28
3.216|0|4|9|28
0|1|6|9|28
0.788|0|6|9|28
0|1|8|9|28
0.788|0|8|9|28
0|1|11|0|29
3.701|0|11|0|29
0|1|12|0|29
3.216|0|12|0|29
0|1|3|0|29
3.216|0|3|0|29
0|1|4|0|29
3.216|0|4|0|29
0|1|8|0|29
2.25|0|8|0|29
0|1|9|0|29
3.701|0|9|0|29
0|1|1|2|29
2.25|0|1|2|29
0|1|1|0|3
3.216|0|1|0|3
0|1|12|0|3
3.216|0|12|0|3
0|1|1|1|3
3.701|0|1|1|3
0|1|2|1|3
3.701|0|2|1|3
0|1|3|1|3
2.25|0|3|1|3
0|1|5|1|3
3.216|0|5|1|3
0|1|0|2|3
3.216|0|0|2|3
0|1|4|2|3
3.701|0|4|2|3
0|1|5|2|3
3.701|0|5|2|3
0|1|0|3|3
3.216|0|0|3|3
0|1|4|3|3
2.25|0|4|3|3
0|1|6|3|3
3.216|0|6|3|3
0|1|7|3|3
3.701|0|7|3|3
0|1|9|3|3
3.216|0|9|3|3
0|1|1|0|30
3.216|0|1|0|30
0|1|2|0|30
3.216|0|2|0|30
0|1|3|0|30
3.216|0|3|0|30
0|1|1|1|30
3.216|0|1|1|30
0|1|2|1|30
0.788|0|2|1|30
0|1|3|1|30
0.788|0|3|1|30
0|1|0|0|31
3.216|0|0|0|31
0|1|1|0|31
0.788|0|1|0|31
0|1|3|0|31
3.216|0|3|0|31
0|1|6|0|31
0.788|0|6|0|31
0|1|1|0|32
3.216|0|1|0|32
0|1|5|0|32
3.216|0|5|0|32
0|1|9|0|32
0.788|0|9|0|32
0|1|2|11|32
3.216|0|2|11|32
0|1|3|11|32
0.788|0|3|11|32
0|1|4|11|32
0.788|0|4|11|32
0|1|6|11|32
3.216|0|6|11|32
0|1|0|12|32
2.25|0|0|12|32
0|1|4|12|32
3.216|0|4|12|32
0|1|5|12|32
3.216|0|5|12|32
0|1|6|12|32
0.788|0|6|12|32
0|1|7|12|32
3.216|0|7|12|32
0|1|0|13|32
0.788|0|0|13|32
0|1|1|13|32
2.25|0|1|13|32
0|1|10|13|32
3.701|0|10|13|32
0|1|12|13|32
3.216|0|12|13|32
0|1|4|13|32
3.216|0|4|13|32
0|1|5|13|32
3.216|0|5|13|32
0|1|0|2|32
0.788|0|0|2|32
0|1|4|2|32
0.788|0|4|2|32
0|1|5|2|32
2.25|0|5|2|32
0|1|6|2|32
0.788|0|6|2|32
0|1|0|3|32
2.25|0|0|3|32
0|1|1|4|32
0.788|0|1|4|32
0|1|11|4|32
3.216|0|11|4|32
0|1|12|4|32
3.216|0|12|4|32
0|1|13|4|32
3.216|0|13|4|32
0|1|4|4|32
0.788|0|4|4|32
0|1|5|4|32
2.25|0|5|4|32
0|1|8|4|32
3.701|0|8|4|32
0|1|9|4|32
3.216|0|9|4|32
0|1|0|5|32
3.216|0|0|5|32
0|1|1|5|32
2.25|0|1|5|32
0|1|12|5|32
0.788|0|12|5|32
0|1|3|5|32
3.216|0|3|5|32
0|1|4|5|32
3.701|0|4|5|32
0|1|8|5|32
3.216|0|8|5|32
0|1|9|5|32
3.701|0|9|5|32
0|1|0|6|32
3.701|0|0|6|32
0|1|1|6|32
3.216|0|1|6|32
0|1|2|6|32
3.701|0|2|6|32
0|1|4|6|32
2.25|0|4|6|32
0|1|8|6|32
3.216|0|8|6|32
0|1|2|7|32
3.216|0|2|7|32
0|1|7|7|32
3.216|0|7|7|32
0|1|5|9|32
3.701|0|5|9|32
0|1|1|0|33
3.216|0|1|0|33
0|1|0|1|33
3.216|0|0|1|33
0|1|13|1|33
3.701|0|13|1|33
0|1|7|1|33
2.25|0|7|1|33
0|1|9|1|33
0.788|0|9|1|33
0|1|0|10|33
3.216|0|0|10|33
0|1|2|10|33
3.701|0|2|10|33
0|1|4|10|33
0.788|0|4|10|33
0|1|2|11|33
3.216|0|2|11|33
0|1|4|11|33
2.25|0|4|11|33
0|1|6|11|33
3.216|0|6|11|33
0|1|0|2|33
2.25|0|0|2|33
0|1|1|2|33
0.788|0|1|2|33
0|1|2|2|33
3.216|0|2|2|33
0|1|4|2|33
0.788|0|4|2|33
0|1|5|2|33
3.701|0|5|2|33
0|1|4|3|33
2.25|0|4|3|33
0|1|10|4|33
2.25|0|10|4|33
0|1|4|4|33
3.216|0|4|4|33
0|1|7|4|33
3.216|0|7|4|33
0|1|8|4|33
0.788|0|8|4|33
0|1|0|5|33
0.788|0|0|5|33
0|1|7|5|33
0.788|0|7|5|33
0|1|0|6|33
3.216|0|0|6|33
0|1|6|7|33
3.216|0|6|7|33
0|1|1|8|33
0.788|0|1|8|33
0|1|3|8|33
2.25|0|3|8|33
0|1|4|8|33
3.216|0|4|8|33
0|1|6|8|33
3.701|0|6|8|33
0|1|8|9|33
3.216|0|8|9|33
0|1|0|0|34
3.701|0|0|0|34
0|1|0|1|34
3.216|0|0|1|34
0|1|1|3|34
3.701|0|1|3|34
0|1|2|5|34
3.216|0|2|5|34
0|1|10|0|35
0.788|0|10|0|35
0|1|12|0|35
2.25|0|12|0|35
0|1|3|0|35
2.25|0|3|0|35
0|1|4|0|35
0.788|0|4|0|35
0|1|5|0|35
0.788|0|5|0|35
0|1|0|1|35
0.788|0|0|1|35
0|1|3|1|35
2.25|0|3|1|35
0|1|1|2|35
0.788|0|1|2|35
0|1|10|2|35
2.25|0|10|2|35
0|1|11|2|35
2.25|0|11|2|35
0|1|2|2|35
0.788|0|2|2|35
0|1|3|2|35
3.701|0|3|2|35
0|1|7|2|35
2.25|0|7|2|35
0|1|1|3|35
3.701|0|1|3|35
0|1|2|3|35
3.216|0|2|3|35
0|1|2|0|36
3.701|0|2|0|36
0|1|5|0|36
0.788|0|5|0|36
0|1|9|0|36
3.216|0|9|0|36
0|1|0|1|36
3.216|0|0|1|36
0|1|10|1|36
0.788|0|10|1|36
0|1|11|1|36
3.701|0|11|1|36
0|1|3|1|36
0.788|0|3|1|36
0|1|3|2|36
0.788|0|3|2|36
0|1|1|3|36
3.216|0|1|3|36
0|1|2|3|36
3.701|0|2|3|36
0|1|3|3|36
2.25|0|3|3|36
0|1|0|4|36
3.216|0|0|4|36
0|1|0|5|36
3.216|0|0|5|36
0|1|7|5|36
0.788|0|7|5|36
0|1|8|5|36
0.788|0|8|5|36
0|1|0|6|36
2.25|0|0|6|36
0|1|2|6|36
3.701|0|2|6|36
0|1|3|6|36
0.788|0|3|6|36
0|1|6|6|36
2.25|0|6|6|36
0|1|8|6|36
0.788|0|8|6|36
0|1|2|0|37
3.701|0|2|0|37
0|1|3|1|37
0.788|0|3|1|37
0|1|1|2|37
2.25|0|1|2|37
0|1|13|2|37
3.216|0|13|2|37
0|1|3|2|37
2.25|0|3|2|37
0|1|4|2|37
3.216|0|4|2|37
0|1|6|2|37
3.701|0|6|2|37
0|1|7|2|37
0.788|0|7|2|37
0|1|1|3|37
2.25|0|1|3|37
0|1|0|4|37
2.25|0|0|4|37
0|1|2|4|37
0.788|0|2|4|37
0|1|7|4|37
3.701|0|7|4|37
0|1|8|4|37
3.216|0|8|4|37
0|1|11|5|37
3.216|0|11|5|37
0|1|12|5|37
3.216|0|12|5|37
0|1|3|5|37
3.701|0|3|5|37
0|1|4|5|37
0.788|0|4|5|37
0|1|6|5|37
3.216|0|6|5|37
0|1|8|5|37
3.216|0|8|5|37
0|1|9|5|37
3.701|0|9|5|37
0|1|0|6|37
3.701|0|0|6|37
0|1|5|6|37
3.701|0|5|6|37
0|1|6|6|37
3.216|0|6|6|37
0|1|10|7|37
2.25|0|10|7|37
0|1|2|7|37
0.788|0|2|7|37
0|1|4|7|37
2.25|0|4|7|37
0|1|5|7|37
3.216|0|5|7|37
0|1|7|7|37
3.701|0|7|7|37
0|1|0|1|38
3.216|0|0|1|38
0|1|1|1|38
3.216|0|1|1|38
0|1|0|10|38
3.216|0|0|10|38
0|1|2|10|38
2.25|0|2|10|38
0|1|3|10|38
2.25|0|3|10|38
0|1|0|2|38
2.25|0|0|2|38
0|1|1|2|38
3.701|0|1|2|38
0|1|2|2|38
3.216|0|2|2|38
0|1|1|4|38
2.25|0|1|4|38
0|1|1|5|38
0.788|0|1|5|38
0|1|1|6|38
3.701|0|1|6|38
0|1|2|6|38
3.216|0|2|6|38
0|1|1|7|38
3.216|0|1|7|38
0|1|0|8|38
3.701|0|0|8|38
0|1|1|9|38
3.216|0|1|9|38
0|1|3|9|38
3.701|0|3|9|38
0|1|4|9|38
0.788|0|4|9|38
0|1|5|9|38
3.216|0|5|9|38
0|1|1|0|39
3.701|0|1|0|39
0|1|2|0|39
3.216|0|2|0|39
0|1|0|1|39
2.25|0|0|1|39
0|1|2|1|39
2.25|0|2|1|39
0|1|4|1|39
0.788|0|4|1|39
0|1|6|1|39
3.701|0|6|1|39
0|1|7|1|39
2.25|0|7|1|39
0|1|0|11|39
3.701|0|0|11|39
0|1|6|11|39
3.216|0|6|11|39
0|1|7|11|39
3.216|0|7|11|39
0|1|8|11|39
0.788|0|8|11|39
0|1|9|11|39
3.701|0|9|11|39
0|1|0|12|39
3.216|0|0|12|39
0|1|3|12|39
3.216|0|3|12|39
0|1|0|13|39
3.216|0|0|13|39
0|1|10|13|39
2.25|0|10|13|39
0|1|11|13|39
2.25|0|11|13|39
0|1|12|13|39
3.701|0|12|13|39
0|1|13|13|39
0.788|0|13|13|39
0|1|2|13|39
3.701|0|2|13|39
0|1|5|13|39
3.701|0|5|13|39
0|1|6|13|39
3.701|0|6|13|39
0|1|9|13|39
3.216|0|9|13|39
0|1|0|14|39
3.216|0|0|14|39
0|1|3|14|39
3.216|0|3|14|39
0|1|4|14|39
2.25|0|4|14|39
0|1|5|14|39
0.788|0|5|14|39
0|1|6|14|39
2.25|0|6|14|39
0|1|7|2|39
3.216|0|7|2|39
0|1|0|3|39
0.788|0|0|3|39
0|1|1|3|39
2.25|0|1|3|39
0|1|2|3|39
3.216|0|2|3|39
0|1|0|4|39
3.216|0|0|4|39
0|1|2|4|39
2.25|0|2|4|39
0|1|0|5|39
3.216|0|0|5|39
0|1|1|5|39
0.788|0|1|5|39
0|1|3|5|39
3.216|0|3|5|39
0|1|4|5|39
0.788|0|4|5|39
0|1|5|5|39
3.216|0|5|5|39
0|1|7|5|39
3.216|0|7|5|39
0|1|0|6|39
0.788|0|0|6|39
0|1|1|6|39
0.788|0|1|6|39
0|1|4|6|39
3.216|0|4|6|39
0|1|8|6|39
3.216|0|8|6|39
0|1|4|7|39
3.216|0|4|7|39
0|1|7|7|39
2.25|0|7|7|39
0|1|0|8|39
2.25|0|0|8|39
0|1|11|8|39
0.788|0|11|8|39
0|1|12|8|39
0.788|0|12|8|39
0|1|2|8|39
3.216|0|2|8|39
0|1|3|8|39
0.788|0|3|8|39
0|1|5|8|39
0.788|0|5|8|39
0|1|7|8|39
0.788|0|7|8|39
0|1|8|8|39
2.25|0|8|8|39
0|1|9|8|39
2.25|0|9|8|39
0|1|0|0|4
0.788|0|0|0|4
0|1|10|0|4
3.216|0|10|0|4
0|1|4|0|4
3.701|0|4|0|4
0|1|2|1|4
0.788|0|2|1|4
0|1|3|1|4
3.216|0|3|1|4
0|1|0|10|4
3.216|0|0|10|4
0|1|4|10|4
3.216|0|4|10|4
0|1|5|10|4
0.788|0|5|10|4
0|1|1|12|4
0.788|0|1|12|4
0|1|11|12|4
0.788|0|11|12|4
0|1|2|12|4
0.788|0|2|12|4
0|1|6|12|4
0.788|0|6|12|4
0|1|8|12|4
3.216|0|8|12|4
0|1|9|12|4
3.216|0|9|12|4
0|1|1|13|4
3.216|0|1|13|4
0|1|2|13|4
0.788|0|2|13|4
0|1|4|13|4
0.788|0|4|13|4
0|1|6|13|4
2.25|0|6|13|4
0|1|12|4|4
2.25|0|12|4|4
0|1|2|4|4
2.25|0|2|4|4
0|1|4|4|4
3.216|0|4|4|4
0|1|5|4|4
3.701|0|5|4|4
0|1|7|4|4
3.216|0|7|4|4
0|1|0|5|4
0.788|0|0|5|4
0|1|7|5|4
3.701|0|7|5|4
0|1|8|5|4
3.701|0|8|5|4
0|1|10|7|4
0.788|0|10|7|4
0|1|11|7|4
2.25|0|11|7|4
0|1|12|7|4
0.788|0|12|7|4
0|1|13|7|4
3.216|0|13|7|4
0|1|2|7|4
3.216|0|2|7|4
0|1|6|7|4
3.216|0|6|7|4
0|1|7|7|4
3.216|0|7|7|4
0|1|8|7|4
3.701|0|8|7|4
0|1|1|8|4
3.701|0|1|8|4
0|1|4|8|4
3.216|0|4|8|4
0|1|1|9|4
2.25|0|1|9|4
0|1|2|9|4
3.701|0|2|9|4
0|1|4|9|4
3.216|0|4|9|4
0|1|0|0|5
3.216|0|0|0|5
0|1|1|0|5
2.25|0|1|0|5
0|1|2|0|5
2.25|0|2|0|5
0|1|4|0|5
2.25|0|4|0|5
0|1|0|1|5
2.25|0|0|1|5
0|1|1|1|5
2.25|0|1|1|5
0|1|3|1|5
3.216|0|3|1|5
0|1|3|0|6
3.701|0|3|0|6
0|1|0|1|6
2.25|0|0|1|6
0|1|1|1|6
3.701|0|1|1|6
0|1|3|1|6
3.701|0|3|1|6
0|1|4|1|6
2.25|0|4|1|6
0|1|0|2|6
3.216|0|0|2|6
0|1|3|3|6
3.216|0|3|3|6
0|1|5|3|6
3.216|0|5|3|6
0|1|6|3|6
0.788|0|6|3|6
0|1|7|3|6
3.216|0|7|3|6
0|1|1|0|7
2.25|0|1|0|7
0|1|2|0|7
3.216|0|2|0|7
0|1|3|0|7
3.216|0|3|0|7
0|1|0|10|7
3.216|0|0|10|7
0|1|10|10|7
3.216|0|10|10|7
0|1|4|10|7
0.788|0|4|10|7
0|1|5|10|7
3.216|0|5|10|7
0|1|6|10|7
3.216|0|6|10|7
0|1|8|10|7
2.25|0|8|10|7
0|1|9|10|7
2.25|0|9|10|7
0|1|0|2|7
0.788|0|0|2|7
0|1|2|2|7
3.216|0|2|2|7
0|1|4|2|7
3.701|0|4|2|7
0|1|6|2|7
3.701|0|6|2|7
0|1|7|2|7
3.216|0|7|2|7
0|1|8|2|7
3.701|0|8|2|7
0|1|6|3|7
3.216|0|6|3|7
0|1|9|3|7
3.701|0|9|3|7
0|1|0|5|7
0.788|0|0|5|7
0|1|1|7|7
3.701|0|1|7|7
0|1|7|7|7
3.701|0|7|7|7
0|1|8|7|7
0.788|0|8|7|7
0|1|3|9|7
3.216|0|3|9|7
0|1|4|9|7
3.216|0|4|9|7
0|1|5|9|7
3.216|0|5|9|7
0|1|6|0|8
2.25|0|6|0|8
0|1|7|0|8
0.788|0|7|0|8
0|1|1|1|8
2.25|0|1|1|8
0|1|8|1|8
2.25|0|8|1|8
0|1|1|2|8
2.25|0|1|2|8
0|1|2|2|8
3.216|0|2|2|8
0|1|5|2|8
3.216|0|5|2|8
0|1|6|2|8
3.216|0|6|2|8
0|1|1|3|8
3.216|0|1|3|8
0|1|0|4|8
3.216|0|0|4|8
0|1|1|0|9
3.216|0|1|0|9
0|1|10|0|9
3.701|0|10|0|9
0|1|11|0|9
3.701|0|11|0|9
0|1|3|0|9
0.788|0|3|0|9
0|1|4|0|9
2.25|0|4|0|9
0|1|6|0|9
0.788|0|6|0|9
0|1|7|0|9
0.788|0|7|0|9
0|1|8|0|9
3.216|0|8|0|9
0|1|0|1|9
2.25|0|0|1|9
0|1|2|1|9
0.788|0|2|1|9
0|1|7|1|9
0.788|0|7|1|9
0|1|8|1|9
2.25|0|8|1|9
0|1|2|2|9
3.216|0|2|2|9
0|1|3|2|9
2.25|0|3|2|9
0|1|5|2|9
2.25|0|5|2|9
23.326|1|11|0|0
68.451|0|11|0|0
10.553|1|2|0|0
11.721|0|2|0|0
3.476|1|5|0|0
35.086|0|5|0|0
2.476|1|6|0|0
35.086|0|6|0|0
27.095|1|7|0|0
68.451|0|7|0|0
20.323|1|0|1|0
11.721|0|0|1|0
42.442|1|2|1|0
68.451|0|2|1|0
179.945|1|3|1|0
173.861|0|3|1|0
19.034|1|4|1|0
11.721|0|4|1|0
16.91|1|5|1|0
35.086|0|5|1|0
298.939|1|1|10|0
173.862|0|1|10|0
9.867|1|2|10|0
35.086|0|2|10|0
22.651|1|2|11|0
68.451|0|2|11|0
8.151|1|0|12|0
35.086|0|0|12|0
181.867|1|0|13|0
173.861|0|0|13|0
165.417|1|1|13|0
173.861|0|1|13|0
0|1|10|13|0
0.161|0|10|13|0
15.876|1|11|13|0
11.721|0|11|13|0
392.412|1|3|13|0
173.863|0|3|13|0
20.328|1|5|13|0
11.721|0|5|13|0
5.175|1|7|13|0
35.086|0|7|13|0
0|1|0|2|0
0.161|0|0|2|0
253.516|1|2|2|0
173.862|0|2|2|0
0|1|3|2|0
0.161|0|3|2|0
5.598|1|5|2|0
35.086|0|5|2|0
43.691|1|0|3|0
68.451|0|0|3|0
172.438|1|1|3|0
173.861|0|1|3|0
15.107|1|3|3|0
11.721|0|3|3|0
290.378|1|0|6|0
173.862|0|0|6|0
4.234|1|10|6|0
35.086|0|10|6|0
31.527|1|11|6|0
11.721|0|11|6|0
12.413|1|2|6|0
11.721|0|2|6|0
84.252|1|4|6|0
68.452|0|4|6|0
6.675|1|5|6|0
11.721|0|5|6|0
334.932|1|0|7|0
173.862|0|0|7|0
22.122|1|6|7|0
68.451|0|6|7|0
29.908|1|7|7|0
11.721|0|7|7|0
10.147|1|0|8|0
11.721|0|0|8|0
8.219|1|4|8|0
35.086|0|4|8|0
0|1|8|8|0
0.161|0|8|8|0
47.835|1|9|8|0
68.451|0|9|8|0
0|1|0|9|0
0.161|0|0|9|0
9.844|1|1|9|0
35.086|0|1|9|0
0|1|12|9|0
0.161|0|12|9|0
0|1|3|9|0
0.161|0|3|9|0
0|1|5|9|0
0.161|0|5|9|0
0|1|6|9|0
0.161|0|6|9|0
159.076|1|7|9|0
173.861|0|7|9|0
395.244|1|8|9|0
173.863|0|8|9|0
3.805|1|1|0|1
35.086|0|1|0|1
431.923|1|0|2|1
173.863|0|0|2|1
9.978|1|3|2|1
35.086|0|3|2|1
16.801|1|4|2|1
11.721|0|4|2|1
233.943|1|5|2|1
173.861|0|5|2|1
0|1|0|0|10
0.161|0|0|0|10
0|1|3|0|10
0.161|0|3|0|10
29.091|1|5|0|10
11.721|0|5|0|10
0|1|6|0|10
0.161|0|6|0|10
17.628|1|7|0|10
11.721|0|7|0|10
57.308|1|2|2|10
68.452|0|2|2|10
307.016|1|3|2|10
173.862|0|3|2|10
238.061|1|4|4|10
173.861|0|4|4|10
3.09|1|7|4|10
35.086|0|7|4|10
12.079|1|2|0|11
11.721|0|2|0|11
18.265|1|5|0|11
11.721|0|5|0|11
27.459|1|7|0|11
68.451|0|7|0|11
15.472|1|3|1|11
11.721|0|3|1|11
7.116|1|1|2|11
35.086|0|1|2|11
18.756|1|4|2|11
11.721|0|4|2|11
55.918|1|6|2|11
68.452|0|6|2|11
186.778|1|7|2|11
173.861|0|7|2|11
182.724|1|9|2|11
173.861|0|9|2|11
2.811|1|0|3|11
35.086|0|0|3|11
16.063|1|0|4|11
35.086|0|0|4|11
15.259|1|0|5|11
11.721|0|0|5|11
6.772|1|1|5|11
35.086|0|1|5|11
10.872|1|0|0|12
11.721|0|0|0|12
27.3|1|1|0|12
11.721|0|1|0|12
235.345|1|2|0|12
173.861|0|2|0|12
0|1|3|1|12
0.161|0|3|1|12
6.255|1|11|2|12
35.086|0|11|2|12
4.988|1|2|2|12
35.086|0|2|2|12
0|1|3|2|12
0.161|0|3|2|12
49.663|1|4|2|12
68.452|0|4|2|12
3.214|1|6|2|12
35.086|0|6|2|12
10.643|1|0|3|12
35.086|0|0|3|12
3.562|1|1|3|12
35.086|0|1|3|12
19.654|1|4|3|12
11.721|0|4|3|12
55.049|1|1|0|13
68.452|0|1|0|13
0|1|11|1|13
0.161|0|11|1|13
0|1|13|1|13
0.161|0|13|1|13
228.244|1|2|1|13
173.861|0|2|1|13
555.872|1|7|1|13
173.864|0|7|1|13
6.593|1|1|10|14
35.086|0|1|10|14
122.332|1|3|10|14
173.86|0|3|10|14
28.285|1|5|10|14
11.721|0|5|10|14
5.19|1|8|10|14
35.086|0|8|10|14
0|1|9|10|14
0.161|0|9|10|14
9.79|1|0|11|14
11.721|0|0|11|14
4.318|1|0|12|14
35.086|0|0|12|14
11.898|1|10|12|14
11.721|0|10|12|14
9.668|1|11|12|14
11.721|0|11|12|14
5.378|1|13|12|14
35.086|0|13|12|14
307.374|1|4|12|14
173.862|0|4|12|14
5.432|1|5|12|14
35.086|0|5|12|14
202.373|1|7|12|14
173.861|0|7|12|14
475.175|1|1|13|14
173.864|0|1|13|14
18.533|1|3|13|14
11.721|0|3|13|14
8.035|1|10|14|14
11.721|0|10|14|14
0|1|11|14|14
0.161|0|11|14|14
86.91|1|3|14|14
68.452|0|3|14|14
80.896|1|4|14|14
68.452|0|4|14|14
11.953|1|6|14|14
35.086|0|6|14|14
0|1|9|14|14
0.161|0|9|14|14
182.586|1|1|15|14
173.861|0|1|15|14
36.396|1|5|15|14
68.451|0|5|15|14
28.826|1|6|15|14
68.451|0|6|15|14
6.538|1|7|15|14
35.086|0|7|15|14
13.351|1|9|15|14
11.721|0|9|15|14
0|1|1|16|14
0.161|0|1|16|14
14.929|1|3|16|14
11.721|0|3|16|14
0|1|0|17|14
0.161|0|0|17|14
3.639|1|1|2|14
35.086|0|1|2|14
0|1|3|2|14
0.161|0|3|2|14
6.052|1|0|3|14
35.086|0|0|3|14
67.149|1|4|3|14
68.452|0|4|3|14
334.611|1|5|3|14
173.862|0|5|3|14
148.999|1|1|4|14
173.86|0|1|4|14
23.115|1|1|5|14
68.451|0|1|5|14
0|1|3|5|14
0.161|0|3|5|14
190.451|1|5|5|14
173.861|0|5|5|14
8.689|1|10|6|14
35.086|0|10|6|14
40.727|1|12|6|14
68.451|0|12|6|14
46.14|1|3|6|14
68.451|0|3|6|14
22.482|1|9|6|14
11.721|0|9|6|14
32.469|1|3|7|14
11.721|0|3|7|14
123.592|1|1|8|14
173.86|0|1|8|14
0|1|2|8|14
0.161|0|2|8|14
75.221|1|3|8|14
68.452|0|3|8|14
57.507|1|0|9|14
68.452|0|0|9|14
31.434|1|11|9|14
68.451|0|11|9|14
24.579|1|12|9|14
11.721|0|12|9|14
3.046|1|13|9|14
35.086|0|13|9|14
22.169|1|3|9|14
11.721|0|3|9|14
26.529|1|4|9|14
11.721|0|4|9|14
6.395|1|8|9|14
35.086|0|8|9|14
288.394|1|0|0|15
173.862|0|0|0|15
0|1|11|0|15
0.161|0|11|0|15
0|1|2|0|15
0.161|0|2|0|15
3.396|1|6|0|15
35.086|0|6|0|15
73.357|1|7|0|15
68.452|0|7|0|15
116.966|1|11|2|15
173.86|0|11|2|15
4.511|1|9|2|15
35.086|0|9|2|15
0|1|2|3|15
0.161|0|2|3|15
57.986|1|3|3|15
68.452|0|3|3|15
4.132|1|0|0|16
35.086|0|0|0|16
10.072|1|1|0|16
35.086|0|1|0|16
2.839|1|10|0|16
35.086|0|10|0|16
74.3|1|13|0|16
68.452|0|13|0|16
4.239|1|3|0|16
35.086|0|3|0|16
41.198|1|7|0|16
68.451|0|7|0|16
0|1|1|1|16
0.161|0|1|1|16
4.1|1|7|1|16
35.086|0|7|1|16
28.464|1|2|10|16
11.721|0|2|10|16
338.096|1|3|10|16
173.862|0|3|10|16
5.905|1|4|10|16
35.086|0|4|10|16
64.804|1|8|10|16
68.452|0|8|10|16
66.807|1|9|10|16
68.452|0|9|10|16
45.907|1|0|3|16
68.451|0|0|3|16
3.558|1|2|3|16
35.086|0|2|3|16
409.74|1|1|4|16
173.863|0|1|4|16
127.39|1|3|4|16
173.86|0|3|4|16
0|1|4|4|16
0.161|0|4|4|16
41.763|1|1|5|16
11.721|0|1|5|16
28.009|1|3|6|16
68.451|0|3|6|16
197.313|1|4|6|16
173.861|0|4|6|16
22.082|1|2|7|16
68.451|0|2|7|16
22.576|1|3|7|16
11.721|0|3|7|16
0|1|0|8|16
0.161|0|0|8|16
3.004|1|1|8|16
35.086|0|1|8|16
334.722|1|5|8|16
173.862|0|5|8|16
0|1|6|8|16
0.161|0|6|8|16
147.791|1|1|9|16
173.86|0|1|9|16
11.907|1|2|9|16
11.721|0|2|9|16
3.154|1|2|0|17
35.086|0|2|0|17
43.155|1|0|1|17
68.451|0|0|1|17
12.139|1|3|1|17
11.721|0|3|1|17
234.529|1|4|1|17
173.861|0|4|1|17
10.118|1|2|2|17
35.086|0|2|2|17
250.603|1|0|3|17
173.861|0|0|3|17
496.754|1|0|0|18
173.864|0|0|0|18
8.736|1|4|0|18
11.721|0|4|0|18
67.543|1|3|1|18
68.452|0|3|1|18
39.489|1|0|2|18
68.451|0|0|2|18
8.06|1|5|2|18
11.721|0|5|2|18
29.911|1|5|3|18
68.451|0|5|3|18
12.093|1|8|3|18
11.721|0|8|3|18
49.217|1|2|4|18
68.451|0|2|4|18
26.602|1|3|4|18
11.721|0|3|4|18
387.721|1|8|4|18
173.863|0|8|4|18
0|1|2|0|19
0.161|0|2|0|19
21.711|1|13|0|2
11.721|0|13|0|2
0|1|2|0|2
0.161|0|2|0|2
0|1|7|0|2
0.161|0|7|0|2
24.615|1|1|1|2
11.721|0|1|1|2
59.269|1|0|2|2
68.452|0|0|2|2
0|1|2|2|2
0.161|0|2|2|2
190.803|1|3|2|2
173.861|0|3|2|2
254.641|1|4|2|2
173.861|0|4|2|2
124.675|1|5|2|2
173.86|0|5|2|2
36.946|1|7|2|2
68.451|0|7|2|2
22.469|1|1|3|2
68.451|0|1|3|2
0|1|0|4|2
0.161|0|0|4|2
82.442|1|1|4|2
68.452|0|1|4|2
3.218|1|0|5|2
35.086|0|0|5|2
163.292|1|3|5|2
173.861|0|3|5|2
25.414|1|4|5|2
11.721|0|4|5|2
13.763|1|7|5|2
35.086|0|7|5|2
0|1|0|0|20
0.161|0|0|0|20
437.535|1|3|0|20
173.864|0|3|0|20
5.808|1|6|0|20
35.086|0|6|0|20
108.111|1|7|0|20
173.86|0|7|0|20
0|1|0|1|20
0.161|0|0|1|20
6.056|1|2|1|20
11.721|0|2|1|20
23.68|1|3|1|20
68.451|0|3|1|20
262.346|1|3|2|20
173.862|0|3|2|20
291.571|1|0|4|20
173.862|0|0|4|20
28.374|1|10|4|20
68.451|0|10|4|20
228.964|1|3|4|20
173.861|0|3|4|20
342.191|1|4|4|20
173.862|0|4|4|20
0|1|5|4|20
0.161|0|5|4|20
10.482|1|6|4|20
35.086|0|6|4|20
224.244|1|7|4|20
173.861|0|7|4|20
317.731|1|9|4|20
173.862|0|9|4|20
112.974|1|1|5|20
173.86|0|1|5|20
156.296|1|6|5|20
68.453|0|6|5|20
72.275|1|1|6|20
68.452|0|1|6|20
9.926|1|2|6|20
35.086|0|2|6|20
86.297|1|4|6|20
68.452|0|4|6|20
0|1|5|6|20
0.161|0|5|6|20
38.292|1|6|6|20
68.451|0|6|6|20
37.595|1|3|7|20
68.451|0|3|7|20
0|1|6|7|20
0.161|0|6|7|20
23.168|1|1|0|21
68.451|0|1|0|21
32.108|1|2|0|21
68.451|0|2|0|21
0|1|0|10|21
0.161|0|0|10|21
6.333|1|10|10|21
11.721|0|10|10|21
9|1|13|10|21
35.086|0|13|10|21
34.526|1|4|10|21
68.451|0|4|10|21
7.801|1|6|10|21
35.086|0|6|10|21
0|1|7|10|21
0.161|0|7|10|21
28.501|1|8|10|21
11.721|0|8|10|21
18.637|1|9|10|21
11.721|0|9|10|21
326.341|1|4|11|21
173.862|0|4|11|21
229.659|1|8|11|21
173.861|0|8|11|21
8.249|1|6|12|21
11.721|0|6|12|21
17.431|1|10|13|21
11.721|0|10|13|21
0|1|8|13|21
0.161|0|8|13|21
188.915|1|3|2|21
173.861|0|3|2|21
2.924|1|10|3|21
35.086|0|10|3|21
17.384|1|11|3|21
11.721|0|11|3|21
0|1|2|3|21
0.161|0|2|3|21
20.765|1|3|3|21
11.721|0|3|3|21
31.858|1|7|3|21
68.451|0|7|3|21
59.977|1|1|4|21
68.452|0|1|4|21
0|1|10|4|21
0.161|0|10|4|21
0|1|11|4|21
0.161|0|11|4|21
0|1|2|4|21
0.161|0|2|4|21
7.16|1|6|4|21
35.086|0|6|4|21
42.214|1|9|4|21
68.451|0|9|4|21
0|1|3|5|21
0.161|0|3|5|21
8.495|1|11|6|21
35.086|0|11|6|21
73.783|1|12|6|21
68.452|0|12|6|21
73.585|1|13|6|21
68.452|0|13|6|21
0|1|2|6|21
0.161|0|2|6|21
16.678|1|3|6|21
11.721|0|3|6|21
36.903|1|5|6|21
68.451|0|5|6|21
35.655|1|8|6|21
11.721|0|8|6|21
10.156|1|9|6|21
11.721|0|9|6|21
0|1|4|7|21
0.161|0|4|7|21
62.138|1|0|8|21
68.452|0|0|8|21
0|1|5|8|21
0.161|0|5|8|21
13.034|1|0|9|21
11.721|0|0|9|21
56.363|1|4|9|21
68.452|0|4|9|21
7.038|1|8|9|21
11.721|0|8|9|21
41.624|1|2|0|22
68.451|0|2|0|22
13.499|1|5|0|22
11.721|0|5|0|22
2.707|1|10|2|22
35.086|0|10|2|22
57.628|1|13|2|22
68.452|0|13|2|22
8.82|1|4|2|22
11.721|0|4|2|22
20.129|1|6|2|22
11.721|0|6|2|22
20.336|1|0|3|22
68.451|0|0|3|22
0|1|2|3|22
0.161|0|2|3|22
26.474|1|3|3|22
68.451|0|3|3|22
12.481|1|1|1|23
11.721|0|1|1|23
4.862|1|2|1|23
35.086|0|2|1|23
0|1|4|1|23
0.161|0|4|1|23
6.541|1|6|1|23
35.086|0|6|1|23
3.695|1|0|2|23
35.086|0|0|2|23
220.462|1|2|2|23
173.861|0|2|2|23
283.314|1|3|2|23
173.862|0|3|2|23
5.978|1|2|3|23
35.086|0|2|3|23
6.55|1|4|3|23
35.086|0|4|3|23
4.516|1|10|0|24
35.086|0|10|0|24
71.08|1|11|0|24
68.452|0|11|0|24
8.107|1|13|0|24
35.086|0|13|0|24
7.188|1|4|0|24
11.721|0|4|0|24
29.605|1|8|0|24
68.451|0|8|0|24
13.138|1|9|0|24
11.721|0|9|0|24
5.83|1|0|1|24
35.086|0|0|1|24
7.28|1|2|1|24
35.086|0|2|1|24
5.457|1|0|3|24
35.086|0|0|3|24
176.134|1|10|3|24
173.861|0|10|3|24
198.262|1|11|3|24
173.861|0|11|3|24
12.509|1|3|3|24
11.721|0|3|3|24
51.835|1|5|3|24
68.451|0|5|3|24
31.939|1|1|4|24
68.451|0|1|4|24
204.032|1|2|4|24
173.861|0|2|4|24
6.884|1|1|5|24
35.086|0|1|5|24
0|1|2|5|24
0.161|0|2|5|24
0|1|0|6|24
0.161|0|0|6|24
43.78|1|1|6|24
68.451|0|1|6|24
38.108|1|2|6|24
68.451|0|2|6|24
10.01|1|3|6|24
35.086|0|3|6|24
52.678|1|1|7|24
68.452|0|1|7|24
181.524|1|2|7|24
173.861|0|2|7|24
429.994|1|5|0|25
173.863|0|5|0|25
46.096|1|7|0|25
68.451|0|7|0|25
2.882|1|8|0|25
35.086|0|8|0|25
4.044|1|6|1|25
35.086|0|6|1|25
7.011|1|0|3|25
35.086|0|0|3|25
0|1|4|3|25
0.161|0|4|3|25
320.806|1|0|4|25
173.862|0|0|4|25
0|1|3|4|25
0.161|0|3|4|25
238.529|1|4|4|25
173.862|0|4|4|25
42.551|1|5|4|25
68.451|0|5|4|25
12.564|1|7|4|25
35.086|0|7|4|25
7.205|1|0|5|25
11.721|0|0|5|25
0|1|0|0|26
0.161|0|0|0|26
5.15|1|4|0|26
35.086|0|4|0|26
232.386|1|3|1|26
173.861|0|3|1|26
0|1|1|2|26
0.161|0|1|2|26
6.713|1|4|2|26
35.086|0|4|2|26
6.065|1|6|2|26
11.721|0|6|2|26
146.527|1|1|3|26
173.861|0|1|3|26
12.241|1|3|3|26
11.721|0|3|3|26
8.569|1|5|3|26
35.086|0|5|3|26
280.966|1|6|3|26
173.862|0|6|3|26
38.258|1|11|4|26
68.451|0|11|4|26
123.015|1|12|4|26
68.452|0|12|4|26
0|1|2|4|26
0.161|0|2|4|26
0|1|4|4|26
0.161|0|4|4|26
15.93|1|7|4|26
11.721|0|7|4|26
115.507|1|9|4|26
173.86|0|9|4|26
0|1|1|5|26
0.161|0|1|5|26
38.438|1|7|5|26
68.451|0|7|5|26
10.181|1|0|0|27
35.086|0|0|0|27
0|1|1|0|27
0.161|0|1|0|27
21.221|1|1|1|27
11.721|0|1|1|27
0|1|2|1|27
0.161|0|2|1|27
55.24|1|4|1|27
68.452|0|4|1|27
0|1|5|1|27
0.161|0|5|1|27
0|1|2|2|27
0.161|0|2|2|27
12.744|1|0|3|27
11.721|0|0|3|27
2.838|1|1|3|27
35.086|0|1|3|27
0|1|2|4|27
0.161|0|2|4|27
0|1|3|5|27
0.161|0|3|5|27
461.134|1|5|5|27
173.864|0|5|5|27
0|1|4|6|27
0.161|0|4|6|27
39.162|1|1|7|27
68.451|0|1|7|27
16.662|1|4|7|27
11.721|0|4|7|27
9.624|1|6|7|27
35.086|0|6|7|27
0|1|0|8|27
0.161|0|0|8|27
169.03|1|0|9|27
173.861|0|0|9|27
13.442|1|3|9|27
35.086|0|3|9|27
5.179|1|4|9|27
35.086|0|4|9|27
4.582|1|5|9|27
35.086|0|5|9|27
18.013|1|0|0|28
11.721|0|0|0|28
2.712|1|1|0|28
35.086|0|1|0|28
222.03|1|6|0|28
173.861|0|6|0|28
0|1|4|1|28
0.161|0|4|1|28
223.646|1|1|10|28
173.861|0|1|10|28
9.407|1|2|10|28
11.721|0|2|10|28
287.435|1|6|10|28
173.862|0|6|10|28
7.408|1|0|12|28
11.721|0|0|12|28
8.945|1|1|12|28
35.086|0|1|12|28
33.304|1|2|12|28
68.451|0|2|12|28
3.74|1|3|12|28
35.086|0|3|12|28
301.475|1|5|12|28
173.862|0|5|12|28
40.442|1|4|13|28
68.451|0|4|13|28
179.177|1|3|14|28
173.861|0|3|14|28
4.89|1|5|14|28
35.086|0|5|14|28
0|1|6|14|28
0.161|0|6|14|28
30.642|1|0|15|28
68.451|0|0|15|28
6.044|1|1|15|28
35.086|0|1|15|28
211.059|1|2|15|28
173.861|0|2|15|28
19.326|1|4|15|28
11.721|0|4|15|28
4.986|1|5|15|28
35.086|0|5|15|28
25.311|1|0|16|28
11.721|0|0|16|28
0|1|5|16|28
0.161|0|5|16|28
43.785|1|0|17|28
68.451|0|0|17|28
48.151|1|3|17|28
68.451|0|3|17|28
12.857|1|1|2|28
11.721|0|1|2|28
6.349|1|4|2|28
11.721|0|4|2|28
392.299|1|6|2|28
173.863|0|6|2|28
6.737|1|1|3|28
35.086|0|1|3|28
18.216|1|5|3|28
68.451|0|5|3|28
9.721|1|6|3|28
11.721|0|6|3|28
483.186|1|1|4|28
173.864|0|1|4|28
34.819|1|10|4|28
68.451|0|10|4|28
464.591|1|12|4|28
173.864|0|12|4|28
2.812|1|4|4|28
35.086|0|4|4|28
58.774|1|5|4|28
68.452|0|5|4|28
0|1|0|5|28
0.161|0|0|5|28
9.09|1|2|5|28
11.721|0|2|5|28
16.881|1|4|5|28
11.721|0|4|5|28
0|1|1|6|28
0.161|0|1|6|28
27.628|1|3|6|28
11.721|0|3|6|28
7.011|1|4|6|28
11.721|0|4|6|28
8.426|1|6|6|28
35.086|0|6|6|28
149.682|1|9|6|28
173.86|0|9|6|28
50.945|1|4|7|28
68.451|0|4|7|28
520.045|1|10|9|28
173.864|0|10|9|28
0|1|11|9|28
0.161|0|11|9|28
0|1|12|9|28
0.161|0|12|9|28
252.402|1|9|9|28
173.861|0|9|9|28
6.092|1|1|0|29
11.721|0|1|0|29
8.833|1|5|0|29
11.721|0|5|0|29
246.845|1|0|1|29
173.861|0|0|1|29
139.968|1|2|1|29
173.86|0|2|1|29
15.749|1|0|2|29
11.721|0|0|2|29
15.482|1|2|2|29
11.721|0|2|2|29
0|1|11|0|3
0.161|0|11|0|3
13.713|1|13|0|3
35.086|0|13|0|3
35.691|1|4|0|3
68.451|0|4|0|3
0|1|7|0|3
0.161|0|7|0|3
0|1|8|0|3
0.161|0|8|0|3
509.044|1|9|0|3
173.864|0|9|0|3
378.713|1|0|1|3
173.863|0|0|1|3
8.899|1|4|1|3
11.721|0|4|1|3
30.365|1|3|2|3
68.451|0|3|2|3
36.013|1|10|3|3
68.451|0|10|3|3
37.644|1|11|3|3
68.451|0|11|3|3
0|1|13|3|3
0.161|0|13|3|3
4.558|1|2|3|3
35.086|0|2|3|3
18.823|1|3|3|3
11.721|0|3|3|3
98.787|1|0|0|30
68.452|0|0|0|30
43.059|1|2|0|31
68.451|0|2|0|31
0|1|4|0|31
0.161|0|4|0|31
25.012|1|0|0|32
11.721|0|0|0|32
15.093|1|3|0|32
35.086|0|3|0|32
0|1|4|0|32
0.161|0|4|0|32
425.291|1|6|0|32
173.863|0|6|0|32
48.211|1|7|0|32
68.451|0|7|0|32
29.909|1|0|10|32
11.721|0|0|10|32
0|1|1|10|32
0.161|0|1|10|32
6.716|1|3|12|32
11.721|0|3|12|32
0|1|8|12|32
0.161|0|8|12|32
0|1|2|13|32
0.161|0|2|13|32
88.786|1|3|13|32
68.452|0|3|13|32
22.645|1|7|13|32
68.451|0|7|13|32
6.156|1|8|13|32
35.086|0|8|13|32
24.891|1|1|2|32
68.451|0|1|2|32
553.979|1|2|2|32
173.865|0|2|2|32
127.169|1|2|3|32
173.86|0|2|3|32
10.604|1|0|4|32
35.086|0|0|4|32
298.849|1|7|4|32
173.862|0|7|4|32
37.98|1|11|5|32
68.451|0|11|5|32
0|1|5|5|32
0.161|0|5|5|32
9.512|1|6|6|32
11.721|0|6|6|32
94.147|1|9|6|32
68.452|0|9|6|32
520.48|1|0|7|32
173.864|0|0|7|32
65.644|1|3|7|32
68.452|0|3|7|32
21.493|1|4|7|32
11.721|0|4|7|32
7.083|1|8|7|32
35.086|0|8|7|32
619.297|1|1|8|32
173.865|0|1|8|32
6.934|1|2|9|32
35.086|0|2|9|32
21.693|1|0|0|33
68.451|0|0|0|33
15.645|1|1|1|33
11.721|0|1|1|33
516.919|1|10|1|33
173.864|0|10|1|33
3.998|1|11|1|33
35.086|0|11|1|33
60.783|1|12|1|33
68.452|0|12|1|33
100.939|1|3|1|33
68.452|0|3|1|33
11.155|1|5|1|33
11.721|0|5|1|33
235.962|1|6|1|33
173.861|0|6|1|33
26.444|1|8|1|33
68.451|0|8|1|33
208.385|1|1|10|33
173.861|0|1|10|33
18.69|1|6|10|33
68.451|0|6|10|33
183.493|1|0|11|33
173.861|0|0|11|33
9.965|1|1|11|33
11.721|0|1|11|33
19.688|1|3|11|33
11.721|0|3|11|33
441.01|1|5|11|33
173.863|0|5|11|33
13.898|1|0|3|33
35.086|0|0|3|33
34.516|1|1|3|33
68.451|0|1|3|33
11.485|1|3|3|33
11.721|0|3|3|33
190.73|1|5|3|33
173.861|0|5|3|33
0|1|2|4|33
0.161|0|2|4|33
11.757|1|3|4|33
11.721|0|3|4|33
4.302|1|1|5|33
35.086|0|1|5|33
42.23|1|2|5|33
68.451|0|2|5|33
5.611|1|0|7|33
35.086|0|0|7|33
9.222|1|3|7|33
11.721|0|3|7|33
37.669|1|5|8|33
68.451|0|5|8|33
0|1|7|8|33
0.161|0|7|8|33
14.981|1|0|9|33
11.721|0|0|9|33
3.446|1|1|9|33
35.086|0|1|9|33
98.157|1|2|9|33
68.452|0|2|9|33
396.405|1|5|9|33
173.863|0|5|9|33
11.326|1|7|9|33
11.721|0|7|9|33
22.993|1|9|9|33
11.721|0|9|9|33
37.646|1|2|0|34
68.451|0|2|0|34
3.679|1|1|1|34
35.086|0|1|1|34
28.604|1|1|2|34
11.721|0|1|2|34
109.786|1|2|2|34
68.452|0|2|2|34
10.502|1|3|2|34
11.721|0|3|2|34
20.102|1|4|2|34
68.451|0|4|2|34
14.659|1|0|3|34
35.086|0|0|3|34
39.661|1|3|5|34
68.451|0|3|5|34
0|1|4|5|34
0.161|0|4|5|34
8.918|1|0|0|35
35.086|0|0|0|35
10.435|1|1|0|35
11.721|0|1|0|35
23.996|1|11|0|35
68.451|0|11|0|35
9.861|1|13|0|35
35.086|0|13|0|35
0|1|8|0|35
0.161|0|8|0|35
15.261|1|4|2|35
11.721|0|4|2|35
2.416|1|5|2|35
35.086|0|5|2|35
3.459|1|6|2|35
35.086|0|6|2|35
4.243|1|8|2|35
35.086|0|8|2|35
165.884|1|9|2|35
173.861|0|9|2|35
11.762|1|0|3|35
11.721|0|0|3|35
4.172|1|0|0|36
35.086|0|0|0|36
0|1|10|0|36
0.161|0|10|0|36
0|1|4|0|36
0.161|0|4|0|36
0|1|7|0|36
0.161|0|7|0|36
12.347|1|8|0|36
35.086|0|8|0|36
83.561|1|5|1|36
68.452|0|5|1|36
0|1|9|1|36
0.161|0|9|1|36
0|1|2|2|36
0.161|0|2|2|36
8.069|1|7|2|36
35.086|0|7|2|36
119.713|1|1|4|36
173.86|0|1|4|36
18.722|1|2|5|36
11.721|0|2|5|36
0|1|9|5|36
0.161|0|9|5|36
7.613|1|1|6|36
11.721|0|1|6|36
0|1|4|6|36
0.161|0|4|6|36
4.253|1|3|0|37
35.086|0|3|0|37
8.375|1|4|0|37
35.086|0|4|0|37
5.553|1|0|1|37
35.086|0|0|1|37
31.497|1|10|2|37
68.451|0|10|2|37
14.852|1|11|2|37
11.721|0|11|2|37
0|1|5|2|37
0.161|0|5|2|37
0|1|9|2|37
0.161|0|9|2|37
0|1|2|3|37
0.161|0|2|3|37
42.921|1|1|4|37
68.451|0|1|4|37
155.987|1|4|4|37
173.86|0|4|4|37
22.233|1|5|4|37
68.451|0|5|4|37
269.632|1|9|4|37
173.862|0|9|4|37
227.442|1|10|5|37
173.861|0|10|5|37
11.732|1|13|5|37
11.721|0|13|5|37
0|1|5|5|37
0.161|0|5|5|37
18.287|1|7|5|37
11.721|0|7|5|37
19.435|1|2|6|37
68.451|0|2|6|37
272.102|1|1|7|37
173.862|0|1|7|37
2.416|1|6|7|37
35.086|0|6|7|37
172.967|1|8|7|37
173.861|0|8|7|37
54.513|1|9|7|37
68.451|0|9|7|37
10.261|1|0|8|37
11.721|0|0|8|37
12.515|1|1|8|37
11.721|0|1|8|37
9.615|1|2|8|37
11.721|0|2|8|37
41.408|1|0|0|38
68.451|0|0|0|38
26.318|1|1|10|38
68.451|0|1|10|38
88.402|1|4|2|38
68.452|0|4|2|38
0|1|5|2|38
0.161|0|5|2|38
0|1|0|3|38
0.161|0|0|3|38
55.456|1|1|3|38
68.452|0|1|3|38
8.904|1|3|3|38
35.086|0|3|3|38
0|1|4|3|38
0.161|0|4|3|38
0|1|0|4|38
0.161|0|0|4|38
0|1|3|4|38
0.161|0|3|4|38
6.705|1|4|4|38
35.086|0|4|4|38
0|1|0|5|38
0.161|0|0|5|38
4.844|1|2|5|38
35.086|0|2|5|38
9.875|1|0|6|38
11.721|0|0|6|38
5.367|1|1|8|38
35.086|0|1|8|38
27.154|1|0|9|38
68.451|0|0|9|38
290.423|1|2|9|38
173.862|0|2|9|38
25.688|1|1|1|39
68.451|0|1|1|39
6.329|1|2|10|39
35.086|0|2|10|39
55.535|1|1|11|39
68.452|0|1|11|39
20.899|1|11|11|39
68.451|0|11|11|39
48.439|1|13|11|39
68.451|0|13|11|39
0|1|2|11|39
0.161|0|2|11|39
9.572|1|3|11|39
11.721|0|3|11|39
12.091|1|4|11|39
11.721|0|4|11|39
21.464|1|1|12|39
68.451|0|1|12|39
12.774|1|4|12|39
11.721|0|4|12|39
416.458|1|1|13|39
173.863|0|1|13|39
8.211|1|8|14|39
35.086|0|8|14|39
14.195|1|0|2|39
11.721|0|0|2|39
5.442|1|2|2|39
35.086|0|2|2|39
25.563|1|5|2|39
68.451|0|5|2|39
326.068|1|6|2|39
173.862|0|6|2|39
9.01|1|8|2|39
35.086|0|8|2|39
9.292|1|9|2|39
11.721|0|9|2|39
49.119|1|3|4|39
68.451|0|3|4|39
27.384|1|2|5|39
68.451|0|2|5|39
44.831|1|3|6|39
68.451|0|3|6|39
434.462|1|6|6|39
173.863|0|6|6|39
5.467|1|7|6|39
35.086|0|7|6|39
77.619|1|1|7|39
68.452|0|1|7|39
0|1|5|7|39
0.161|0|5|7|39
0|1|6|7|39
0.161|0|6|7|39
7.071|1|8|7|39
35.086|0|8|7|39
6.213|1|10|8|39
35.086|0|10|8|39
10.7|1|13|8|39
35.086|0|13|8|39
3.009|1|4|8|39
35.086|0|4|8|39
0|1|6|8|39
0.161|0|6|8|39
0|1|1|9|39
0.161|0|1|9|39
0|1|5|0|4
0.161|0|5|0|4
9.187|1|7|0|4
35.086|0|7|0|4
8.444|1|8|0|4
35.086|0|8|0|4
89.026|1|0|1|4
68.452|0|0|1|4
51.031|1|1|1|4
68.451|0|1|1|4
0|1|2|10|4
0.161|0|2|10|4
0|1|3|10|4
0.161|0|3|10|4
193.101|1|0|11|4
173.861|0|0|11|4
0|1|1|11|4
0.161|0|1|11|4
49.684|1|2|11|4
68.451|0|2|11|4
26.734|1|0|12|4
68.451|0|0|12|4
40.514|1|12|12|4
68.451|0|12|12|4
20.004|1|4|12|4
11.721|0|4|12|4
20.89|1|7|12|4
11.721|0|7|12|4
214.06|1|10|13|4
173.861|0|10|13|4
95.969|1|13|13|4
173.86|0|13|13|4
0|1|3|13|4
0.161|0|3|13|4
17.772|1|5|13|4
68.451|0|5|13|4
4.699|1|8|13|4
35.086|0|8|13|4
14.689|1|9|13|4
11.721|0|9|13|4
0|1|0|2|4
0.161|0|0|2|4
19.495|1|2|2|4
11.721|0|2|2|4
2.94|1|0|3|4
35.086|0|0|3|4
28.995|1|1|3|4
11.721|0|1|3|4
30.287|1|2|3|4
68.451|0|2|3|4
66.345|1|4|3|4
68.452|0|4|3|4
0|1|5|3|4
0.161|0|5|3|4
0|1|0|4|4
0.161|0|0|4|4
23.431|1|1|4|4
11.721|0|1|4|4
57.055|1|10|4|4
68.452|0|10|4|4
205.294|1|3|4|4
173.861|0|3|4|4
64.105|1|9|4|4
68.452|0|9|4|4
0|1|1|5|4
0.161|0|1|5|4
90.064|1|4|5|4
68.452|0|4|5|4
5.272|1|5|5|4
35.086|0|5|5|4
3.91|1|0|6|4
35.086|0|0|6|4
62.024|1|0|7|4
68.452|0|0|7|4
468.613|1|1|7|4
173.864|0|1|7|4
21.795|1|3|7|4
68.451|0|3|7|4
46.992|1|5|7|4
68.451|0|5|7|4
0|1|2|8|4
0.161|0|2|8|4
31.567|1|3|9|4
11.721|0|3|9|4
13.67|1|5|9|4
11.721|0|5|9|4
14.459|1|3|0|5
11.721|0|3|0|5
43.075|1|5|1|5
68.451|0|5|1|5
227.067|1|4|0|6
173.861|0|4|0|6
37.488|1|2|1|6
68.451|0|2|1|6
20.506|1|2|2|6
11.721|0|2|2|6
2.763|1|3|2|6
35.086|0|3|2|6
648.364|1|1|3|6
173.865|0|1|3|6
0|1|2|3|6
0.161|0|2|3|6
0|1|8|3|6
0.161|0|8|3|6
32.053|1|5|0|7
68.451|0|5|0|7
0|1|6|0|7
0.161|0|6|0|7
0|1|1|1|7
0.161|0|1|1|7
123.549|1|1|10|7
173.86|0|1|10|7
6.893|1|3|10|7
35.086|0|3|10|7
11.897|1|1|2|7
11.721|0|1|2|7
5.785|1|10|2|7
11.721|0|10|2|7
14.254|1|9|2|7
35.086|0|9|2|7
0|1|0|3|7
0.161|0|0|3|7
0|1|2|3|7
0.161|0|2|3|7
68.545|1|3|3|7
68.452|0|3|3|7
37.601|1|5|3|7
68.451|0|5|3|7
133.185|1|3|4|7
173.86|0|3|4|7
281.982|1|4|4|7
173.862|0|4|4|7
332.173|1|1|6|7
173.863|0|1|6|7
383.736|1|10|7|7
173.863|0|10|7|7
11.666|1|2|7|7
11.721|0|2|7|7
62.491|1|4|7|7
68.452|0|4|7|7
0|1|5|7|7
0.161|0|5|7|7
11.203|1|6|7|7
35.086|0|6|7|7
51.034|1|1|8|7
68.452|0|1|8|7
22.211|1|2|8|7
68.451|0|2|8|7
5.959|1|3|8|7
35.086|0|3|8|7
15.62|1|4|8|7
11.721|0|4|8|7
0|1|0|9|7
0.161|0|0|9|7
0|1|1|9|7
0.161|0|1|9|7
14.177|1|0|0|8
11.721|0|0|0|8
10.406|1|1|0|8
35.086|0|1|0|8
49.129|1|3|0|8
68.451|0|3|0|8
8.497|1|4|0|8
35.086|0|4|0|8
38.771|1|3|1|8
68.451|0|3|1|8
0|1|4|1|8
0.161|0|4|1|8
50.863|1|5|1|8
68.452|0|5|1|8
11.755|1|6|1|8
11.721|0|6|1|8
11.477|1|7|1|8
35.086|0|7|1|8
257.8|1|3|2|8
173.861|0|3|2|8
17.655|1|0|3|8
11.721|0|0|3|8
12.568|1|2|3|8
35.086|0|2|3|8
65.961|1|1|4|8
68.452|0|1|4|8
0|1|0|0|9
0.161|0|0|0|9
0|1|2|0|9
0.161|0|2|0|9
12.995|1|9|0|9
11.721|0|9|0|9
6.552|1|3|1|9
11.721|0|3|1|9
27.381|1|4|1|9
68.451|0|4|1|9
0|1|6|1|9
0.161|0|6|1|9
167.392|1|9|1|9
173.861|0|9|1|9
6.584|1|1|2|9
35.086|0|1|2|9
14.809|1|4|2|9
35.086|0|4|2|9
13.477|1|0|3|9
11.721|0|0|3|9
2.961|1|1|3|9
35.086|0|1|3|9
29.821|1|2|3|9
11.721|0|2|3|9
15.967|1|5|3|9
11.721|0|5|3|9
0|1|3|0|0
0.355|0|3|0|0
0|1|4|0|0
0.962|0|4|0|0
0|1|9|0|0
3.701|0|9|0|0
0|1|1|1|0
3.216|0|1|1|0
0|1|10|1|0
0.788|0|10|1|0
0|1|11|1|0
2.25|0|11|1|0
0|1|12|1|0
0.788|0|12|1|0
0|1|6|1|0
3.216|0|6|1|0
0|1|7|1|0
0.962|0|7|1|0
0|1|0|10|0
3.216|0|0|10|0
0|1|0|11|0
0.788|0|0|11|0
0|1|1|11|0
0.962|0|1|11|0
0|1|3|11|0
0.962|0|3|11|0
0|1|1|12|0
3.216|0|1|12|0
0|1|4|12|0
0.788|0|4|12|0
0|1|2|13|0
3.701|0|2|13|0
0|1|4|13|0
0.355|0|4|13|0
0|1|6|13|0
2.25|0|6|13|0
0|1|8|13|0
2.25|0|8|13|0
0|1|9|13|0
3.216|0|9|13|0
0|1|1|2|0
3.216|0|1|2|0
0|1|4|2|0
3.701|0|4|2|0
0|1|6|2|0
3.216|0|6|2|0
0|1|2|3|0
0.962|0|2|3|0
0|1|0|4|0
0.788|0|0|4|0
0|1|1|4|0
2.25|0|1|4|0
0|1|2|4|0
0.788|0|2|4|0
0|1|0|5|0
3.701|0|0|5|0
0|1|1|5|0
3.701|0|1|5|0
0|1|2|5|0
0.788|0|2|5|0
0|1|1|6|0
0.355|0|1|6|0
0|1|12|6|0
3.216|0|12|6|0
0|1|13|6|0
0.962|0|13|6|0
0|1|3|6|0
2.25|0|3|6|0
0|1|7|6|0
0.962|0|7|6|0
0|1|8|6|0
0.355|0|8|6|0
0|1|9|6|0
0.788|0|9|6|0
0|1|1|7|0
3.701|0|1|7|0
0|1|2|7|0
3.701|0|2|7|0
0|1|3|7|0
0.962|0|3|7|0
0|1|4|7|0
3.701|0|4|7|0
0|1|5|7|0
0.962|0|5|7|0
0|1|8|7|0
3.216|0|8|7|0
0|1|1|8|0
0.962|0|1|8|0
0|1|2|8|0
0.355|0|2|8|0
0|1|3|8|0
0.788|0|3|8|0
0|1|5|8|0
0.355|0|5|8|0
0|1|7|8|0
0.962|0|7|8|0
0|1|10|9|0
3.216|0|10|9|0
0|1|11|9|0
0.962|0|11|9|0
0|1|2|9|0
0.355|0|2|9|0
0|1|4|9|0
0.788|0|4|9|0
0|1|9|9|0
3.216|0|9|9|0
0|1|1|1|1
0.355|0|1|1|1
0|1|2|1|1
3.216|0|2|1|1
0|1|1|2|1
0.355|0|1|2|1
0|1|2|2|1
0.962|0|2|2|1
0|1|6|2|1
0.962|0|6|2|1
0|1|1|0|10
3.216|0|1|0|10
0|1|4|0|10
3.216|0|4|0|10
0|1|8|0|10
0.788|0|8|0|10
0|1|1|1|10
3.701|0|1|1|10
0|1|2|1|10
3.216|0|2|1|10
0|1|0|2|10
3.216|0|0|2|10
0|1|1|2|10
0.962|0|1|2|10
0|1|3|3|10
3.216|0|3|3|10
0|1|1|4|10
0.788|0|1|4|10
0|1|5|4|10
3.216|0|5|4|10
0|1|6|4|10
2.25|0|6|4|10
0|1|0|0|11
2.25|0|0|0|11
0|1|10|0|11
3.216|0|10|0|11
0|1|11|0|11
3.216|0|11|0|11
0|1|13|0|11
3.216|0|13|0|11
0|1|3|0|11
3.216|0|3|0|11
0|1|4|0|11
3.216|0|4|0|11
0|1|6|0|11
3.216|0|6|0|11
0|1|8|0|11
0.788|0|8|0|11
0|1|9|0|11
2.25|0|9|0|11
0|1|0|1|11
0.355|0|0|1|11
0|1|1|1|11
2.25|0|1|1|11
0|1|2|1|11
3.216|0|2|1|11
0|1|0|2|11
2.25|0|0|2|11
0|1|8|2|11
3.216|0|8|2|11
0|1|1|4|11
2.25|0|1|4|11
0|1|2|5|11
0.962|0|2|5|11
0|1|3|5|11
0.355|0|3|5|11
0|1|4|5|11
0.788|0|4|5|11
0|1|3|0|12
3.701|0|3|0|12
0|1|0|1|12
3.216|0|0|1|12
0|1|1|1|12
0.355|0|1|1|12
0|1|2|1|12
3.216|0|2|1|12
0|1|0|2|12
0.355|0|0|2|12
0|1|1|2|12
3.216|0|1|2|12
0|1|10|2|12
0.355|0|10|2|12
0|1|13|2|12
3.216|0|13|2|12
0|1|5|2|12
3.216|0|5|2|12
0|1|7|2|12
0.962|0|7|2|12
0|1|9|2|12
3.701|0|9|2|12
0|1|5|3|12
3.701|0|5|3|12
0|1|6|3|12
0.788|0|6|3|12
0|1|0|0|13
0.788|0|0|0|13
0|1|0|1|13
3.216|0|0|1|13
0|1|10|1|13
2.25|0|10|1|13
0|1|3|1|13
3.701|0|3|1|13
0|1|5|1|13
0.788|0|5|1|13
0|1|8|1|13
0.788|0|8|1|13
0|1|9|1|13
0.355|0|9|1|13
0|1|0|0|14
2.25|0|0|0|14
0|1|1|0|14
3.701|0|1|0|14
0|1|0|1|14
3.701|0|0|1|14
0|1|1|1|14
2.25|0|1|1|14
0|1|2|1|14
3.216|0|2|1|14
0|1|0|10|14
3.216|0|0|10|14
0|1|2|10|14
3.701|0|2|10|14
0|1|4|10|14
0.788|0|4|10|14
0|1|6|10|14
2.25|0|6|10|14
0|1|7|10|14
3.701|0|7|10|14
0|1|2|11|14
3.216|0|2|11|14
0|1|3|11|14
0.962|0|3|11|14
0|1|1|12|14
3.216|0|1|12|14
0|1|2|12|14
3.701|0|2|12|14
0|1|3|12|14
3.216|0|3|12|14
0|1|8|12|14
3.701|0|8|12|14
0|1|9|12|14
0.788|0|9|12|14
0|1|0|13|14
0.788|0|0|13|14
0|1|2|13|14
2.25|0|2|13|14
0|1|4|13|14
3.216|0|4|13|14
0|1|0|14|14
0.962|0|0|14|14
0|1|2|14|14
2.25|0|2|14|14
0|1|5|14|14
3.216|0|5|14|14
0|1|7|14|14
0.962|0|7|14|14
0|1|0|15|14
0.355|0|0|15|14
0|1|2|15|14
3.216|0|2|15|14
0|1|8|15|14
2.25|0|8|15|14
0|1|0|16|14
2.25|0|0|16|14
0|1|2|16|14
2.25|0|2|16|14
0|1|2|2|14
0.962|0|2|2|14
0|1|4|2|14
0.788|0|4|2|14
0|1|2|3|14
3.701|0|2|3|14
0|1|3|3|14
2.25|0|3|3|14
0|1|0|4|14
3.216|0|0|4|14
0|1|0|5|14
3.216|0|0|5|14
0|1|2|5|14
2.25|0|2|5|14
0|1|4|5|14
2.25|0|4|5|14
0|1|0|6|14
0.962|0|0|6|14
0|1|1|6|14
3.216|0|1|6|14
0|1|2|6|14
3.216|0|2|6|14
0|1|4|6|14
3.216|0|4|6|14
0|1|5|6|14
0.788|0|5|6|14
0|1|6|6|14
3.216|0|6|6|14
0|1|7|6|14
0.355|0|7|6|14
0|1|2|7|14
0.788|0|2|7|14
0|1|4|7|14
3.216|0|4|7|14
0|1|0|8|14
3.216|0|0|8|14
0|1|1|9|14
3.216|0|1|9|14
0|1|10|9|14
2.25|0|10|9|14
0|1|2|9|14
3.216|0|2|9|14
0|1|5|9|14
3.701|0|5|9|14
0|1|6|9|14
0.355|0|6|9|14
0|1|9|9|14
3.216|0|9|9|14
0|1|10|0|15
0.355|0|10|0|15
0|1|12|0|15
3.216|0|12|0|15
0|1|13|0|15
3.701|0|13|0|15
0|1|4|0|15
3.216|0|4|0|15
0|1|8|0|15
3.216|0|8|0|15
0|1|9|0|15
0.788|0|9|0|15
0|1|0|1|15
3.216|0|0|1|15
0|1|3|1|15
0.355|0|3|1|15
0|1|1|2|15
2.25|0|1|2|15
0|1|12|2|15
0.962|0|12|2|15
0|1|13|2|15
3.216|0|13|2|15
0|1|2|2|15
2.25|0|2|2|15
0|1|3|2|15
2.25|0|3|2|15
0|1|4|2|15
3.701|0|4|2|15
0|1|6|2|15
3.701|0|6|2|15
0|1|7|2|15
2.25|0|7|2|15
0|1|8|2|15
3.216|0|8|2|15
0|1|0|3|15
0.355|0|0|3|15
0|1|1|3|15
2.25|0|1|3|15
0|1|4|3|15
3.216|0|4|3|15
0|1|5|3|15
0.355|0|5|3|15
0|1|6|3|15
0.788|0|6|3|15
0|1|11|0|16
3.701|0|11|0|16
0|1|12|0|16
0.788|0|12|0|16
0|1|4|0|16
0.962|0|4|0|16
0|1|6|0|16
3.216|0|6|0|16
0|1|9|0|16
0.355|0|9|0|16
0|1|0|1|16
0.788|0|0|1|16
0|1|3|1|16
0.788|0|3|1|16
0|1|4|1|16
3.216|0|4|1|16
0|1|5|1|16
0.962|0|5|1|16
0|1|6|1|16
0.962|0|6|1|16
0|1|8|1|16
2.25|0|8|1|16
0|1|9|1|16
3.701|0|9|1|16
0|1|0|10|16
3.701|0|0|10|16
0|1|1|10|16
0.962|0|1|10|16
0|1|5|10|16
0.962|0|5|10|16
0|1|6|10|16
3.216|0|6|10|16
0|1|7|10|16
2.25|0|7|10|16
0|1|0|2|16
0.788|0|0|2|16
0|1|1|2|16
3.216|0|1|2|16
0|1|2|2|16
3.216|0|2|2|16
0|1|3|2|16
3.216|0|3|2|16
0|1|3|3|16
0.962|0|3|3|16
0|1|0|4|16
0.788|0|0|4|16
0|1|2|4|16
0.355|0|2|4|16
0|1|5|4|16
3.216|0|5|4|16
0|1|6|4|16
3.216|0|6|4|16
0|1|0|5|16
0.355|0|0|5|16
0|1|2|5|16
2.25|0|2|5|16
0|1|3|5|16
3.216|0|3|5|16
0|1|4|5|16
3.701|0|4|5|16
0|1|6|5|16
3.701|0|6|5|16
0|1|0|6|16
3.216|0|0|6|16
0|1|1|6|16
0.355|0|1|6|16
0|1|2|6|16
3.701|0|2|6|16
0|1|0|7|16
3.701|0|0|7|16
0|1|1|7|16
3.216|0|1|7|16
0|1|11|8|16
0.355|0|11|8|16
0|1|12|8|16
3.216|0|12|8|16
0|1|13|8|16
3.216|0|13|8|16
0|1|2|8|16
3.216|0|2|8|16
0|1|3|8|16
2.25|0|3|8|16
0|1|4|8|16
2.25|0|4|8|16
0|1|7|8|16
0.355|0|7|8|16
0|1|8|8|16
3.701|0|8|8|16
0|1|9|8|16
3.216|0|9|8|16
0|1|3|9|16
0.355|0|3|9|16
0|1|4|9|16
3.216|0|4|9|16
0|1|5|9|16
0.788|0|5|9|16
0|1|0|0|17
0.788|0|0|0|17
0|1|1|0|17
0.788|0|1|0|17
0|1|4|0|17
3.216|0|4|0|17
0|1|1|1|17
2.25|0|1|1|17
0|1|6|1|17
3.701|0|6|1|17
0|1|7|1|17
3.216|0|7|1|17
0|1|8|1|17
0.355|0|8|1|17
0|1|0|2|17
0.355|0|0|2|17
0|1|1|2|17
0.355|0|1|2|17
0|1|1|3|17
0.355|0|1|3|17
0|1|1|0|18
3.216|0|1|0|18
0|1|2|0|18
2.25|0|2|0|18
0|1|0|1|18
0.788|0|0|1|18
0|1|2|1|18
3.216|0|2|1|18
0|1|4|1|18
2.25|0|4|1|18
0|1|1|2|18
0.788|0|1|2|18
0|1|2|2|18
3.216|0|2|2|18
0|1|3|2|18
2.25|0|3|2|18
0|1|4|2|18
0.355|0|4|2|18
0|1|0|3|18
0.962|0|0|3|18
0|1|1|3|18
0.962|0|1|3|18
0|1|2|3|18
3.701|0|2|3|18
0|1|3|3|18
3.701|0|3|3|18
