benchmark_number,name,iterations,cycles_per_tuple
0,rsum_8,3000000,1.91763
1,rsum_16,3000000,2.14308
2,rsum_32,3000000,1.59899
3,rsum_64,3000000,1.57014
