benchmark_number,name,iterations,cycles_per_tuple
0,rsum_8,3000000,0.0717174
1,rsum_16,3000000,0.160263
2,rsum_32,3000000,0.512781
3,rsum_64,3000000,1.10635
