benchmark_number,name,iterations,cycles_per_tuple
0,rsum_8,3000000,0.15757
1,rsum_16,3000000,0.409554
2,rsum_32,3000000,0.799207
3,rsum_64,3000000,1.57009
