benchmark_number,name,iterations,cycles_per_tuple
0,rsum_8,3000000,0.0802858
1,rsum_16,3000000,0.134732
2,rsum_32,3000000,0.493803
3,rsum_64,3000000,0.878255
