benchmark_number,name,iterations,cycles_per_tuple
0,rsum_8,3000000,0.0454999
1,rsum_16,3000000,0.121774
2,rsum_32,3000000,0.261562
3,rsum_64,3000000,0.551367
