benchmark_number,name,iterations,cycles_per_tuple
0,rsum_8,3000000,0.119018
1,rsum_16,3000000,0.193226
2,rsum_32,3000000,0.4063
3,rsum_64,3000000,0.90645
