benchmark_number,name,iterations,cycles_per_tuple
0,rsum_8,3000000,0.740241
1,rsum_16,3000000,0.778439
2,rsum_32,3000000,0.813217
3,rsum_64,3000000,0.910123
