benchmark_number,name,iterations,cycles_per_tuple
0,rsum_8,3000000,0.134764
1,rsum_16,3000000,0.259749
2,rsum_32,3000000,0.511909
3,rsum_64,3000000,1.01465
