benchmark_number,name,iterations,cycles_per_tuple
0,rsum_8,3000000,0.0363266
1,rsum_16,3000000,0.05993
2,rsum_32,3000000,0.111033
3,rsum_64,3000000,0.216355
