benchmark_number,name,iterations,cycles_per_tuple
0,rsum_8,3000000,2.10288
1,rsum_16,3000000,2.19093
2,rsum_32,3000000,1.42054
3,rsum_64,3000000,1.40009
