benchmark_number,name,iterations,cycles_per_tuple
0,rsum_8,3000000,0.0522371
1,rsum_16,3000000,0.123823
2,rsum_32,3000000,0.366991
3,rsum_64,3000000,0.841527
