benchmark_number,name,iterations,cycles_per_tuple
0,rsum_8,3000000,0.0239012
1,rsum_16,3000000,0.0469352
2,rsum_32,3000000,0.0932406
3,rsum_64,3000000,0.185703
