benchmark_number,name,iterations,cycles_per_tuple
0,rsum_8,3000000,0.0511336
1,rsum_16,3000000,0.177376
2,rsum_32,3000000,0.494419
3,rsum_64,3000000,1.09722
