benchmark_number,name,iterations,cycles_per_tuple
0,rsum_8,3000000,0.0970622
1,rsum_16,3000000,0.185389
2,rsum_32,3000000,0.370171
3,rsum_64,3000000,0.739964
