benchmark_number,name,iterations,cycles_per_tuple
0,rsum_8,3000000,0.832781
1,rsum_16,3000000,0.832634
2,rsum_32,3000000,0.832822
3,rsum_64,3000000,0.832843
