benchmark_number,name,iterations,cycles_per_tuple
0,rsum_8,3000000,0.0512644
1,rsum_16,3000000,0.0885254
2,rsum_32,3000000,0.186292
3,rsum_64,3000000,0.333014
