benchmark_number,name,iterations,cycles_per_tuple
0,rsum_8,3000000,0.0714291
1,rsum_16,3000000,0.127227
2,rsum_32,3000000,0.255763
3,rsum_64,3000000,0.60307
